[     671ms] [LOG] %c Console Ninja extension is connected to Next.js browser, background: rgb(30,30,30); color: rgb(255,213,92) see https://tinyurl.com/2vt8jxzw for more info. @ :0
[     674ms] [INFO] %cDownload the React DevTools for a better development experience: https://react.dev/link/react-devtools font-weight:bold @ http://localhost:3000/_next/static/chunks/11hm_next_dist_0m6rgog._.js:2441
[     704ms] [LOG] [HMR] connected @ http://localhost:3000/_next/static/chunks/11hm_next_dist_0m6rgog._.js:2441
[     776ms] [LOG] [DEBUG] Iniciando procesamiento por lotes: {totalRows: 25, sampleSize: 100} @ http://localhost:3000/_next/static/chunks/11hm_next_dist_0m6rgog._.js:2441
[     776ms] [LOG] [DEBUG] Iniciando análisis de tipos por columna... @ http://localhost:3000/_next/static/chunks/11hm_next_dist_0m6rgog._.js:2441
[     776ms] [LOG] [DEBUG] Analizando columna: id {totalValores: 25, sampleSize: 25} @ http://localhost:3000/_next/static/chunks/11hm_next_dist_0m6rgog._.js:2441
[     777ms] [LOG] [DEBUG] Tipo inferido para id: {type: number, normalizer: } @ http://localhost:3000/_next/static/chunks/11hm_next_dist_0m6rgog._.js:2441
[     777ms] [LOG] [DEBUG] Analizando columna: nombre {totalValores: 25, sampleSize: 25} @ http://localhost:3000/_next/static/chunks/11hm_next_dist_0m6rgog._.js:2441
[     787ms] [LOG] [DEBUG] Columna nombre: Tratando como string por defecto @ http://localhost:3000/_next/static/chunks/11hm_next_dist_0m6rgog._.js:2441
[     787ms] [LOG] [DEBUG] Tipo inferido para nombre: {type: string, normalizer: } @ http://localhost:3000/_next/static/chunks/11hm_next_dist_0m6rgog._.js:2441
[     787ms] [LOG] [DEBUG] Analizando columna: email {totalValores: 25, sampleSize: 25} @ http://localhost:3000/_next/static/chunks/11hm_next_dist_0m6rgog._.js:2441
[     788ms] [LOG] [DEBUG] Columna email: Tratando como string por defecto @ http://localhost:3000/_next/static/chunks/11hm_next_dist_0m6rgog._.js:2441
[     788ms] [LOG] [DEBUG] Tipo inferido para email: {type: string, normalizer: } @ http://localhost:3000/_next/static/chunks/11hm_next_dist_0m6rgog._.js:2441
[     788ms] [LOG] [DEBUG] Analizando columna: telefono {totalValores: 25, sampleSize: 25} @ http://localhost:3000/_next/static/chunks/11hm_next_dist_0m6rgog._.js:2441
[     788ms] [LOG] [DEBUG] Tipo inferido para telefono: {type: number, normalizer: } @ http://localhost:3000/_next/static/chunks/11hm_next_dist_0m6rgog._.js:2441
[     788ms] [LOG] [DEBUG] Analizando columna: ciudad {totalValores: 25, sampleSize: 25} @ http://localhost:3000/_next/static/chunks/11hm_next_dist_0m6rgog._.js:2441
[     788ms] [LOG] [DEBUG] Columna ciudad: Tratando como string por defecto @ http://localhost:3000/_next/static/chunks/11hm_next_dist_0m6rgog._.js:2441
[     788ms] [LOG] [DEBUG] Tipo inferido para ciudad: {type: string, normalizer: } @ http://localhost:3000/_next/static/chunks/11hm_next_dist_0m6rgog._.js:2441
[     788ms] [LOG] [DEBUG] Analizando columna: rol {totalValores: 25, sampleSize: 25} @ http://localhost:3000/_next/static/chunks/11hm_next_dist_0m6rgog._.js:2441
[     788ms] [LOG] [DEBUG] Columna rol: Tratando como string por defecto @ http://localhost:3000/_next/static/chunks/11hm_next_dist_0m6rgog._.js:2441
[     788ms] [LOG] [DEBUG] Tipo inferido para rol: {type: string, normalizer: } @ http://localhost:3000/_next/static/chunks/11hm_next_dist_0m6rgog._.js:2441
[     788ms] [LOG] [DEBUG] Analizando columna: estado {totalValores: 25, sampleSize: 25} @ http://localhost:3000/_next/static/chunks/11hm_next_dist_0m6rgog._.js:2441
[     788ms] [LOG] [DEBUG] Columna estado: Tratando como string por defecto @ http://localhost:3000/_next/static/chunks/11hm_next_dist_0m6rgog._.js:2441
[     788ms] [LOG] [DEBUG] Tipo inferido para estado: {type: string, normalizer: } @ http://localhost:3000/_next/static/chunks/11hm_next_dist_0m6rgog._.js:2441
[     789ms] [LOG] [DEBUG] Analizando columna: fechaRegistro {totalValores: 25, sampleSize: 25} @ http://localhost:3000/_next/static/chunks/11hm_next_dist_0m6rgog._.js:2441
[     789ms] [LOG] [DEBUG] Análisis de fechas para fechaRegistro: {total: 25, compatibles: 25, porcentaje: 100.00%, umbral: 30.00%} @ http://localhost:3000/_next/static/chunks/11hm_next_dist_0m6rgog._.js:2441
[     789ms] [LOG] [DEBUG] Columna fechaRegistro: Detectado tipo fecha (confidence: 1.00) @ http://localhost:3000/_next/static/chunks/11hm_next_dist_0m6rgog._.js:2441
[     789ms] [LOG] [DEBUG] Tipo inferido para fechaRegistro: {type: date, normalizer: } @ http://localhost:3000/_next/static/chunks/11hm_next_dist_0m6rgog._.js:2441
[     789ms] [LOG] [DEBUG] Analizando columna: ultimoContacto {totalValores: 25, sampleSize: 25} @ http://localhost:3000/_next/static/chunks/11hm_next_dist_0m6rgog._.js:2441
[     789ms] [LOG] [DEBUG] Análisis de fechas para ultimoContacto: {total: 25, compatibles: 25, porcentaje: 100.00%, umbral: 70.00%} @ http://localhost:3000/_next/static/chunks/11hm_next_dist_0m6rgog._.js:2441
[     789ms] [LOG] [DEBUG] Columna ultimoContacto: Detectado tipo fecha (confidence: 1.00) @ http://localhost:3000/_next/static/chunks/11hm_next_dist_0m6rgog._.js:2441
[     789ms] [LOG] [DEBUG] Tipo inferido para ultimoContacto: {type: date, normalizer: } @ http://localhost:3000/_next/static/chunks/11hm_next_dist_0m6rgog._.js:2441
[     789ms] [LOG] [DEBUG] Analizando columna: valorTotal {totalValores: 25, sampleSize: 25} @ http://localhost:3000/_next/static/chunks/11hm_next_dist_0m6rgog._.js:2441
[     789ms] [LOG] [DEBUG] Columna valorTotal: Tratando como string para valores numéricos específicos @ http://localhost:3000/_next/static/chunks/11hm_next_dist_0m6rgog._.js:2441
[     789ms] [LOG] [DEBUG] Tipo inferido para valorTotal: {type: string, normalizer: } @ http://localhost:3000/_next/static/chunks/11hm_next_dist_0m6rgog._.js:2441
[     789ms] [LOG] [DEBUG] Analizando columna: satisfaccion {totalValores: 25, sampleSize: 25} @ http://localhost:3000/_next/static/chunks/11hm_next_dist_0m6rgog._.js:2441
[     790ms] [LOG] [DEBUG] Tipo inferido para satisfaccion: {type: number, normalizer: } @ http://localhost:3000/_next/static/chunks/11hm_next_dist_0m6rgog._.js:2441
[     790ms] [LOG] [DEBUG] Analizando columna: activo {totalValores: 25, sampleSize: 25} @ http://localhost:3000/_next/static/chunks/11hm_next_dist_0m6rgog._.js:2441
[     790ms] [LOG] [DEBUG] Tipo inferido para activo: {type: boolean, normalizer: } @ http://localhost:3000/_next/static/chunks/11hm_next_dist_0m6rgog._.js:2441
[     790ms] [LOG] [DEBUG] Procesando fila 0/25 @ http://localhost:3000/_next/static/chunks/11hm_next_dist_0m6rgog._.js:2441
[     793ms] [LOG] [DEBUG] Iniciando procesamiento por lotes: {totalRows: 25, sampleSize: 100} @ http://localhost:3000/_next/static/chunks/11hm_next_dist_0m6rgog._.js:2441
[     793ms] [LOG] [DEBUG] Iniciando análisis de tipos por columna... @ http://localhost:3000/_next/static/chunks/11hm_next_dist_0m6rgog._.js:2441
[     793ms] [LOG] [DEBUG] Analizando columna: id {totalValores: 25, sampleSize: 25} @ http://localhost:3000/_next/static/chunks/11hm_next_dist_0m6rgog._.js:2441
[     793ms] [LOG] [DEBUG] Tipo inferido para id: {type: number, normalizer: } @ http://localhost:3000/_next/static/chunks/11hm_next_dist_0m6rgog._.js:2441
[     794ms] [LOG] [DEBUG] Analizando columna: nombre {totalValores: 25, sampleSize: 25} @ http://localhost:3000/_next/static/chunks/11hm_next_dist_0m6rgog._.js:2441
[     794ms] [LOG] [DEBUG] Tipo inferido para nombre: {type: string, normalizer: } @ http://localhost:3000/_next/static/chunks/11hm_next_dist_0m6rgog._.js:2441
[     794ms] [LOG] [DEBUG] Analizando columna: email {totalValores: 25, sampleSize: 25} @ http://localhost:3000/_next/static/chunks/11hm_next_dist_0m6rgog._.js:2441
[     794ms] [LOG] [DEBUG] Tipo inferido para email: {type: string, normalizer: } @ http://localhost:3000/_next/static/chunks/11hm_next_dist_0m6rgog._.js:2441
[     794ms] [LOG] [DEBUG] Analizando columna: telefono {totalValores: 25, sampleSize: 25} @ http://localhost:3000/_next/static/chunks/11hm_next_dist_0m6rgog._.js:2441
[     794ms] [LOG] [DEBUG] Tipo inferido para telefono: {type: number, normalizer: } @ http://localhost:3000/_next/static/chunks/11hm_next_dist_0m6rgog._.js:2441
[     794ms] [LOG] [DEBUG] Analizando columna: ciudad {totalValores: 25, sampleSize: 25} @ http://localhost:3000/_next/static/chunks/11hm_next_dist_0m6rgog._.js:2441
[     794ms] [LOG] [DEBUG] Tipo inferido para ciudad: {type: string, normalizer: } @ http://localhost:3000/_next/static/chunks/11hm_next_dist_0m6rgog._.js:2441
[     794ms] [LOG] [DEBUG] Analizando columna: rol {totalValores: 25, sampleSize: 25} @ http://localhost:3000/_next/static/chunks/11hm_next_dist_0m6rgog._.js:2441
[     794ms] [LOG] [DEBUG] Tipo inferido para rol: {type: string, normalizer: } @ http://localhost:3000/_next/static/chunks/11hm_next_dist_0m6rgog._.js:2441
[     794ms] [LOG] [DEBUG] Analizando columna: estado {totalValores: 25, sampleSize: 25} @ http://localhost:3000/_next/static/chunks/11hm_next_dist_0m6rgog._.js:2441
[     794ms] [LOG] [DEBUG] Tipo inferido para estado: {type: string, normalizer: } @ http://localhost:3000/_next/static/chunks/11hm_next_dist_0m6rgog._.js:2441
[     794ms] [LOG] [DEBUG] Analizando columna: fechaRegistro {totalValores: 25, sampleSize: 25} @ http://localhost:3000/_next/static/chunks/11hm_next_dist_0m6rgog._.js:2441
[     794ms] [LOG] [DEBUG] Tipo inferido para fechaRegistro: {type: date, normalizer: } @ http://localhost:3000/_next/static/chunks/11hm_next_dist_0m6rgog._.js:2441
[     794ms] [LOG] [DEBUG] Analizando columna: ultimoContacto {totalValores: 25, sampleSize: 25} @ http://localhost:3000/_next/static/chunks/11hm_next_dist_0m6rgog._.js:2441
[     795ms] [LOG] [DEBUG] Tipo inferido para ultimoContacto: {type: date, normalizer: } @ http://localhost:3000/_next/static/chunks/11hm_next_dist_0m6rgog._.js:2441
[     795ms] [LOG] [DEBUG] Analizando columna: valorTotal {totalValores: 25, sampleSize: 25} @ http://localhost:3000/_next/static/chunks/11hm_next_dist_0m6rgog._.js:2441
[     795ms] [LOG] [DEBUG] Tipo inferido para valorTotal: {type: string, normalizer: } @ http://localhost:3000/_next/static/chunks/11hm_next_dist_0m6rgog._.js:2441
[     795ms] [LOG] [DEBUG] Analizando columna: satisfaccion {totalValores: 25, sampleSize: 25} @ http://localhost:3000/_next/static/chunks/11hm_next_dist_0m6rgog._.js:2441
[     795ms] [LOG] [DEBUG] Tipo inferido para satisfaccion: {type: number, normalizer: } @ http://localhost:3000/_next/static/chunks/11hm_next_dist_0m6rgog._.js:2441
[     795ms] [LOG] [DEBUG] Analizando columna: activo {totalValores: 25, sampleSize: 25} @ http://localhost:3000/_next/static/chunks/11hm_next_dist_0m6rgog._.js:2441
[     795ms] [LOG] [DEBUG] Tipo inferido para activo: {type: boolean, normalizer: } @ http://localhost:3000/_next/static/chunks/11hm_next_dist_0m6rgog._.js:2441
[     795ms] [LOG] [DEBUG] Procesando fila 0/25 @ http://localhost:3000/_next/static/chunks/11hm_next_dist_0m6rgog._.js:2441
[     797ms] [LOG] [DEBUG] Creando definicion de columna: {columnId: id, isReference: false, type: number, path: Array(1)} @ http://localhost:3000/_next/static/chunks/11hm_next_dist_0m6rgog._.js:2441
[     797ms] [LOG] [DEBUG] Creando definicion de columna: {columnId: nombre, isReference: false, type: string, path: Array(1)} @ http://localhost:3000/_next/static/chunks/11hm_next_dist_0m6rgog._.js:2441
[     797ms] [LOG] [DEBUG] Creando definicion de columna: {columnId: email, isReference: false, type: string, path: Array(1)} @ http://localhost:3000/_next/static/chunks/11hm_next_dist_0m6rgog._.js:2441
[     797ms] [LOG] [DEBUG] Creando definicion de columna: {columnId: telefono, isReference: false, type: number, path: Array(1)} @ http://localhost:3000/_next/static/chunks/11hm_next_dist_0m6rgog._.js:2441
[     798ms] [LOG] [DEBUG] Creando definicion de columna: {columnId: ciudad, isReference: false, type: string, path: Array(1)} @ http://localhost:3000/_next/static/chunks/11hm_next_dist_0m6rgog._.js:2441
[     798ms] [LOG] [DEBUG] Creando definicion de columna: {columnId: rol, isReference: false, type: string, path: Array(1)} @ http://localhost:3000/_next/static/chunks/11hm_next_dist_0m6rgog._.js:2441
[     798ms] [LOG] [DEBUG] Creando definicion de columna: {columnId: estado, isReference: false, type: string, path: Array(1)} @ http://localhost:3000/_next/static/chunks/11hm_next_dist_0m6rgog._.js:2441
[     798ms] [LOG] [DEBUG] Creando definicion de columna: {columnId: fechaRegistro, isReference: false, type: date, path: Array(1)} @ http://localhost:3000/_next/static/chunks/11hm_next_dist_0m6rgog._.js:2441
[     798ms] [LOG] [DEBUG] Creando definicion de columna: {columnId: ultimoContacto, isReference: false, type: date, path: Array(1)} @ http://localhost:3000/_next/static/chunks/11hm_next_dist_0m6rgog._.js:2441
[     798ms] [LOG] [DEBUG] Creando definicion de columna: {columnId: valorTotal, isReference: false, type: string, path: Array(1)} @ http://localhost:3000/_next/static/chunks/11hm_next_dist_0m6rgog._.js:2441
[     798ms] [LOG] [DEBUG] Creando definicion de columna: {columnId: satisfaccion, isReference: false, type: number, path: Array(1)} @ http://localhost:3000/_next/static/chunks/11hm_next_dist_0m6rgog._.js:2441
[     798ms] [LOG] [DEBUG] Creando definicion de columna: {columnId: activo, isReference: false, type: boolean, path: Array(1)} @ http://localhost:3000/_next/static/chunks/11hm_next_dist_0m6rgog._.js:2441
[     798ms] [LOG] [DEBUG] Creando definicion de columna: {columnId: id, isReference: false, type: number, path: Array(1)} @ http://localhost:3000/_next/static/chunks/11hm_next_dist_0m6rgog._.js:2441
[     798ms] [LOG] [DEBUG] Creando definicion de columna: {columnId: nombre, isReference: false, type: string, path: Array(1)} @ http://localhost:3000/_next/static/chunks/11hm_next_dist_0m6rgog._.js:2441
[     798ms] [LOG] [DEBUG] Creando definicion de columna: {columnId: email, isReference: false, type: string, path: Array(1)} @ http://localhost:3000/_next/static/chunks/11hm_next_dist_0m6rgog._.js:2441
[     798ms] [LOG] [DEBUG] Creando definicion de columna: {columnId: telefono, isReference: false, type: number, path: Array(1)} @ http://localhost:3000/_next/static/chunks/11hm_next_dist_0m6rgog._.js:2441
[     798ms] [LOG] [DEBUG] Creando definicion de columna: {columnId: ciudad, isReference: false, type: string, path: Array(1)} @ http://localhost:3000/_next/static/chunks/11hm_next_dist_0m6rgog._.js:2441
[     798ms] [LOG] [DEBUG] Creando definicion de columna: {columnId: rol, isReference: false, type: string, path: Array(1)} @ http://localhost:3000/_next/static/chunks/11hm_next_dist_0m6rgog._.js:2441
[     798ms] [LOG] [DEBUG] Creando definicion de columna: {columnId: estado, isReference: false, type: string, path: Array(1)} @ http://localhost:3000/_next/static/chunks/11hm_next_dist_0m6rgog._.js:2441
[     799ms] [LOG] [DEBUG] Creando definicion de columna: {columnId: fechaRegistro, isReference: false, type: date, path: Array(1)} @ http://localhost:3000/_next/static/chunks/11hm_next_dist_0m6rgog._.js:2441
[     799ms] [LOG] [DEBUG] Creando definicion de columna: {columnId: ultimoContacto, isReference: false, type: date, path: Array(1)} @ http://localhost:3000/_next/static/chunks/11hm_next_dist_0m6rgog._.js:2441
[     799ms] [LOG] [DEBUG] Creando definicion de columna: {columnId: valorTotal, isReference: false, type: string, path: Array(1)} @ http://localhost:3000/_next/static/chunks/11hm_next_dist_0m6rgog._.js:2441
[     799ms] [LOG] [DEBUG] Creando definicion de columna: {columnId: satisfaccion, isReference: false, type: number, path: Array(1)} @ http://localhost:3000/_next/static/chunks/11hm_next_dist_0m6rgog._.js:2441
[     799ms] [LOG] [DEBUG] Creando definicion de columna: {columnId: activo, isReference: false, type: boolean, path: Array(1)} @ http://localhost:3000/_next/static/chunks/11hm_next_dist_0m6rgog._.js:2441
[     799ms] [LOG] [DEBUG] Pinned column not in base order, adding: {pinnedColumnId: index, baseOrder: Array(0), result: Array(1)} @ http://localhost:3000/_next/static/chunks/11hm_next_dist_0m6rgog._.js:2441
[     800ms] [LOG] [DEBUG] Pinned column not in base order, adding: {pinnedColumnId: index, baseOrder: Array(0), result: Array(1)} @ http://localhost:3000/_next/static/chunks/11hm_next_dist_0m6rgog._.js:2441
[     807ms] [LOG] [DEBUG] Pinned column not in base order, adding: {pinnedColumnId: index, baseOrder: Array(0), result: Array(1)} @ http://localhost:3000/_next/static/chunks/11hm_next_dist_0m6rgog._.js:2441
[     807ms] [LOG] [DEBUG] Pinned column not in base order, adding: {pinnedColumnId: index, baseOrder: Array(0), result: Array(1)} @ http://localhost:3000/_next/static/chunks/11hm_next_dist_0m6rgog._.js:2441
[     867ms] [ERROR] Encountered a script tag while rendering React component. Scripts inside React components are never executed when rendering on the client. Consider using template tag instead (https://developer.mozilla.org/en-US/docs/Web/HTML/Element/template). @ :0
[     870ms] [LOG] [DEBUG] Iniciando procesamiento por lotes: {totalRows: 25, sampleSize: 100} @ http://localhost:3000/_next/static/chunks/11hm_next_dist_0m6rgog._.js:2441
[     870ms] [LOG] [DEBUG] Iniciando análisis de tipos por columna... @ http://localhost:3000/_next/static/chunks/11hm_next_dist_0m6rgog._.js:2441
[     870ms] [LOG] [DEBUG] Analizando columna: id {totalValores: 25, sampleSize: 25} @ http://localhost:3000/_next/static/chunks/11hm_next_dist_0m6rgog._.js:2441
[     870ms] [LOG] [DEBUG] Tipo inferido para id: {type: number, normalizer: } @ http://localhost:3000/_next/static/chunks/11hm_next_dist_0m6rgog._.js:2441
[     870ms] [LOG] [DEBUG] Analizando columna: nombre {totalValores: 25, sampleSize: 25} @ http://localhost:3000/_next/static/chunks/11hm_next_dist_0m6rgog._.js:2441
[     870ms] [LOG] [DEBUG] Tipo inferido para nombre: {type: string, normalizer: } @ http://localhost:3000/_next/static/chunks/11hm_next_dist_0m6rgog._.js:2441
[     870ms] [LOG] [DEBUG] Analizando columna: email {totalValores: 25, sampleSize: 25} @ http://localhost:3000/_next/static/chunks/11hm_next_dist_0m6rgog._.js:2441
[     871ms] [LOG] [DEBUG] Tipo inferido para email: {type: string, normalizer: } @ http://localhost:3000/_next/static/chunks/11hm_next_dist_0m6rgog._.js:2441
[     871ms] [LOG] [DEBUG] Analizando columna: telefono {totalValores: 25, sampleSize: 25} @ http://localhost:3000/_next/static/chunks/11hm_next_dist_0m6rgog._.js:2441
[     871ms] [LOG] [DEBUG] Tipo inferido para telefono: {type: number, normalizer: } @ http://localhost:3000/_next/static/chunks/11hm_next_dist_0m6rgog._.js:2441
[     871ms] [LOG] [DEBUG] Analizando columna: ciudad {totalValores: 25, sampleSize: 25} @ http://localhost:3000/_next/static/chunks/11hm_next_dist_0m6rgog._.js:2441
[     873ms] [LOG] [DEBUG] Tipo inferido para ciudad: {type: string, normalizer: } @ http://localhost:3000/_next/static/chunks/11hm_next_dist_0m6rgog._.js:2441
[     873ms] [LOG] [DEBUG] Analizando columna: rol {totalValores: 25, sampleSize: 25} @ http://localhost:3000/_next/static/chunks/11hm_next_dist_0m6rgog._.js:2441
[     873ms] [LOG] [DEBUG] Tipo inferido para rol: {type: string, normalizer: } @ http://localhost:3000/_next/static/chunks/11hm_next_dist_0m6rgog._.js:2441
[     873ms] [LOG] [DEBUG] Analizando columna: estado {totalValores: 25, sampleSize: 25} @ http://localhost:3000/_next/static/chunks/11hm_next_dist_0m6rgog._.js:2441
[     873ms] [LOG] [DEBUG] Tipo inferido para estado: {type: string, normalizer: } @ http://localhost:3000/_next/static/chunks/11hm_next_dist_0m6rgog._.js:2441
[     873ms] [LOG] [DEBUG] Analizando columna: fechaRegistro {totalValores: 25, sampleSize: 25} @ http://localhost:3000/_next/static/chunks/11hm_next_dist_0m6rgog._.js:2441
[     873ms] [LOG] [DEBUG] Tipo inferido para fechaRegistro: {type: date, normalizer: } @ http://localhost:3000/_next/static/chunks/11hm_next_dist_0m6rgog._.js:2441
[     873ms] [LOG] [DEBUG] Analizando columna: ultimoContacto {totalValores: 25, sampleSize: 25} @ http://localhost:3000/_next/static/chunks/11hm_next_dist_0m6rgog._.js:2441
[     873ms] [LOG] [DEBUG] Tipo inferido para ultimoContacto: {type: date, normalizer: } @ http://localhost:3000/_next/static/chunks/11hm_next_dist_0m6rgog._.js:2441
[     873ms] [LOG] [DEBUG] Analizando columna: valorTotal {totalValores: 25, sampleSize: 25} @ http://localhost:3000/_next/static/chunks/11hm_next_dist_0m6rgog._.js:2441
[     874ms] [LOG] [DEBUG] Tipo inferido para valorTotal: {type: string, normalizer: } @ http://localhost:3000/_next/static/chunks/11hm_next_dist_0m6rgog._.js:2441
[     874ms] [LOG] [DEBUG] Analizando columna: satisfaccion {totalValores: 25, sampleSize: 25} @ http://localhost:3000/_next/static/chunks/11hm_next_dist_0m6rgog._.js:2441
[     874ms] [LOG] [DEBUG] Tipo inferido para satisfaccion: {type: number, normalizer: } @ http://localhost:3000/_next/static/chunks/11hm_next_dist_0m6rgog._.js:2441
[     874ms] [LOG] [DEBUG] Analizando columna: activo {totalValores: 25, sampleSize: 25} @ http://localhost:3000/_next/static/chunks/11hm_next_dist_0m6rgog._.js:2441
[     874ms] [LOG] [DEBUG] Tipo inferido para activo: {type: boolean, normalizer: } @ http://localhost:3000/_next/static/chunks/11hm_next_dist_0m6rgog._.js:2441
[     874ms] [LOG] [DEBUG] Procesando fila 0/25 @ http://localhost:3000/_next/static/chunks/11hm_next_dist_0m6rgog._.js:2441
[     876ms] [LOG] [DEBUG] Iniciando procesamiento por lotes: {totalRows: 25, sampleSize: 100} @ http://localhost:3000/_next/static/chunks/11hm_next_dist_0m6rgog._.js:2441
[     876ms] [LOG] [DEBUG] Iniciando análisis de tipos por columna... @ http://localhost:3000/_next/static/chunks/11hm_next_dist_0m6rgog._.js:2441
[     876ms] [LOG] [DEBUG] Analizando columna: id {totalValores: 25, sampleSize: 25} @ http://localhost:3000/_next/static/chunks/11hm_next_dist_0m6rgog._.js:2441
[     876ms] [LOG] [DEBUG] Tipo inferido para id: {type: number, normalizer: } @ http://localhost:3000/_next/static/chunks/11hm_next_dist_0m6rgog._.js:2441
[     876ms] [LOG] [DEBUG] Analizando columna: nombre {totalValores: 25, sampleSize: 25} @ http://localhost:3000/_next/static/chunks/11hm_next_dist_0m6rgog._.js:2441
[     876ms] [LOG] [DEBUG] Tipo inferido para nombre: {type: string, normalizer: } @ http://localhost:3000/_next/static/chunks/11hm_next_dist_0m6rgog._.js:2441
[     876ms] [LOG] [DEBUG] Analizando columna: email {totalValores: 25, sampleSize: 25} @ http://localhost:3000/_next/static/chunks/11hm_next_dist_0m6rgog._.js:2441
[     876ms] [LOG] [DEBUG] Tipo inferido para email: {type: string, normalizer: } @ http://localhost:3000/_next/static/chunks/11hm_next_dist_0m6rgog._.js:2441
[     876ms] [LOG] [DEBUG] Analizando columna: telefono {totalValores: 25, sampleSize: 25} @ http://localhost:3000/_next/static/chunks/11hm_next_dist_0m6rgog._.js:2441
[     876ms] [LOG] [DEBUG] Tipo inferido para telefono: {type: number, normalizer: } @ http://localhost:3000/_next/static/chunks/11hm_next_dist_0m6rgog._.js:2441
[     876ms] [LOG] [DEBUG] Analizando columna: ciudad {totalValores: 25, sampleSize: 25} @ http://localhost:3000/_next/static/chunks/11hm_next_dist_0m6rgog._.js:2441
[     876ms] [LOG] [DEBUG] Tipo inferido para ciudad: {type: string, normalizer: } @ http://localhost:3000/_next/static/chunks/11hm_next_dist_0m6rgog._.js:2441
[     876ms] [LOG] [DEBUG] Analizando columna: rol {totalValores: 25, sampleSize: 25} @ http://localhost:3000/_next/static/chunks/11hm_next_dist_0m6rgog._.js:2441
[     877ms] [LOG] [DEBUG] Tipo inferido para rol: {type: string, normalizer: } @ http://localhost:3000/_next/static/chunks/11hm_next_dist_0m6rgog._.js:2441
[     877ms] [LOG] [DEBUG] Analizando columna: estado {totalValores: 25, sampleSize: 25} @ http://localhost:3000/_next/static/chunks/11hm_next_dist_0m6rgog._.js:2441
[     877ms] [LOG] [DEBUG] Tipo inferido para estado: {type: string, normalizer: } @ http://localhost:3000/_next/static/chunks/11hm_next_dist_0m6rgog._.js:2441
[     877ms] [LOG] [DEBUG] Analizando columna: fechaRegistro {totalValores: 25, sampleSize: 25} @ http://localhost:3000/_next/static/chunks/11hm_next_dist_0m6rgog._.js:2441
[     877ms] [LOG] [DEBUG] Tipo inferido para fechaRegistro: {type: date, normalizer: } @ http://localhost:3000/_next/static/chunks/11hm_next_dist_0m6rgog._.js:2441
[     877ms] [LOG] [DEBUG] Analizando columna: ultimoContacto {totalValores: 25, sampleSize: 25} @ http://localhost:3000/_next/static/chunks/11hm_next_dist_0m6rgog._.js:2441
[     877ms] [LOG] [DEBUG] Tipo inferido para ultimoContacto: {type: date, normalizer: } @ http://localhost:3000/_next/static/chunks/11hm_next_dist_0m6rgog._.js:2441
[     877ms] [LOG] [DEBUG] Analizando columna: valorTotal {totalValores: 25, sampleSize: 25} @ http://localhost:3000/_next/static/chunks/11hm_next_dist_0m6rgog._.js:2441
[     877ms] [LOG] [DEBUG] Tipo inferido para valorTotal: {type: string, normalizer: } @ http://localhost:3000/_next/static/chunks/11hm_next_dist_0m6rgog._.js:2441
[     877ms] [LOG] [DEBUG] Analizando columna: satisfaccion {totalValores: 25, sampleSize: 25} @ http://localhost:3000/_next/static/chunks/11hm_next_dist_0m6rgog._.js:2441
[     877ms] [LOG] [DEBUG] Tipo inferido para satisfaccion: {type: number, normalizer: } @ http://localhost:3000/_next/static/chunks/11hm_next_dist_0m6rgog._.js:2441
[     877ms] [LOG] [DEBUG] Analizando columna: activo {totalValores: 25, sampleSize: 25} @ http://localhost:3000/_next/static/chunks/11hm_next_dist_0m6rgog._.js:2441
[     877ms] [LOG] [DEBUG] Tipo inferido para activo: {type: boolean, normalizer: } @ http://localhost:3000/_next/static/chunks/11hm_next_dist_0m6rgog._.js:2441
[     877ms] [LOG] [DEBUG] Procesando fila 0/25 @ http://localhost:3000/_next/static/chunks/11hm_next_dist_0m6rgog._.js:2441
[     879ms] [LOG] [DEBUG] Creando definicion de columna: {columnId: id, isReference: false, type: number, path: Array(1)} @ http://localhost:3000/_next/static/chunks/11hm_next_dist_0m6rgog._.js:2441
[     879ms] [LOG] [DEBUG] Creando definicion de columna: {columnId: nombre, isReference: false, type: string, path: Array(1)} @ http://localhost:3000/_next/static/chunks/11hm_next_dist_0m6rgog._.js:2441
[     879ms] [LOG] [DEBUG] Creando definicion de columna: {columnId: email, isReference: false, type: string, path: Array(1)} @ http://localhost:3000/_next/static/chunks/11hm_next_dist_0m6rgog._.js:2441
[     879ms] [LOG] [DEBUG] Creando definicion de columna: {columnId: telefono, isReference: false, type: number, path: Array(1)} @ http://localhost:3000/_next/static/chunks/11hm_next_dist_0m6rgog._.js:2441
[     879ms] [LOG] [DEBUG] Creando definicion de columna: {columnId: ciudad, isReference: false, type: string, path: Array(1)} @ http://localhost:3000/_next/static/chunks/11hm_next_dist_0m6rgog._.js:2441
[     879ms] [LOG] [DEBUG] Creando definicion de columna: {columnId: rol, isReference: false, type: string, path: Array(1)} @ http://localhost:3000/_next/static/chunks/11hm_next_dist_0m6rgog._.js:2441
[     879ms] [LOG] [DEBUG] Creando definicion de columna: {columnId: estado, isReference: false, type: string, path: Array(1)} @ http://localhost:3000/_next/static/chunks/11hm_next_dist_0m6rgog._.js:2441
[     879ms] [LOG] [DEBUG] Creando definicion de columna: {columnId: fechaRegistro, isReference: false, type: date, path: Array(1)} @ http://localhost:3000/_next/static/chunks/11hm_next_dist_0m6rgog._.js:2441
[     880ms] [LOG] [DEBUG] Creando definicion de columna: {columnId: ultimoContacto, isReference: false, type: date, path: Array(1)} @ http://localhost:3000/_next/static/chunks/11hm_next_dist_0m6rgog._.js:2441
[     880ms] [LOG] [DEBUG] Creando definicion de columna: {columnId: valorTotal, isReference: false, type: string, path: Array(1)} @ http://localhost:3000/_next/static/chunks/11hm_next_dist_0m6rgog._.js:2441
[     880ms] [LOG] [DEBUG] Creando definicion de columna: {columnId: satisfaccion, isReference: false, type: number, path: Array(1)} @ http://localhost:3000/_next/static/chunks/11hm_next_dist_0m6rgog._.js:2441
[     880ms] [LOG] [DEBUG] Creando definicion de columna: {columnId: activo, isReference: false, type: boolean, path: Array(1)} @ http://localhost:3000/_next/static/chunks/11hm_next_dist_0m6rgog._.js:2441
[     880ms] [LOG] [DEBUG] Creando definicion de columna: {columnId: id, isReference: false, type: number, path: Array(1)} @ http://localhost:3000/_next/static/chunks/11hm_next_dist_0m6rgog._.js:2441
[     880ms] [LOG] [DEBUG] Creando definicion de columna: {columnId: nombre, isReference: false, type: string, path: Array(1)} @ http://localhost:3000/_next/static/chunks/11hm_next_dist_0m6rgog._.js:2441
[     880ms] [LOG] [DEBUG] Creando definicion de columna: {columnId: email, isReference: false, type: string, path: Array(1)} @ http://localhost:3000/_next/static/chunks/11hm_next_dist_0m6rgog._.js:2441
[     880ms] [LOG] [DEBUG] Creando definicion de columna: {columnId: telefono, isReference: false, type: number, path: Array(1)} @ http://localhost:3000/_next/static/chunks/11hm_next_dist_0m6rgog._.js:2441
[     880ms] [LOG] [DEBUG] Creando definicion de columna: {columnId: ciudad, isReference: false, type: string, path: Array(1)} @ http://localhost:3000/_next/static/chunks/11hm_next_dist_0m6rgog._.js:2441
[     880ms] [LOG] [DEBUG] Creando definicion de columna: {columnId: rol, isReference: false, type: string, path: Array(1)} @ http://localhost:3000/_next/static/chunks/11hm_next_dist_0m6rgog._.js:2441
[     880ms] [LOG] [DEBUG] Creando definicion de columna: {columnId: estado, isReference: false, type: string, path: Array(1)} @ http://localhost:3000/_next/static/chunks/11hm_next_dist_0m6rgog._.js:2441
[     880ms] [LOG] [DEBUG] Creando definicion de columna: {columnId: fechaRegistro, isReference: false, type: date, path: Array(1)} @ http://localhost:3000/_next/static/chunks/11hm_next_dist_0m6rgog._.js:2441
[     880ms] [LOG] [DEBUG] Creando definicion de columna: {columnId: ultimoContacto, isReference: false, type: date, path: Array(1)} @ http://localhost:3000/_next/static/chunks/11hm_next_dist_0m6rgog._.js:2441
[     880ms] [LOG] [DEBUG] Creando definicion de columna: {columnId: valorTotal, isReference: false, type: string, path: Array(1)} @ http://localhost:3000/_next/static/chunks/11hm_next_dist_0m6rgog._.js:2441
[     880ms] [LOG] [DEBUG] Creando definicion de columna: {columnId: satisfaccion, isReference: false, type: number, path: Array(1)} @ http://localhost:3000/_next/static/chunks/11hm_next_dist_0m6rgog._.js:2441
[     881ms] [LOG] [DEBUG] Creando definicion de columna: {columnId: activo, isReference: false, type: boolean, path: Array(1)} @ http://localhost:3000/_next/static/chunks/11hm_next_dist_0m6rgog._.js:2441
[     881ms] [LOG] [DEBUG] Pinned column not in base order, adding: {pinnedColumnId: index, baseOrder: Array(0), result: Array(1)} @ http://localhost:3000/_next/static/chunks/11hm_next_dist_0m6rgog._.js:2441
[     881ms] [LOG] [DEBUG] Pinned column not in base order, adding: {pinnedColumnId: index, baseOrder: Array(0), result: Array(1)} @ http://localhost:3000/_next/static/chunks/11hm_next_dist_0m6rgog._.js:2441
[     888ms] [LOG] [DEBUG] Pinned column not in base order, adding: {pinnedColumnId: index, baseOrder: Array(0), result: Array(1)} @ http://localhost:3000/_next/static/chunks/11hm_next_dist_0m6rgog._.js:2441
[     888ms] [LOG] [DEBUG] Pinned column not in base order, adding: {pinnedColumnId: index, baseOrder: Array(0), result: Array(1)} @ http://localhost:3000/_next/static/chunks/11hm_next_dist_0m6rgog._.js:2441
[     960ms] [LOG] [DEBUG] Renderizando celda: {columnId: id, isReference: undefined, value: Object} @ http://localhost:3000/_next/static/chunks/11hm_next_dist_0m6rgog._.js:2441
[     960ms] [LOG] [DEBUG] Renderizando celda: {columnId: id, isReference: undefined, value: Object} @ http://localhost:3000/_next/static/chunks/11hm_next_dist_0m6rgog._.js:2441
[     960ms] [LOG] [DEBUG] Renderizando celda: {columnId: nombre, isReference: undefined, value: Object} @ http://localhost:3000/_next/static/chunks/11hm_next_dist_0m6rgog._.js:2441
[     960ms] [LOG] [DEBUG] Renderizando celda: {columnId: nombre, isReference: undefined, value: Object} @ http://localhost:3000/_next/static/chunks/11hm_next_dist_0m6rgog._.js:2441
[     960ms] [LOG] [DEBUG] Renderizando celda: {columnId: email, isReference: undefined, value: Object} @ http://localhost:3000/_next/static/chunks/11hm_next_dist_0m6rgog._.js:2441
[     960ms] [LOG] [DEBUG] Renderizando celda: {columnId: email, isReference: undefined, value: Object} @ http://localhost:3000/_next/static/chunks/11hm_next_dist_0m6rgog._.js:2441
[     960ms] [LOG] [DEBUG] Renderizando celda: {columnId: telefono, isReference: undefined, value: Object} @ http://localhost:3000/_next/static/chunks/11hm_next_dist_0m6rgog._.js:2441
[     961ms] [LOG] [DEBUG] Renderizando celda: {columnId: telefono, isReference: undefined, value: Object} @ http://localhost:3000/_next/static/chunks/11hm_next_dist_0m6rgog._.js:2441
[     961ms] [LOG] [DEBUG] Tipo corregido: number -> date {originalValue: 34612345678, originalType: number, detectedType: date} @ http://localhost:3000/_next/static/chunks/11hm_next_dist_0m6rgog._.js:2441
[     961ms] [LOG] [DEBUG] Tipo corregido: number -> date {originalValue: 34612345678, originalType: number, detectedType: date} @ http://localhost:3000/_next/static/chunks/11hm_next_dist_0m6rgog._.js:2441
[     961ms] [LOG] [DEBUG] Renderizando celda: {columnId: ciudad, isReference: undefined, value: Object} @ http://localhost:3000/_next/static/chunks/11hm_next_dist_0m6rgog._.js:2441
[     961ms] [LOG] [DEBUG] Renderizando celda: {columnId: ciudad, isReference: undefined, value: Object} @ http://localhost:3000/_next/static/chunks/11hm_next_dist_0m6rgog._.js:2441
[     961ms] [LOG] [DEBUG] Renderizando celda: {columnId: rol, isReference: undefined, value: Object} @ http://localhost:3000/_next/static/chunks/11hm_next_dist_0m6rgog._.js:2441
[     961ms] [LOG] [DEBUG] Renderizando celda: {columnId: rol, isReference: undefined, value: Object} @ http://localhost:3000/_next/static/chunks/11hm_next_dist_0m6rgog._.js:2441
[     961ms] [LOG] [DEBUG] Renderizando celda: {columnId: estado, isReference: undefined, value: Object} @ http://localhost:3000/_next/static/chunks/11hm_next_dist_0m6rgog._.js:2441
[     961ms] [LOG] [DEBUG] Renderizando celda: {columnId: estado, isReference: undefined, value: Object} @ http://localhost:3000/_next/static/chunks/11hm_next_dist_0m6rgog._.js:2441
[     962ms] [LOG] [DEBUG] Renderizando celda: {columnId: fechaRegistro, isReference: undefined, value: Object} @ http://localhost:3000/_next/static/chunks/11hm_next_dist_0m6rgog._.js:2441
[     962ms] [LOG] [DEBUG] Renderizando celda: {columnId: fechaRegistro, isReference: undefined, value: Object} @ http://localhost:3000/_next/static/chunks/11hm_next_dist_0m6rgog._.js:2441
[     962ms] [LOG] [DEBUG] Renderizando celda: {columnId: ultimoContacto, isReference: undefined, value: Object} @ http://localhost:3000/_next/static/chunks/11hm_next_dist_0m6rgog._.js:2441
[     962ms] [LOG] [DEBUG] Renderizando celda: {columnId: ultimoContacto, isReference: undefined, value: Object} @ http://localhost:3000/_next/static/chunks/11hm_next_dist_0m6rgog._.js:2441
[     962ms] [LOG] [DEBUG] Renderizando celda: {columnId: valorTotal, isReference: undefined, value: Object} @ http://localhost:3000/_next/static/chunks/11hm_next_dist_0m6rgog._.js:2441
[     962ms] [LOG] [DEBUG] Renderizando celda: {columnId: valorTotal, isReference: undefined, value: Object} @ http://localhost:3000/_next/static/chunks/11hm_next_dist_0m6rgog._.js:2441
[     962ms] [LOG] [DEBUG] Tipo corregido: string -> number {originalValue: 3840, originalType: string, detectedType: number} @ http://localhost:3000/_next/static/chunks/11hm_next_dist_0m6rgog._.js:2441
[     962ms] [LOG] [DEBUG] Tipo corregido: string -> number {originalValue: 3840, originalType: string, detectedType: number} @ http://localhost:3000/_next/static/chunks/11hm_next_dist_0m6rgog._.js:2441
[     962ms] [LOG] [DEBUG] Renderizando celda: {columnId: satisfaccion, isReference: undefined, value: Object} @ http://localhost:3000/_next/static/chunks/11hm_next_dist_0m6rgog._.js:2441
[     962ms] [LOG] [DEBUG] Renderizando celda: {columnId: satisfaccion, isReference: undefined, value: Object} @ http://localhost:3000/_next/static/chunks/11hm_next_dist_0m6rgog._.js:2441
[     963ms] [LOG] [DEBUG] Renderizando celda: {columnId: activo, isReference: undefined, value: Object} @ http://localhost:3000/_next/static/chunks/11hm_next_dist_0m6rgog._.js:2441
[     963ms] [LOG] [DEBUG] Renderizando celda: {columnId: activo, isReference: undefined, value: Object} @ http://localhost:3000/_next/static/chunks/11hm_next_dist_0m6rgog._.js:2441
[     963ms] [LOG] [DEBUG] Tipo corregido: boolean -> string {originalValue: true, originalType: boolean, detectedType: string} @ http://localhost:3000/_next/static/chunks/11hm_next_dist_0m6rgog._.js:2441
[     963ms] [LOG] [DEBUG] Tipo corregido: boolean -> string {originalValue: true, originalType: boolean, detectedType: string} @ http://localhost:3000/_next/static/chunks/11hm_next_dist_0m6rgog._.js:2441
[     968ms] [LOG] [DEBUG] Renderizando celda: {columnId: id, isReference: undefined, value: Object} @ http://localhost:3000/_next/static/chunks/11hm_next_dist_0m6rgog._.js:2441
[     968ms] [LOG] [DEBUG] Renderizando celda: {columnId: id, isReference: undefined, value: Object} @ http://localhost:3000/_next/static/chunks/11hm_next_dist_0m6rgog._.js:2441
[     968ms] [LOG] [DEBUG] Renderizando celda: {columnId: nombre, isReference: undefined, value: Object} @ http://localhost:3000/_next/static/chunks/11hm_next_dist_0m6rgog._.js:2441
[     968ms] [LOG] [DEBUG] Renderizando celda: {columnId: nombre, isReference: undefined, value: Object} @ http://localhost:3000/_next/static/chunks/11hm_next_dist_0m6rgog._.js:2441
[     968ms] [LOG] [DEBUG] Renderizando celda: {columnId: email, isReference: undefined, value: Object} @ http://localhost:3000/_next/static/chunks/11hm_next_dist_0m6rgog._.js:2441
[     969ms] [LOG] [DEBUG] Renderizando celda: {columnId: email, isReference: undefined, value: Object} @ http://localhost:3000/_next/static/chunks/11hm_next_dist_0m6rgog._.js:2441
[     969ms] [LOG] [DEBUG] Renderizando celda: {columnId: telefono, isReference: undefined, value: Object} @ http://localhost:3000/_next/static/chunks/11hm_next_dist_0m6rgog._.js:2441
[     969ms] [LOG] [DEBUG] Renderizando celda: {columnId: telefono, isReference: undefined, value: Object} @ http://localhost:3000/_next/static/chunks/11hm_next_dist_0m6rgog._.js:2441
[     969ms] [LOG] [DEBUG] Tipo corregido: number -> date {originalValue: 34634567890, originalType: number, detectedType: date} @ http://localhost:3000/_next/static/chunks/11hm_next_dist_0m6rgog._.js:2441
[     969ms] [LOG] [DEBUG] Tipo corregido: number -> date {originalValue: 34634567890, originalType: number, detectedType: date} @ http://localhost:3000/_next/static/chunks/11hm_next_dist_0m6rgog._.js:2441
[     969ms] [LOG] [DEBUG] Renderizando celda: {columnId: ciudad, isReference: undefined, value: Object} @ http://localhost:3000/_next/static/chunks/11hm_next_dist_0m6rgog._.js:2441
[     969ms] [LOG] [DEBUG] Renderizando celda: {columnId: ciudad, isReference: undefined, value: Object} @ http://localhost:3000/_next/static/chunks/11hm_next_dist_0m6rgog._.js:2441
[     969ms] [LOG] [DEBUG] Renderizando celda: {columnId: rol, isReference: undefined, value: Object} @ http://localhost:3000/_next/static/chunks/11hm_next_dist_0m6rgog._.js:2441
[     969ms] [LOG] [DEBUG] Renderizando celda: {columnId: rol, isReference: undefined, value: Object} @ http://localhost:3000/_next/static/chunks/11hm_next_dist_0m6rgog._.js:2441
[     969ms] [LOG] [DEBUG] Renderizando celda: {columnId: estado, isReference: undefined, value: Object} @ http://localhost:3000/_next/static/chunks/11hm_next_dist_0m6rgog._.js:2441
[     969ms] [LOG] [DEBUG] Renderizando celda: {columnId: estado, isReference: undefined, value: Object} @ http://localhost:3000/_next/static/chunks/11hm_next_dist_0m6rgog._.js:2441
[     970ms] [LOG] [DEBUG] Renderizando celda: {columnId: fechaRegistro, isReference: undefined, value: Object} @ http://localhost:3000/_next/static/chunks/11hm_next_dist_0m6rgog._.js:2441
[     970ms] [LOG] [DEBUG] Renderizando celda: {columnId: fechaRegistro, isReference: undefined, value: Object} @ http://localhost:3000/_next/static/chunks/11hm_next_dist_0m6rgog._.js:2441
[     970ms] [LOG] [DEBUG] Renderizando celda: {columnId: ultimoContacto, isReference: undefined, value: Object} @ http://localhost:3000/_next/static/chunks/11hm_next_dist_0m6rgog._.js:2441
[     970ms] [LOG] [DEBUG] Renderizando celda: {columnId: ultimoContacto, isReference: undefined, value: Object} @ http://localhost:3000/_next/static/chunks/11hm_next_dist_0m6rgog._.js:2441
[     970ms] [LOG] [DEBUG] Renderizando celda: {columnId: valorTotal, isReference: undefined, value: Object} @ http://localhost:3000/_next/static/chunks/11hm_next_dist_0m6rgog._.js:2441
[     970ms] [LOG] [DEBUG] Renderizando celda: {columnId: valorTotal, isReference: undefined, value: Object} @ http://localhost:3000/_next/static/chunks/11hm_next_dist_0m6rgog._.js:2441
[     970ms] [LOG] [DEBUG] Tipo corregido: string -> number {originalValue: 6120, originalType: string, detectedType: number} @ http://localhost:3000/_next/static/chunks/11hm_next_dist_0m6rgog._.js:2441
[     970ms] [LOG] [DEBUG] Tipo corregido: string -> number {originalValue: 6120, originalType: string, detectedType: number} @ http://localhost:3000/_next/static/chunks/11hm_next_dist_0m6rgog._.js:2441
[     970ms] [LOG] [DEBUG] Renderizando celda: {columnId: satisfaccion, isReference: undefined, value: Object} @ http://localhost:3000/_next/static/chunks/11hm_next_dist_0m6rgog._.js:2441
[     970ms] [LOG] [DEBUG] Renderizando celda: {columnId: satisfaccion, isReference: undefined, value: Object} @ http://localhost:3000/_next/static/chunks/11hm_next_dist_0m6rgog._.js:2441
[     971ms] [LOG] [DEBUG] Renderizando celda: {columnId: activo, isReference: undefined, value: Object} @ http://localhost:3000/_next/static/chunks/11hm_next_dist_0m6rgog._.js:2441
[     971ms] [LOG] [DEBUG] Renderizando celda: {columnId: activo, isReference: undefined, value: Object} @ http://localhost:3000/_next/static/chunks/11hm_next_dist_0m6rgog._.js:2441
[     971ms] [LOG] [DEBUG] Tipo corregido: boolean -> string {originalValue: true, originalType: boolean, detectedType: string} @ http://localhost:3000/_next/static/chunks/11hm_next_dist_0m6rgog._.js:2441
[     971ms] [LOG] [DEBUG] Tipo corregido: boolean -> string {originalValue: true, originalType: boolean, detectedType: string} @ http://localhost:3000/_next/static/chunks/11hm_next_dist_0m6rgog._.js:2441
[     976ms] [LOG] [DEBUG] Renderizando celda: {columnId: id, isReference: undefined, value: Object} @ http://localhost:3000/_next/static/chunks/11hm_next_dist_0m6rgog._.js:2441
[     976ms] [LOG] [DEBUG] Renderizando celda: {columnId: id, isReference: undefined, value: Object} @ http://localhost:3000/_next/static/chunks/11hm_next_dist_0m6rgog._.js:2441
[     976ms] [LOG] [DEBUG] Renderizando celda: {columnId: nombre, isReference: undefined, value: Object} @ http://localhost:3000/_next/static/chunks/11hm_next_dist_0m6rgog._.js:2441
[     976ms] [LOG] [DEBUG] Renderizando celda: {columnId: nombre, isReference: undefined, value: Object} @ http://localhost:3000/_next/static/chunks/11hm_next_dist_0m6rgog._.js:2441
[     977ms] [LOG] [DEBUG] Renderizando celda: {columnId: email, isReference: undefined, value: Object} @ http://localhost:3000/_next/static/chunks/11hm_next_dist_0m6rgog._.js:2441
[     977ms] [LOG] [DEBUG] Renderizando celda: {columnId: email, isReference: undefined, value: Object} @ http://localhost:3000/_next/static/chunks/11hm_next_dist_0m6rgog._.js:2441
[     977ms] [LOG] [DEBUG] Renderizando celda: {columnId: telefono, isReference: undefined, value: Object} @ http://localhost:3000/_next/static/chunks/11hm_next_dist_0m6rgog._.js:2441
[     977ms] [LOG] [DEBUG] Renderizando celda: {columnId: telefono, isReference: undefined, value: Object} @ http://localhost:3000/_next/static/chunks/11hm_next_dist_0m6rgog._.js:2441
[     977ms] [LOG] [DEBUG] Tipo corregido: number -> date {originalValue: 34655678901, originalType: number, detectedType: date} @ http://localhost:3000/_next/static/chunks/11hm_next_dist_0m6rgog._.js:2441
[     977ms] [LOG] [DEBUG] Tipo corregido: number -> date {originalValue: 34655678901, originalType: number, detectedType: date} @ http://localhost:3000/_next/static/chunks/11hm_next_dist_0m6rgog._.js:2441
[     977ms] [LOG] [DEBUG] Renderizando celda: {columnId: ciudad, isReference: undefined, value: Object} @ http://localhost:3000/_next/static/chunks/11hm_next_dist_0m6rgog._.js:2441
[     977ms] [LOG] [DEBUG] Renderizando celda: {columnId: ciudad, isReference: undefined, value: Object} @ http://localhost:3000/_next/static/chunks/11hm_next_dist_0m6rgog._.js:2441
[     977ms] [LOG] [DEBUG] Renderizando celda: {columnId: rol, isReference: undefined, value: Object} @ http://localhost:3000/_next/static/chunks/11hm_next_dist_0m6rgog._.js:2441
[     977ms] [LOG] [DEBUG] Renderizando celda: {columnId: rol, isReference: undefined, value: Object} @ http://localhost:3000/_next/static/chunks/11hm_next_dist_0m6rgog._.js:2441
[     977ms] [LOG] [DEBUG] Renderizando celda: {columnId: estado, isReference: undefined, value: Object} @ http://localhost:3000/_next/static/chunks/11hm_next_dist_0m6rgog._.js:2441
[     978ms] [LOG] [DEBUG] Renderizando celda: {columnId: estado, isReference: undefined, value: Object} @ http://localhost:3000/_next/static/chunks/11hm_next_dist_0m6rgog._.js:2441
[     978ms] [LOG] [DEBUG] Renderizando celda: {columnId: fechaRegistro, isReference: undefined, value: Object} @ http://localhost:3000/_next/static/chunks/11hm_next_dist_0m6rgog._.js:2441
[     978ms] [LOG] [DEBUG] Renderizando celda: {columnId: fechaRegistro, isReference: undefined, value: Object} @ http://localhost:3000/_next/static/chunks/11hm_next_dist_0m6rgog._.js:2441
[     978ms] [LOG] [DEBUG] Renderizando celda: {columnId: ultimoContacto, isReference: undefined, value: Object} @ http://localhost:3000/_next/static/chunks/11hm_next_dist_0m6rgog._.js:2441
[     978ms] [LOG] [DEBUG] Renderizando celda: {columnId: ultimoContacto, isReference: undefined, value: Object} @ http://localhost:3000/_next/static/chunks/11hm_next_dist_0m6rgog._.js:2441
[     978ms] [LOG] [DEBUG] Renderizando celda: {columnId: valorTotal, isReference: undefined, value: Object} @ http://localhost:3000/_next/static/chunks/11hm_next_dist_0m6rgog._.js:2441
[     978ms] [LOG] [DEBUG] Renderizando celda: {columnId: valorTotal, isReference: undefined, value: Object} @ http://localhost:3000/_next/static/chunks/11hm_next_dist_0m6rgog._.js:2441
[     978ms] [LOG] [DEBUG] Tipo corregido: string -> number {originalValue: 0, originalType: string, detectedType: number} @ http://localhost:3000/_next/static/chunks/11hm_next_dist_0m6rgog._.js:2441
[     978ms] [LOG] [DEBUG] Tipo corregido: string -> number {originalValue: 0, originalType: string, detectedType: number} @ http://localhost:3000/_next/static/chunks/11hm_next_dist_0m6rgog._.js:2441
[     978ms] [LOG] [DEBUG] Renderizando celda: {columnId: satisfaccion, isReference: undefined, value: Object} @ http://localhost:3000/_next/static/chunks/11hm_next_dist_0m6rgog._.js:2441
[     978ms] [LOG] [DEBUG] Renderizando celda: {columnId: satisfaccion, isReference: undefined, value: Object} @ http://localhost:3000/_next/static/chunks/11hm_next_dist_0m6rgog._.js:2441
[     979ms] [LOG] [DEBUG] Renderizando celda: {columnId: activo, isReference: undefined, value: Object} @ http://localhost:3000/_next/static/chunks/11hm_next_dist_0m6rgog._.js:2441
[     979ms] [LOG] [DEBUG] Renderizando celda: {columnId: activo, isReference: undefined, value: Object} @ http://localhost:3000/_next/static/chunks/11hm_next_dist_0m6rgog._.js:2441
[     979ms] [LOG] [DEBUG] Tipo corregido: boolean -> string {originalValue: false, originalType: boolean, detectedType: string} @ http://localhost:3000/_next/static/chunks/11hm_next_dist_0m6rgog._.js:2441
[     979ms] [LOG] [DEBUG] Tipo corregido: boolean -> string {originalValue: false, originalType: boolean, detectedType: string} @ http://localhost:3000/_next/static/chunks/11hm_next_dist_0m6rgog._.js:2441
[     987ms] [LOG] [DEBUG] Renderizando celda: {columnId: id, isReference: undefined, value: Object} @ http://localhost:3000/_next/static/chunks/11hm_next_dist_0m6rgog._.js:2441
[     987ms] [LOG] [DEBUG] Renderizando celda: {columnId: id, isReference: undefined, value: Object} @ http://localhost:3000/_next/static/chunks/11hm_next_dist_0m6rgog._.js:2441
[     987ms] [LOG] [DEBUG] Renderizando celda: {columnId: nombre, isReference: undefined, value: Object} @ http://localhost:3000/_next/static/chunks/11hm_next_dist_0m6rgog._.js:2441
[     987ms] [LOG] [DEBUG] Renderizando celda: {columnId: nombre, isReference: undefined, value: Object} @ http://localhost:3000/_next/static/chunks/11hm_next_dist_0m6rgog._.js:2441
[     988ms] [LOG] [DEBUG] Renderizando celda: {columnId: email, isReference: undefined, value: Object} @ http://localhost:3000/_next/static/chunks/11hm_next_dist_0m6rgog._.js:2441
[     988ms] [LOG] [DEBUG] Renderizando celda: {columnId: email, isReference: undefined, value: Object} @ http://localhost:3000/_next/static/chunks/11hm_next_dist_0m6rgog._.js:2441
[     988ms] [LOG] [DEBUG] Renderizando celda: {columnId: telefono, isReference: undefined, value: Object} @ http://localhost:3000/_next/static/chunks/11hm_next_dist_0m6rgog._.js:2441
[     988ms] [LOG] [DEBUG] Renderizando celda: {columnId: telefono, isReference: undefined, value: Object} @ http://localhost:3000/_next/static/chunks/11hm_next_dist_0m6rgog._.js:2441
[     988ms] [LOG] [DEBUG] Tipo corregido: number -> date {originalValue: 34676789012, originalType: number, detectedType: date} @ http://localhost:3000/_next/static/chunks/11hm_next_dist_0m6rgog._.js:2441
[     988ms] [LOG] [DEBUG] Tipo corregido: number -> date {originalValue: 34676789012, originalType: number, detectedType: date} @ http://localhost:3000/_next/static/chunks/11hm_next_dist_0m6rgog._.js:2441
[     988ms] [LOG] [DEBUG] Renderizando celda: {columnId: ciudad, isReference: undefined, value: Object} @ http://localhost:3000/_next/static/chunks/11hm_next_dist_0m6rgog._.js:2441
[     988ms] [LOG] [DEBUG] Renderizando celda: {columnId: ciudad, isReference: undefined, value: Object} @ http://localhost:3000/_next/static/chunks/11hm_next_dist_0m6rgog._.js:2441
[     988ms] [LOG] [DEBUG] Renderizando celda: {columnId: rol, isReference: undefined, value: Object} @ http://localhost:3000/_next/static/chunks/11hm_next_dist_0m6rgog._.js:2441
[     988ms] [LOG] [DEBUG] Renderizando celda: {columnId: rol, isReference: undefined, value: Object} @ http://localhost:3000/_next/static/chunks/11hm_next_dist_0m6rgog._.js:2441
[     988ms] [LOG] [DEBUG] Renderizando celda: {columnId: estado, isReference: undefined, value: Object} @ http://localhost:3000/_next/static/chunks/11hm_next_dist_0m6rgog._.js:2441
[     988ms] [LOG] [DEBUG] Renderizando celda: {columnId: estado, isReference: undefined, value: Object} @ http://localhost:3000/_next/static/chunks/11hm_next_dist_0m6rgog._.js:2441
[     988ms] [LOG] [DEBUG] Renderizando celda: {columnId: fechaRegistro, isReference: undefined, value: Object} @ http://localhost:3000/_next/static/chunks/11hm_next_dist_0m6rgog._.js:2441
[     988ms] [LOG] [DEBUG] Renderizando celda: {columnId: fechaRegistro, isReference: undefined, value: Object} @ http://localhost:3000/_next/static/chunks/11hm_next_dist_0m6rgog._.js:2441
[     989ms] [LOG] [DEBUG] Renderizando celda: {columnId: ultimoContacto, isReference: undefined, value: Object} @ http://localhost:3000/_next/static/chunks/11hm_next_dist_0m6rgog._.js:2441
[     989ms] [LOG] [DEBUG] Renderizando celda: {columnId: ultimoContacto, isReference: undefined, value: Object} @ http://localhost:3000/_next/static/chunks/11hm_next_dist_0m6rgog._.js:2441
[     989ms] [LOG] [DEBUG] Renderizando celda: {columnId: valorTotal, isReference: undefined, value: Object} @ http://localhost:3000/_next/static/chunks/11hm_next_dist_0m6rgog._.js:2441
[     989ms] [LOG] [DEBUG] Renderizando celda: {columnId: valorTotal, isReference: undefined, value: Object} @ http://localhost:3000/_next/static/chunks/11hm_next_dist_0m6rgog._.js:2441
[     989ms] [LOG] [DEBUG] Tipo corregido: string -> number {originalValue: 2280, originalType: string, detectedType: number} @ http://localhost:3000/_next/static/chunks/11hm_next_dist_0m6rgog._.js:2441
[     989ms] [LOG] [DEBUG] Tipo corregido: string -> number {originalValue: 2280, originalType: string, detectedType: number} @ http://localhost:3000/_next/static/chunks/11hm_next_dist_0m6rgog._.js:2441
[     989ms] [LOG] [DEBUG] Renderizando celda: {columnId: satisfaccion, isReference: undefined, value: Object} @ http://localhost:3000/_next/static/chunks/11hm_next_dist_0m6rgog._.js:2441
[     989ms] [LOG] [DEBUG] Renderizando celda: {columnId: satisfaccion, isReference: undefined, value: Object} @ http://localhost:3000/_next/static/chunks/11hm_next_dist_0m6rgog._.js:2441
[     989ms] [LOG] [DEBUG] Renderizando celda: {columnId: activo, isReference: undefined, value: Object} @ http://localhost:3000/_next/static/chunks/11hm_next_dist_0m6rgog._.js:2441
[     989ms] [LOG] [DEBUG] Renderizando celda: {columnId: activo, isReference: undefined, value: Object} @ http://localhost:3000/_next/static/chunks/11hm_next_dist_0m6rgog._.js:2441
[     989ms] [LOG] [DEBUG] Tipo corregido: boolean -> string {originalValue: false, originalType: boolean, detectedType: string} @ http://localhost:3000/_next/static/chunks/11hm_next_dist_0m6rgog._.js:2441
[     989ms] [LOG] [DEBUG] Tipo corregido: boolean -> string {originalValue: false, originalType: boolean, detectedType: string} @ http://localhost:3000/_next/static/chunks/11hm_next_dist_0m6rgog._.js:2441
[     991ms] [LOG] [DEBUG] Renderizando celda: {columnId: id, isReference: undefined, value: Object} @ http://localhost:3000/_next/static/chunks/11hm_next_dist_0m6rgog._.js:2441
[     991ms] [LOG] [DEBUG] Renderizando celda: {columnId: id, isReference: undefined, value: Object} @ http://localhost:3000/_next/static/chunks/11hm_next_dist_0m6rgog._.js:2441
[     991ms] [LOG] [DEBUG] Renderizando celda: {columnId: nombre, isReference: undefined, value: Object} @ http://localhost:3000/_next/static/chunks/11hm_next_dist_0m6rgog._.js:2441
[     991ms] [LOG] [DEBUG] Renderizando celda: {columnId: nombre, isReference: undefined, value: Object} @ http://localhost:3000/_next/static/chunks/11hm_next_dist_0m6rgog._.js:2441
[     991ms] [LOG] [DEBUG] Renderizando celda: {columnId: email, isReference: undefined, value: Object} @ http://localhost:3000/_next/static/chunks/11hm_next_dist_0m6rgog._.js:2441
[     991ms] [LOG] [DEBUG] Renderizando celda: {columnId: email, isReference: undefined, value: Object} @ http://localhost:3000/_next/static/chunks/11hm_next_dist_0m6rgog._.js:2441
[     991ms] [LOG] [DEBUG] Renderizando celda: {columnId: telefono, isReference: undefined, value: Object} @ http://localhost:3000/_next/static/chunks/11hm_next_dist_0m6rgog._.js:2441
[     991ms] [LOG] [DEBUG] Renderizando celda: {columnId: telefono, isReference: undefined, value: Object} @ http://localhost:3000/_next/static/chunks/11hm_next_dist_0m6rgog._.js:2441
[     991ms] [LOG] [DEBUG] Tipo corregido: number -> date {originalValue: 34697890123, originalType: number, detectedType: date} @ http://localhost:3000/_next/static/chunks/11hm_next_dist_0m6rgog._.js:2441
[     991ms] [LOG] [DEBUG] Tipo corregido: number -> date {originalValue: 34697890123, originalType: number, detectedType: date} @ http://localhost:3000/_next/static/chunks/11hm_next_dist_0m6rgog._.js:2441
[     991ms] [LOG] [DEBUG] Renderizando celda: {columnId: ciudad, isReference: undefined, value: Object} @ http://localhost:3000/_next/static/chunks/11hm_next_dist_0m6rgog._.js:2441
[     991ms] [LOG] [DEBUG] Renderizando celda: {columnId: ciudad, isReference: undefined, value: Object} @ http://localhost:3000/_next/static/chunks/11hm_next_dist_0m6rgog._.js:2441
[     991ms] [LOG] [DEBUG] Renderizando celda: {columnId: rol, isReference: undefined, value: Object} @ http://localhost:3000/_next/static/chunks/11hm_next_dist_0m6rgog._.js:2441
[     991ms] [LOG] [DEBUG] Renderizando celda: {columnId: rol, isReference: undefined, value: Object} @ http://localhost:3000/_next/static/chunks/11hm_next_dist_0m6rgog._.js:2441
[     991ms] [LOG] [DEBUG] Renderizando celda: {columnId: estado, isReference: undefined, value: Object} @ http://localhost:3000/_next/static/chunks/11hm_next_dist_0m6rgog._.js:2441
[     992ms] [LOG] [DEBUG] Renderizando celda: {columnId: estado, isReference: undefined, value: Object} @ http://localhost:3000/_next/static/chunks/11hm_next_dist_0m6rgog._.js:2441
[     992ms] [LOG] [DEBUG] Renderizando celda: {columnId: fechaRegistro, isReference: undefined, value: Object} @ http://localhost:3000/_next/static/chunks/11hm_next_dist_0m6rgog._.js:2441
[     992ms] [LOG] [DEBUG] Renderizando celda: {columnId: fechaRegistro, isReference: undefined, value: Object} @ http://localhost:3000/_next/static/chunks/11hm_next_dist_0m6rgog._.js:2441
[     992ms] [LOG] [DEBUG] Renderizando celda: {columnId: ultimoContacto, isReference: undefined, value: Object} @ http://localhost:3000/_next/static/chunks/11hm_next_dist_0m6rgog._.js:2441
[     992ms] [LOG] [DEBUG] Renderizando celda: {columnId: ultimoContacto, isReference: undefined, value: Object} @ http://localhost:3000/_next/static/chunks/11hm_next_dist_0m6rgog._.js:2441
[     992ms] [LOG] [DEBUG] Renderizando celda: {columnId: valorTotal, isReference: undefined, value: Object} @ http://localhost:3000/_next/static/chunks/11hm_next_dist_0m6rgog._.js:2441
[     992ms] [LOG] [DEBUG] Renderizando celda: {columnId: valorTotal, isReference: undefined, value: Object} @ http://localhost:3000/_next/static/chunks/11hm_next_dist_0m6rgog._.js:2441
[     992ms] [LOG] [DEBUG] Tipo corregido: string -> number {originalValue: 4560, originalType: string, detectedType: number} @ http://localhost:3000/_next/static/chunks/11hm_next_dist_0m6rgog._.js:2441
[     992ms] [LOG] [DEBUG] Tipo corregido: string -> number {originalValue: 4560, originalType: string, detectedType: number} @ http://localhost:3000/_next/static/chunks/11hm_next_dist_0m6rgog._.js:2441
[     992ms] [LOG] [DEBUG] Renderizando celda: {columnId: satisfaccion, isReference: undefined, value: Object} @ http://localhost:3000/_next/static/chunks/11hm_next_dist_0m6rgog._.js:2441
[     992ms] [LOG] [DEBUG] Renderizando celda: {columnId: satisfaccion, isReference: undefined, value: Object} @ http://localhost:3000/_next/static/chunks/11hm_next_dist_0m6rgog._.js:2441
[     992ms] [LOG] [DEBUG] Renderizando celda: {columnId: activo, isReference: undefined, value: Object} @ http://localhost:3000/_next/static/chunks/11hm_next_dist_0m6rgog._.js:2441
[     992ms] [LOG] [DEBUG] Renderizando celda: {columnId: activo, isReference: undefined, value: Object} @ http://localhost:3000/_next/static/chunks/11hm_next_dist_0m6rgog._.js:2441
[     992ms] [LOG] [DEBUG] Tipo corregido: boolean -> string {originalValue: true, originalType: boolean, detectedType: string} @ http://localhost:3000/_next/static/chunks/11hm_next_dist_0m6rgog._.js:2441
[     992ms] [LOG] [DEBUG] Tipo corregido: boolean -> string {originalValue: true, originalType: boolean, detectedType: string} @ http://localhost:3000/_next/static/chunks/11hm_next_dist_0m6rgog._.js:2441
[     993ms] [LOG] [DEBUG] Renderizando celda: {columnId: id, isReference: undefined, value: Object} @ http://localhost:3000/_next/static/chunks/11hm_next_dist_0m6rgog._.js:2441
[     993ms] [LOG] [DEBUG] Renderizando celda: {columnId: id, isReference: undefined, value: Object} @ http://localhost:3000/_next/static/chunks/11hm_next_dist_0m6rgog._.js:2441
[     994ms] [LOG] [DEBUG] Renderizando celda: {columnId: nombre, isReference: undefined, value: Object} @ http://localhost:3000/_next/static/chunks/11hm_next_dist_0m6rgog._.js:2441
[     994ms] [LOG] [DEBUG] Renderizando celda: {columnId: nombre, isReference: undefined, value: Object} @ http://localhost:3000/_next/static/chunks/11hm_next_dist_0m6rgog._.js:2441
[     994ms] [LOG] [DEBUG] Renderizando celda: {columnId: email, isReference: undefined, value: Object} @ http://localhost:3000/_next/static/chunks/11hm_next_dist_0m6rgog._.js:2441
[     994ms] [LOG] [DEBUG] Renderizando celda: {columnId: email, isReference: undefined, value: Object} @ http://localhost:3000/_next/static/chunks/11hm_next_dist_0m6rgog._.js:2441
[     994ms] [LOG] [DEBUG] Renderizando celda: {columnId: telefono, isReference: undefined, value: Object} @ http://localhost:3000/_next/static/chunks/11hm_next_dist_0m6rgog._.js:2441
[     994ms] [LOG] [DEBUG] Renderizando celda: {columnId: telefono, isReference: undefined, value: Object} @ http://localhost:3000/_next/static/chunks/11hm_next_dist_0m6rgog._.js:2441
[     994ms] [LOG] [DEBUG] Tipo corregido: number -> date {originalValue: 34900123456, originalType: number, detectedType: date} @ http://localhost:3000/_next/static/chunks/11hm_next_dist_0m6rgog._.js:2441
[     994ms] [LOG] [DEBUG] Tipo corregido: number -> date {originalValue: 34900123456, originalType: number, detectedType: date} @ http://localhost:3000/_next/static/chunks/11hm_next_dist_0m6rgog._.js:2441
[     994ms] [LOG] [DEBUG] Renderizando celda: {columnId: ciudad, isReference: undefined, value: Object} @ http://localhost:3000/_next/static/chunks/11hm_next_dist_0m6rgog._.js:2441
[     994ms] [LOG] [DEBUG] Renderizando celda: {columnId: ciudad, isReference: undefined, value: Object} @ http://localhost:3000/_next/static/chunks/11hm_next_dist_0m6rgog._.js:2441
[     994ms] [LOG] [DEBUG] Renderizando celda: {columnId: rol, isReference: undefined, value: Object} @ http://localhost:3000/_next/static/chunks/11hm_next_dist_0m6rgog._.js:2441
[     994ms] [LOG] [DEBUG] Renderizando celda: {columnId: rol, isReference: undefined, value: Object} @ http://localhost:3000/_next/static/chunks/11hm_next_dist_0m6rgog._.js:2441
[     994ms] [LOG] [DEBUG] Renderizando celda: {columnId: estado, isReference: undefined, value: Object} @ http://localhost:3000/_next/static/chunks/11hm_next_dist_0m6rgog._.js:2441
[     994ms] [LOG] [DEBUG] Renderizando celda: {columnId: estado, isReference: undefined, value: Object} @ http://localhost:3000/_next/static/chunks/11hm_next_dist_0m6rgog._.js:2441
[     995ms] [LOG] [DEBUG] Renderizando celda: {columnId: fechaRegistro, isReference: undefined, value: Object} @ http://localhost:3000/_next/static/chunks/11hm_next_dist_0m6rgog._.js:2441
[     995ms] [LOG] [DEBUG] Renderizando celda: {columnId: fechaRegistro, isReference: undefined, value: Object} @ http://localhost:3000/_next/static/chunks/11hm_next_dist_0m6rgog._.js:2441
[     995ms] [LOG] [DEBUG] Renderizando celda: {columnId: ultimoContacto, isReference: undefined, value: Object} @ http://localhost:3000/_next/static/chunks/11hm_next_dist_0m6rgog._.js:2441
[     995ms] [LOG] [DEBUG] Renderizando celda: {columnId: ultimoContacto, isReference: undefined, value: Object} @ http://localhost:3000/_next/static/chunks/11hm_next_dist_0m6rgog._.js:2441
[     995ms] [LOG] [DEBUG] Renderizando celda: {columnId: valorTotal, isReference: undefined, value: Object} @ http://localhost:3000/_next/static/chunks/11hm_next_dist_0m6rgog._.js:2441
[     995ms] [LOG] [DEBUG] Renderizando celda: {columnId: valorTotal, isReference: undefined, value: Object} @ http://localhost:3000/_next/static/chunks/11hm_next_dist_0m6rgog._.js:2441
[     995ms] [LOG] [DEBUG] Renderizando celda: {columnId: satisfaccion, isReference: undefined, value: Object} @ http://localhost:3000/_next/static/chunks/11hm_next_dist_0m6rgog._.js:2441
[     995ms] [LOG] [DEBUG] Renderizando celda: {columnId: satisfaccion, isReference: undefined, value: Object} @ http://localhost:3000/_next/static/chunks/11hm_next_dist_0m6rgog._.js:2441
[     995ms] [LOG] [DEBUG] Renderizando celda: {columnId: activo, isReference: undefined, value: Object} @ http://localhost:3000/_next/static/chunks/11hm_next_dist_0m6rgog._.js:2441
[     995ms] [LOG] [DEBUG] Renderizando celda: {columnId: activo, isReference: undefined, value: Object} @ http://localhost:3000/_next/static/chunks/11hm_next_dist_0m6rgog._.js:2441
[     995ms] [LOG] [DEBUG] Tipo corregido: boolean -> string {originalValue: true, originalType: boolean, detectedType: string} @ http://localhost:3000/_next/static/chunks/11hm_next_dist_0m6rgog._.js:2441
[     995ms] [LOG] [DEBUG] Tipo corregido: boolean -> string {originalValue: true, originalType: boolean, detectedType: string} @ http://localhost:3000/_next/static/chunks/11hm_next_dist_0m6rgog._.js:2441
[     996ms] [LOG] [DEBUG] Renderizando celda: {columnId: id, isReference: undefined, value: Object} @ http://localhost:3000/_next/static/chunks/11hm_next_dist_0m6rgog._.js:2441
[     996ms] [LOG] [DEBUG] Renderizando celda: {columnId: id, isReference: undefined, value: Object} @ http://localhost:3000/_next/static/chunks/11hm_next_dist_0m6rgog._.js:2441
[     996ms] [LOG] [DEBUG] Renderizando celda: {columnId: nombre, isReference: undefined, value: Object} @ http://localhost:3000/_next/static/chunks/11hm_next_dist_0m6rgog._.js:2441
[     996ms] [LOG] [DEBUG] Renderizando celda: {columnId: nombre, isReference: undefined, value: Object} @ http://localhost:3000/_next/static/chunks/11hm_next_dist_0m6rgog._.js:2441
[     996ms] [LOG] [DEBUG] Renderizando celda: {columnId: email, isReference: undefined, value: Object} @ http://localhost:3000/_next/static/chunks/11hm_next_dist_0m6rgog._.js:2441
[     997ms] [LOG] [DEBUG] Renderizando celda: {columnId: email, isReference: undefined, value: Object} @ http://localhost:3000/_next/static/chunks/11hm_next_dist_0m6rgog._.js:2441
[     997ms] [LOG] [DEBUG] Renderizando celda: {columnId: telefono, isReference: undefined, value: Object} @ http://localhost:3000/_next/static/chunks/11hm_next_dist_0m6rgog._.js:2441
[     997ms] [LOG] [DEBUG] Renderizando celda: {columnId: telefono, isReference: undefined, value: Object} @ http://localhost:3000/_next/static/chunks/11hm_next_dist_0m6rgog._.js:2441
[     997ms] [LOG] [DEBUG] Tipo corregido: number -> date {originalValue: 34618234567, originalType: number, detectedType: date} @ http://localhost:3000/_next/static/chunks/11hm_next_dist_0m6rgog._.js:2441
[     997ms] [LOG] [DEBUG] Tipo corregido: number -> date {originalValue: 34618234567, originalType: number, detectedType: date} @ http://localhost:3000/_next/static/chunks/11hm_next_dist_0m6rgog._.js:2441
[     997ms] [LOG] [DEBUG] Renderizando celda: {columnId: ciudad, isReference: undefined, value: Object} @ http://localhost:3000/_next/static/chunks/11hm_next_dist_0m6rgog._.js:2441
[     997ms] [LOG] [DEBUG] Renderizando celda: {columnId: ciudad, isReference: undefined, value: Object} @ http://localhost:3000/_next/static/chunks/11hm_next_dist_0m6rgog._.js:2441
[     997ms] [LOG] [DEBUG] Renderizando celda: {columnId: rol, isReference: undefined, value: Object} @ http://localhost:3000/_next/static/chunks/11hm_next_dist_0m6rgog._.js:2441
[     997ms] [LOG] [DEBUG] Renderizando celda: {columnId: rol, isReference: undefined, value: Object} @ http://localhost:3000/_next/static/chunks/11hm_next_dist_0m6rgog._.js:2441
[     997ms] [LOG] [DEBUG] Renderizando celda: {columnId: estado, isReference: undefined, value: Object} @ http://localhost:3000/_next/static/chunks/11hm_next_dist_0m6rgog._.js:2441
[     997ms] [LOG] [DEBUG] Renderizando celda: {columnId: estado, isReference: undefined, value: Object} @ http://localhost:3000/_next/static/chunks/11hm_next_dist_0m6rgog._.js:2441
[     997ms] [LOG] [DEBUG] Renderizando celda: {columnId: fechaRegistro, isReference: undefined, value: Object} @ http://localhost:3000/_next/static/chunks/11hm_next_dist_0m6rgog._.js:2441
[     997ms] [LOG] [DEBUG] Renderizando celda: {columnId: fechaRegistro, isReference: undefined, value: Object} @ http://localhost:3000/_next/static/chunks/11hm_next_dist_0m6rgog._.js:2441
[     997ms] [LOG] [DEBUG] Renderizando celda: {columnId: ultimoContacto, isReference: undefined, value: Object} @ http://localhost:3000/_next/static/chunks/11hm_next_dist_0m6rgog._.js:2441
[     997ms] [LOG] [DEBUG] Renderizando celda: {columnId: ultimoContacto, isReference: undefined, value: Object} @ http://localhost:3000/_next/static/chunks/11hm_next_dist_0m6rgog._.js:2441
[     998ms] [LOG] [DEBUG] Renderizando celda: {columnId: valorTotal, isReference: undefined, value: Object} @ http://localhost:3000/_next/static/chunks/11hm_next_dist_0m6rgog._.js:2441
[     998ms] [LOG] [DEBUG] Renderizando celda: {columnId: valorTotal, isReference: undefined, value: Object} @ http://localhost:3000/_next/static/chunks/11hm_next_dist_0m6rgog._.js:2441
[     998ms] [LOG] [DEBUG] Tipo corregido: string -> number {originalValue: 0, originalType: string, detectedType: number} @ http://localhost:3000/_next/static/chunks/11hm_next_dist_0m6rgog._.js:2441
[     998ms] [LOG] [DEBUG] Tipo corregido: string -> number {originalValue: 0, originalType: string, detectedType: number} @ http://localhost:3000/_next/static/chunks/11hm_next_dist_0m6rgog._.js:2441
[     998ms] [LOG] [DEBUG] Renderizando celda: {columnId: satisfaccion, isReference: undefined, value: Object} @ http://localhost:3000/_next/static/chunks/11hm_next_dist_0m6rgog._.js:2441
[     998ms] [LOG] [DEBUG] Renderizando celda: {columnId: satisfaccion, isReference: undefined, value: Object} @ http://localhost:3000/_next/static/chunks/11hm_next_dist_0m6rgog._.js:2441
[     998ms] [LOG] [DEBUG] Renderizando celda: {columnId: activo, isReference: undefined, value: Object} @ http://localhost:3000/_next/static/chunks/11hm_next_dist_0m6rgog._.js:2441
[     998ms] [LOG] [DEBUG] Renderizando celda: {columnId: activo, isReference: undefined, value: Object} @ http://localhost:3000/_next/static/chunks/11hm_next_dist_0m6rgog._.js:2441
[     998ms] [LOG] [DEBUG] Tipo corregido: boolean -> string {originalValue: false, originalType: boolean, detectedType: string} @ http://localhost:3000/_next/static/chunks/11hm_next_dist_0m6rgog._.js:2441
[     998ms] [LOG] [DEBUG] Tipo corregido: boolean -> string {originalValue: false, originalType: boolean, detectedType: string} @ http://localhost:3000/_next/static/chunks/11hm_next_dist_0m6rgog._.js:2441
[     999ms] [LOG] [DEBUG] Renderizando celda: {columnId: id, isReference: undefined, value: Object} @ http://localhost:3000/_next/static/chunks/11hm_next_dist_0m6rgog._.js:2441
[     999ms] [LOG] [DEBUG] Renderizando celda: {columnId: id, isReference: undefined, value: Object} @ http://localhost:3000/_next/static/chunks/11hm_next_dist_0m6rgog._.js:2441
[     999ms] [LOG] [DEBUG] Renderizando celda: {columnId: nombre, isReference: undefined, value: Object} @ http://localhost:3000/_next/static/chunks/11hm_next_dist_0m6rgog._.js:2441
[     999ms] [LOG] [DEBUG] Renderizando celda: {columnId: nombre, isReference: undefined, value: Object} @ http://localhost:3000/_next/static/chunks/11hm_next_dist_0m6rgog._.js:2441
[     999ms] [LOG] [DEBUG] Renderizando celda: {columnId: email, isReference: undefined, value: Object} @ http://localhost:3000/_next/static/chunks/11hm_next_dist_0m6rgog._.js:2441
[     999ms] [LOG] [DEBUG] Renderizando celda: {columnId: email, isReference: undefined, value: Object} @ http://localhost:3000/_next/static/chunks/11hm_next_dist_0m6rgog._.js:2441
[     999ms] [LOG] [DEBUG] Renderizando celda: {columnId: telefono, isReference: undefined, value: Object} @ http://localhost:3000/_next/static/chunks/11hm_next_dist_0m6rgog._.js:2441
[     999ms] [LOG] [DEBUG] Renderizando celda: {columnId: telefono, isReference: undefined, value: Object} @ http://localhost:3000/_next/static/chunks/11hm_next_dist_0m6rgog._.js:2441
[     999ms] [LOG] [DEBUG] Tipo corregido: number -> date {originalValue: 34639345678, originalType: number, detectedType: date} @ http://localhost:3000/_next/static/chunks/11hm_next_dist_0m6rgog._.js:2441
[     999ms] [LOG] [DEBUG] Tipo corregido: number -> date {originalValue: 34639345678, originalType: number, detectedType: date} @ http://localhost:3000/_next/static/chunks/11hm_next_dist_0m6rgog._.js:2441
[     999ms] [LOG] [DEBUG] Renderizando celda: {columnId: ciudad, isReference: undefined, value: Object} @ http://localhost:3000/_next/static/chunks/11hm_next_dist_0m6rgog._.js:2441
[    1000ms] [LOG] [DEBUG] Renderizando celda: {columnId: ciudad, isReference: undefined, value: Object} @ http://localhost:3000/_next/static/chunks/11hm_next_dist_0m6rgog._.js:2441
[    1000ms] [LOG] [DEBUG] Renderizando celda: {columnId: rol, isReference: undefined, value: Object} @ http://localhost:3000/_next/static/chunks/11hm_next_dist_0m6rgog._.js:2441
[    1000ms] [LOG] [DEBUG] Renderizando celda: {columnId: rol, isReference: undefined, value: Object} @ http://localhost:3000/_next/static/chunks/11hm_next_dist_0m6rgog._.js:2441
[    1000ms] [LOG] [DEBUG] Renderizando celda: {columnId: estado, isReference: undefined, value: Object} @ http://localhost:3000/_next/static/chunks/11hm_next_dist_0m6rgog._.js:2441
[    1000ms] [LOG] [DEBUG] Renderizando celda: {columnId: estado, isReference: undefined, value: Object} @ http://localhost:3000/_next/static/chunks/11hm_next_dist_0m6rgog._.js:2441
[    1000ms] [LOG] [DEBUG] Renderizando celda: {columnId: fechaRegistro, isReference: undefined, value: Object} @ http://localhost:3000/_next/static/chunks/11hm_next_dist_0m6rgog._.js:2441
[    1000ms] [LOG] [DEBUG] Renderizando celda: {columnId: fechaRegistro, isReference: undefined, value: Object} @ http://localhost:3000/_next/static/chunks/11hm_next_dist_0m6rgog._.js:2441
[    1000ms] [LOG] [DEBUG] Renderizando celda: {columnId: ultimoContacto, isReference: undefined, value: Object} @ http://localhost:3000/_next/static/chunks/11hm_next_dist_0m6rgog._.js:2441
[    1000ms] [LOG] [DEBUG] Renderizando celda: {columnId: ultimoContacto, isReference: undefined, value: Object} @ http://localhost:3000/_next/static/chunks/11hm_next_dist_0m6rgog._.js:2441
[    1000ms] [LOG] [DEBUG] Renderizando celda: {columnId: valorTotal, isReference: undefined, value: Object} @ http://localhost:3000/_next/static/chunks/11hm_next_dist_0m6rgog._.js:2441
[    1000ms] [LOG] [DEBUG] Renderizando celda: {columnId: valorTotal, isReference: undefined, value: Object} @ http://localhost:3000/_next/static/chunks/11hm_next_dist_0m6rgog._.js:2441
[    1000ms] [LOG] [DEBUG] Tipo corregido: string -> number {originalValue: 3120, originalType: string, detectedType: number} @ http://localhost:3000/_next/static/chunks/11hm_next_dist_0m6rgog._.js:2441
[    1000ms] [LOG] [DEBUG] Tipo corregido: string -> number {originalValue: 3120, originalType: string, detectedType: number} @ http://localhost:3000/_next/static/chunks/11hm_next_dist_0m6rgog._.js:2441
[    1000ms] [LOG] [DEBUG] Renderizando celda: {columnId: satisfaccion, isReference: undefined, value: Object} @ http://localhost:3000/_next/static/chunks/11hm_next_dist_0m6rgog._.js:2441
[    1000ms] [LOG] [DEBUG] Renderizando celda: {columnId: satisfaccion, isReference: undefined, value: Object} @ http://localhost:3000/_next/static/chunks/11hm_next_dist_0m6rgog._.js:2441
[    1001ms] [LOG] [DEBUG] Renderizando celda: {columnId: activo, isReference: undefined, value: Object} @ http://localhost:3000/_next/static/chunks/11hm_next_dist_0m6rgog._.js:2441
[    1001ms] [LOG] [DEBUG] Renderizando celda: {columnId: activo, isReference: undefined, value: Object} @ http://localhost:3000/_next/static/chunks/11hm_next_dist_0m6rgog._.js:2441
[    1001ms] [LOG] [DEBUG] Tipo corregido: boolean -> string {originalValue: true, originalType: boolean, detectedType: string} @ http://localhost:3000/_next/static/chunks/11hm_next_dist_0m6rgog._.js:2441
[    1001ms] [LOG] [DEBUG] Tipo corregido: boolean -> string {originalValue: true, originalType: boolean, detectedType: string} @ http://localhost:3000/_next/static/chunks/11hm_next_dist_0m6rgog._.js:2441
[    1001ms] [LOG] [DEBUG] Renderizando celda: {columnId: id, isReference: undefined, value: Object} @ http://localhost:3000/_next/static/chunks/11hm_next_dist_0m6rgog._.js:2441
[    1001ms] [LOG] [DEBUG] Renderizando celda: {columnId: id, isReference: undefined, value: Object} @ http://localhost:3000/_next/static/chunks/11hm_next_dist_0m6rgog._.js:2441
[    1002ms] [LOG] [DEBUG] Renderizando celda: {columnId: nombre, isReference: undefined, value: Object} @ http://localhost:3000/_next/static/chunks/11hm_next_dist_0m6rgog._.js:2441
[    1002ms] [LOG] [DEBUG] Renderizando celda: {columnId: nombre, isReference: undefined, value: Object} @ http://localhost:3000/_next/static/chunks/11hm_next_dist_0m6rgog._.js:2441
[    1002ms] [LOG] [DEBUG] Renderizando celda: {columnId: email, isReference: undefined, value: Object} @ http://localhost:3000/_next/static/chunks/11hm_next_dist_0m6rgog._.js:2441
[    1002ms] [LOG] [DEBUG] Renderizando celda: {columnId: email, isReference: undefined, value: Object} @ http://localhost:3000/_next/static/chunks/11hm_next_dist_0m6rgog._.js:2441
[    1002ms] [LOG] [DEBUG] Renderizando celda: {columnId: telefono, isReference: undefined, value: Object} @ http://localhost:3000/_next/static/chunks/11hm_next_dist_0m6rgog._.js:2441
[    1002ms] [LOG] [DEBUG] Renderizando celda: {columnId: telefono, isReference: undefined, value: Object} @ http://localhost:3000/_next/static/chunks/11hm_next_dist_0m6rgog._.js:2441
[    1002ms] [LOG] [DEBUG] Tipo corregido: number -> date {originalValue: 34660456789, originalType: number, detectedType: date} @ http://localhost:3000/_next/static/chunks/11hm_next_dist_0m6rgog._.js:2441
[    1002ms] [LOG] [DEBUG] Tipo corregido: number -> date {originalValue: 34660456789, originalType: number, detectedType: date} @ http://localhost:3000/_next/static/chunks/11hm_next_dist_0m6rgog._.js:2441
[    1002ms] [LOG] [DEBUG] Renderizando celda: {columnId: ciudad, isReference: undefined, value: Object} @ http://localhost:3000/_next/static/chunks/11hm_next_dist_0m6rgog._.js:2441
[    1002ms] [LOG] [DEBUG] Renderizando celda: {columnId: ciudad, isReference: undefined, value: Object} @ http://localhost:3000/_next/static/chunks/11hm_next_dist_0m6rgog._.js:2441
[    1002ms] [LOG] [DEBUG] Renderizando celda: {columnId: rol, isReference: undefined, value: Object} @ http://localhost:3000/_next/static/chunks/11hm_next_dist_0m6rgog._.js:2441
[    1002ms] [LOG] [DEBUG] Renderizando celda: {columnId: rol, isReference: undefined, value: Object} @ http://localhost:3000/_next/static/chunks/11hm_next_dist_0m6rgog._.js:2441
[    1002ms] [LOG] [DEBUG] Renderizando celda: {columnId: estado, isReference: undefined, value: Object} @ http://localhost:3000/_next/static/chunks/11hm_next_dist_0m6rgog._.js:2441
[    1002ms] [LOG] [DEBUG] Renderizando celda: {columnId: estado, isReference: undefined, value: Object} @ http://localhost:3000/_next/static/chunks/11hm_next_dist_0m6rgog._.js:2441
[    1003ms] [LOG] [DEBUG] Renderizando celda: {columnId: fechaRegistro, isReference: undefined, value: Object} @ http://localhost:3000/_next/static/chunks/11hm_next_dist_0m6rgog._.js:2441
[    1003ms] [LOG] [DEBUG] Renderizando celda: {columnId: fechaRegistro, isReference: undefined, value: Object} @ http://localhost:3000/_next/static/chunks/11hm_next_dist_0m6rgog._.js:2441
[    1003ms] [LOG] [DEBUG] Renderizando celda: {columnId: ultimoContacto, isReference: undefined, value: Object} @ http://localhost:3000/_next/static/chunks/11hm_next_dist_0m6rgog._.js:2441
[    1003ms] [LOG] [DEBUG] Renderizando celda: {columnId: ultimoContacto, isReference: undefined, value: Object} @ http://localhost:3000/_next/static/chunks/11hm_next_dist_0m6rgog._.js:2441
[    1003ms] [LOG] [DEBUG] Renderizando celda: {columnId: valorTotal, isReference: undefined, value: Object} @ http://localhost:3000/_next/static/chunks/11hm_next_dist_0m6rgog._.js:2441
[    1003ms] [LOG] [DEBUG] Renderizando celda: {columnId: valorTotal, isReference: undefined, value: Object} @ http://localhost:3000/_next/static/chunks/11hm_next_dist_0m6rgog._.js:2441
[    1003ms] [LOG] [DEBUG] Tipo corregido: string -> number {originalValue: 1680, originalType: string, detectedType: number} @ http://localhost:3000/_next/static/chunks/11hm_next_dist_0m6rgog._.js:2441
[    1003ms] [LOG] [DEBUG] Tipo corregido: string -> number {originalValue: 1680, originalType: string, detectedType: number} @ http://localhost:3000/_next/static/chunks/11hm_next_dist_0m6rgog._.js:2441
[    1003ms] [LOG] [DEBUG] Renderizando celda: {columnId: satisfaccion, isReference: undefined, value: Object} @ http://localhost:3000/_next/static/chunks/11hm_next_dist_0m6rgog._.js:2441
[    1003ms] [LOG] [DEBUG] Renderizando celda: {columnId: satisfaccion, isReference: undefined, value: Object} @ http://localhost:3000/_next/static/chunks/11hm_next_dist_0m6rgog._.js:2441
[    1003ms] [LOG] [DEBUG] Renderizando celda: {columnId: activo, isReference: undefined, value: Object} @ http://localhost:3000/_next/static/chunks/11hm_next_dist_0m6rgog._.js:2441
[    1003ms] [LOG] [DEBUG] Renderizando celda: {columnId: activo, isReference: undefined, value: Object} @ http://localhost:3000/_next/static/chunks/11hm_next_dist_0m6rgog._.js:2441
[    1003ms] [LOG] [DEBUG] Tipo corregido: boolean -> string {originalValue: false, originalType: boolean, detectedType: string} @ http://localhost:3000/_next/static/chunks/11hm_next_dist_0m6rgog._.js:2441
[    1003ms] [LOG] [DEBUG] Tipo corregido: boolean -> string {originalValue: false, originalType: boolean, detectedType: string} @ http://localhost:3000/_next/static/chunks/11hm_next_dist_0m6rgog._.js:2441
[    1004ms] [LOG] [DEBUG] Renderizando celda: {columnId: id, isReference: undefined, value: Object} @ http://localhost:3000/_next/static/chunks/11hm_next_dist_0m6rgog._.js:2441
[    1004ms] [LOG] [DEBUG] Renderizando celda: {columnId: id, isReference: undefined, value: Object} @ http://localhost:3000/_next/static/chunks/11hm_next_dist_0m6rgog._.js:2441
[    1004ms] [LOG] [DEBUG] Renderizando celda: {columnId: nombre, isReference: undefined, value: Object} @ http://localhost:3000/_next/static/chunks/11hm_next_dist_0m6rgog._.js:2441
[    1004ms] [LOG] [DEBUG] Renderizando celda: {columnId: nombre, isReference: undefined, value: Object} @ http://localhost:3000/_next/static/chunks/11hm_next_dist_0m6rgog._.js:2441
[    1005ms] [LOG] [DEBUG] Renderizando celda: {columnId: email, isReference: undefined, value: Object} @ http://localhost:3000/_next/static/chunks/11hm_next_dist_0m6rgog._.js:2441
[    1005ms] [LOG] [DEBUG] Renderizando celda: {columnId: email, isReference: undefined, value: Object} @ http://localhost:3000/_next/static/chunks/11hm_next_dist_0m6rgog._.js:2441
[    1005ms] [LOG] [DEBUG] Renderizando celda: {columnId: telefono, isReference: undefined, value: Object} @ http://localhost:3000/_next/static/chunks/11hm_next_dist_0m6rgog._.js:2441
[    1005ms] [LOG] [DEBUG] Renderizando celda: {columnId: telefono, isReference: undefined, value: Object} @ http://localhost:3000/_next/static/chunks/11hm_next_dist_0m6rgog._.js:2441
[    1005ms] [LOG] [DEBUG] Tipo corregido: number -> date {originalValue: 34681567890, originalType: number, detectedType: date} @ http://localhost:3000/_next/static/chunks/11hm_next_dist_0m6rgog._.js:2441
[    1005ms] [LOG] [DEBUG] Tipo corregido: number -> date {originalValue: 34681567890, originalType: number, detectedType: date} @ http://localhost:3000/_next/static/chunks/11hm_next_dist_0m6rgog._.js:2441
[    1005ms] [LOG] [DEBUG] Renderizando celda: {columnId: ciudad, isReference: undefined, value: Object} @ http://localhost:3000/_next/static/chunks/11hm_next_dist_0m6rgog._.js:2441
[    1005ms] [LOG] [DEBUG] Renderizando celda: {columnId: ciudad, isReference: undefined, value: Object} @ http://localhost:3000/_next/static/chunks/11hm_next_dist_0m6rgog._.js:2441
[    1005ms] [LOG] [DEBUG] Renderizando celda: {columnId: rol, isReference: undefined, value: Object} @ http://localhost:3000/_next/static/chunks/11hm_next_dist_0m6rgog._.js:2441
[    1005ms] [LOG] [DEBUG] Renderizando celda: {columnId: rol, isReference: undefined, value: Object} @ http://localhost:3000/_next/static/chunks/11hm_next_dist_0m6rgog._.js:2441
[    1005ms] [LOG] [DEBUG] Renderizando celda: {columnId: estado, isReference: undefined, value: Object} @ http://localhost:3000/_next/static/chunks/11hm_next_dist_0m6rgog._.js:2441
[    1005ms] [LOG] [DEBUG] Renderizando celda: {columnId: estado, isReference: undefined, value: Object} @ http://localhost:3000/_next/static/chunks/11hm_next_dist_0m6rgog._.js:2441
[    1005ms] [LOG] [DEBUG] Renderizando celda: {columnId: fechaRegistro, isReference: undefined, value: Object} @ http://localhost:3000/_next/static/chunks/11hm_next_dist_0m6rgog._.js:2441
[    1005ms] [LOG] [DEBUG] Renderizando celda: {columnId: fechaRegistro, isReference: undefined, value: Object} @ http://localhost:3000/_next/static/chunks/11hm_next_dist_0m6rgog._.js:2441
[    1005ms] [LOG] [DEBUG] Renderizando celda: {columnId: ultimoContacto, isReference: undefined, value: Object} @ http://localhost:3000/_next/static/chunks/11hm_next_dist_0m6rgog._.js:2441
[    1006ms] [LOG] [DEBUG] Renderizando celda: {columnId: ultimoContacto, isReference: undefined, value: Object} @ http://localhost:3000/_next/static/chunks/11hm_next_dist_0m6rgog._.js:2441
[    1006ms] [LOG] [DEBUG] Renderizando celda: {columnId: valorTotal, isReference: undefined, value: Object} @ http://localhost:3000/_next/static/chunks/11hm_next_dist_0m6rgog._.js:2441
[    1006ms] [LOG] [DEBUG] Renderizando celda: {columnId: valorTotal, isReference: undefined, value: Object} @ http://localhost:3000/_next/static/chunks/11hm_next_dist_0m6rgog._.js:2441
[    1006ms] [LOG] [DEBUG] Tipo corregido: string -> number {originalValue: 480, originalType: string, detectedType: number} @ http://localhost:3000/_next/static/chunks/11hm_next_dist_0m6rgog._.js:2441
[    1006ms] [LOG] [DEBUG] Tipo corregido: string -> number {originalValue: 480, originalType: string, detectedType: number} @ http://localhost:3000/_next/static/chunks/11hm_next_dist_0m6rgog._.js:2441
[    1006ms] [LOG] [DEBUG] Renderizando celda: {columnId: satisfaccion, isReference: undefined, value: Object} @ http://localhost:3000/_next/static/chunks/11hm_next_dist_0m6rgog._.js:2441
[    1006ms] [LOG] [DEBUG] Renderizando celda: {columnId: satisfaccion, isReference: undefined, value: Object} @ http://localhost:3000/_next/static/chunks/11hm_next_dist_0m6rgog._.js:2441
[    1006ms] [LOG] [DEBUG] Renderizando celda: {columnId: activo, isReference: undefined, value: Object} @ http://localhost:3000/_next/static/chunks/11hm_next_dist_0m6rgog._.js:2441
[    1006ms] [LOG] [DEBUG] Renderizando celda: {columnId: activo, isReference: undefined, value: Object} @ http://localhost:3000/_next/static/chunks/11hm_next_dist_0m6rgog._.js:2441
[    1006ms] [LOG] [DEBUG] Tipo corregido: boolean -> string {originalValue: true, originalType: boolean, detectedType: string} @ http://localhost:3000/_next/static/chunks/11hm_next_dist_0m6rgog._.js:2441
[    1006ms] [LOG] [DEBUG] Tipo corregido: boolean -> string {originalValue: true, originalType: boolean, detectedType: string} @ http://localhost:3000/_next/static/chunks/11hm_next_dist_0m6rgog._.js:2441
[    1009ms] [LOG] [DEBUG] Renderizando SecondaryTables: {level: 0, parentId: undefined, isLoading: false, arrayColumnsCount: 0, arrayColumns: Array(0)} @ http://localhost:3000/_next/static/chunks/11hm_next_dist_0m6rgog._.js:2441
[    1009ms] [LOG] [DEBUG] Renderizando SecondaryTables: {level: 0, parentId: undefined, isLoading: false, arrayColumnsCount: 0, arrayColumns: Array(0)} @ http://localhost:3000/_next/static/chunks/11hm_next_dist_0m6rgog._.js:2441
[    1030ms] Error: Hydration failed because the server rendered HTML didn't match the client. As a result this tree will be regenerated on the client. This can happen if a SSR-ed Client Component used:

- A server/client branch `if (typeof window !== 'undefined')`.
- Variable input such as `Date.now()` or `Math.random()` which changes each time it's called.
- Date formatting in a user's locale which doesn't match the server.
- External changing data without sending a snapshot of it along with the HTML.
- Invalid HTML tag nesting.

It can also happen if the client has a browser extension installed which messes with the HTML before React loaded.

https://react.dev/link/hydration-mismatch

  ...
    <RedirectBoundary>
      <RedirectErrorBoundary router={{...}}>
        <InnerLayoutRouter url="/es/demo/t..." tree={[...]} params={{lang:"es"}} cacheNode={{rsc:{...}, ...}} ...>
          <SegmentViewNode type="page" pagePath="[lang]/(pu...">
            <SegmentTrieNode>
            <ClientPageRoot Component={function DemoTablePage} serverProvidedParams={{...}}>
              <DemoTablePage params={Promise} searchParams={Promise}>
                <div className="container ...">
                  <div>
                  <div>
                  <JsonTable data={[...]}>
                    <TableErrorBoundary>
                      <CardContent className="relative">
                        <div ref={undefined} data-slot="card-content" className="pb-6 relative" style={{...}}>
                          <div>
                          <TableToolbar>
                          <div>
                          <div className="rounded-md...">
                            <div
+                             className="alkitu-table-scroll overflow-auto"
-                             className="overflow-auto"
                              style={{height:"calc(100vh...",minHeight:"300px",maxHeight:"800px"}}
                            >
+                             <style>
-                             <div data-slot="table-container" className="relative w-full overflow-x-auto">
                              ...
                          ...
          ...
        ...

    at throwOnHydrationMismatch (http://localhost:3000/_next/static/chunks/11hm_next_dist_compiled_react-dom_003uc._._.js:3318:56)
    at beginWork (http://localhost:3000/_next/static/chunks/11hm_next_dist_compiled_react-dom_003uc._._.js:6758:918)
    at runWithFiberInDEV (http://localhost:3000/_next/static/chunks/11hm_next_dist_compiled_react-dom_003uc._._.js:965:74)
    at performUnitOfWork (http://localhost:3000/_next/static/chunks/11hm_next_dist_compiled_react-dom_003uc._._.js:9555:97)
    at workLoopConcurrentByScheduler (http://localhost:3000/_next/static/chunks/11hm_next_dist_compiled_react-dom_003uc._._.js:9551:58)
    at renderRootConcurrent (http://localhost:3000/_next/static/chunks/11hm_next_dist_compiled_react-dom_003uc._._.js:9534:71)
    at performWorkOnRoot (http://localhost:3000/_next/static/chunks/11hm_next_dist_compiled_react-dom_003uc._._.js:9061:150)
    at performWorkOnRootViaSchedulerTask (http://localhost:3000/_next/static/chunks/11hm_next_dist_compiled_react-dom_003uc._._.js:10255:9)
    at MessagePort.performWorkUntilDeadline (http://localhost:3000/_next/static/chunks/11hm_next_dist_compiled_0fu2kq5._.js:2647:64)
[    1020ms] [LOG] Service Worker registration skipped in development mode for better debugging experience @ http://localhost:3000/_next/static/chunks/11hm_next_dist_0m6rgog._.js:2441
[    1020ms] [LOG] Run in production mode to test service worker functionality @ http://localhost:3000/_next/static/chunks/11hm_next_dist_0m6rgog._.js:2441
[    1021ms] [LOG] [DEBUG] Valor de busqueda:  @ http://localhost:3000/_next/static/chunks/11hm_next_dist_0m6rgog._.js:2441
[    1023ms] [LOG] [DEBUG] Array columns procesadas: {count: 0, totalRegistros: 0, columns: Array(0)} @ http://localhost:3000/_next/static/chunks/11hm_next_dist_0m6rgog._.js:2441
[    1025ms] [LOG] 🎨 [ThemeContext] Using hardcoded default theme @ http://localhost:3000/_next/static/chunks/11hm_next_dist_0m6rgog._.js:2441
[    1029ms] [LOG] Service Worker registration skipped in development mode for better debugging experience @ http://localhost:3000/_next/static/chunks/11hm_next_dist_0m6rgog._.js:2441
[    1029ms] [LOG] Run in production mode to test service worker functionality @ http://localhost:3000/_next/static/chunks/11hm_next_dist_0m6rgog._.js:2441
[    1030ms] [LOG] [DEBUG] Valor de busqueda:  @ http://localhost:3000/_next/static/chunks/11hm_next_dist_0m6rgog._.js:2441
[    1032ms] [LOG] [DEBUG] Array columns procesadas: {count: 0, totalRegistros: 0, columns: Array(0)} @ http://localhost:3000/_next/static/chunks/11hm_next_dist_0m6rgog._.js:2441
[    1033ms] [LOG] 🎨 [ThemeContext] Using hardcoded default theme @ http://localhost:3000/_next/static/chunks/11hm_next_dist_0m6rgog._.js:2441
[    1034ms] [LOG] [DEBUG] Effective column order: {baseOrder: Array(14), pinnedColumnId: index, otherColumns: Array(13), hasActions: true, result: Array(15)} @ http://localhost:3000/_next/static/chunks/11hm_next_dist_0m6rgog._.js:2441
[    1034ms] [LOG] [DEBUG] Effective column order: {baseOrder: Array(14), pinnedColumnId: index, otherColumns: Array(13), hasActions: true, result: Array(15)} @ http://localhost:3000/_next/static/chunks/11hm_next_dist_0m6rgog._.js:2441
[    1048ms] [LOG] [DEBUG] Effective column order: {baseOrder: Array(14), pinnedColumnId: index, otherColumns: Array(13), hasActions: true, result: Array(15)} @ http://localhost:3000/_next/static/chunks/11hm_next_dist_0m6rgog._.js:2441
[    1048ms] [LOG] [DEBUG] Effective column order: {baseOrder: Array(14), pinnedColumnId: index, otherColumns: Array(13), hasActions: true, result: Array(15)} @ http://localhost:3000/_next/static/chunks/11hm_next_dist_0m6rgog._.js:2441
[    1155ms] [LOG] [DEBUG] Renderizando celda: {columnId: id, isReference: undefined, value: Object} @ http://localhost:3000/_next/static/chunks/11hm_next_dist_0m6rgog._.js:2441
[    1155ms] [LOG] [DEBUG] Renderizando celda: {columnId: id, isReference: undefined, value: Object} @ http://localhost:3000/_next/static/chunks/11hm_next_dist_0m6rgog._.js:2441
[    1155ms] [LOG] [DEBUG] Renderizando celda: {columnId: nombre, isReference: undefined, value: Object} @ http://localhost:3000/_next/static/chunks/11hm_next_dist_0m6rgog._.js:2441
[    1155ms] [LOG] [DEBUG] Renderizando celda: {columnId: nombre, isReference: undefined, value: Object} @ http://localhost:3000/_next/static/chunks/11hm_next_dist_0m6rgog._.js:2441
[    1155ms] [LOG] [DEBUG] Renderizando celda: {columnId: email, isReference: undefined, value: Object} @ http://localhost:3000/_next/static/chunks/11hm_next_dist_0m6rgog._.js:2441
[    1156ms] [LOG] [DEBUG] Renderizando celda: {columnId: email, isReference: undefined, value: Object} @ http://localhost:3000/_next/static/chunks/11hm_next_dist_0m6rgog._.js:2441
[    1156ms] [LOG] [DEBUG] Renderizando celda: {columnId: telefono, isReference: undefined, value: Object} @ http://localhost:3000/_next/static/chunks/11hm_next_dist_0m6rgog._.js:2441
[    1156ms] [LOG] [DEBUG] Renderizando celda: {columnId: telefono, isReference: undefined, value: Object} @ http://localhost:3000/_next/static/chunks/11hm_next_dist_0m6rgog._.js:2441
[    1156ms] [LOG] [DEBUG] Renderizando celda: {columnId: ciudad, isReference: undefined, value: Object} @ http://localhost:3000/_next/static/chunks/11hm_next_dist_0m6rgog._.js:2441
[    1156ms] [LOG] [DEBUG] Renderizando celda: {columnId: ciudad, isReference: undefined, value: Object} @ http://localhost:3000/_next/static/chunks/11hm_next_dist_0m6rgog._.js:2441
[    1156ms] [LOG] [DEBUG] Renderizando celda: {columnId: rol, isReference: undefined, value: Object} @ http://localhost:3000/_next/static/chunks/11hm_next_dist_0m6rgog._.js:2441
[    1156ms] [LOG] [DEBUG] Renderizando celda: {columnId: rol, isReference: undefined, value: Object} @ http://localhost:3000/_next/static/chunks/11hm_next_dist_0m6rgog._.js:2441
[    1156ms] [LOG] [DEBUG] Renderizando celda: {columnId: estado, isReference: undefined, value: Object} @ http://localhost:3000/_next/static/chunks/11hm_next_dist_0m6rgog._.js:2441
[    1156ms] [LOG] [DEBUG] Renderizando celda: {columnId: estado, isReference: undefined, value: Object} @ http://localhost:3000/_next/static/chunks/11hm_next_dist_0m6rgog._.js:2441
[    1157ms] [LOG] [DEBUG] Renderizando celda: {columnId: fechaRegistro, isReference: undefined, value: Object} @ http://localhost:3000/_next/static/chunks/11hm_next_dist_0m6rgog._.js:2441
[    1157ms] [LOG] [DEBUG] Renderizando celda: {columnId: fechaRegistro, isReference: undefined, value: Object} @ http://localhost:3000/_next/static/chunks/11hm_next_dist_0m6rgog._.js:2441
[    1157ms] [LOG] [DEBUG] Renderizando celda: {columnId: ultimoContacto, isReference: undefined, value: Object} @ http://localhost:3000/_next/static/chunks/11hm_next_dist_0m6rgog._.js:2441
[    1157ms] [LOG] [DEBUG] Renderizando celda: {columnId: ultimoContacto, isReference: undefined, value: Object} @ http://localhost:3000/_next/static/chunks/11hm_next_dist_0m6rgog._.js:2441
[    1157ms] [LOG] [DEBUG] Renderizando celda: {columnId: valorTotal, isReference: undefined, value: Object} @ http://localhost:3000/_next/static/chunks/11hm_next_dist_0m6rgog._.js:2441
[    1157ms] [LOG] [DEBUG] Renderizando celda: {columnId: valorTotal, isReference: undefined, value: Object} @ http://localhost:3000/_next/static/chunks/11hm_next_dist_0m6rgog._.js:2441
[    1157ms] [LOG] [DEBUG] Renderizando celda: {columnId: satisfaccion, isReference: undefined, value: Object} @ http://localhost:3000/_next/static/chunks/11hm_next_dist_0m6rgog._.js:2441
[    1157ms] [LOG] [DEBUG] Renderizando celda: {columnId: satisfaccion, isReference: undefined, value: Object} @ http://localhost:3000/_next/static/chunks/11hm_next_dist_0m6rgog._.js:2441
[    1158ms] [LOG] [DEBUG] Renderizando celda: {columnId: activo, isReference: undefined, value: Object} @ http://localhost:3000/_next/static/chunks/11hm_next_dist_0m6rgog._.js:2441
[    1158ms] [LOG] [DEBUG] Renderizando celda: {columnId: activo, isReference: undefined, value: Object} @ http://localhost:3000/_next/static/chunks/11hm_next_dist_0m6rgog._.js:2441
[    1167ms] [LOG] [DEBUG] Renderizando celda: {columnId: id, isReference: undefined, value: Object} @ http://localhost:3000/_next/static/chunks/11hm_next_dist_0m6rgog._.js:2441
[    1167ms] [LOG] [DEBUG] Renderizando celda: {columnId: id, isReference: undefined, value: Object} @ http://localhost:3000/_next/static/chunks/11hm_next_dist_0m6rgog._.js:2441
[    1167ms] [LOG] [DEBUG] Renderizando celda: {columnId: nombre, isReference: undefined, value: Object} @ http://localhost:3000/_next/static/chunks/11hm_next_dist_0m6rgog._.js:2441
[    1167ms] [LOG] [DEBUG] Renderizando celda: {columnId: nombre, isReference: undefined, value: Object} @ http://localhost:3000/_next/static/chunks/11hm_next_dist_0m6rgog._.js:2441
[    1167ms] [LOG] [DEBUG] Renderizando celda: {columnId: email, isReference: undefined, value: Object} @ http://localhost:3000/_next/static/chunks/11hm_next_dist_0m6rgog._.js:2441
[    1167ms] [LOG] [DEBUG] Renderizando celda: {columnId: email, isReference: undefined, value: Object} @ http://localhost:3000/_next/static/chunks/11hm_next_dist_0m6rgog._.js:2441
[    1167ms] [LOG] [DEBUG] Renderizando celda: {columnId: telefono, isReference: undefined, value: Object} @ http://localhost:3000/_next/static/chunks/11hm_next_dist_0m6rgog._.js:2441
[    1167ms] [LOG] [DEBUG] Renderizando celda: {columnId: telefono, isReference: undefined, value: Object} @ http://localhost:3000/_next/static/chunks/11hm_next_dist_0m6rgog._.js:2441
[    1168ms] [LOG] [DEBUG] Renderizando celda: {columnId: ciudad, isReference: undefined, value: Object} @ http://localhost:3000/_next/static/chunks/11hm_next_dist_0m6rgog._.js:2441
[    1168ms] [LOG] [DEBUG] Renderizando celda: {columnId: ciudad, isReference: undefined, value: Object} @ http://localhost:3000/_next/static/chunks/11hm_next_dist_0m6rgog._.js:2441
[    1168ms] [LOG] [DEBUG] Renderizando celda: {columnId: rol, isReference: undefined, value: Object} @ http://localhost:3000/_next/static/chunks/11hm_next_dist_0m6rgog._.js:2441
[    1168ms] [LOG] [DEBUG] Renderizando celda: {columnId: rol, isReference: undefined, value: Object} @ http://localhost:3000/_next/static/chunks/11hm_next_dist_0m6rgog._.js:2441
[    1168ms] [LOG] [DEBUG] Renderizando celda: {columnId: estado, isReference: undefined, value: Object} @ http://localhost:3000/_next/static/chunks/11hm_next_dist_0m6rgog._.js:2441
[    1168ms] [LOG] [DEBUG] Renderizando celda: {columnId: estado, isReference: undefined, value: Object} @ http://localhost:3000/_next/static/chunks/11hm_next_dist_0m6rgog._.js:2441
[    1168ms] [LOG] [DEBUG] Renderizando celda: {columnId: fechaRegistro, isReference: undefined, value: Object} @ http://localhost:3000/_next/static/chunks/11hm_next_dist_0m6rgog._.js:2441
[    1168ms] [LOG] [DEBUG] Renderizando celda: {columnId: fechaRegistro, isReference: undefined, value: Object} @ http://localhost:3000/_next/static/chunks/11hm_next_dist_0m6rgog._.js:2441
[    1169ms] [LOG] [DEBUG] Renderizando celda: {columnId: ultimoContacto, isReference: undefined, value: Object} @ http://localhost:3000/_next/static/chunks/11hm_next_dist_0m6rgog._.js:2441
[    1169ms] [LOG] [DEBUG] Renderizando celda: {columnId: ultimoContacto, isReference: undefined, value: Object} @ http://localhost:3000/_next/static/chunks/11hm_next_dist_0m6rgog._.js:2441
[    1169ms] [LOG] [DEBUG] Renderizando celda: {columnId: valorTotal, isReference: undefined, value: Object} @ http://localhost:3000/_next/static/chunks/11hm_next_dist_0m6rgog._.js:2441
[    1169ms] [LOG] [DEBUG] Renderizando celda: {columnId: valorTotal, isReference: undefined, value: Object} @ http://localhost:3000/_next/static/chunks/11hm_next_dist_0m6rgog._.js:2441
[    1169ms] [LOG] [DEBUG] Renderizando celda: {columnId: satisfaccion, isReference: undefined, value: Object} @ http://localhost:3000/_next/static/chunks/11hm_next_dist_0m6rgog._.js:2441
[    1169ms] [LOG] [DEBUG] Renderizando celda: {columnId: satisfaccion, isReference: undefined, value: Object} @ http://localhost:3000/_next/static/chunks/11hm_next_dist_0m6rgog._.js:2441
[    1169ms] [LOG] [DEBUG] Renderizando celda: {columnId: activo, isReference: undefined, value: Object} @ http://localhost:3000/_next/static/chunks/11hm_next_dist_0m6rgog._.js:2441
[    1169ms] [LOG] [DEBUG] Renderizando celda: {columnId: activo, isReference: undefined, value: Object} @ http://localhost:3000/_next/static/chunks/11hm_next_dist_0m6rgog._.js:2441
[    1178ms] [LOG] [DEBUG] Renderizando celda: {columnId: id, isReference: undefined, value: Object} @ http://localhost:3000/_next/static/chunks/11hm_next_dist_0m6rgog._.js:2441
[    1178ms] [LOG] [DEBUG] Renderizando celda: {columnId: id, isReference: undefined, value: Object} @ http://localhost:3000/_next/static/chunks/11hm_next_dist_0m6rgog._.js:2441
[    1182ms] [LOG] [DEBUG] Renderizando celda: {columnId: nombre, isReference: undefined, value: Object} @ http://localhost:3000/_next/static/chunks/11hm_next_dist_0m6rgog._.js:2441
[    1183ms] [LOG] [DEBUG] Renderizando celda: {columnId: nombre, isReference: undefined, value: Object} @ http://localhost:3000/_next/static/chunks/11hm_next_dist_0m6rgog._.js:2441
[    1183ms] [LOG] [DEBUG] Renderizando celda: {columnId: email, isReference: undefined, value: Object} @ http://localhost:3000/_next/static/chunks/11hm_next_dist_0m6rgog._.js:2441
[    1183ms] [LOG] [DEBUG] Renderizando celda: {columnId: email, isReference: undefined, value: Object} @ http://localhost:3000/_next/static/chunks/11hm_next_dist_0m6rgog._.js:2441
[    1183ms] [LOG] [DEBUG] Renderizando celda: {columnId: telefono, isReference: undefined, value: Object} @ http://localhost:3000/_next/static/chunks/11hm_next_dist_0m6rgog._.js:2441
[    1183ms] [LOG] [DEBUG] Renderizando celda: {columnId: telefono, isReference: undefined, value: Object} @ http://localhost:3000/_next/static/chunks/11hm_next_dist_0m6rgog._.js:2441
[    1183ms] [LOG] [DEBUG] Renderizando celda: {columnId: ciudad, isReference: undefined, value: Object} @ http://localhost:3000/_next/static/chunks/11hm_next_dist_0m6rgog._.js:2441
[    1183ms] [LOG] [DEBUG] Renderizando celda: {columnId: ciudad, isReference: undefined, value: Object} @ http://localhost:3000/_next/static/chunks/11hm_next_dist_0m6rgog._.js:2441
[    1183ms] [LOG] [DEBUG] Renderizando celda: {columnId: rol, isReference: undefined, value: Object} @ http://localhost:3000/_next/static/chunks/11hm_next_dist_0m6rgog._.js:2441
[    1184ms] [LOG] [DEBUG] Renderizando celda: {columnId: rol, isReference: undefined, value: Object} @ http://localhost:3000/_next/static/chunks/11hm_next_dist_0m6rgog._.js:2441
[    1184ms] [LOG] [DEBUG] Renderizando celda: {columnId: estado, isReference: undefined, value: Object} @ http://localhost:3000/_next/static/chunks/11hm_next_dist_0m6rgog._.js:2441
[    1184ms] [LOG] [DEBUG] Renderizando celda: {columnId: estado, isReference: undefined, value: Object} @ http://localhost:3000/_next/static/chunks/11hm_next_dist_0m6rgog._.js:2441
[    1184ms] [LOG] [DEBUG] Renderizando celda: {columnId: fechaRegistro, isReference: undefined, value: Object} @ http://localhost:3000/_next/static/chunks/11hm_next_dist_0m6rgog._.js:2441
[    1184ms] [LOG] [DEBUG] Renderizando celda: {columnId: fechaRegistro, isReference: undefined, value: Object} @ http://localhost:3000/_next/static/chunks/11hm_next_dist_0m6rgog._.js:2441
[    1184ms] [LOG] [DEBUG] Renderizando celda: {columnId: ultimoContacto, isReference: undefined, value: Object} @ http://localhost:3000/_next/static/chunks/11hm_next_dist_0m6rgog._.js:2441
[    1184ms] [LOG] [DEBUG] Renderizando celda: {columnId: ultimoContacto, isReference: undefined, value: Object} @ http://localhost:3000/_next/static/chunks/11hm_next_dist_0m6rgog._.js:2441
[    1184ms] [LOG] [DEBUG] Renderizando celda: {columnId: valorTotal, isReference: undefined, value: Object} @ http://localhost:3000/_next/static/chunks/11hm_next_dist_0m6rgog._.js:2441
[    1184ms] [LOG] [DEBUG] Renderizando celda: {columnId: valorTotal, isReference: undefined, value: Object} @ http://localhost:3000/_next/static/chunks/11hm_next_dist_0m6rgog._.js:2441
[    1184ms] [LOG] [DEBUG] Renderizando celda: {columnId: satisfaccion, isReference: undefined, value: Object} @ http://localhost:3000/_next/static/chunks/11hm_next_dist_0m6rgog._.js:2441
[    1185ms] [LOG] [DEBUG] Renderizando celda: {columnId: satisfaccion, isReference: undefined, value: Object} @ http://localhost:3000/_next/static/chunks/11hm_next_dist_0m6rgog._.js:2441
[    1185ms] [LOG] [DEBUG] Renderizando celda: {columnId: activo, isReference: undefined, value: Object} @ http://localhost:3000/_next/static/chunks/11hm_next_dist_0m6rgog._.js:2441
[    1185ms] [LOG] [DEBUG] Renderizando celda: {columnId: activo, isReference: undefined, value: Object} @ http://localhost:3000/_next/static/chunks/11hm_next_dist_0m6rgog._.js:2441
[    1193ms] [LOG] [DEBUG] Renderizando celda: {columnId: id, isReference: undefined, value: Object} @ http://localhost:3000/_next/static/chunks/11hm_next_dist_0m6rgog._.js:2441
[    1194ms] [LOG] [DEBUG] Renderizando celda: {columnId: id, isReference: undefined, value: Object} @ http://localhost:3000/_next/static/chunks/11hm_next_dist_0m6rgog._.js:2441
[    1194ms] [LOG] [DEBUG] Renderizando celda: {columnId: nombre, isReference: undefined, value: Object} @ http://localhost:3000/_next/static/chunks/11hm_next_dist_0m6rgog._.js:2441
[    1194ms] [LOG] [DEBUG] Renderizando celda: {columnId: nombre, isReference: undefined, value: Object} @ http://localhost:3000/_next/static/chunks/11hm_next_dist_0m6rgog._.js:2441
[    1194ms] [LOG] [DEBUG] Renderizando celda: {columnId: email, isReference: undefined, value: Object} @ http://localhost:3000/_next/static/chunks/11hm_next_dist_0m6rgog._.js:2441
[    1194ms] [LOG] [DEBUG] Renderizando celda: {columnId: email, isReference: undefined, value: Object} @ http://localhost:3000/_next/static/chunks/11hm_next_dist_0m6rgog._.js:2441
[    1194ms] [LOG] [DEBUG] Renderizando celda: {columnId: telefono, isReference: undefined, value: Object} @ http://localhost:3000/_next/static/chunks/11hm_next_dist_0m6rgog._.js:2441
[    1194ms] [LOG] [DEBUG] Renderizando celda: {columnId: telefono, isReference: undefined, value: Object} @ http://localhost:3000/_next/static/chunks/11hm_next_dist_0m6rgog._.js:2441
[    1194ms] [LOG] [DEBUG] Renderizando celda: {columnId: ciudad, isReference: undefined, value: Object} @ http://localhost:3000/_next/static/chunks/11hm_next_dist_0m6rgog._.js:2441
[    1194ms] [LOG] [DEBUG] Renderizando celda: {columnId: ciudad, isReference: undefined, value: Object} @ http://localhost:3000/_next/static/chunks/11hm_next_dist_0m6rgog._.js:2441
[    1195ms] [LOG] [DEBUG] Renderizando celda: {columnId: rol, isReference: undefined, value: Object} @ http://localhost:3000/_next/static/chunks/11hm_next_dist_0m6rgog._.js:2441
[    1195ms] [LOG] [DEBUG] Renderizando celda: {columnId: rol, isReference: undefined, value: Object} @ http://localhost:3000/_next/static/chunks/11hm_next_dist_0m6rgog._.js:2441
[    1195ms] [LOG] [DEBUG] Renderizando celda: {columnId: estado, isReference: undefined, value: Object} @ http://localhost:3000/_next/static/chunks/11hm_next_dist_0m6rgog._.js:2441
[    1195ms] [LOG] [DEBUG] Renderizando celda: {columnId: estado, isReference: undefined, value: Object} @ http://localhost:3000/_next/static/chunks/11hm_next_dist_0m6rgog._.js:2441
[    1195ms] [LOG] [DEBUG] Renderizando celda: {columnId: fechaRegistro, isReference: undefined, value: Object} @ http://localhost:3000/_next/static/chunks/11hm_next_dist_0m6rgog._.js:2441
[    1195ms] [LOG] [DEBUG] Renderizando celda: {columnId: fechaRegistro, isReference: undefined, value: Object} @ http://localhost:3000/_next/static/chunks/11hm_next_dist_0m6rgog._.js:2441
[    1195ms] [LOG] [DEBUG] Renderizando celda: {columnId: ultimoContacto, isReference: undefined, value: Object} @ http://localhost:3000/_next/static/chunks/11hm_next_dist_0m6rgog._.js:2441
[    1195ms] [LOG] [DEBUG] Renderizando celda: {columnId: ultimoContacto, isReference: undefined, value: Object} @ http://localhost:3000/_next/static/chunks/11hm_next_dist_0m6rgog._.js:2441
[    1195ms] [LOG] [DEBUG] Renderizando celda: {columnId: valorTotal, isReference: undefined, value: Object} @ http://localhost:3000/_next/static/chunks/11hm_next_dist_0m6rgog._.js:2441
[    1196ms] [LOG] [DEBUG] Renderizando celda: {columnId: valorTotal, isReference: undefined, value: Object} @ http://localhost:3000/_next/static/chunks/11hm_next_dist_0m6rgog._.js:2441
[    1196ms] [LOG] [DEBUG] Renderizando celda: {columnId: satisfaccion, isReference: undefined, value: Object} @ http://localhost:3000/_next/static/chunks/11hm_next_dist_0m6rgog._.js:2441
[    1196ms] [LOG] [DEBUG] Renderizando celda: {columnId: satisfaccion, isReference: undefined, value: Object} @ http://localhost:3000/_next/static/chunks/11hm_next_dist_0m6rgog._.js:2441
[    1196ms] [LOG] [DEBUG] Renderizando celda: {columnId: activo, isReference: undefined, value: Object} @ http://localhost:3000/_next/static/chunks/11hm_next_dist_0m6rgog._.js:2441
[    1196ms] [LOG] [DEBUG] Renderizando celda: {columnId: activo, isReference: undefined, value: Object} @ http://localhost:3000/_next/static/chunks/11hm_next_dist_0m6rgog._.js:2441
[    1204ms] [LOG] [DEBUG] Renderizando celda: {columnId: id, isReference: undefined, value: Object} @ http://localhost:3000/_next/static/chunks/11hm_next_dist_0m6rgog._.js:2441
[    1205ms] [LOG] [DEBUG] Renderizando celda: {columnId: id, isReference: undefined, value: Object} @ http://localhost:3000/_next/static/chunks/11hm_next_dist_0m6rgog._.js:2441
[    1205ms] [LOG] [DEBUG] Renderizando celda: {columnId: nombre, isReference: undefined, value: Object} @ http://localhost:3000/_next/static/chunks/11hm_next_dist_0m6rgog._.js:2441
[    1205ms] [LOG] [DEBUG] Renderizando celda: {columnId: nombre, isReference: undefined, value: Object} @ http://localhost:3000/_next/static/chunks/11hm_next_dist_0m6rgog._.js:2441
[    1205ms] [LOG] [DEBUG] Renderizando celda: {columnId: email, isReference: undefined, value: Object} @ http://localhost:3000/_next/static/chunks/11hm_next_dist_0m6rgog._.js:2441
[    1205ms] [LOG] [DEBUG] Renderizando celda: {columnId: email, isReference: undefined, value: Object} @ http://localhost:3000/_next/static/chunks/11hm_next_dist_0m6rgog._.js:2441
[    1205ms] [LOG] [DEBUG] Renderizando celda: {columnId: telefono, isReference: undefined, value: Object} @ http://localhost:3000/_next/static/chunks/11hm_next_dist_0m6rgog._.js:2441
[    1205ms] [LOG] [DEBUG] Renderizando celda: {columnId: telefono, isReference: undefined, value: Object} @ http://localhost:3000/_next/static/chunks/11hm_next_dist_0m6rgog._.js:2441
[    1205ms] [LOG] [DEBUG] Renderizando celda: {columnId: ciudad, isReference: undefined, value: Object} @ http://localhost:3000/_next/static/chunks/11hm_next_dist_0m6rgog._.js:2441
[    1205ms] [LOG] [DEBUG] Renderizando celda: {columnId: ciudad, isReference: undefined, value: Object} @ http://localhost:3000/_next/static/chunks/11hm_next_dist_0m6rgog._.js:2441
[    1206ms] [LOG] [DEBUG] Renderizando celda: {columnId: rol, isReference: undefined, value: Object} @ http://localhost:3000/_next/static/chunks/11hm_next_dist_0m6rgog._.js:2441
[    1206ms] [LOG] [DEBUG] Renderizando celda: {columnId: rol, isReference: undefined, value: Object} @ http://localhost:3000/_next/static/chunks/11hm_next_dist_0m6rgog._.js:2441
[    1206ms] [LOG] [DEBUG] Renderizando celda: {columnId: estado, isReference: undefined, value: Object} @ http://localhost:3000/_next/static/chunks/11hm_next_dist_0m6rgog._.js:2441
[    1206ms] [LOG] [DEBUG] Renderizando celda: {columnId: estado, isReference: undefined, value: Object} @ http://localhost:3000/_next/static/chunks/11hm_next_dist_0m6rgog._.js:2441
[    1206ms] [LOG] [DEBUG] Renderizando celda: {columnId: fechaRegistro, isReference: undefined, value: Object} @ http://localhost:3000/_next/static/chunks/11hm_next_dist_0m6rgog._.js:2441
[    1206ms] [LOG] [DEBUG] Renderizando celda: {columnId: fechaRegistro, isReference: undefined, value: Object} @ http://localhost:3000/_next/static/chunks/11hm_next_dist_0m6rgog._.js:2441
[    1206ms] [LOG] [DEBUG] Renderizando celda: {columnId: ultimoContacto, isReference: undefined, value: Object} @ http://localhost:3000/_next/static/chunks/11hm_next_dist_0m6rgog._.js:2441
[    1206ms] [LOG] [DEBUG] Renderizando celda: {columnId: ultimoContacto, isReference: undefined, value: Object} @ http://localhost:3000/_next/static/chunks/11hm_next_dist_0m6rgog._.js:2441
[    1206ms] [LOG] [DEBUG] Renderizando celda: {columnId: valorTotal, isReference: undefined, value: Object} @ http://localhost:3000/_next/static/chunks/11hm_next_dist_0m6rgog._.js:2441
[    1207ms] [LOG] [DEBUG] Renderizando celda: {columnId: valorTotal, isReference: undefined, value: Object} @ http://localhost:3000/_next/static/chunks/11hm_next_dist_0m6rgog._.js:2441
[    1207ms] [LOG] [DEBUG] Renderizando celda: {columnId: satisfaccion, isReference: undefined, value: Object} @ http://localhost:3000/_next/static/chunks/11hm_next_dist_0m6rgog._.js:2441
[    1207ms] [LOG] [DEBUG] Renderizando celda: {columnId: satisfaccion, isReference: undefined, value: Object} @ http://localhost:3000/_next/static/chunks/11hm_next_dist_0m6rgog._.js:2441
[    1207ms] [LOG] [DEBUG] Renderizando celda: {columnId: activo, isReference: undefined, value: Object} @ http://localhost:3000/_next/static/chunks/11hm_next_dist_0m6rgog._.js:2441
[    1207ms] [LOG] [DEBUG] Renderizando celda: {columnId: activo, isReference: undefined, value: Object} @ http://localhost:3000/_next/static/chunks/11hm_next_dist_0m6rgog._.js:2441
[    1215ms] [LOG] [DEBUG] Renderizando celda: {columnId: id, isReference: undefined, value: Object} @ http://localhost:3000/_next/static/chunks/11hm_next_dist_0m6rgog._.js:2441
[    1215ms] [LOG] [DEBUG] Renderizando celda: {columnId: id, isReference: undefined, value: Object} @ http://localhost:3000/_next/static/chunks/11hm_next_dist_0m6rgog._.js:2441
[    1216ms] [LOG] [DEBUG] Renderizando celda: {columnId: nombre, isReference: undefined, value: Object} @ http://localhost:3000/_next/static/chunks/11hm_next_dist_0m6rgog._.js:2441
[    1216ms] [LOG] [DEBUG] Renderizando celda: {columnId: nombre, isReference: undefined, value: Object} @ http://localhost:3000/_next/static/chunks/11hm_next_dist_0m6rgog._.js:2441
[    1216ms] [LOG] [DEBUG] Renderizando celda: {columnId: email, isReference: undefined, value: Object} @ http://localhost:3000/_next/static/chunks/11hm_next_dist_0m6rgog._.js:2441
[    1216ms] [LOG] [DEBUG] Renderizando celda: {columnId: email, isReference: undefined, value: Object} @ http://localhost:3000/_next/static/chunks/11hm_next_dist_0m6rgog._.js:2441
[    1216ms] [LOG] [DEBUG] Renderizando celda: {columnId: telefono, isReference: undefined, value: Object} @ http://localhost:3000/_next/static/chunks/11hm_next_dist_0m6rgog._.js:2441
[    1216ms] [LOG] [DEBUG] Renderizando celda: {columnId: telefono, isReference: undefined, value: Object} @ http://localhost:3000/_next/static/chunks/11hm_next_dist_0m6rgog._.js:2441
[    1216ms] [LOG] [DEBUG] Renderizando celda: {columnId: ciudad, isReference: undefined, value: Object} @ http://localhost:3000/_next/static/chunks/11hm_next_dist_0m6rgog._.js:2441
[    1216ms] [LOG] [DEBUG] Renderizando celda: {columnId: ciudad, isReference: undefined, value: Object} @ http://localhost:3000/_next/static/chunks/11hm_next_dist_0m6rgog._.js:2441
[    1216ms] [LOG] [DEBUG] Renderizando celda: {columnId: rol, isReference: undefined, value: Object} @ http://localhost:3000/_next/static/chunks/11hm_next_dist_0m6rgog._.js:2441
[    1217ms] [LOG] [DEBUG] Renderizando celda: {columnId: rol, isReference: undefined, value: Object} @ http://localhost:3000/_next/static/chunks/11hm_next_dist_0m6rgog._.js:2441
[    1217ms] [LOG] [DEBUG] Renderizando celda: {columnId: estado, isReference: undefined, value: Object} @ http://localhost:3000/_next/static/chunks/11hm_next_dist_0m6rgog._.js:2441
[    1217ms] [LOG] [DEBUG] Renderizando celda: {columnId: estado, isReference: undefined, value: Object} @ http://localhost:3000/_next/static/chunks/11hm_next_dist_0m6rgog._.js:2441
[    1217ms] [LOG] [DEBUG] Renderizando celda: {columnId: fechaRegistro, isReference: undefined, value: Object} @ http://localhost:3000/_next/static/chunks/11hm_next_dist_0m6rgog._.js:2441
[    1217ms] [LOG] [DEBUG] Renderizando celda: {columnId: fechaRegistro, isReference: undefined, value: Object} @ http://localhost:3000/_next/static/chunks/11hm_next_dist_0m6rgog._.js:2441
[    1217ms] [LOG] [DEBUG] Renderizando celda: {columnId: ultimoContacto, isReference: undefined, value: Object} @ http://localhost:3000/_next/static/chunks/11hm_next_dist_0m6rgog._.js:2441
[    1217ms] [LOG] [DEBUG] Renderizando celda: {columnId: ultimoContacto, isReference: undefined, value: Object} @ http://localhost:3000/_next/static/chunks/11hm_next_dist_0m6rgog._.js:2441
[    1217ms] [LOG] [DEBUG] Renderizando celda: {columnId: valorTotal, isReference: undefined, value: Object} @ http://localhost:3000/_next/static/chunks/11hm_next_dist_0m6rgog._.js:2441
[    1217ms] [LOG] [DEBUG] Renderizando celda: {columnId: valorTotal, isReference: undefined, value: Object} @ http://localhost:3000/_next/static/chunks/11hm_next_dist_0m6rgog._.js:2441
[    1218ms] [LOG] [DEBUG] Renderizando celda: {columnId: satisfaccion, isReference: undefined, value: Object} @ http://localhost:3000/_next/static/chunks/11hm_next_dist_0m6rgog._.js:2441
[    1218ms] [LOG] [DEBUG] Renderizando celda: {columnId: satisfaccion, isReference: undefined, value: Object} @ http://localhost:3000/_next/static/chunks/11hm_next_dist_0m6rgog._.js:2441
[    1218ms] [LOG] [DEBUG] Renderizando celda: {columnId: activo, isReference: undefined, value: Object} @ http://localhost:3000/_next/static/chunks/11hm_next_dist_0m6rgog._.js:2441
[    1218ms] [LOG] [DEBUG] Renderizando celda: {columnId: activo, isReference: undefined, value: Object} @ http://localhost:3000/_next/static/chunks/11hm_next_dist_0m6rgog._.js:2441
[    1226ms] [LOG] [DEBUG] Renderizando celda: {columnId: id, isReference: undefined, value: Object} @ http://localhost:3000/_next/static/chunks/11hm_next_dist_0m6rgog._.js:2441
[    1226ms] [LOG] [DEBUG] Renderizando celda: {columnId: id, isReference: undefined, value: Object} @ http://localhost:3000/_next/static/chunks/11hm_next_dist_0m6rgog._.js:2441
[    1226ms] [LOG] [DEBUG] Renderizando celda: {columnId: nombre, isReference: undefined, value: Object} @ http://localhost:3000/_next/static/chunks/11hm_next_dist_0m6rgog._.js:2441
[    1227ms] [LOG] [DEBUG] Renderizando celda: {columnId: nombre, isReference: undefined, value: Object} @ http://localhost:3000/_next/static/chunks/11hm_next_dist_0m6rgog._.js:2441
[    1227ms] [LOG] [DEBUG] Renderizando celda: {columnId: email, isReference: undefined, value: Object} @ http://localhost:3000/_next/static/chunks/11hm_next_dist_0m6rgog._.js:2441
[    1227ms] [LOG] [DEBUG] Renderizando celda: {columnId: email, isReference: undefined, value: Object} @ http://localhost:3000/_next/static/chunks/11hm_next_dist_0m6rgog._.js:2441
[    1227ms] [LOG] [DEBUG] Renderizando celda: {columnId: telefono, isReference: undefined, value: Object} @ http://localhost:3000/_next/static/chunks/11hm_next_dist_0m6rgog._.js:2441
[    1227ms] [LOG] [DEBUG] Renderizando celda: {columnId: telefono, isReference: undefined, value: Object} @ http://localhost:3000/_next/static/chunks/11hm_next_dist_0m6rgog._.js:2441
[    1227ms] [LOG] [DEBUG] Renderizando celda: {columnId: ciudad, isReference: undefined, value: Object} @ http://localhost:3000/_next/static/chunks/11hm_next_dist_0m6rgog._.js:2441
[    1227ms] [LOG] [DEBUG] Renderizando celda: {columnId: ciudad, isReference: undefined, value: Object} @ http://localhost:3000/_next/static/chunks/11hm_next_dist_0m6rgog._.js:2441
[    1227ms] [LOG] [DEBUG] Renderizando celda: {columnId: rol, isReference: undefined, value: Object} @ http://localhost:3000/_next/static/chunks/11hm_next_dist_0m6rgog._.js:2441
[    1227ms] [LOG] [DEBUG] Renderizando celda: {columnId: rol, isReference: undefined, value: Object} @ http://localhost:3000/_next/static/chunks/11hm_next_dist_0m6rgog._.js:2441
[    1227ms] [LOG] [DEBUG] Renderizando celda: {columnId: estado, isReference: undefined, value: Object} @ http://localhost:3000/_next/static/chunks/11hm_next_dist_0m6rgog._.js:2441
[    1228ms] [LOG] [DEBUG] Renderizando celda: {columnId: estado, isReference: undefined, value: Object} @ http://localhost:3000/_next/static/chunks/11hm_next_dist_0m6rgog._.js:2441
[    1228ms] [LOG] [DEBUG] Renderizando celda: {columnId: fechaRegistro, isReference: undefined, value: Object} @ http://localhost:3000/_next/static/chunks/11hm_next_dist_0m6rgog._.js:2441
[    1228ms] [LOG] [DEBUG] Renderizando celda: {columnId: fechaRegistro, isReference: undefined, value: Object} @ http://localhost:3000/_next/static/chunks/11hm_next_dist_0m6rgog._.js:2441
[    1228ms] [LOG] [DEBUG] Renderizando celda: {columnId: ultimoContacto, isReference: undefined, value: Object} @ http://localhost:3000/_next/static/chunks/11hm_next_dist_0m6rgog._.js:2441
[    1228ms] [LOG] [DEBUG] Renderizando celda: {columnId: ultimoContacto, isReference: undefined, value: Object} @ http://localhost:3000/_next/static/chunks/11hm_next_dist_0m6rgog._.js:2441
[    1228ms] [LOG] [DEBUG] Renderizando celda: {columnId: valorTotal, isReference: undefined, value: Object} @ http://localhost:3000/_next/static/chunks/11hm_next_dist_0m6rgog._.js:2441
[    1228ms] [LOG] [DEBUG] Renderizando celda: {columnId: valorTotal, isReference: undefined, value: Object} @ http://localhost:3000/_next/static/chunks/11hm_next_dist_0m6rgog._.js:2441
[    1228ms] [LOG] [DEBUG] Renderizando celda: {columnId: satisfaccion, isReference: undefined, value: Object} @ http://localhost:3000/_next/static/chunks/11hm_next_dist_0m6rgog._.js:2441
[    1228ms] [LOG] [DEBUG] Renderizando celda: {columnId: satisfaccion, isReference: undefined, value: Object} @ http://localhost:3000/_next/static/chunks/11hm_next_dist_0m6rgog._.js:2441
[    1229ms] [LOG] [DEBUG] Renderizando celda: {columnId: activo, isReference: undefined, value: Object} @ http://localhost:3000/_next/static/chunks/11hm_next_dist_0m6rgog._.js:2441
[    1229ms] [LOG] [DEBUG] Renderizando celda: {columnId: activo, isReference: undefined, value: Object} @ http://localhost:3000/_next/static/chunks/11hm_next_dist_0m6rgog._.js:2441
[    1237ms] [LOG] [DEBUG] Renderizando celda: {columnId: id, isReference: undefined, value: Object} @ http://localhost:3000/_next/static/chunks/11hm_next_dist_0m6rgog._.js:2441
[    1237ms] [LOG] [DEBUG] Renderizando celda: {columnId: id, isReference: undefined, value: Object} @ http://localhost:3000/_next/static/chunks/11hm_next_dist_0m6rgog._.js:2441
[    1237ms] [LOG] [DEBUG] Renderizando celda: {columnId: nombre, isReference: undefined, value: Object} @ http://localhost:3000/_next/static/chunks/11hm_next_dist_0m6rgog._.js:2441
[    1237ms] [LOG] [DEBUG] Renderizando celda: {columnId: nombre, isReference: undefined, value: Object} @ http://localhost:3000/_next/static/chunks/11hm_next_dist_0m6rgog._.js:2441
[    1237ms] [LOG] [DEBUG] Renderizando celda: {columnId: email, isReference: undefined, value: Object} @ http://localhost:3000/_next/static/chunks/11hm_next_dist_0m6rgog._.js:2441
[    1238ms] [LOG] [DEBUG] Renderizando celda: {columnId: email, isReference: undefined, value: Object} @ http://localhost:3000/_next/static/chunks/11hm_next_dist_0m6rgog._.js:2441
[    1238ms] [LOG] [DEBUG] Renderizando celda: {columnId: telefono, isReference: undefined, value: Object} @ http://localhost:3000/_next/static/chunks/11hm_next_dist_0m6rgog._.js:2441
[    1238ms] [LOG] [DEBUG] Renderizando celda: {columnId: telefono, isReference: undefined, value: Object} @ http://localhost:3000/_next/static/chunks/11hm_next_dist_0m6rgog._.js:2441
[    1238ms] [LOG] [DEBUG] Renderizando celda: {columnId: ciudad, isReference: undefined, value: Object} @ http://localhost:3000/_next/static/chunks/11hm_next_dist_0m6rgog._.js:2441
[    1238ms] [LOG] [DEBUG] Renderizando celda: {columnId: ciudad, isReference: undefined, value: Object} @ http://localhost:3000/_next/static/chunks/11hm_next_dist_0m6rgog._.js:2441
[    1238ms] [LOG] [DEBUG] Renderizando celda: {columnId: rol, isReference: undefined, value: Object} @ http://localhost:3000/_next/static/chunks/11hm_next_dist_0m6rgog._.js:2441
[    1238ms] [LOG] [DEBUG] Renderizando celda: {columnId: rol, isReference: undefined, value: Object} @ http://localhost:3000/_next/static/chunks/11hm_next_dist_0m6rgog._.js:2441
[    1238ms] [LOG] [DEBUG] Renderizando celda: {columnId: estado, isReference: undefined, value: Object} @ http://localhost:3000/_next/static/chunks/11hm_next_dist_0m6rgog._.js:2441
[    1238ms] [LOG] [DEBUG] Renderizando celda: {columnId: estado, isReference: undefined, value: Object} @ http://localhost:3000/_next/static/chunks/11hm_next_dist_0m6rgog._.js:2441
[    1239ms] [LOG] [DEBUG] Renderizando celda: {columnId: fechaRegistro, isReference: undefined, value: Object} @ http://localhost:3000/_next/static/chunks/11hm_next_dist_0m6rgog._.js:2441
[    1239ms] [LOG] [DEBUG] Renderizando celda: {columnId: fechaRegistro, isReference: undefined, value: Object} @ http://localhost:3000/_next/static/chunks/11hm_next_dist_0m6rgog._.js:2441
[    1239ms] [LOG] [DEBUG] Renderizando celda: {columnId: ultimoContacto, isReference: undefined, value: Object} @ http://localhost:3000/_next/static/chunks/11hm_next_dist_0m6rgog._.js:2441
[    1239ms] [LOG] [DEBUG] Renderizando celda: {columnId: ultimoContacto, isReference: undefined, value: Object} @ http://localhost:3000/_next/static/chunks/11hm_next_dist_0m6rgog._.js:2441
[    1239ms] [LOG] [DEBUG] Renderizando celda: {columnId: valorTotal, isReference: undefined, value: Object} @ http://localhost:3000/_next/static/chunks/11hm_next_dist_0m6rgog._.js:2441
[    1239ms] [LOG] [DEBUG] Renderizando celda: {columnId: valorTotal, isReference: undefined, value: Object} @ http://localhost:3000/_next/static/chunks/11hm_next_dist_0m6rgog._.js:2441
[    1239ms] [LOG] [DEBUG] Renderizando celda: {columnId: satisfaccion, isReference: undefined, value: Object} @ http://localhost:3000/_next/static/chunks/11hm_next_dist_0m6rgog._.js:2441
[    1239ms] [LOG] [DEBUG] Renderizando celda: {columnId: satisfaccion, isReference: undefined, value: Object} @ http://localhost:3000/_next/static/chunks/11hm_next_dist_0m6rgog._.js:2441
[    1239ms] [LOG] [DEBUG] Renderizando celda: {columnId: activo, isReference: undefined, value: Object} @ http://localhost:3000/_next/static/chunks/11hm_next_dist_0m6rgog._.js:2441
[    1240ms] [LOG] [DEBUG] Renderizando celda: {columnId: activo, isReference: undefined, value: Object} @ http://localhost:3000/_next/static/chunks/11hm_next_dist_0m6rgog._.js:2441
[    1248ms] [LOG] [DEBUG] Renderizando celda: {columnId: id, isReference: undefined, value: Object} @ http://localhost:3000/_next/static/chunks/11hm_next_dist_0m6rgog._.js:2441
[    1248ms] [LOG] [DEBUG] Renderizando celda: {columnId: id, isReference: undefined, value: Object} @ http://localhost:3000/_next/static/chunks/11hm_next_dist_0m6rgog._.js:2441
[    1248ms] [LOG] [DEBUG] Renderizando celda: {columnId: nombre, isReference: undefined, value: Object} @ http://localhost:3000/_next/static/chunks/11hm_next_dist_0m6rgog._.js:2441
[    1248ms] [LOG] [DEBUG] Renderizando celda: {columnId: nombre, isReference: undefined, value: Object} @ http://localhost:3000/_next/static/chunks/11hm_next_dist_0m6rgog._.js:2441
[    1248ms] [LOG] [DEBUG] Renderizando celda: {columnId: email, isReference: undefined, value: Object} @ http://localhost:3000/_next/static/chunks/11hm_next_dist_0m6rgog._.js:2441
[    1249ms] [LOG] [DEBUG] Renderizando celda: {columnId: email, isReference: undefined, value: Object} @ http://localhost:3000/_next/static/chunks/11hm_next_dist_0m6rgog._.js:2441
[    1249ms] [LOG] [DEBUG] Renderizando celda: {columnId: telefono, isReference: undefined, value: Object} @ http://localhost:3000/_next/static/chunks/11hm_next_dist_0m6rgog._.js:2441
[    1249ms] [LOG] [DEBUG] Renderizando celda: {columnId: telefono, isReference: undefined, value: Object} @ http://localhost:3000/_next/static/chunks/11hm_next_dist_0m6rgog._.js:2441
[    1249ms] [LOG] [DEBUG] Renderizando celda: {columnId: ciudad, isReference: undefined, value: Object} @ http://localhost:3000/_next/static/chunks/11hm_next_dist_0m6rgog._.js:2441
[    1249ms] [LOG] [DEBUG] Renderizando celda: {columnId: ciudad, isReference: undefined, value: Object} @ http://localhost:3000/_next/static/chunks/11hm_next_dist_0m6rgog._.js:2441
[    1249ms] [LOG] [DEBUG] Renderizando celda: {columnId: rol, isReference: undefined, value: Object} @ http://localhost:3000/_next/static/chunks/11hm_next_dist_0m6rgog._.js:2441
[    1249ms] [LOG] [DEBUG] Renderizando celda: {columnId: rol, isReference: undefined, value: Object} @ http://localhost:3000/_next/static/chunks/11hm_next_dist_0m6rgog._.js:2441
[    1249ms] [LOG] [DEBUG] Renderizando celda: {columnId: estado, isReference: undefined, value: Object} @ http://localhost:3000/_next/static/chunks/11hm_next_dist_0m6rgog._.js:2441
[    1249ms] [LOG] [DEBUG] Renderizando celda: {columnId: estado, isReference: undefined, value: Object} @ http://localhost:3000/_next/static/chunks/11hm_next_dist_0m6rgog._.js:2441
[    1250ms] [LOG] [DEBUG] Renderizando celda: {columnId: fechaRegistro, isReference: undefined, value: Object} @ http://localhost:3000/_next/static/chunks/11hm_next_dist_0m6rgog._.js:2441
[    1250ms] [LOG] [DEBUG] Renderizando celda: {columnId: fechaRegistro, isReference: undefined, value: Object} @ http://localhost:3000/_next/static/chunks/11hm_next_dist_0m6rgog._.js:2441
[    1250ms] [LOG] [DEBUG] Renderizando celda: {columnId: ultimoContacto, isReference: undefined, value: Object} @ http://localhost:3000/_next/static/chunks/11hm_next_dist_0m6rgog._.js:2441
[    1250ms] [LOG] [DEBUG] Renderizando celda: {columnId: ultimoContacto, isReference: undefined, value: Object} @ http://localhost:3000/_next/static/chunks/11hm_next_dist_0m6rgog._.js:2441
[    1250ms] [LOG] [DEBUG] Renderizando celda: {columnId: valorTotal, isReference: undefined, value: Object} @ http://localhost:3000/_next/static/chunks/11hm_next_dist_0m6rgog._.js:2441
[    1250ms] [LOG] [DEBUG] Renderizando celda: {columnId: valorTotal, isReference: undefined, value: Object} @ http://localhost:3000/_next/static/chunks/11hm_next_dist_0m6rgog._.js:2441
[    1250ms] [LOG] [DEBUG] Renderizando celda: {columnId: satisfaccion, isReference: undefined, value: Object} @ http://localhost:3000/_next/static/chunks/11hm_next_dist_0m6rgog._.js:2441
[    1250ms] [LOG] [DEBUG] Renderizando celda: {columnId: satisfaccion, isReference: undefined, value: Object} @ http://localhost:3000/_next/static/chunks/11hm_next_dist_0m6rgog._.js:2441
[    1250ms] [LOG] [DEBUG] Renderizando celda: {columnId: activo, isReference: undefined, value: Object} @ http://localhost:3000/_next/static/chunks/11hm_next_dist_0m6rgog._.js:2441
[    1250ms] [LOG] [DEBUG] Renderizando celda: {columnId: activo, isReference: undefined, value: Object} @ http://localhost:3000/_next/static/chunks/11hm_next_dist_0m6rgog._.js:2441
[    1256ms] [LOG] [DEBUG] Renderizando celda: {columnId: id, isReference: undefined, value: Object} @ http://localhost:3000/_next/static/chunks/11hm_next_dist_0m6rgog._.js:2441
[    1257ms] [LOG] [DEBUG] Renderizando celda: {columnId: id, isReference: undefined, value: Object} @ http://localhost:3000/_next/static/chunks/11hm_next_dist_0m6rgog._.js:2441
[    1257ms] [LOG] [DEBUG] Renderizando celda: {columnId: nombre, isReference: undefined, value: Object} @ http://localhost:3000/_next/static/chunks/11hm_next_dist_0m6rgog._.js:2441
[    1257ms] [LOG] [DEBUG] Renderizando celda: {columnId: nombre, isReference: undefined, value: Object} @ http://localhost:3000/_next/static/chunks/11hm_next_dist_0m6rgog._.js:2441
[    1257ms] [LOG] [DEBUG] Renderizando celda: {columnId: email, isReference: undefined, value: Object} @ http://localhost:3000/_next/static/chunks/11hm_next_dist_0m6rgog._.js:2441
[    1257ms] [LOG] [DEBUG] Renderizando celda: {columnId: email, isReference: undefined, value: Object} @ http://localhost:3000/_next/static/chunks/11hm_next_dist_0m6rgog._.js:2441
[    1257ms] [LOG] [DEBUG] Renderizando celda: {columnId: telefono, isReference: undefined, value: Object} @ http://localhost:3000/_next/static/chunks/11hm_next_dist_0m6rgog._.js:2441
[    1257ms] [LOG] [DEBUG] Renderizando celda: {columnId: telefono, isReference: undefined, value: Object} @ http://localhost:3000/_next/static/chunks/11hm_next_dist_0m6rgog._.js:2441
[    1257ms] [LOG] [DEBUG] Renderizando celda: {columnId: ciudad, isReference: undefined, value: Object} @ http://localhost:3000/_next/static/chunks/11hm_next_dist_0m6rgog._.js:2441
[    1257ms] [LOG] [DEBUG] Renderizando celda: {columnId: ciudad, isReference: undefined, value: Object} @ http://localhost:3000/_next/static/chunks/11hm_next_dist_0m6rgog._.js:2441
[    1257ms] [LOG] [DEBUG] Renderizando celda: {columnId: rol, isReference: undefined, value: Object} @ http://localhost:3000/_next/static/chunks/11hm_next_dist_0m6rgog._.js:2441
[    1257ms] [LOG] [DEBUG] Renderizando celda: {columnId: rol, isReference: undefined, value: Object} @ http://localhost:3000/_next/static/chunks/11hm_next_dist_0m6rgog._.js:2441
[    1257ms] [LOG] [DEBUG] Renderizando celda: {columnId: estado, isReference: undefined, value: Object} @ http://localhost:3000/_next/static/chunks/11hm_next_dist_0m6rgog._.js:2441
[    1257ms] [LOG] [DEBUG] Renderizando celda: {columnId: estado, isReference: undefined, value: Object} @ http://localhost:3000/_next/static/chunks/11hm_next_dist_0m6rgog._.js:2441
[    1258ms] [LOG] [DEBUG] Renderizando celda: {columnId: fechaRegistro, isReference: undefined, value: Object} @ http://localhost:3000/_next/static/chunks/11hm_next_dist_0m6rgog._.js:2441
[    1258ms] [LOG] [DEBUG] Renderizando celda: {columnId: fechaRegistro, isReference: undefined, value: Object} @ http://localhost:3000/_next/static/chunks/11hm_next_dist_0m6rgog._.js:2441
[    1258ms] [LOG] [DEBUG] Renderizando celda: {columnId: ultimoContacto, isReference: undefined, value: Object} @ http://localhost:3000/_next/static/chunks/11hm_next_dist_0m6rgog._.js:2441
[    1258ms] [LOG] [DEBUG] Renderizando celda: {columnId: ultimoContacto, isReference: undefined, value: Object} @ http://localhost:3000/_next/static/chunks/11hm_next_dist_0m6rgog._.js:2441
[    1258ms] [LOG] [DEBUG] Renderizando celda: {columnId: valorTotal, isReference: undefined, value: Object} @ http://localhost:3000/_next/static/chunks/11hm_next_dist_0m6rgog._.js:2441
[    1258ms] [LOG] [DEBUG] Renderizando celda: {columnId: valorTotal, isReference: undefined, value: Object} @ http://localhost:3000/_next/static/chunks/11hm_next_dist_0m6rgog._.js:2441
[    1258ms] [LOG] [DEBUG] Renderizando celda: {columnId: satisfaccion, isReference: undefined, value: Object} @ http://localhost:3000/_next/static/chunks/11hm_next_dist_0m6rgog._.js:2441
[    1258ms] [LOG] [DEBUG] Renderizando celda: {columnId: satisfaccion, isReference: undefined, value: Object} @ http://localhost:3000/_next/static/chunks/11hm_next_dist_0m6rgog._.js:2441
[    1258ms] [LOG] [DEBUG] Renderizando celda: {columnId: activo, isReference: undefined, value: Object} @ http://localhost:3000/_next/static/chunks/11hm_next_dist_0m6rgog._.js:2441
[    1258ms] [LOG] [DEBUG] Renderizando celda: {columnId: activo, isReference: undefined, value: Object} @ http://localhost:3000/_next/static/chunks/11hm_next_dist_0m6rgog._.js:2441
[    1260ms] [LOG] [DEBUG] Renderizando SecondaryTables: {level: 0, parentId: undefined, isLoading: false, arrayColumnsCount: 0, arrayColumns: Array(0)} @ http://localhost:3000/_next/static/chunks/11hm_next_dist_0m6rgog._.js:2441
[    1260ms] [LOG] [DEBUG] Renderizando SecondaryTables: {level: 0, parentId: undefined, isLoading: false, arrayColumnsCount: 0, arrayColumns: Array(0)} @ http://localhost:3000/_next/static/chunks/11hm_next_dist_0m6rgog._.js:2441
[    1274ms] [LOG] [DEBUG] Effective column order: {baseOrder: Array(14), pinnedColumnId: index, otherColumns: Array(13), hasActions: true, result: Array(15)} @ http://localhost:3000/_next/static/chunks/11hm_next_dist_0m6rgog._.js:2441
[    1274ms] [LOG] [DEBUG] Effective column order: {baseOrder: Array(14), pinnedColumnId: index, otherColumns: Array(13), hasActions: true, result: Array(15)} @ http://localhost:3000/_next/static/chunks/11hm_next_dist_0m6rgog._.js:2441
[    1275ms] [LOG] [DEBUG] Effective column order: {baseOrder: Array(14), pinnedColumnId: index, otherColumns: Array(13), hasActions: true, result: Array(15)} @ http://localhost:3000/_next/static/chunks/11hm_next_dist_0m6rgog._.js:2441
[    1275ms] [LOG] [DEBUG] Effective column order: {baseOrder: Array(14), pinnedColumnId: index, otherColumns: Array(13), hasActions: true, result: Array(15)} @ http://localhost:3000/_next/static/chunks/11hm_next_dist_0m6rgog._.js:2441
[    1285ms] [LOG] [DEBUG] Renderizando celda: {columnId: id, isReference: undefined, value: Object} @ http://localhost:3000/_next/static/chunks/11hm_next_dist_0m6rgog._.js:2441
[    1285ms] [LOG] [DEBUG] Renderizando celda: {columnId: id, isReference: undefined, value: Object} @ http://localhost:3000/_next/static/chunks/11hm_next_dist_0m6rgog._.js:2441
[    1285ms] [LOG] [DEBUG] Renderizando celda: {columnId: nombre, isReference: undefined, value: Object} @ http://localhost:3000/_next/static/chunks/11hm_next_dist_0m6rgog._.js:2441
[    1285ms] [LOG] [DEBUG] Renderizando celda: {columnId: nombre, isReference: undefined, value: Object} @ http://localhost:3000/_next/static/chunks/11hm_next_dist_0m6rgog._.js:2441
[    1285ms] [LOG] [DEBUG] Renderizando celda: {columnId: email, isReference: undefined, value: Object} @ http://localhost:3000/_next/static/chunks/11hm_next_dist_0m6rgog._.js:2441
[    1286ms] [LOG] [DEBUG] Renderizando celda: {columnId: email, isReference: undefined, value: Object} @ http://localhost:3000/_next/static/chunks/11hm_next_dist_0m6rgog._.js:2441
[    1286ms] [LOG] [DEBUG] Renderizando celda: {columnId: telefono, isReference: undefined, value: Object} @ http://localhost:3000/_next/static/chunks/11hm_next_dist_0m6rgog._.js:2441
[    1286ms] [LOG] [DEBUG] Renderizando celda: {columnId: telefono, isReference: undefined, value: Object} @ http://localhost:3000/_next/static/chunks/11hm_next_dist_0m6rgog._.js:2441
[    1286ms] [LOG] [DEBUG] Renderizando celda: {columnId: ciudad, isReference: undefined, value: Object} @ http://localhost:3000/_next/static/chunks/11hm_next_dist_0m6rgog._.js:2441
[    1286ms] [LOG] [DEBUG] Renderizando celda: {columnId: ciudad, isReference: undefined, value: Object} @ http://localhost:3000/_next/static/chunks/11hm_next_dist_0m6rgog._.js:2441
[    1286ms] [LOG] [DEBUG] Renderizando celda: {columnId: rol, isReference: undefined, value: Object} @ http://localhost:3000/_next/static/chunks/11hm_next_dist_0m6rgog._.js:2441
[    1286ms] [LOG] [DEBUG] Renderizando celda: {columnId: rol, isReference: undefined, value: Object} @ http://localhost:3000/_next/static/chunks/11hm_next_dist_0m6rgog._.js:2441
[    1286ms] [LOG] [DEBUG] Renderizando celda: {columnId: estado, isReference: undefined, value: Object} @ http://localhost:3000/_next/static/chunks/11hm_next_dist_0m6rgog._.js:2441
[    1286ms] [LOG] [DEBUG] Renderizando celda: {columnId: estado, isReference: undefined, value: Object} @ http://localhost:3000/_next/static/chunks/11hm_next_dist_0m6rgog._.js:2441
[    1286ms] [LOG] [DEBUG] Renderizando celda: {columnId: fechaRegistro, isReference: undefined, value: Object} @ http://localhost:3000/_next/static/chunks/11hm_next_dist_0m6rgog._.js:2441
[    1286ms] [LOG] [DEBUG] Renderizando celda: {columnId: fechaRegistro, isReference: undefined, value: Object} @ http://localhost:3000/_next/static/chunks/11hm_next_dist_0m6rgog._.js:2441
[    1286ms] [LOG] [DEBUG] Renderizando celda: {columnId: ultimoContacto, isReference: undefined, value: Object} @ http://localhost:3000/_next/static/chunks/11hm_next_dist_0m6rgog._.js:2441
[    1286ms] [LOG] [DEBUG] Renderizando celda: {columnId: ultimoContacto, isReference: undefined, value: Object} @ http://localhost:3000/_next/static/chunks/11hm_next_dist_0m6rgog._.js:2441
[    1287ms] [LOG] [DEBUG] Renderizando celda: {columnId: valorTotal, isReference: undefined, value: Object} @ http://localhost:3000/_next/static/chunks/11hm_next_dist_0m6rgog._.js:2441
[    1287ms] [LOG] [DEBUG] Renderizando celda: {columnId: valorTotal, isReference: undefined, value: Object} @ http://localhost:3000/_next/static/chunks/11hm_next_dist_0m6rgog._.js:2441
[    1287ms] [LOG] [DEBUG] Renderizando celda: {columnId: satisfaccion, isReference: undefined, value: Object} @ http://localhost:3000/_next/static/chunks/11hm_next_dist_0m6rgog._.js:2441
[    1287ms] [LOG] [DEBUG] Renderizando celda: {columnId: satisfaccion, isReference: undefined, value: Object} @ http://localhost:3000/_next/static/chunks/11hm_next_dist_0m6rgog._.js:2441
[    1287ms] [LOG] [DEBUG] Renderizando celda: {columnId: activo, isReference: undefined, value: Object} @ http://localhost:3000/_next/static/chunks/11hm_next_dist_0m6rgog._.js:2441
[    1287ms] [LOG] [DEBUG] Renderizando celda: {columnId: activo, isReference: undefined, value: Object} @ http://localhost:3000/_next/static/chunks/11hm_next_dist_0m6rgog._.js:2441
[    1288ms] [LOG] [DEBUG] Renderizando celda: {columnId: id, isReference: undefined, value: Object} @ http://localhost:3000/_next/static/chunks/11hm_next_dist_0m6rgog._.js:2441
[    1288ms] [LOG] [DEBUG] Renderizando celda: {columnId: id, isReference: undefined, value: Object} @ http://localhost:3000/_next/static/chunks/11hm_next_dist_0m6rgog._.js:2441
[    1288ms] [LOG] [DEBUG] Renderizando celda: {columnId: nombre, isReference: undefined, value: Object} @ http://localhost:3000/_next/static/chunks/11hm_next_dist_0m6rgog._.js:2441
[    1288ms] [LOG] [DEBUG] Renderizando celda: {columnId: nombre, isReference: undefined, value: Object} @ http://localhost:3000/_next/static/chunks/11hm_next_dist_0m6rgog._.js:2441
[    1288ms] [LOG] [DEBUG] Renderizando celda: {columnId: email, isReference: undefined, value: Object} @ http://localhost:3000/_next/static/chunks/11hm_next_dist_0m6rgog._.js:2441
[    1288ms] [LOG] [DEBUG] Renderizando celda: {columnId: email, isReference: undefined, value: Object} @ http://localhost:3000/_next/static/chunks/11hm_next_dist_0m6rgog._.js:2441
[    1288ms] [LOG] [DEBUG] Renderizando celda: {columnId: telefono, isReference: undefined, value: Object} @ http://localhost:3000/_next/static/chunks/11hm_next_dist_0m6rgog._.js:2441
[    1288ms] [LOG] [DEBUG] Renderizando celda: {columnId: telefono, isReference: undefined, value: Object} @ http://localhost:3000/_next/static/chunks/11hm_next_dist_0m6rgog._.js:2441
[    1288ms] [LOG] [DEBUG] Renderizando celda: {columnId: ciudad, isReference: undefined, value: Object} @ http://localhost:3000/_next/static/chunks/11hm_next_dist_0m6rgog._.js:2441
[    1288ms] [LOG] [DEBUG] Renderizando celda: {columnId: ciudad, isReference: undefined, value: Object} @ http://localhost:3000/_next/static/chunks/11hm_next_dist_0m6rgog._.js:2441
[    1289ms] [LOG] [DEBUG] Renderizando celda: {columnId: rol, isReference: undefined, value: Object} @ http://localhost:3000/_next/static/chunks/11hm_next_dist_0m6rgog._.js:2441
[    1289ms] [LOG] [DEBUG] Renderizando celda: {columnId: rol, isReference: undefined, value: Object} @ http://localhost:3000/_next/static/chunks/11hm_next_dist_0m6rgog._.js:2441
[    1289ms] [LOG] [DEBUG] Renderizando celda: {columnId: estado, isReference: undefined, value: Object} @ http://localhost:3000/_next/static/chunks/11hm_next_dist_0m6rgog._.js:2441
[    1289ms] [LOG] [DEBUG] Renderizando celda: {columnId: estado, isReference: undefined, value: Object} @ http://localhost:3000/_next/static/chunks/11hm_next_dist_0m6rgog._.js:2441
[    1289ms] [LOG] [DEBUG] Renderizando celda: {columnId: fechaRegistro, isReference: undefined, value: Object} @ http://localhost:3000/_next/static/chunks/11hm_next_dist_0m6rgog._.js:2441
[    1289ms] [LOG] [DEBUG] Renderizando celda: {columnId: fechaRegistro, isReference: undefined, value: Object} @ http://localhost:3000/_next/static/chunks/11hm_next_dist_0m6rgog._.js:2441
[    1289ms] [LOG] [DEBUG] Renderizando celda: {columnId: ultimoContacto, isReference: undefined, value: Object} @ http://localhost:3000/_next/static/chunks/11hm_next_dist_0m6rgog._.js:2441
[    1289ms] [LOG] [DEBUG] Renderizando celda: {columnId: ultimoContacto, isReference: undefined, value: Object} @ http://localhost:3000/_next/static/chunks/11hm_next_dist_0m6rgog._.js:2441
[    1289ms] [LOG] [DEBUG] Renderizando celda: {columnId: valorTotal, isReference: undefined, value: Object} @ http://localhost:3000/_next/static/chunks/11hm_next_dist_0m6rgog._.js:2441
[    1289ms] [LOG] [DEBUG] Renderizando celda: {columnId: valorTotal, isReference: undefined, value: Object} @ http://localhost:3000/_next/static/chunks/11hm_next_dist_0m6rgog._.js:2441
[    1289ms] [LOG] [DEBUG] Renderizando celda: {columnId: satisfaccion, isReference: undefined, value: Object} @ http://localhost:3000/_next/static/chunks/11hm_next_dist_0m6rgog._.js:2441
[    1289ms] [LOG] [DEBUG] Renderizando celda: {columnId: satisfaccion, isReference: undefined, value: Object} @ http://localhost:3000/_next/static/chunks/11hm_next_dist_0m6rgog._.js:2441
[    1289ms] [LOG] [DEBUG] Renderizando celda: {columnId: activo, isReference: undefined, value: Object} @ http://localhost:3000/_next/static/chunks/11hm_next_dist_0m6rgog._.js:2441
[    1289ms] [LOG] [DEBUG] Renderizando celda: {columnId: activo, isReference: undefined, value: Object} @ http://localhost:3000/_next/static/chunks/11hm_next_dist_0m6rgog._.js:2441
[    1290ms] [LOG] [DEBUG] Renderizando celda: {columnId: id, isReference: undefined, value: Object} @ http://localhost:3000/_next/static/chunks/11hm_next_dist_0m6rgog._.js:2441
[    1290ms] [LOG] [DEBUG] Renderizando celda: {columnId: id, isReference: undefined, value: Object} @ http://localhost:3000/_next/static/chunks/11hm_next_dist_0m6rgog._.js:2441
[    1290ms] [LOG] [DEBUG] Renderizando celda: {columnId: nombre, isReference: undefined, value: Object} @ http://localhost:3000/_next/static/chunks/11hm_next_dist_0m6rgog._.js:2441
[    1290ms] [LOG] [DEBUG] Renderizando celda: {columnId: nombre, isReference: undefined, value: Object} @ http://localhost:3000/_next/static/chunks/11hm_next_dist_0m6rgog._.js:2441
[    1290ms] [LOG] [DEBUG] Renderizando celda: {columnId: email, isReference: undefined, value: Object} @ http://localhost:3000/_next/static/chunks/11hm_next_dist_0m6rgog._.js:2441
[    1291ms] [LOG] [DEBUG] Renderizando celda: {columnId: email, isReference: undefined, value: Object} @ http://localhost:3000/_next/static/chunks/11hm_next_dist_0m6rgog._.js:2441
[    1291ms] [LOG] [DEBUG] Renderizando celda: {columnId: telefono, isReference: undefined, value: Object} @ http://localhost:3000/_next/static/chunks/11hm_next_dist_0m6rgog._.js:2441
[    1291ms] [LOG] [DEBUG] Renderizando celda: {columnId: telefono, isReference: undefined, value: Object} @ http://localhost:3000/_next/static/chunks/11hm_next_dist_0m6rgog._.js:2441
[    1291ms] [LOG] [DEBUG] Renderizando celda: {columnId: ciudad, isReference: undefined, value: Object} @ http://localhost:3000/_next/static/chunks/11hm_next_dist_0m6rgog._.js:2441
[    1291ms] [LOG] [DEBUG] Renderizando celda: {columnId: ciudad, isReference: undefined, value: Object} @ http://localhost:3000/_next/static/chunks/11hm_next_dist_0m6rgog._.js:2441
[    1291ms] [LOG] [DEBUG] Renderizando celda: {columnId: rol, isReference: undefined, value: Object} @ http://localhost:3000/_next/static/chunks/11hm_next_dist_0m6rgog._.js:2441
[    1291ms] [LOG] [DEBUG] Renderizando celda: {columnId: rol, isReference: undefined, value: Object} @ http://localhost:3000/_next/static/chunks/11hm_next_dist_0m6rgog._.js:2441
[    1291ms] [LOG] [DEBUG] Renderizando celda: {columnId: estado, isReference: undefined, value: Object} @ http://localhost:3000/_next/static/chunks/11hm_next_dist_0m6rgog._.js:2441
[    1291ms] [LOG] [DEBUG] Renderizando celda: {columnId: estado, isReference: undefined, value: Object} @ http://localhost:3000/_next/static/chunks/11hm_next_dist_0m6rgog._.js:2441
[    1291ms] [LOG] [DEBUG] Renderizando celda: {columnId: fechaRegistro, isReference: undefined, value: Object} @ http://localhost:3000/_next/static/chunks/11hm_next_dist_0m6rgog._.js:2441
[    1291ms] [LOG] [DEBUG] Renderizando celda: {columnId: fechaRegistro, isReference: undefined, value: Object} @ http://localhost:3000/_next/static/chunks/11hm_next_dist_0m6rgog._.js:2441
[    1291ms] [LOG] [DEBUG] Renderizando celda: {columnId: ultimoContacto, isReference: undefined, value: Object} @ http://localhost:3000/_next/static/chunks/11hm_next_dist_0m6rgog._.js:2441
[    1291ms] [LOG] [DEBUG] Renderizando celda: {columnId: ultimoContacto, isReference: undefined, value: Object} @ http://localhost:3000/_next/static/chunks/11hm_next_dist_0m6rgog._.js:2441
[    1292ms] [LOG] [DEBUG] Renderizando celda: {columnId: valorTotal, isReference: undefined, value: Object} @ http://localhost:3000/_next/static/chunks/11hm_next_dist_0m6rgog._.js:2441
[    1292ms] [LOG] [DEBUG] Renderizando celda: {columnId: valorTotal, isReference: undefined, value: Object} @ http://localhost:3000/_next/static/chunks/11hm_next_dist_0m6rgog._.js:2441
[    1292ms] [LOG] [DEBUG] Renderizando celda: {columnId: satisfaccion, isReference: undefined, value: Object} @ http://localhost:3000/_next/static/chunks/11hm_next_dist_0m6rgog._.js:2441
[    1292ms] [LOG] [DEBUG] Renderizando celda: {columnId: satisfaccion, isReference: undefined, value: Object} @ http://localhost:3000/_next/static/chunks/11hm_next_dist_0m6rgog._.js:2441
[    1292ms] [LOG] [DEBUG] Renderizando celda: {columnId: activo, isReference: undefined, value: Object} @ http://localhost:3000/_next/static/chunks/11hm_next_dist_0m6rgog._.js:2441
[    1292ms] [LOG] [DEBUG] Renderizando celda: {columnId: activo, isReference: undefined, value: Object} @ http://localhost:3000/_next/static/chunks/11hm_next_dist_0m6rgog._.js:2441
[    1292ms] [LOG] [DEBUG] Renderizando celda: {columnId: id, isReference: undefined, value: Object} @ http://localhost:3000/_next/static/chunks/11hm_next_dist_0m6rgog._.js:2441
[    1293ms] [LOG] [DEBUG] Renderizando celda: {columnId: id, isReference: undefined, value: Object} @ http://localhost:3000/_next/static/chunks/11hm_next_dist_0m6rgog._.js:2441
[    1293ms] [LOG] [DEBUG] Renderizando celda: {columnId: nombre, isReference: undefined, value: Object} @ http://localhost:3000/_next/static/chunks/11hm_next_dist_0m6rgog._.js:2441
[    1293ms] [LOG] [DEBUG] Renderizando celda: {columnId: nombre, isReference: undefined, value: Object} @ http://localhost:3000/_next/static/chunks/11hm_next_dist_0m6rgog._.js:2441
[    1293ms] [LOG] [DEBUG] Renderizando celda: {columnId: email, isReference: undefined, value: Object} @ http://localhost:3000/_next/static/chunks/11hm_next_dist_0m6rgog._.js:2441
[    1293ms] [LOG] [DEBUG] Renderizando celda: {columnId: email, isReference: undefined, value: Object} @ http://localhost:3000/_next/static/chunks/11hm_next_dist_0m6rgog._.js:2441
[    1293ms] [LOG] [DEBUG] Renderizando celda: {columnId: telefono, isReference: undefined, value: Object} @ http://localhost:3000/_next/static/chunks/11hm_next_dist_0m6rgog._.js:2441
[    1293ms] [LOG] [DEBUG] Renderizando celda: {columnId: telefono, isReference: undefined, value: Object} @ http://localhost:3000/_next/static/chunks/11hm_next_dist_0m6rgog._.js:2441
[    1293ms] [LOG] [DEBUG] Renderizando celda: {columnId: ciudad, isReference: undefined, value: Object} @ http://localhost:3000/_next/static/chunks/11hm_next_dist_0m6rgog._.js:2441
[    1293ms] [LOG] [DEBUG] Renderizando celda: {columnId: ciudad, isReference: undefined, value: Object} @ http://localhost:3000/_next/static/chunks/11hm_next_dist_0m6rgog._.js:2441
[    1293ms] [LOG] [DEBUG] Renderizando celda: {columnId: rol, isReference: undefined, value: Object} @ http://localhost:3000/_next/static/chunks/11hm_next_dist_0m6rgog._.js:2441
[    1293ms] [LOG] [DEBUG] Renderizando celda: {columnId: rol, isReference: undefined, value: Object} @ http://localhost:3000/_next/static/chunks/11hm_next_dist_0m6rgog._.js:2441
[    1293ms] [LOG] [DEBUG] Renderizando celda: {columnId: estado, isReference: undefined, value: Object} @ http://localhost:3000/_next/static/chunks/11hm_next_dist_0m6rgog._.js:2441
[    1293ms] [LOG] [DEBUG] Renderizando celda: {columnId: estado, isReference: undefined, value: Object} @ http://localhost:3000/_next/static/chunks/11hm_next_dist_0m6rgog._.js:2441
[    1294ms] [LOG] [DEBUG] Renderizando celda: {columnId: fechaRegistro, isReference: undefined, value: Object} @ http://localhost:3000/_next/static/chunks/11hm_next_dist_0m6rgog._.js:2441
[    1294ms] [LOG] [DEBUG] Renderizando celda: {columnId: fechaRegistro, isReference: undefined, value: Object} @ http://localhost:3000/_next/static/chunks/11hm_next_dist_0m6rgog._.js:2441
[    1294ms] [LOG] [DEBUG] Renderizando celda: {columnId: ultimoContacto, isReference: undefined, value: Object} @ http://localhost:3000/_next/static/chunks/11hm_next_dist_0m6rgog._.js:2441
[    1294ms] [LOG] [DEBUG] Renderizando celda: {columnId: ultimoContacto, isReference: undefined, value: Object} @ http://localhost:3000/_next/static/chunks/11hm_next_dist_0m6rgog._.js:2441
[    1294ms] [LOG] [DEBUG] Renderizando celda: {columnId: valorTotal, isReference: undefined, value: Object} @ http://localhost:3000/_next/static/chunks/11hm_next_dist_0m6rgog._.js:2441
[    1294ms] [LOG] [DEBUG] Renderizando celda: {columnId: valorTotal, isReference: undefined, value: Object} @ http://localhost:3000/_next/static/chunks/11hm_next_dist_0m6rgog._.js:2441
[    1294ms] [LOG] [DEBUG] Renderizando celda: {columnId: satisfaccion, isReference: undefined, value: Object} @ http://localhost:3000/_next/static/chunks/11hm_next_dist_0m6rgog._.js:2441
[    1294ms] [LOG] [DEBUG] Renderizando celda: {columnId: satisfaccion, isReference: undefined, value: Object} @ http://localhost:3000/_next/static/chunks/11hm_next_dist_0m6rgog._.js:2441
[    1294ms] [LOG] [DEBUG] Renderizando celda: {columnId: activo, isReference: undefined, value: Object} @ http://localhost:3000/_next/static/chunks/11hm_next_dist_0m6rgog._.js:2441
[    1294ms] [LOG] [DEBUG] Renderizando celda: {columnId: activo, isReference: undefined, value: Object} @ http://localhost:3000/_next/static/chunks/11hm_next_dist_0m6rgog._.js:2441
[    1295ms] [LOG] [DEBUG] Renderizando celda: {columnId: id, isReference: undefined, value: Object} @ http://localhost:3000/_next/static/chunks/11hm_next_dist_0m6rgog._.js:2441
[    1295ms] [LOG] [DEBUG] Renderizando celda: {columnId: id, isReference: undefined, value: Object} @ http://localhost:3000/_next/static/chunks/11hm_next_dist_0m6rgog._.js:2441
[    1295ms] [LOG] [DEBUG] Renderizando celda: {columnId: nombre, isReference: undefined, value: Object} @ http://localhost:3000/_next/static/chunks/11hm_next_dist_0m6rgog._.js:2441
[    1295ms] [LOG] [DEBUG] Renderizando celda: {columnId: nombre, isReference: undefined, value: Object} @ http://localhost:3000/_next/static/chunks/11hm_next_dist_0m6rgog._.js:2441
[    1295ms] [LOG] [DEBUG] Renderizando celda: {columnId: email, isReference: undefined, value: Object} @ http://localhost:3000/_next/static/chunks/11hm_next_dist_0m6rgog._.js:2441
[    1295ms] [LOG] [DEBUG] Renderizando celda: {columnId: email, isReference: undefined, value: Object} @ http://localhost:3000/_next/static/chunks/11hm_next_dist_0m6rgog._.js:2441
[    1295ms] [LOG] [DEBUG] Renderizando celda: {columnId: telefono, isReference: undefined, value: Object} @ http://localhost:3000/_next/static/chunks/11hm_next_dist_0m6rgog._.js:2441
[    1295ms] [LOG] [DEBUG] Renderizando celda: {columnId: telefono, isReference: undefined, value: Object} @ http://localhost:3000/_next/static/chunks/11hm_next_dist_0m6rgog._.js:2441
[    1296ms] [LOG] [DEBUG] Renderizando celda: {columnId: ciudad, isReference: undefined, value: Object} @ http://localhost:3000/_next/static/chunks/11hm_next_dist_0m6rgog._.js:2441
[    1296ms] [LOG] [DEBUG] Renderizando celda: {columnId: ciudad, isReference: undefined, value: Object} @ http://localhost:3000/_next/static/chunks/11hm_next_dist_0m6rgog._.js:2441
[    1296ms] [LOG] [DEBUG] Renderizando celda: {columnId: rol, isReference: undefined, value: Object} @ http://localhost:3000/_next/static/chunks/11hm_next_dist_0m6rgog._.js:2441
[    1296ms] [LOG] [DEBUG] Renderizando celda: {columnId: rol, isReference: undefined, value: Object} @ http://localhost:3000/_next/static/chunks/11hm_next_dist_0m6rgog._.js:2441
[    1296ms] [LOG] [DEBUG] Renderizando celda: {columnId: estado, isReference: undefined, value: Object} @ http://localhost:3000/_next/static/chunks/11hm_next_dist_0m6rgog._.js:2441
[    1296ms] [LOG] [DEBUG] Renderizando celda: {columnId: estado, isReference: undefined, value: Object} @ http://localhost:3000/_next/static/chunks/11hm_next_dist_0m6rgog._.js:2441
[    1296ms] [LOG] [DEBUG] Renderizando celda: {columnId: fechaRegistro, isReference: undefined, value: Object} @ http://localhost:3000/_next/static/chunks/11hm_next_dist_0m6rgog._.js:2441
[    1296ms] [LOG] [DEBUG] Renderizando celda: {columnId: fechaRegistro, isReference: undefined, value: Object} @ http://localhost:3000/_next/static/chunks/11hm_next_dist_0m6rgog._.js:2441
[    1296ms] [LOG] [DEBUG] Renderizando celda: {columnId: ultimoContacto, isReference: undefined, value: Object} @ http://localhost:3000/_next/static/chunks/11hm_next_dist_0m6rgog._.js:2441
[    1296ms] [LOG] [DEBUG] Renderizando celda: {columnId: ultimoContacto, isReference: undefined, value: Object} @ http://localhost:3000/_next/static/chunks/11hm_next_dist_0m6rgog._.js:2441
[    1296ms] [LOG] [DEBUG] Renderizando celda: {columnId: valorTotal, isReference: undefined, value: Object} @ http://localhost:3000/_next/static/chunks/11hm_next_dist_0m6rgog._.js:2441
[    1296ms] [LOG] [DEBUG] Renderizando celda: {columnId: valorTotal, isReference: undefined, value: Object} @ http://localhost:3000/_next/static/chunks/11hm_next_dist_0m6rgog._.js:2441
[    1296ms] [LOG] [DEBUG] Renderizando celda: {columnId: satisfaccion, isReference: undefined, value: Object} @ http://localhost:3000/_next/static/chunks/11hm_next_dist_0m6rgog._.js:2441
[    1296ms] [LOG] [DEBUG] Renderizando celda: {columnId: satisfaccion, isReference: undefined, value: Object} @ http://localhost:3000/_next/static/chunks/11hm_next_dist_0m6rgog._.js:2441
[    1297ms] [LOG] [DEBUG] Renderizando celda: {columnId: activo, isReference: undefined, value: Object} @ http://localhost:3000/_next/static/chunks/11hm_next_dist_0m6rgog._.js:2441
[    1297ms] [LOG] [DEBUG] Renderizando celda: {columnId: activo, isReference: undefined, value: Object} @ http://localhost:3000/_next/static/chunks/11hm_next_dist_0m6rgog._.js:2441
[    1297ms] [LOG] [DEBUG] Renderizando celda: {columnId: id, isReference: undefined, value: Object} @ http://localhost:3000/_next/static/chunks/11hm_next_dist_0m6rgog._.js:2441
[    1297ms] [LOG] [DEBUG] Renderizando celda: {columnId: id, isReference: undefined, value: Object} @ http://localhost:3000/_next/static/chunks/11hm_next_dist_0m6rgog._.js:2441
[    1297ms] [LOG] [DEBUG] Renderizando celda: {columnId: nombre, isReference: undefined, value: Object} @ http://localhost:3000/_next/static/chunks/11hm_next_dist_0m6rgog._.js:2441
[    1297ms] [LOG] [DEBUG] Renderizando celda: {columnId: nombre, isReference: undefined, value: Object} @ http://localhost:3000/_next/static/chunks/11hm_next_dist_0m6rgog._.js:2441
[    1297ms] [LOG] [DEBUG] Renderizando celda: {columnId: email, isReference: undefined, value: Object} @ http://localhost:3000/_next/static/chunks/11hm_next_dist_0m6rgog._.js:2441
[    1298ms] [LOG] [DEBUG] Renderizando celda: {columnId: email, isReference: undefined, value: Object} @ http://localhost:3000/_next/static/chunks/11hm_next_dist_0m6rgog._.js:2441
[    1298ms] [LOG] [DEBUG] Renderizando celda: {columnId: telefono, isReference: undefined, value: Object} @ http://localhost:3000/_next/static/chunks/11hm_next_dist_0m6rgog._.js:2441
[    1298ms] [LOG] [DEBUG] Renderizando celda: {columnId: telefono, isReference: undefined, value: Object} @ http://localhost:3000/_next/static/chunks/11hm_next_dist_0m6rgog._.js:2441
[    1298ms] [LOG] [DEBUG] Renderizando celda: {columnId: ciudad, isReference: undefined, value: Object} @ http://localhost:3000/_next/static/chunks/11hm_next_dist_0m6rgog._.js:2441
[    1298ms] [LOG] [DEBUG] Renderizando celda: {columnId: ciudad, isReference: undefined, value: Object} @ http://localhost:3000/_next/static/chunks/11hm_next_dist_0m6rgog._.js:2441
[    1298ms] [LOG] [DEBUG] Renderizando celda: {columnId: rol, isReference: undefined, value: Object} @ http://localhost:3000/_next/static/chunks/11hm_next_dist_0m6rgog._.js:2441
[    1298ms] [LOG] [DEBUG] Renderizando celda: {columnId: rol, isReference: undefined, value: Object} @ http://localhost:3000/_next/static/chunks/11hm_next_dist_0m6rgog._.js:2441
[    1298ms] [LOG] [DEBUG] Renderizando celda: {columnId: estado, isReference: undefined, value: Object} @ http://localhost:3000/_next/static/chunks/11hm_next_dist_0m6rgog._.js:2441
[    1298ms] [LOG] [DEBUG] Renderizando celda: {columnId: estado, isReference: undefined, value: Object} @ http://localhost:3000/_next/static/chunks/11hm_next_dist_0m6rgog._.js:2441
[    1298ms] [LOG] [DEBUG] Renderizando celda: {columnId: fechaRegistro, isReference: undefined, value: Object} @ http://localhost:3000/_next/static/chunks/11hm_next_dist_0m6rgog._.js:2441
[    1298ms] [LOG] [DEBUG] Renderizando celda: {columnId: fechaRegistro, isReference: undefined, value: Object} @ http://localhost:3000/_next/static/chunks/11hm_next_dist_0m6rgog._.js:2441
[    1298ms] [LOG] [DEBUG] Renderizando celda: {columnId: ultimoContacto, isReference: undefined, value: Object} @ http://localhost:3000/_next/static/chunks/11hm_next_dist_0m6rgog._.js:2441
[    1298ms] [LOG] [DEBUG] Renderizando celda: {columnId: ultimoContacto, isReference: undefined, value: Object} @ http://localhost:3000/_next/static/chunks/11hm_next_dist_0m6rgog._.js:2441
[    1298ms] [LOG] [DEBUG] Renderizando celda: {columnId: valorTotal, isReference: undefined, value: Object} @ http://localhost:3000/_next/static/chunks/11hm_next_dist_0m6rgog._.js:2441
[    1299ms] [LOG] [DEBUG] Renderizando celda: {columnId: valorTotal, isReference: undefined, value: Object} @ http://localhost:3000/_next/static/chunks/11hm_next_dist_0m6rgog._.js:2441
[    1299ms] [LOG] [DEBUG] Renderizando celda: {columnId: satisfaccion, isReference: undefined, value: Object} @ http://localhost:3000/_next/static/chunks/11hm_next_dist_0m6rgog._.js:2441
[    1299ms] [LOG] [DEBUG] Renderizando celda: {columnId: satisfaccion, isReference: undefined, value: Object} @ http://localhost:3000/_next/static/chunks/11hm_next_dist_0m6rgog._.js:2441
[    1299ms] [LOG] [DEBUG] Renderizando celda: {columnId: activo, isReference: undefined, value: Object} @ http://localhost:3000/_next/static/chunks/11hm_next_dist_0m6rgog._.js:2441
[    1299ms] [LOG] [DEBUG] Renderizando celda: {columnId: activo, isReference: undefined, value: Object} @ http://localhost:3000/_next/static/chunks/11hm_next_dist_0m6rgog._.js:2441
[    1299ms] [LOG] [DEBUG] Renderizando celda: {columnId: id, isReference: undefined, value: Object} @ http://localhost:3000/_next/static/chunks/11hm_next_dist_0m6rgog._.js:2441
[    1299ms] [LOG] [DEBUG] Renderizando celda: {columnId: id, isReference: undefined, value: Object} @ http://localhost:3000/_next/static/chunks/11hm_next_dist_0m6rgog._.js:2441
[    1300ms] [LOG] [DEBUG] Renderizando celda: {columnId: nombre, isReference: undefined, value: Object} @ http://localhost:3000/_next/static/chunks/11hm_next_dist_0m6rgog._.js:2441
[    1300ms] [LOG] [DEBUG] Renderizando celda: {columnId: nombre, isReference: undefined, value: Object} @ http://localhost:3000/_next/static/chunks/11hm_next_dist_0m6rgog._.js:2441
[    1300ms] [LOG] [DEBUG] Renderizando celda: {columnId: email, isReference: undefined, value: Object} @ http://localhost:3000/_next/static/chunks/11hm_next_dist_0m6rgog._.js:2441
[    1300ms] [LOG] [DEBUG] Renderizando celda: {columnId: email, isReference: undefined, value: Object} @ http://localhost:3000/_next/static/chunks/11hm_next_dist_0m6rgog._.js:2441
[    1300ms] [LOG] [DEBUG] Renderizando celda: {columnId: telefono, isReference: undefined, value: Object} @ http://localhost:3000/_next/static/chunks/11hm_next_dist_0m6rgog._.js:2441
[    1300ms] [LOG] [DEBUG] Renderizando celda: {columnId: telefono, isReference: undefined, value: Object} @ http://localhost:3000/_next/static/chunks/11hm_next_dist_0m6rgog._.js:2441
[    1300ms] [LOG] [DEBUG] Renderizando celda: {columnId: ciudad, isReference: undefined, value: Object} @ http://localhost:3000/_next/static/chunks/11hm_next_dist_0m6rgog._.js:2441
[    1300ms] [LOG] [DEBUG] Renderizando celda: {columnId: ciudad, isReference: undefined, value: Object} @ http://localhost:3000/_next/static/chunks/11hm_next_dist_0m6rgog._.js:2441
[    1300ms] [LOG] [DEBUG] Renderizando celda: {columnId: rol, isReference: undefined, value: Object} @ http://localhost:3000/_next/static/chunks/11hm_next_dist_0m6rgog._.js:2441
[    1300ms] [LOG] [DEBUG] Renderizando celda: {columnId: rol, isReference: undefined, value: Object} @ http://localhost:3000/_next/static/chunks/11hm_next_dist_0m6rgog._.js:2441
[    1300ms] [LOG] [DEBUG] Renderizando celda: {columnId: estado, isReference: undefined, value: Object} @ http://localhost:3000/_next/static/chunks/11hm_next_dist_0m6rgog._.js:2441
[    1300ms] [LOG] [DEBUG] Renderizando celda: {columnId: estado, isReference: undefined, value: Object} @ http://localhost:3000/_next/static/chunks/11hm_next_dist_0m6rgog._.js:2441
[    1300ms] [LOG] [DEBUG] Renderizando celda: {columnId: fechaRegistro, isReference: undefined, value: Object} @ http://localhost:3000/_next/static/chunks/11hm_next_dist_0m6rgog._.js:2441
[    1300ms] [LOG] [DEBUG] Renderizando celda: {columnId: fechaRegistro, isReference: undefined, value: Object} @ http://localhost:3000/_next/static/chunks/11hm_next_dist_0m6rgog._.js:2441
[    1301ms] [LOG] [DEBUG] Renderizando celda: {columnId: ultimoContacto, isReference: undefined, value: Object} @ http://localhost:3000/_next/static/chunks/11hm_next_dist_0m6rgog._.js:2441
[    1301ms] [LOG] [DEBUG] Renderizando celda: {columnId: ultimoContacto, isReference: undefined, value: Object} @ http://localhost:3000/_next/static/chunks/11hm_next_dist_0m6rgog._.js:2441
[    1301ms] [LOG] [DEBUG] Renderizando celda: {columnId: valorTotal, isReference: undefined, value: Object} @ http://localhost:3000/_next/static/chunks/11hm_next_dist_0m6rgog._.js:2441
[    1301ms] [LOG] [DEBUG] Renderizando celda: {columnId: valorTotal, isReference: undefined, value: Object} @ http://localhost:3000/_next/static/chunks/11hm_next_dist_0m6rgog._.js:2441
[    1301ms] [LOG] [DEBUG] Renderizando celda: {columnId: satisfaccion, isReference: undefined, value: Object} @ http://localhost:3000/_next/static/chunks/11hm_next_dist_0m6rgog._.js:2441
[    1301ms] [LOG] [DEBUG] Renderizando celda: {columnId: satisfaccion, isReference: undefined, value: Object} @ http://localhost:3000/_next/static/chunks/11hm_next_dist_0m6rgog._.js:2441
[    1301ms] [LOG] [DEBUG] Renderizando celda: {columnId: activo, isReference: undefined, value: Object} @ http://localhost:3000/_next/static/chunks/11hm_next_dist_0m6rgog._.js:2441
[    1301ms] [LOG] [DEBUG] Renderizando celda: {columnId: activo, isReference: undefined, value: Object} @ http://localhost:3000/_next/static/chunks/11hm_next_dist_0m6rgog._.js:2441
[    1302ms] [LOG] [DEBUG] Renderizando celda: {columnId: id, isReference: undefined, value: Object} @ http://localhost:3000/_next/static/chunks/11hm_next_dist_0m6rgog._.js:2441
[    1302ms] [LOG] [DEBUG] Renderizando celda: {columnId: id, isReference: undefined, value: Object} @ http://localhost:3000/_next/static/chunks/11hm_next_dist_0m6rgog._.js:2441
[    1302ms] [LOG] [DEBUG] Renderizando celda: {columnId: nombre, isReference: undefined, value: Object} @ http://localhost:3000/_next/static/chunks/11hm_next_dist_0m6rgog._.js:2441
[    1302ms] [LOG] [DEBUG] Renderizando celda: {columnId: nombre, isReference: undefined, value: Object} @ http://localhost:3000/_next/static/chunks/11hm_next_dist_0m6rgog._.js:2441
[    1302ms] [LOG] [DEBUG] Renderizando celda: {columnId: email, isReference: undefined, value: Object} @ http://localhost:3000/_next/static/chunks/11hm_next_dist_0m6rgog._.js:2441
[    1302ms] [LOG] [DEBUG] Renderizando celda: {columnId: email, isReference: undefined, value: Object} @ http://localhost:3000/_next/static/chunks/11hm_next_dist_0m6rgog._.js:2441
[    1302ms] [LOG] [DEBUG] Renderizando celda: {columnId: telefono, isReference: undefined, value: Object} @ http://localhost:3000/_next/static/chunks/11hm_next_dist_0m6rgog._.js:2441
[    1302ms] [LOG] [DEBUG] Renderizando celda: {columnId: telefono, isReference: undefined, value: Object} @ http://localhost:3000/_next/static/chunks/11hm_next_dist_0m6rgog._.js:2441
[    1302ms] [LOG] [DEBUG] Renderizando celda: {columnId: ciudad, isReference: undefined, value: Object} @ http://localhost:3000/_next/static/chunks/11hm_next_dist_0m6rgog._.js:2441
[    1302ms] [LOG] [DEBUG] Renderizando celda: {columnId: ciudad, isReference: undefined, value: Object} @ http://localhost:3000/_next/static/chunks/11hm_next_dist_0m6rgog._.js:2441
[    1302ms] [LOG] [DEBUG] Renderizando celda: {columnId: rol, isReference: undefined, value: Object} @ http://localhost:3000/_next/static/chunks/11hm_next_dist_0m6rgog._.js:2441
[    1302ms] [LOG] [DEBUG] Renderizando celda: {columnId: rol, isReference: undefined, value: Object} @ http://localhost:3000/_next/static/chunks/11hm_next_dist_0m6rgog._.js:2441
[    1303ms] [LOG] [DEBUG] Renderizando celda: {columnId: estado, isReference: undefined, value: Object} @ http://localhost:3000/_next/static/chunks/11hm_next_dist_0m6rgog._.js:2441
[    1303ms] [LOG] [DEBUG] Renderizando celda: {columnId: estado, isReference: undefined, value: Object} @ http://localhost:3000/_next/static/chunks/11hm_next_dist_0m6rgog._.js:2441
[    1303ms] [LOG] [DEBUG] Renderizando celda: {columnId: fechaRegistro, isReference: undefined, value: Object} @ http://localhost:3000/_next/static/chunks/11hm_next_dist_0m6rgog._.js:2441
[    1303ms] [LOG] [DEBUG] Renderizando celda: {columnId: fechaRegistro, isReference: undefined, value: Object} @ http://localhost:3000/_next/static/chunks/11hm_next_dist_0m6rgog._.js:2441
[    1303ms] [LOG] [DEBUG] Renderizando celda: {columnId: ultimoContacto, isReference: undefined, value: Object} @ http://localhost:3000/_next/static/chunks/11hm_next_dist_0m6rgog._.js:2441
[    1303ms] [LOG] [DEBUG] Renderizando celda: {columnId: ultimoContacto, isReference: undefined, value: Object} @ http://localhost:3000/_next/static/chunks/11hm_next_dist_0m6rgog._.js:2441
[    1303ms] [LOG] [DEBUG] Renderizando celda: {columnId: valorTotal, isReference: undefined, value: Object} @ http://localhost:3000/_next/static/chunks/11hm_next_dist_0m6rgog._.js:2441
[    1303ms] [LOG] [DEBUG] Renderizando celda: {columnId: valorTotal, isReference: undefined, value: Object} @ http://localhost:3000/_next/static/chunks/11hm_next_dist_0m6rgog._.js:2441
[    1303ms] [LOG] [DEBUG] Renderizando celda: {columnId: satisfaccion, isReference: undefined, value: Object} @ http://localhost:3000/_next/static/chunks/11hm_next_dist_0m6rgog._.js:2441
[    1303ms] [LOG] [DEBUG] Renderizando celda: {columnId: satisfaccion, isReference: undefined, value: Object} @ http://localhost:3000/_next/static/chunks/11hm_next_dist_0m6rgog._.js:2441
[    1303ms] [LOG] [DEBUG] Renderizando celda: {columnId: activo, isReference: undefined, value: Object} @ http://localhost:3000/_next/static/chunks/11hm_next_dist_0m6rgog._.js:2441
[    1303ms] [LOG] [DEBUG] Renderizando celda: {columnId: activo, isReference: undefined, value: Object} @ http://localhost:3000/_next/static/chunks/11hm_next_dist_0m6rgog._.js:2441
[    1304ms] [LOG] [DEBUG] Renderizando celda: {columnId: id, isReference: undefined, value: Object} @ http://localhost:3000/_next/static/chunks/11hm_next_dist_0m6rgog._.js:2441
[    1304ms] [LOG] [DEBUG] Renderizando celda: {columnId: id, isReference: undefined, value: Object} @ http://localhost:3000/_next/static/chunks/11hm_next_dist_0m6rgog._.js:2441
[    1304ms] [LOG] [DEBUG] Renderizando celda: {columnId: nombre, isReference: undefined, value: Object} @ http://localhost:3000/_next/static/chunks/11hm_next_dist_0m6rgog._.js:2441
[    1304ms] [LOG] [DEBUG] Renderizando celda: {columnId: nombre, isReference: undefined, value: Object} @ http://localhost:3000/_next/static/chunks/11hm_next_dist_0m6rgog._.js:2441
[    1304ms] [LOG] [DEBUG] Renderizando celda: {columnId: email, isReference: undefined, value: Object} @ http://localhost:3000/_next/static/chunks/11hm_next_dist_0m6rgog._.js:2441
[    1304ms] [LOG] [DEBUG] Renderizando celda: {columnId: email, isReference: undefined, value: Object} @ http://localhost:3000/_next/static/chunks/11hm_next_dist_0m6rgog._.js:2441
[    1305ms] [LOG] [DEBUG] Renderizando celda: {columnId: telefono, isReference: undefined, value: Object} @ http://localhost:3000/_next/static/chunks/11hm_next_dist_0m6rgog._.js:2441
[    1305ms] [LOG] [DEBUG] Renderizando celda: {columnId: telefono, isReference: undefined, value: Object} @ http://localhost:3000/_next/static/chunks/11hm_next_dist_0m6rgog._.js:2441
[    1305ms] [LOG] [DEBUG] Renderizando celda: {columnId: ciudad, isReference: undefined, value: Object} @ http://localhost:3000/_next/static/chunks/11hm_next_dist_0m6rgog._.js:2441
[    1305ms] [LOG] [DEBUG] Renderizando celda: {columnId: ciudad, isReference: undefined, value: Object} @ http://localhost:3000/_next/static/chunks/11hm_next_dist_0m6rgog._.js:2441
[    1305ms] [LOG] [DEBUG] Renderizando celda: {columnId: rol, isReference: undefined, value: Object} @ http://localhost:3000/_next/static/chunks/11hm_next_dist_0m6rgog._.js:2441
[    1305ms] [LOG] [DEBUG] Renderizando celda: {columnId: rol, isReference: undefined, value: Object} @ http://localhost:3000/_next/static/chunks/11hm_next_dist_0m6rgog._.js:2441
[    1305ms] [LOG] [DEBUG] Renderizando celda: {columnId: estado, isReference: undefined, value: Object} @ http://localhost:3000/_next/static/chunks/11hm_next_dist_0m6rgog._.js:2441
[    1305ms] [LOG] [DEBUG] Renderizando celda: {columnId: estado, isReference: undefined, value: Object} @ http://localhost:3000/_next/static/chunks/11hm_next_dist_0m6rgog._.js:2441
[    1305ms] [LOG] [DEBUG] Renderizando celda: {columnId: fechaRegistro, isReference: undefined, value: Object} @ http://localhost:3000/_next/static/chunks/11hm_next_dist_0m6rgog._.js:2441
[    1305ms] [LOG] [DEBUG] Renderizando celda: {columnId: fechaRegistro, isReference: undefined, value: Object} @ http://localhost:3000/_next/static/chunks/11hm_next_dist_0m6rgog._.js:2441
[    1305ms] [LOG] [DEBUG] Renderizando celda: {columnId: ultimoContacto, isReference: undefined, value: Object} @ http://localhost:3000/_next/static/chunks/11hm_next_dist_0m6rgog._.js:2441
[    1305ms] [LOG] [DEBUG] Renderizando celda: {columnId: ultimoContacto, isReference: undefined, value: Object} @ http://localhost:3000/_next/static/chunks/11hm_next_dist_0m6rgog._.js:2441
[    1305ms] [LOG] [DEBUG] Renderizando celda: {columnId: valorTotal, isReference: undefined, value: Object} @ http://localhost:3000/_next/static/chunks/11hm_next_dist_0m6rgog._.js:2441
[    1306ms] [LOG] [DEBUG] Renderizando celda: {columnId: valorTotal, isReference: undefined, value: Object} @ http://localhost:3000/_next/static/chunks/11hm_next_dist_0m6rgog._.js:2441
[    1306ms] [LOG] [DEBUG] Renderizando celda: {columnId: satisfaccion, isReference: undefined, value: Object} @ http://localhost:3000/_next/static/chunks/11hm_next_dist_0m6rgog._.js:2441
[    1306ms] [LOG] [DEBUG] Renderizando celda: {columnId: satisfaccion, isReference: undefined, value: Object} @ http://localhost:3000/_next/static/chunks/11hm_next_dist_0m6rgog._.js:2441
[    1306ms] [LOG] [DEBUG] Renderizando celda: {columnId: activo, isReference: undefined, value: Object} @ http://localhost:3000/_next/static/chunks/11hm_next_dist_0m6rgog._.js:2441
[    1306ms] [LOG] [DEBUG] Renderizando celda: {columnId: activo, isReference: undefined, value: Object} @ http://localhost:3000/_next/static/chunks/11hm_next_dist_0m6rgog._.js:2441
[    1306ms] [LOG] [DEBUG] Renderizando celda: {columnId: id, isReference: undefined, value: Object} @ http://localhost:3000/_next/static/chunks/11hm_next_dist_0m6rgog._.js:2441
[    1306ms] [LOG] [DEBUG] Renderizando celda: {columnId: id, isReference: undefined, value: Object} @ http://localhost:3000/_next/static/chunks/11hm_next_dist_0m6rgog._.js:2441
[    1307ms] [LOG] [DEBUG] Renderizando celda: {columnId: nombre, isReference: undefined, value: Object} @ http://localhost:3000/_next/static/chunks/11hm_next_dist_0m6rgog._.js:2441
[    1307ms] [LOG] [DEBUG] Renderizando celda: {columnId: nombre, isReference: undefined, value: Object} @ http://localhost:3000/_next/static/chunks/11hm_next_dist_0m6rgog._.js:2441
[    1307ms] [LOG] [DEBUG] Renderizando celda: {columnId: email, isReference: undefined, value: Object} @ http://localhost:3000/_next/static/chunks/11hm_next_dist_0m6rgog._.js:2441
[    1307ms] [LOG] [DEBUG] Renderizando celda: {columnId: email, isReference: undefined, value: Object} @ http://localhost:3000/_next/static/chunks/11hm_next_dist_0m6rgog._.js:2441
[    1307ms] [LOG] [DEBUG] Renderizando celda: {columnId: telefono, isReference: undefined, value: Object} @ http://localhost:3000/_next/static/chunks/11hm_next_dist_0m6rgog._.js:2441
[    1307ms] [LOG] [DEBUG] Renderizando celda: {columnId: telefono, isReference: undefined, value: Object} @ http://localhost:3000/_next/static/chunks/11hm_next_dist_0m6rgog._.js:2441
[    1307ms] [LOG] [DEBUG] Renderizando celda: {columnId: ciudad, isReference: undefined, value: Object} @ http://localhost:3000/_next/static/chunks/11hm_next_dist_0m6rgog._.js:2441
[    1307ms] [LOG] [DEBUG] Renderizando celda: {columnId: ciudad, isReference: undefined, value: Object} @ http://localhost:3000/_next/static/chunks/11hm_next_dist_0m6rgog._.js:2441
[    1307ms] [LOG] [DEBUG] Renderizando celda: {columnId: rol, isReference: undefined, value: Object} @ http://localhost:3000/_next/static/chunks/11hm_next_dist_0m6rgog._.js:2441
[    1307ms] [LOG] [DEBUG] Renderizando celda: {columnId: rol, isReference: undefined, value: Object} @ http://localhost:3000/_next/static/chunks/11hm_next_dist_0m6rgog._.js:2441
[    1307ms] [LOG] [DEBUG] Renderizando celda: {columnId: estado, isReference: undefined, value: Object} @ http://localhost:3000/_next/static/chunks/11hm_next_dist_0m6rgog._.js:2441
[    1307ms] [LOG] [DEBUG] Renderizando celda: {columnId: estado, isReference: undefined, value: Object} @ http://localhost:3000/_next/static/chunks/11hm_next_dist_0m6rgog._.js:2441
[    1307ms] [LOG] [DEBUG] Renderizando celda: {columnId: fechaRegistro, isReference: undefined, value: Object} @ http://localhost:3000/_next/static/chunks/11hm_next_dist_0m6rgog._.js:2441
[    1308ms] [LOG] [DEBUG] Renderizando celda: {columnId: fechaRegistro, isReference: undefined, value: Object} @ http://localhost:3000/_next/static/chunks/11hm_next_dist_0m6rgog._.js:2441
[    1308ms] [LOG] [DEBUG] Renderizando celda: {columnId: ultimoContacto, isReference: undefined, value: Object} @ http://localhost:3000/_next/static/chunks/11hm_next_dist_0m6rgog._.js:2441
[    1308ms] [LOG] [DEBUG] Renderizando celda: {columnId: ultimoContacto, isReference: undefined, value: Object} @ http://localhost:3000/_next/static/chunks/11hm_next_dist_0m6rgog._.js:2441
[    1308ms] [LOG] [DEBUG] Renderizando celda: {columnId: valorTotal, isReference: undefined, value: Object} @ http://localhost:3000/_next/static/chunks/11hm_next_dist_0m6rgog._.js:2441
[    1308ms] [LOG] [DEBUG] Renderizando celda: {columnId: valorTotal, isReference: undefined, value: Object} @ http://localhost:3000/_next/static/chunks/11hm_next_dist_0m6rgog._.js:2441
[    1308ms] [LOG] [DEBUG] Renderizando celda: {columnId: satisfaccion, isReference: undefined, value: Object} @ http://localhost:3000/_next/static/chunks/11hm_next_dist_0m6rgog._.js:2441
[    1308ms] [LOG] [DEBUG] Renderizando celda: {columnId: satisfaccion, isReference: undefined, value: Object} @ http://localhost:3000/_next/static/chunks/11hm_next_dist_0m6rgog._.js:2441
[    1308ms] [LOG] [DEBUG] Renderizando celda: {columnId: activo, isReference: undefined, value: Object} @ http://localhost:3000/_next/static/chunks/11hm_next_dist_0m6rgog._.js:2441
[    1308ms] [LOG] [DEBUG] Renderizando celda: {columnId: activo, isReference: undefined, value: Object} @ http://localhost:3000/_next/static/chunks/11hm_next_dist_0m6rgog._.js:2441
[    1311ms] [LOG] [DEBUG] Renderizando SecondaryTables: {level: 0, parentId: undefined, isLoading: true, arrayColumnsCount: 0, arrayColumns: Array(0)} @ http://localhost:3000/_next/static/chunks/11hm_next_dist_0m6rgog._.js:2441
[    1311ms] [LOG] [DEBUG] Renderizando SecondaryTables: {level: 0, parentId: undefined, isLoading: true, arrayColumnsCount: 0, arrayColumns: Array(0)} @ http://localhost:3000/_next/static/chunks/11hm_next_dist_0m6rgog._.js:2441
[    1575ms] [LOG] [DEBUG] Effective column order: {baseOrder: Array(14), pinnedColumnId: index, otherColumns: Array(13), hasActions: true, result: Array(15)} @ http://localhost:3000/_next/static/chunks/11hm_next_dist_0m6rgog._.js:2441
[    1575ms] [LOG] [DEBUG] Effective column order: {baseOrder: Array(14), pinnedColumnId: index, otherColumns: Array(13), hasActions: true, result: Array(15)} @ http://localhost:3000/_next/static/chunks/11hm_next_dist_0m6rgog._.js:2441
[    1576ms] [LOG] [DEBUG] Effective column order: {baseOrder: Array(14), pinnedColumnId: index, otherColumns: Array(13), hasActions: true, result: Array(15)} @ http://localhost:3000/_next/static/chunks/11hm_next_dist_0m6rgog._.js:2441
[    1576ms] [LOG] [DEBUG] Effective column order: {baseOrder: Array(14), pinnedColumnId: index, otherColumns: Array(13), hasActions: true, result: Array(15)} @ http://localhost:3000/_next/static/chunks/11hm_next_dist_0m6rgog._.js:2441
[    1583ms] [LOG] [DEBUG] Renderizando celda: {columnId: id, isReference: undefined, value: Object} @ http://localhost:3000/_next/static/chunks/11hm_next_dist_0m6rgog._.js:2441
[    1583ms] [LOG] [DEBUG] Renderizando celda: {columnId: id, isReference: undefined, value: Object} @ http://localhost:3000/_next/static/chunks/11hm_next_dist_0m6rgog._.js:2441
[    1583ms] [LOG] [DEBUG] Renderizando celda: {columnId: nombre, isReference: undefined, value: Object} @ http://localhost:3000/_next/static/chunks/11hm_next_dist_0m6rgog._.js:2441
[    1583ms] [LOG] [DEBUG] Renderizando celda: {columnId: nombre, isReference: undefined, value: Object} @ http://localhost:3000/_next/static/chunks/11hm_next_dist_0m6rgog._.js:2441
[    1583ms] [LOG] [DEBUG] Renderizando celda: {columnId: email, isReference: undefined, value: Object} @ http://localhost:3000/_next/static/chunks/11hm_next_dist_0m6rgog._.js:2441
[    1583ms] [LOG] [DEBUG] Renderizando celda: {columnId: email, isReference: undefined, value: Object} @ http://localhost:3000/_next/static/chunks/11hm_next_dist_0m6rgog._.js:2441
[    1584ms] [LOG] [DEBUG] Renderizando celda: {columnId: telefono, isReference: undefined, value: Object} @ http://localhost:3000/_next/static/chunks/11hm_next_dist_0m6rgog._.js:2441
[    1584ms] [LOG] [DEBUG] Renderizando celda: {columnId: telefono, isReference: undefined, value: Object} @ http://localhost:3000/_next/static/chunks/11hm_next_dist_0m6rgog._.js:2441
[    1584ms] [LOG] [DEBUG] Renderizando celda: {columnId: ciudad, isReference: undefined, value: Object} @ http://localhost:3000/_next/static/chunks/11hm_next_dist_0m6rgog._.js:2441
[    1584ms] [LOG] [DEBUG] Renderizando celda: {columnId: ciudad, isReference: undefined, value: Object} @ http://localhost:3000/_next/static/chunks/11hm_next_dist_0m6rgog._.js:2441
[    1584ms] [LOG] [DEBUG] Renderizando celda: {columnId: rol, isReference: undefined, value: Object} @ http://localhost:3000/_next/static/chunks/11hm_next_dist_0m6rgog._.js:2441
[    1584ms] [LOG] [DEBUG] Renderizando celda: {columnId: rol, isReference: undefined, value: Object} @ http://localhost:3000/_next/static/chunks/11hm_next_dist_0m6rgog._.js:2441
[    1584ms] [LOG] [DEBUG] Renderizando celda: {columnId: estado, isReference: undefined, value: Object} @ http://localhost:3000/_next/static/chunks/11hm_next_dist_0m6rgog._.js:2441
[    1584ms] [LOG] [DEBUG] Renderizando celda: {columnId: estado, isReference: undefined, value: Object} @ http://localhost:3000/_next/static/chunks/11hm_next_dist_0m6rgog._.js:2441
[    1584ms] [LOG] [DEBUG] Renderizando celda: {columnId: fechaRegistro, isReference: undefined, value: Object} @ http://localhost:3000/_next/static/chunks/11hm_next_dist_0m6rgog._.js:2441
[    1584ms] [LOG] [DEBUG] Renderizando celda: {columnId: fechaRegistro, isReference: undefined, value: Object} @ http://localhost:3000/_next/static/chunks/11hm_next_dist_0m6rgog._.js:2441
[    1584ms] [LOG] [DEBUG] Renderizando celda: {columnId: ultimoContacto, isReference: undefined, value: Object} @ http://localhost:3000/_next/static/chunks/11hm_next_dist_0m6rgog._.js:2441
[    1584ms] [LOG] [DEBUG] Renderizando celda: {columnId: ultimoContacto, isReference: undefined, value: Object} @ http://localhost:3000/_next/static/chunks/11hm_next_dist_0m6rgog._.js:2441
[    1584ms] [LOG] [DEBUG] Renderizando celda: {columnId: valorTotal, isReference: undefined, value: Object} @ http://localhost:3000/_next/static/chunks/11hm_next_dist_0m6rgog._.js:2441
[    1584ms] [LOG] [DEBUG] Renderizando celda: {columnId: valorTotal, isReference: undefined, value: Object} @ http://localhost:3000/_next/static/chunks/11hm_next_dist_0m6rgog._.js:2441
[    1584ms] [LOG] [DEBUG] Renderizando celda: {columnId: satisfaccion, isReference: undefined, value: Object} @ http://localhost:3000/_next/static/chunks/11hm_next_dist_0m6rgog._.js:2441
[    1584ms] [LOG] [DEBUG] Renderizando celda: {columnId: satisfaccion, isReference: undefined, value: Object} @ http://localhost:3000/_next/static/chunks/11hm_next_dist_0m6rgog._.js:2441
[    1584ms] [LOG] [DEBUG] Renderizando celda: {columnId: activo, isReference: undefined, value: Object} @ http://localhost:3000/_next/static/chunks/11hm_next_dist_0m6rgog._.js:2441
[    1585ms] [LOG] [DEBUG] Renderizando celda: {columnId: activo, isReference: undefined, value: Object} @ http://localhost:3000/_next/static/chunks/11hm_next_dist_0m6rgog._.js:2441
[    1585ms] [LOG] [DEBUG] Renderizando celda: {columnId: id, isReference: undefined, value: Object} @ http://localhost:3000/_next/static/chunks/11hm_next_dist_0m6rgog._.js:2441
[    1585ms] [LOG] [DEBUG] Renderizando celda: {columnId: id, isReference: undefined, value: Object} @ http://localhost:3000/_next/static/chunks/11hm_next_dist_0m6rgog._.js:2441
[    1585ms] [LOG] [DEBUG] Renderizando celda: {columnId: nombre, isReference: undefined, value: Object} @ http://localhost:3000/_next/static/chunks/11hm_next_dist_0m6rgog._.js:2441
[    1585ms] [LOG] [DEBUG] Renderizando celda: {columnId: nombre, isReference: undefined, value: Object} @ http://localhost:3000/_next/static/chunks/11hm_next_dist_0m6rgog._.js:2441
[    1586ms] [LOG] [DEBUG] Renderizando celda: {columnId: email, isReference: undefined, value: Object} @ http://localhost:3000/_next/static/chunks/11hm_next_dist_0m6rgog._.js:2441
[    1586ms] [LOG] [DEBUG] Renderizando celda: {columnId: email, isReference: undefined, value: Object} @ http://localhost:3000/_next/static/chunks/11hm_next_dist_0m6rgog._.js:2441
[    1586ms] [LOG] [DEBUG] Renderizando celda: {columnId: telefono, isReference: undefined, value: Object} @ http://localhost:3000/_next/static/chunks/11hm_next_dist_0m6rgog._.js:2441
[    1586ms] [LOG] [DEBUG] Renderizando celda: {columnId: telefono, isReference: undefined, value: Object} @ http://localhost:3000/_next/static/chunks/11hm_next_dist_0m6rgog._.js:2441
[    1586ms] [LOG] [DEBUG] Renderizando celda: {columnId: ciudad, isReference: undefined, value: Object} @ http://localhost:3000/_next/static/chunks/11hm_next_dist_0m6rgog._.js:2441
[    1586ms] [LOG] [DEBUG] Renderizando celda: {columnId: ciudad, isReference: undefined, value: Object} @ http://localhost:3000/_next/static/chunks/11hm_next_dist_0m6rgog._.js:2441
[    1586ms] [LOG] [DEBUG] Renderizando celda: {columnId: rol, isReference: undefined, value: Object} @ http://localhost:3000/_next/static/chunks/11hm_next_dist_0m6rgog._.js:2441
[    1586ms] [LOG] [DEBUG] Renderizando celda: {columnId: rol, isReference: undefined, value: Object} @ http://localhost:3000/_next/static/chunks/11hm_next_dist_0m6rgog._.js:2441
[    1586ms] [LOG] [DEBUG] Renderizando celda: {columnId: estado, isReference: undefined, value: Object} @ http://localhost:3000/_next/static/chunks/11hm_next_dist_0m6rgog._.js:2441
[    1586ms] [LOG] [DEBUG] Renderizando celda: {columnId: estado, isReference: undefined, value: Object} @ http://localhost:3000/_next/static/chunks/11hm_next_dist_0m6rgog._.js:2441
[    1586ms] [LOG] [DEBUG] Renderizando celda: {columnId: fechaRegistro, isReference: undefined, value: Object} @ http://localhost:3000/_next/static/chunks/11hm_next_dist_0m6rgog._.js:2441
[    1586ms] [LOG] [DEBUG] Renderizando celda: {columnId: fechaRegistro, isReference: undefined, value: Object} @ http://localhost:3000/_next/static/chunks/11hm_next_dist_0m6rgog._.js:2441
[    1587ms] [LOG] [DEBUG] Renderizando celda: {columnId: ultimoContacto, isReference: undefined, value: Object} @ http://localhost:3000/_next/static/chunks/11hm_next_dist_0m6rgog._.js:2441
[    1587ms] [LOG] [DEBUG] Renderizando celda: {columnId: ultimoContacto, isReference: undefined, value: Object} @ http://localhost:3000/_next/static/chunks/11hm_next_dist_0m6rgog._.js:2441
[    1587ms] [LOG] [DEBUG] Renderizando celda: {columnId: valorTotal, isReference: undefined, value: Object} @ http://localhost:3000/_next/static/chunks/11hm_next_dist_0m6rgog._.js:2441
[    1587ms] [LOG] [DEBUG] Renderizando celda: {columnId: valorTotal, isReference: undefined, value: Object} @ http://localhost:3000/_next/static/chunks/11hm_next_dist_0m6rgog._.js:2441
[    1587ms] [LOG] [DEBUG] Renderizando celda: {columnId: satisfaccion, isReference: undefined, value: Object} @ http://localhost:3000/_next/static/chunks/11hm_next_dist_0m6rgog._.js:2441
[    1587ms] [LOG] [DEBUG] Renderizando celda: {columnId: satisfaccion, isReference: undefined, value: Object} @ http://localhost:3000/_next/static/chunks/11hm_next_dist_0m6rgog._.js:2441
[    1587ms] [LOG] [DEBUG] Renderizando celda: {columnId: activo, isReference: undefined, value: Object} @ http://localhost:3000/_next/static/chunks/11hm_next_dist_0m6rgog._.js:2441
[    1587ms] [LOG] [DEBUG] Renderizando celda: {columnId: activo, isReference: undefined, value: Object} @ http://localhost:3000/_next/static/chunks/11hm_next_dist_0m6rgog._.js:2441
[    1588ms] [LOG] [DEBUG] Renderizando celda: {columnId: id, isReference: undefined, value: Object} @ http://localhost:3000/_next/static/chunks/11hm_next_dist_0m6rgog._.js:2441
[    1588ms] [LOG] [DEBUG] Renderizando celda: {columnId: id, isReference: undefined, value: Object} @ http://localhost:3000/_next/static/chunks/11hm_next_dist_0m6rgog._.js:2441
[    1588ms] [LOG] [DEBUG] Renderizando celda: {columnId: nombre, isReference: undefined, value: Object} @ http://localhost:3000/_next/static/chunks/11hm_next_dist_0m6rgog._.js:2441
[    1588ms] [LOG] [DEBUG] Renderizando celda: {columnId: nombre, isReference: undefined, value: Object} @ http://localhost:3000/_next/static/chunks/11hm_next_dist_0m6rgog._.js:2441
[    1588ms] [LOG] [DEBUG] Renderizando celda: {columnId: email, isReference: undefined, value: Object} @ http://localhost:3000/_next/static/chunks/11hm_next_dist_0m6rgog._.js:2441
[    1588ms] [LOG] [DEBUG] Renderizando celda: {columnId: email, isReference: undefined, value: Object} @ http://localhost:3000/_next/static/chunks/11hm_next_dist_0m6rgog._.js:2441
[    1588ms] [LOG] [DEBUG] Renderizando celda: {columnId: telefono, isReference: undefined, value: Object} @ http://localhost:3000/_next/static/chunks/11hm_next_dist_0m6rgog._.js:2441
[    1588ms] [LOG] [DEBUG] Renderizando celda: {columnId: telefono, isReference: undefined, value: Object} @ http://localhost:3000/_next/static/chunks/11hm_next_dist_0m6rgog._.js:2441
[    1588ms] [LOG] [DEBUG] Renderizando celda: {columnId: ciudad, isReference: undefined, value: Object} @ http://localhost:3000/_next/static/chunks/11hm_next_dist_0m6rgog._.js:2441
[    1588ms] [LOG] [DEBUG] Renderizando celda: {columnId: ciudad, isReference: undefined, value: Object} @ http://localhost:3000/_next/static/chunks/11hm_next_dist_0m6rgog._.js:2441
[    1589ms] [LOG] [DEBUG] Renderizando celda: {columnId: rol, isReference: undefined, value: Object} @ http://localhost:3000/_next/static/chunks/11hm_next_dist_0m6rgog._.js:2441
[    1589ms] [LOG] [DEBUG] Renderizando celda: {columnId: rol, isReference: undefined, value: Object} @ http://localhost:3000/_next/static/chunks/11hm_next_dist_0m6rgog._.js:2441
[    1589ms] [LOG] [DEBUG] Renderizando celda: {columnId: estado, isReference: undefined, value: Object} @ http://localhost:3000/_next/static/chunks/11hm_next_dist_0m6rgog._.js:2441
[    1589ms] [LOG] [DEBUG] Renderizando celda: {columnId: estado, isReference: undefined, value: Object} @ http://localhost:3000/_next/static/chunks/11hm_next_dist_0m6rgog._.js:2441
[    1589ms] [LOG] [DEBUG] Renderizando celda: {columnId: fechaRegistro, isReference: undefined, value: Object} @ http://localhost:3000/_next/static/chunks/11hm_next_dist_0m6rgog._.js:2441
[    1589ms] [LOG] [DEBUG] Renderizando celda: {columnId: fechaRegistro, isReference: undefined, value: Object} @ http://localhost:3000/_next/static/chunks/11hm_next_dist_0m6rgog._.js:2441
[    1589ms] [LOG] [DEBUG] Renderizando celda: {columnId: ultimoContacto, isReference: undefined, value: Object} @ http://localhost:3000/_next/static/chunks/11hm_next_dist_0m6rgog._.js:2441
[    1589ms] [LOG] [DEBUG] Renderizando celda: {columnId: ultimoContacto, isReference: undefined, value: Object} @ http://localhost:3000/_next/static/chunks/11hm_next_dist_0m6rgog._.js:2441
[    1589ms] [LOG] [DEBUG] Renderizando celda: {columnId: valorTotal, isReference: undefined, value: Object} @ http://localhost:3000/_next/static/chunks/11hm_next_dist_0m6rgog._.js:2441
[    1589ms] [LOG] [DEBUG] Renderizando celda: {columnId: valorTotal, isReference: undefined, value: Object} @ http://localhost:3000/_next/static/chunks/11hm_next_dist_0m6rgog._.js:2441
[    1589ms] [LOG] [DEBUG] Renderizando celda: {columnId: satisfaccion, isReference: undefined, value: Object} @ http://localhost:3000/_next/static/chunks/11hm_next_dist_0m6rgog._.js:2441
[    1589ms] [LOG] [DEBUG] Renderizando celda: {columnId: satisfaccion, isReference: undefined, value: Object} @ http://localhost:3000/_next/static/chunks/11hm_next_dist_0m6rgog._.js:2441
[    1589ms] [LOG] [DEBUG] Renderizando celda: {columnId: activo, isReference: undefined, value: Object} @ http://localhost:3000/_next/static/chunks/11hm_next_dist_0m6rgog._.js:2441
[    1589ms] [LOG] [DEBUG] Renderizando celda: {columnId: activo, isReference: undefined, value: Object} @ http://localhost:3000/_next/static/chunks/11hm_next_dist_0m6rgog._.js:2441
[    1590ms] [LOG] [DEBUG] Renderizando celda: {columnId: id, isReference: undefined, value: Object} @ http://localhost:3000/_next/static/chunks/11hm_next_dist_0m6rgog._.js:2441
[    1590ms] [LOG] [DEBUG] Renderizando celda: {columnId: id, isReference: undefined, value: Object} @ http://localhost:3000/_next/static/chunks/11hm_next_dist_0m6rgog._.js:2441
[    1590ms] [LOG] [DEBUG] Renderizando celda: {columnId: nombre, isReference: undefined, value: Object} @ http://localhost:3000/_next/static/chunks/11hm_next_dist_0m6rgog._.js:2441
[    1590ms] [LOG] [DEBUG] Renderizando celda: {columnId: nombre, isReference: undefined, value: Object} @ http://localhost:3000/_next/static/chunks/11hm_next_dist_0m6rgog._.js:2441
[    1590ms] [LOG] [DEBUG] Renderizando celda: {columnId: email, isReference: undefined, value: Object} @ http://localhost:3000/_next/static/chunks/11hm_next_dist_0m6rgog._.js:2441
[    1590ms] [LOG] [DEBUG] Renderizando celda: {columnId: email, isReference: undefined, value: Object} @ http://localhost:3000/_next/static/chunks/11hm_next_dist_0m6rgog._.js:2441
[    1590ms] [LOG] [DEBUG] Renderizando celda: {columnId: telefono, isReference: undefined, value: Object} @ http://localhost:3000/_next/static/chunks/11hm_next_dist_0m6rgog._.js:2441
[    1590ms] [LOG] [DEBUG] Renderizando celda: {columnId: telefono, isReference: undefined, value: Object} @ http://localhost:3000/_next/static/chunks/11hm_next_dist_0m6rgog._.js:2441
[    1591ms] [LOG] [DEBUG] Renderizando celda: {columnId: ciudad, isReference: undefined, value: Object} @ http://localhost:3000/_next/static/chunks/11hm_next_dist_0m6rgog._.js:2441
[    1591ms] [LOG] [DEBUG] Renderizando celda: {columnId: ciudad, isReference: undefined, value: Object} @ http://localhost:3000/_next/static/chunks/11hm_next_dist_0m6rgog._.js:2441
[    1591ms] [LOG] [DEBUG] Renderizando celda: {columnId: rol, isReference: undefined, value: Object} @ http://localhost:3000/_next/static/chunks/11hm_next_dist_0m6rgog._.js:2441
[    1591ms] [LOG] [DEBUG] Renderizando celda: {columnId: rol, isReference: undefined, value: Object} @ http://localhost:3000/_next/static/chunks/11hm_next_dist_0m6rgog._.js:2441
[    1591ms] [LOG] [DEBUG] Renderizando celda: {columnId: estado, isReference: undefined, value: Object} @ http://localhost:3000/_next/static/chunks/11hm_next_dist_0m6rgog._.js:2441
[    1591ms] [LOG] [DEBUG] Renderizando celda: {columnId: estado, isReference: undefined, value: Object} @ http://localhost:3000/_next/static/chunks/11hm_next_dist_0m6rgog._.js:2441
[    1591ms] [LOG] [DEBUG] Renderizando celda: {columnId: fechaRegistro, isReference: undefined, value: Object} @ http://localhost:3000/_next/static/chunks/11hm_next_dist_0m6rgog._.js:2441
[    1591ms] [LOG] [DEBUG] Renderizando celda: {columnId: fechaRegistro, isReference: undefined, value: Object} @ http://localhost:3000/_next/static/chunks/11hm_next_dist_0m6rgog._.js:2441
[    1591ms] [LOG] [DEBUG] Renderizando celda: {columnId: ultimoContacto, isReference: undefined, value: Object} @ http://localhost:3000/_next/static/chunks/11hm_next_dist_0m6rgog._.js:2441
[    1591ms] [LOG] [DEBUG] Renderizando celda: {columnId: ultimoContacto, isReference: undefined, value: Object} @ http://localhost:3000/_next/static/chunks/11hm_next_dist_0m6rgog._.js:2441
[    1591ms] [LOG] [DEBUG] Renderizando celda: {columnId: valorTotal, isReference: undefined, value: Object} @ http://localhost:3000/_next/static/chunks/11hm_next_dist_0m6rgog._.js:2441
[    1591ms] [LOG] [DEBUG] Renderizando celda: {columnId: valorTotal, isReference: undefined, value: Object} @ http://localhost:3000/_next/static/chunks/11hm_next_dist_0m6rgog._.js:2441
[    1591ms] [LOG] [DEBUG] Renderizando celda: {columnId: satisfaccion, isReference: undefined, value: Object} @ http://localhost:3000/_next/static/chunks/11hm_next_dist_0m6rgog._.js:2441
[    1591ms] [LOG] [DEBUG] Renderizando celda: {columnId: satisfaccion, isReference: undefined, value: Object} @ http://localhost:3000/_next/static/chunks/11hm_next_dist_0m6rgog._.js:2441
[    1591ms] [LOG] [DEBUG] Renderizando celda: {columnId: activo, isReference: undefined, value: Object} @ http://localhost:3000/_next/static/chunks/11hm_next_dist_0m6rgog._.js:2441
[    1591ms] [LOG] [DEBUG] Renderizando celda: {columnId: activo, isReference: undefined, value: Object} @ http://localhost:3000/_next/static/chunks/11hm_next_dist_0m6rgog._.js:2441
[    1592ms] [LOG] [DEBUG] Renderizando celda: {columnId: id, isReference: undefined, value: Object} @ http://localhost:3000/_next/static/chunks/11hm_next_dist_0m6rgog._.js:2441
[    1592ms] [LOG] [DEBUG] Renderizando celda: {columnId: id, isReference: undefined, value: Object} @ http://localhost:3000/_next/static/chunks/11hm_next_dist_0m6rgog._.js:2441
[    1592ms] [LOG] [DEBUG] Renderizando celda: {columnId: nombre, isReference: undefined, value: Object} @ http://localhost:3000/_next/static/chunks/11hm_next_dist_0m6rgog._.js:2441
[    1592ms] [LOG] [DEBUG] Renderizando celda: {columnId: nombre, isReference: undefined, value: Object} @ http://localhost:3000/_next/static/chunks/11hm_next_dist_0m6rgog._.js:2441
[    1592ms] [LOG] [DEBUG] Renderizando celda: {columnId: email, isReference: undefined, value: Object} @ http://localhost:3000/_next/static/chunks/11hm_next_dist_0m6rgog._.js:2441
[    1592ms] [LOG] [DEBUG] Renderizando celda: {columnId: email, isReference: undefined, value: Object} @ http://localhost:3000/_next/static/chunks/11hm_next_dist_0m6rgog._.js:2441
[    1592ms] [LOG] [DEBUG] Renderizando celda: {columnId: telefono, isReference: undefined, value: Object} @ http://localhost:3000/_next/static/chunks/11hm_next_dist_0m6rgog._.js:2441
[    1592ms] [LOG] [DEBUG] Renderizando celda: {columnId: telefono, isReference: undefined, value: Object} @ http://localhost:3000/_next/static/chunks/11hm_next_dist_0m6rgog._.js:2441
[    1593ms] [LOG] [DEBUG] Renderizando celda: {columnId: ciudad, isReference: undefined, value: Object} @ http://localhost:3000/_next/static/chunks/11hm_next_dist_0m6rgog._.js:2441
[    1593ms] [LOG] [DEBUG] Renderizando celda: {columnId: ciudad, isReference: undefined, value: Object} @ http://localhost:3000/_next/static/chunks/11hm_next_dist_0m6rgog._.js:2441
[    1593ms] [LOG] [DEBUG] Renderizando celda: {columnId: rol, isReference: undefined, value: Object} @ http://localhost:3000/_next/static/chunks/11hm_next_dist_0m6rgog._.js:2441
[    1593ms] [LOG] [DEBUG] Renderizando celda: {columnId: rol, isReference: undefined, value: Object} @ http://localhost:3000/_next/static/chunks/11hm_next_dist_0m6rgog._.js:2441
[    1593ms] [LOG] [DEBUG] Renderizando celda: {columnId: estado, isReference: undefined, value: Object} @ http://localhost:3000/_next/static/chunks/11hm_next_dist_0m6rgog._.js:2441
[    1593ms] [LOG] [DEBUG] Renderizando celda: {columnId: estado, isReference: undefined, value: Object} @ http://localhost:3000/_next/static/chunks/11hm_next_dist_0m6rgog._.js:2441
[    1593ms] [LOG] [DEBUG] Renderizando celda: {columnId: fechaRegistro, isReference: undefined, value: Object} @ http://localhost:3000/_next/static/chunks/11hm_next_dist_0m6rgog._.js:2441
[    1593ms] [LOG] [DEBUG] Renderizando celda: {columnId: fechaRegistro, isReference: undefined, value: Object} @ http://localhost:3000/_next/static/chunks/11hm_next_dist_0m6rgog._.js:2441
[    1593ms] [LOG] [DEBUG] Renderizando celda: {columnId: ultimoContacto, isReference: undefined, value: Object} @ http://localhost:3000/_next/static/chunks/11hm_next_dist_0m6rgog._.js:2441
[    1593ms] [LOG] [DEBUG] Renderizando celda: {columnId: ultimoContacto, isReference: undefined, value: Object} @ http://localhost:3000/_next/static/chunks/11hm_next_dist_0m6rgog._.js:2441
[    1593ms] [LOG] [DEBUG] Renderizando celda: {columnId: valorTotal, isReference: undefined, value: Object} @ http://localhost:3000/_next/static/chunks/11hm_next_dist_0m6rgog._.js:2441
[    1593ms] [LOG] [DEBUG] Renderizando celda: {columnId: valorTotal, isReference: undefined, value: Object} @ http://localhost:3000/_next/static/chunks/11hm_next_dist_0m6rgog._.js:2441
[    1593ms] [LOG] [DEBUG] Renderizando celda: {columnId: satisfaccion, isReference: undefined, value: Object} @ http://localhost:3000/_next/static/chunks/11hm_next_dist_0m6rgog._.js:2441
[    1593ms] [LOG] [DEBUG] Renderizando celda: {columnId: satisfaccion, isReference: undefined, value: Object} @ http://localhost:3000/_next/static/chunks/11hm_next_dist_0m6rgog._.js:2441
[    1593ms] [LOG] [DEBUG] Renderizando celda: {columnId: activo, isReference: undefined, value: Object} @ http://localhost:3000/_next/static/chunks/11hm_next_dist_0m6rgog._.js:2441
[    1593ms] [LOG] [DEBUG] Renderizando celda: {columnId: activo, isReference: undefined, value: Object} @ http://localhost:3000/_next/static/chunks/11hm_next_dist_0m6rgog._.js:2441
[    1594ms] [LOG] [DEBUG] Renderizando celda: {columnId: id, isReference: undefined, value: Object} @ http://localhost:3000/_next/static/chunks/11hm_next_dist_0m6rgog._.js:2441
[    1594ms] [LOG] [DEBUG] Renderizando celda: {columnId: id, isReference: undefined, value: Object} @ http://localhost:3000/_next/static/chunks/11hm_next_dist_0m6rgog._.js:2441
[    1594ms] [LOG] [DEBUG] Renderizando celda: {columnId: nombre, isReference: undefined, value: Object} @ http://localhost:3000/_next/static/chunks/11hm_next_dist_0m6rgog._.js:2441
[    1594ms] [LOG] [DEBUG] Renderizando celda: {columnId: nombre, isReference: undefined, value: Object} @ http://localhost:3000/_next/static/chunks/11hm_next_dist_0m6rgog._.js:2441
[    1594ms] [LOG] [DEBUG] Renderizando celda: {columnId: email, isReference: undefined, value: Object} @ http://localhost:3000/_next/static/chunks/11hm_next_dist_0m6rgog._.js:2441
[    1594ms] [LOG] [DEBUG] Renderizando celda: {columnId: email, isReference: undefined, value: Object} @ http://localhost:3000/_next/static/chunks/11hm_next_dist_0m6rgog._.js:2441
[    1594ms] [LOG] [DEBUG] Renderizando celda: {columnId: telefono, isReference: undefined, value: Object} @ http://localhost:3000/_next/static/chunks/11hm_next_dist_0m6rgog._.js:2441
[    1594ms] [LOG] [DEBUG] Renderizando celda: {columnId: telefono, isReference: undefined, value: Object} @ http://localhost:3000/_next/static/chunks/11hm_next_dist_0m6rgog._.js:2441
[    1595ms] [LOG] [DEBUG] Renderizando celda: {columnId: ciudad, isReference: undefined, value: Object} @ http://localhost:3000/_next/static/chunks/11hm_next_dist_0m6rgog._.js:2441
[    1595ms] [LOG] [DEBUG] Renderizando celda: {columnId: ciudad, isReference: undefined, value: Object} @ http://localhost:3000/_next/static/chunks/11hm_next_dist_0m6rgog._.js:2441
[    1595ms] [LOG] [DEBUG] Renderizando celda: {columnId: rol, isReference: undefined, value: Object} @ http://localhost:3000/_next/static/chunks/11hm_next_dist_0m6rgog._.js:2441
[    1595ms] [LOG] [DEBUG] Renderizando celda: {columnId: rol, isReference: undefined, value: Object} @ http://localhost:3000/_next/static/chunks/11hm_next_dist_0m6rgog._.js:2441
[    1595ms] [LOG] [DEBUG] Renderizando celda: {columnId: estado, isReference: undefined, value: Object} @ http://localhost:3000/_next/static/chunks/11hm_next_dist_0m6rgog._.js:2441
[    1595ms] [LOG] [DEBUG] Renderizando celda: {columnId: estado, isReference: undefined, value: Object} @ http://localhost:3000/_next/static/chunks/11hm_next_dist_0m6rgog._.js:2441
[    1595ms] [LOG] [DEBUG] Renderizando celda: {columnId: fechaRegistro, isReference: undefined, value: Object} @ http://localhost:3000/_next/static/chunks/11hm_next_dist_0m6rgog._.js:2441
[    1595ms] [LOG] [DEBUG] Renderizando celda: {columnId: fechaRegistro, isReference: undefined, value: Object} @ http://localhost:3000/_next/static/chunks/11hm_next_dist_0m6rgog._.js:2441
[    1595ms] [LOG] [DEBUG] Renderizando celda: {columnId: ultimoContacto, isReference: undefined, value: Object} @ http://localhost:3000/_next/static/chunks/11hm_next_dist_0m6rgog._.js:2441
[    1595ms] [LOG] [DEBUG] Renderizando celda: {columnId: ultimoContacto, isReference: undefined, value: Object} @ http://localhost:3000/_next/static/chunks/11hm_next_dist_0m6rgog._.js:2441
[    1595ms] [LOG] [DEBUG] Renderizando celda: {columnId: valorTotal, isReference: undefined, value: Object} @ http://localhost:3000/_next/static/chunks/11hm_next_dist_0m6rgog._.js:2441
[    1595ms] [LOG] [DEBUG] Renderizando celda: {columnId: valorTotal, isReference: undefined, value: Object} @ http://localhost:3000/_next/static/chunks/11hm_next_dist_0m6rgog._.js:2441
[    1595ms] [LOG] [DEBUG] Renderizando celda: {columnId: satisfaccion, isReference: undefined, value: Object} @ http://localhost:3000/_next/static/chunks/11hm_next_dist_0m6rgog._.js:2441
[    1595ms] [LOG] [DEBUG] Renderizando celda: {columnId: satisfaccion, isReference: undefined, value: Object} @ http://localhost:3000/_next/static/chunks/11hm_next_dist_0m6rgog._.js:2441
[    1595ms] [LOG] [DEBUG] Renderizando celda: {columnId: activo, isReference: undefined, value: Object} @ http://localhost:3000/_next/static/chunks/11hm_next_dist_0m6rgog._.js:2441
[    1595ms] [LOG] [DEBUG] Renderizando celda: {columnId: activo, isReference: undefined, value: Object} @ http://localhost:3000/_next/static/chunks/11hm_next_dist_0m6rgog._.js:2441
[    1596ms] [LOG] [DEBUG] Renderizando celda: {columnId: id, isReference: undefined, value: Object} @ http://localhost:3000/_next/static/chunks/11hm_next_dist_0m6rgog._.js:2441
[    1596ms] [LOG] [DEBUG] Renderizando celda: {columnId: id, isReference: undefined, value: Object} @ http://localhost:3000/_next/static/chunks/11hm_next_dist_0m6rgog._.js:2441
[    1596ms] [LOG] [DEBUG] Renderizando celda: {columnId: nombre, isReference: undefined, value: Object} @ http://localhost:3000/_next/static/chunks/11hm_next_dist_0m6rgog._.js:2441
[    1596ms] [LOG] [DEBUG] Renderizando celda: {columnId: nombre, isReference: undefined, value: Object} @ http://localhost:3000/_next/static/chunks/11hm_next_dist_0m6rgog._.js:2441
[    1596ms] [LOG] [DEBUG] Renderizando celda: {columnId: email, isReference: undefined, value: Object} @ http://localhost:3000/_next/static/chunks/11hm_next_dist_0m6rgog._.js:2441
[    1596ms] [LOG] [DEBUG] Renderizando celda: {columnId: email, isReference: undefined, value: Object} @ http://localhost:3000/_next/static/chunks/11hm_next_dist_0m6rgog._.js:2441
[    1596ms] [LOG] [DEBUG] Renderizando celda: {columnId: telefono, isReference: undefined, value: Object} @ http://localhost:3000/_next/static/chunks/11hm_next_dist_0m6rgog._.js:2441
[    1597ms] [LOG] [DEBUG] Renderizando celda: {columnId: telefono, isReference: undefined, value: Object} @ http://localhost:3000/_next/static/chunks/11hm_next_dist_0m6rgog._.js:2441
[    1597ms] [LOG] [DEBUG] Renderizando celda: {columnId: ciudad, isReference: undefined, value: Object} @ http://localhost:3000/_next/static/chunks/11hm_next_dist_0m6rgog._.js:2441
[    1597ms] [LOG] [DEBUG] Renderizando celda: {columnId: ciudad, isReference: undefined, value: Object} @ http://localhost:3000/_next/static/chunks/11hm_next_dist_0m6rgog._.js:2441
[    1597ms] [LOG] [DEBUG] Renderizando celda: {columnId: rol, isReference: undefined, value: Object} @ http://localhost:3000/_next/static/chunks/11hm_next_dist_0m6rgog._.js:2441
[    1597ms] [LOG] [DEBUG] Renderizando celda: {columnId: rol, isReference: undefined, value: Object} @ http://localhost:3000/_next/static/chunks/11hm_next_dist_0m6rgog._.js:2441
[    1597ms] [LOG] [DEBUG] Renderizando celda: {columnId: estado, isReference: undefined, value: Object} @ http://localhost:3000/_next/static/chunks/11hm_next_dist_0m6rgog._.js:2441
[    1597ms] [LOG] [DEBUG] Renderizando celda: {columnId: estado, isReference: undefined, value: Object} @ http://localhost:3000/_next/static/chunks/11hm_next_dist_0m6rgog._.js:2441
[    1597ms] [LOG] [DEBUG] Renderizando celda: {columnId: fechaRegistro, isReference: undefined, value: Object} @ http://localhost:3000/_next/static/chunks/11hm_next_dist_0m6rgog._.js:2441
[    1597ms] [LOG] [DEBUG] Renderizando celda: {columnId: fechaRegistro, isReference: undefined, value: Object} @ http://localhost:3000/_next/static/chunks/11hm_next_dist_0m6rgog._.js:2441
[    1597ms] [LOG] [DEBUG] Renderizando celda: {columnId: ultimoContacto, isReference: undefined, value: Object} @ http://localhost:3000/_next/static/chunks/11hm_next_dist_0m6rgog._.js:2441
[    1597ms] [LOG] [DEBUG] Renderizando celda: {columnId: ultimoContacto, isReference: undefined, value: Object} @ http://localhost:3000/_next/static/chunks/11hm_next_dist_0m6rgog._.js:2441
[    1597ms] [LOG] [DEBUG] Renderizando celda: {columnId: valorTotal, isReference: undefined, value: Object} @ http://localhost:3000/_next/static/chunks/11hm_next_dist_0m6rgog._.js:2441
[    1597ms] [LOG] [DEBUG] Renderizando celda: {columnId: valorTotal, isReference: undefined, value: Object} @ http://localhost:3000/_next/static/chunks/11hm_next_dist_0m6rgog._.js:2441
[    1597ms] [LOG] [DEBUG] Renderizando celda: {columnId: satisfaccion, isReference: undefined, value: Object} @ http://localhost:3000/_next/static/chunks/11hm_next_dist_0m6rgog._.js:2441
[    1597ms] [LOG] [DEBUG] Renderizando celda: {columnId: satisfaccion, isReference: undefined, value: Object} @ http://localhost:3000/_next/static/chunks/11hm_next_dist_0m6rgog._.js:2441
[    1597ms] [LOG] [DEBUG] Renderizando celda: {columnId: activo, isReference: undefined, value: Object} @ http://localhost:3000/_next/static/chunks/11hm_next_dist_0m6rgog._.js:2441
[    1597ms] [LOG] [DEBUG] Renderizando celda: {columnId: activo, isReference: undefined, value: Object} @ http://localhost:3000/_next/static/chunks/11hm_next_dist_0m6rgog._.js:2441
[    1598ms] [LOG] [DEBUG] Renderizando celda: {columnId: id, isReference: undefined, value: Object} @ http://localhost:3000/_next/static/chunks/11hm_next_dist_0m6rgog._.js:2441
[    1598ms] [LOG] [DEBUG] Renderizando celda: {columnId: id, isReference: undefined, value: Object} @ http://localhost:3000/_next/static/chunks/11hm_next_dist_0m6rgog._.js:2441
[    1598ms] [LOG] [DEBUG] Renderizando celda: {columnId: nombre, isReference: undefined, value: Object} @ http://localhost:3000/_next/static/chunks/11hm_next_dist_0m6rgog._.js:2441
[    1598ms] [LOG] [DEBUG] Renderizando celda: {columnId: nombre, isReference: undefined, value: Object} @ http://localhost:3000/_next/static/chunks/11hm_next_dist_0m6rgog._.js:2441
[    1598ms] [LOG] [DEBUG] Renderizando celda: {columnId: email, isReference: undefined, value: Object} @ http://localhost:3000/_next/static/chunks/11hm_next_dist_0m6rgog._.js:2441
[    1598ms] [LOG] [DEBUG] Renderizando celda: {columnId: email, isReference: undefined, value: Object} @ http://localhost:3000/_next/static/chunks/11hm_next_dist_0m6rgog._.js:2441
[    1598ms] [LOG] [DEBUG] Renderizando celda: {columnId: telefono, isReference: undefined, value: Object} @ http://localhost:3000/_next/static/chunks/11hm_next_dist_0m6rgog._.js:2441
[    1598ms] [LOG] [DEBUG] Renderizando celda: {columnId: telefono, isReference: undefined, value: Object} @ http://localhost:3000/_next/static/chunks/11hm_next_dist_0m6rgog._.js:2441
[    1599ms] [LOG] [DEBUG] Renderizando celda: {columnId: ciudad, isReference: undefined, value: Object} @ http://localhost:3000/_next/static/chunks/11hm_next_dist_0m6rgog._.js:2441
[    1599ms] [LOG] [DEBUG] Renderizando celda: {columnId: ciudad, isReference: undefined, value: Object} @ http://localhost:3000/_next/static/chunks/11hm_next_dist_0m6rgog._.js:2441
[    1599ms] [LOG] [DEBUG] Renderizando celda: {columnId: rol, isReference: undefined, value: Object} @ http://localhost:3000/_next/static/chunks/11hm_next_dist_0m6rgog._.js:2441
[    1599ms] [LOG] [DEBUG] Renderizando celda: {columnId: rol, isReference: undefined, value: Object} @ http://localhost:3000/_next/static/chunks/11hm_next_dist_0m6rgog._.js:2441
[    1599ms] [LOG] [DEBUG] Renderizando celda: {columnId: estado, isReference: undefined, value: Object} @ http://localhost:3000/_next/static/chunks/11hm_next_dist_0m6rgog._.js:2441
[    1599ms] [LOG] [DEBUG] Renderizando celda: {columnId: estado, isReference: undefined, value: Object} @ http://localhost:3000/_next/static/chunks/11hm_next_dist_0m6rgog._.js:2441
[    1599ms] [LOG] [DEBUG] Renderizando celda: {columnId: fechaRegistro, isReference: undefined, value: Object} @ http://localhost:3000/_next/static/chunks/11hm_next_dist_0m6rgog._.js:2441
[    1599ms] [LOG] [DEBUG] Renderizando celda: {columnId: fechaRegistro, isReference: undefined, value: Object} @ http://localhost:3000/_next/static/chunks/11hm_next_dist_0m6rgog._.js:2441
[    1599ms] [LOG] [DEBUG] Renderizando celda: {columnId: ultimoContacto, isReference: undefined, value: Object} @ http://localhost:3000/_next/static/chunks/11hm_next_dist_0m6rgog._.js:2441
[    1599ms] [LOG] [DEBUG] Renderizando celda: {columnId: ultimoContacto, isReference: undefined, value: Object} @ http://localhost:3000/_next/static/chunks/11hm_next_dist_0m6rgog._.js:2441
[    1599ms] [LOG] [DEBUG] Renderizando celda: {columnId: valorTotal, isReference: undefined, value: Object} @ http://localhost:3000/_next/static/chunks/11hm_next_dist_0m6rgog._.js:2441
[    1599ms] [LOG] [DEBUG] Renderizando celda: {columnId: valorTotal, isReference: undefined, value: Object} @ http://localhost:3000/_next/static/chunks/11hm_next_dist_0m6rgog._.js:2441
[    1599ms] [LOG] [DEBUG] Renderizando celda: {columnId: satisfaccion, isReference: undefined, value: Object} @ http://localhost:3000/_next/static/chunks/11hm_next_dist_0m6rgog._.js:2441
[    1599ms] [LOG] [DEBUG] Renderizando celda: {columnId: satisfaccion, isReference: undefined, value: Object} @ http://localhost:3000/_next/static/chunks/11hm_next_dist_0m6rgog._.js:2441
[    1599ms] [LOG] [DEBUG] Renderizando celda: {columnId: activo, isReference: undefined, value: Object} @ http://localhost:3000/_next/static/chunks/11hm_next_dist_0m6rgog._.js:2441
[    1599ms] [LOG] [DEBUG] Renderizando celda: {columnId: activo, isReference: undefined, value: Object} @ http://localhost:3000/_next/static/chunks/11hm_next_dist_0m6rgog._.js:2441
[    1600ms] [LOG] [DEBUG] Renderizando celda: {columnId: id, isReference: undefined, value: Object} @ http://localhost:3000/_next/static/chunks/11hm_next_dist_0m6rgog._.js:2441
[    1600ms] [LOG] [DEBUG] Renderizando celda: {columnId: id, isReference: undefined, value: Object} @ http://localhost:3000/_next/static/chunks/11hm_next_dist_0m6rgog._.js:2441
[    1600ms] [LOG] [DEBUG] Renderizando celda: {columnId: nombre, isReference: undefined, value: Object} @ http://localhost:3000/_next/static/chunks/11hm_next_dist_0m6rgog._.js:2441
[    1600ms] [LOG] [DEBUG] Renderizando celda: {columnId: nombre, isReference: undefined, value: Object} @ http://localhost:3000/_next/static/chunks/11hm_next_dist_0m6rgog._.js:2441
[    1600ms] [LOG] [DEBUG] Renderizando celda: {columnId: email, isReference: undefined, value: Object} @ http://localhost:3000/_next/static/chunks/11hm_next_dist_0m6rgog._.js:2441
[    1600ms] [LOG] [DEBUG] Renderizando celda: {columnId: email, isReference: undefined, value: Object} @ http://localhost:3000/_next/static/chunks/11hm_next_dist_0m6rgog._.js:2441
[    1600ms] [LOG] [DEBUG] Renderizando celda: {columnId: telefono, isReference: undefined, value: Object} @ http://localhost:3000/_next/static/chunks/11hm_next_dist_0m6rgog._.js:2441
[    1600ms] [LOG] [DEBUG] Renderizando celda: {columnId: telefono, isReference: undefined, value: Object} @ http://localhost:3000/_next/static/chunks/11hm_next_dist_0m6rgog._.js:2441
[    1600ms] [LOG] [DEBUG] Renderizando celda: {columnId: ciudad, isReference: undefined, value: Object} @ http://localhost:3000/_next/static/chunks/11hm_next_dist_0m6rgog._.js:2441
[    1601ms] [LOG] [DEBUG] Renderizando celda: {columnId: ciudad, isReference: undefined, value: Object} @ http://localhost:3000/_next/static/chunks/11hm_next_dist_0m6rgog._.js:2441
[    1601ms] [LOG] [DEBUG] Renderizando celda: {columnId: rol, isReference: undefined, value: Object} @ http://localhost:3000/_next/static/chunks/11hm_next_dist_0m6rgog._.js:2441
[    1601ms] [LOG] [DEBUG] Renderizando celda: {columnId: rol, isReference: undefined, value: Object} @ http://localhost:3000/_next/static/chunks/11hm_next_dist_0m6rgog._.js:2441
[    1601ms] [LOG] [DEBUG] Renderizando celda: {columnId: estado, isReference: undefined, value: Object} @ http://localhost:3000/_next/static/chunks/11hm_next_dist_0m6rgog._.js:2441
[    1601ms] [LOG] [DEBUG] Renderizando celda: {columnId: estado, isReference: undefined, value: Object} @ http://localhost:3000/_next/static/chunks/11hm_next_dist_0m6rgog._.js:2441
[    1601ms] [LOG] [DEBUG] Renderizando celda: {columnId: fechaRegistro, isReference: undefined, value: Object} @ http://localhost:3000/_next/static/chunks/11hm_next_dist_0m6rgog._.js:2441
[    1601ms] [LOG] [DEBUG] Renderizando celda: {columnId: fechaRegistro, isReference: undefined, value: Object} @ http://localhost:3000/_next/static/chunks/11hm_next_dist_0m6rgog._.js:2441
[    1601ms] [LOG] [DEBUG] Renderizando celda: {columnId: ultimoContacto, isReference: undefined, value: Object} @ http://localhost:3000/_next/static/chunks/11hm_next_dist_0m6rgog._.js:2441
[    1601ms] [LOG] [DEBUG] Renderizando celda: {columnId: ultimoContacto, isReference: undefined, value: Object} @ http://localhost:3000/_next/static/chunks/11hm_next_dist_0m6rgog._.js:2441
[    1601ms] [LOG] [DEBUG] Renderizando celda: {columnId: valorTotal, isReference: undefined, value: Object} @ http://localhost:3000/_next/static/chunks/11hm_next_dist_0m6rgog._.js:2441
[    1601ms] [LOG] [DEBUG] Renderizando celda: {columnId: valorTotal, isReference: undefined, value: Object} @ http://localhost:3000/_next/static/chunks/11hm_next_dist_0m6rgog._.js:2441
[    1601ms] [LOG] [DEBUG] Renderizando celda: {columnId: satisfaccion, isReference: undefined, value: Object} @ http://localhost:3000/_next/static/chunks/11hm_next_dist_0m6rgog._.js:2441
[    1601ms] [LOG] [DEBUG] Renderizando celda: {columnId: satisfaccion, isReference: undefined, value: Object} @ http://localhost:3000/_next/static/chunks/11hm_next_dist_0m6rgog._.js:2441
[    1601ms] [LOG] [DEBUG] Renderizando celda: {columnId: activo, isReference: undefined, value: Object} @ http://localhost:3000/_next/static/chunks/11hm_next_dist_0m6rgog._.js:2441
[    1601ms] [LOG] [DEBUG] Renderizando celda: {columnId: activo, isReference: undefined, value: Object} @ http://localhost:3000/_next/static/chunks/11hm_next_dist_0m6rgog._.js:2441
[    1602ms] [LOG] [DEBUG] Renderizando celda: {columnId: id, isReference: undefined, value: Object} @ http://localhost:3000/_next/static/chunks/11hm_next_dist_0m6rgog._.js:2441
[    1602ms] [LOG] [DEBUG] Renderizando celda: {columnId: id, isReference: undefined, value: Object} @ http://localhost:3000/_next/static/chunks/11hm_next_dist_0m6rgog._.js:2441
[    1602ms] [LOG] [DEBUG] Renderizando celda: {columnId: nombre, isReference: undefined, value: Object} @ http://localhost:3000/_next/static/chunks/11hm_next_dist_0m6rgog._.js:2441
[    1602ms] [LOG] [DEBUG] Renderizando celda: {columnId: nombre, isReference: undefined, value: Object} @ http://localhost:3000/_next/static/chunks/11hm_next_dist_0m6rgog._.js:2441
[    1602ms] [LOG] [DEBUG] Renderizando celda: {columnId: email, isReference: undefined, value: Object} @ http://localhost:3000/_next/static/chunks/11hm_next_dist_0m6rgog._.js:2441
[    1602ms] [LOG] [DEBUG] Renderizando celda: {columnId: email, isReference: undefined, value: Object} @ http://localhost:3000/_next/static/chunks/11hm_next_dist_0m6rgog._.js:2441
[    1602ms] [LOG] [DEBUG] Renderizando celda: {columnId: telefono, isReference: undefined, value: Object} @ http://localhost:3000/_next/static/chunks/11hm_next_dist_0m6rgog._.js:2441
[    1602ms] [LOG] [DEBUG] Renderizando celda: {columnId: telefono, isReference: undefined, value: Object} @ http://localhost:3000/_next/static/chunks/11hm_next_dist_0m6rgog._.js:2441
[    1602ms] [LOG] [DEBUG] Renderizando celda: {columnId: ciudad, isReference: undefined, value: Object} @ http://localhost:3000/_next/static/chunks/11hm_next_dist_0m6rgog._.js:2441
[    1602ms] [LOG] [DEBUG] Renderizando celda: {columnId: ciudad, isReference: undefined, value: Object} @ http://localhost:3000/_next/static/chunks/11hm_next_dist_0m6rgog._.js:2441
[    1603ms] [LOG] [DEBUG] Renderizando celda: {columnId: rol, isReference: undefined, value: Object} @ http://localhost:3000/_next/static/chunks/11hm_next_dist_0m6rgog._.js:2441
[    1603ms] [LOG] [DEBUG] Renderizando celda: {columnId: rol, isReference: undefined, value: Object} @ http://localhost:3000/_next/static/chunks/11hm_next_dist_0m6rgog._.js:2441
[    1603ms] [LOG] [DEBUG] Renderizando celda: {columnId: estado, isReference: undefined, value: Object} @ http://localhost:3000/_next/static/chunks/11hm_next_dist_0m6rgog._.js:2441
[    1603ms] [LOG] [DEBUG] Renderizando celda: {columnId: estado, isReference: undefined, value: Object} @ http://localhost:3000/_next/static/chunks/11hm_next_dist_0m6rgog._.js:2441
[    1603ms] [LOG] [DEBUG] Renderizando celda: {columnId: fechaRegistro, isReference: undefined, value: Object} @ http://localhost:3000/_next/static/chunks/11hm_next_dist_0m6rgog._.js:2441
[    1603ms] [LOG] [DEBUG] Renderizando celda: {columnId: fechaRegistro, isReference: undefined, value: Object} @ http://localhost:3000/_next/static/chunks/11hm_next_dist_0m6rgog._.js:2441
[    1603ms] [LOG] [DEBUG] Renderizando celda: {columnId: ultimoContacto, isReference: undefined, value: Object} @ http://localhost:3000/_next/static/chunks/11hm_next_dist_0m6rgog._.js:2441
[    1603ms] [LOG] [DEBUG] Renderizando celda: {columnId: ultimoContacto, isReference: undefined, value: Object} @ http://localhost:3000/_next/static/chunks/11hm_next_dist_0m6rgog._.js:2441
[    1603ms] [LOG] [DEBUG] Renderizando celda: {columnId: valorTotal, isReference: undefined, value: Object} @ http://localhost:3000/_next/static/chunks/11hm_next_dist_0m6rgog._.js:2441
[    1603ms] [LOG] [DEBUG] Renderizando celda: {columnId: valorTotal, isReference: undefined, value: Object} @ http://localhost:3000/_next/static/chunks/11hm_next_dist_0m6rgog._.js:2441
[    1603ms] [LOG] [DEBUG] Renderizando celda: {columnId: satisfaccion, isReference: undefined, value: Object} @ http://localhost:3000/_next/static/chunks/11hm_next_dist_0m6rgog._.js:2441
[    1603ms] [LOG] [DEBUG] Renderizando celda: {columnId: satisfaccion, isReference: undefined, value: Object} @ http://localhost:3000/_next/static/chunks/11hm_next_dist_0m6rgog._.js:2441
[    1603ms] [LOG] [DEBUG] Renderizando celda: {columnId: activo, isReference: undefined, value: Object} @ http://localhost:3000/_next/static/chunks/11hm_next_dist_0m6rgog._.js:2441
[    1603ms] [LOG] [DEBUG] Renderizando celda: {columnId: activo, isReference: undefined, value: Object} @ http://localhost:3000/_next/static/chunks/11hm_next_dist_0m6rgog._.js:2441
[    1604ms] [LOG] [DEBUG] Renderizando SecondaryTables: {level: 0, parentId: undefined, isLoading: false, arrayColumnsCount: 0, arrayColumns: Array(0)} @ http://localhost:3000/_next/static/chunks/11hm_next_dist_0m6rgog._.js:2441
[    1604ms] [LOG] [DEBUG] Renderizando SecondaryTables: {level: 0, parentId: undefined, isLoading: false, arrayColumnsCount: 0, arrayColumns: Array(0)} @ http://localhost:3000/_next/static/chunks/11hm_next_dist_0m6rgog._.js:2441
[    1747ms] [ERROR] Access to fetch at 'http://localhost:3001/trpc/featureFlags.isEnabled,user.me,theme.listAllThemes?batch=1&input=%7B%220%22%3A%7B%22key%22%3A%22support-chat%22%7D%7D' from origin 'http://localhost:3000' has been blocked by CORS policy: No 'Access-Control-Allow-Origin' header is present on the requested resource. @ http://localhost:3000/es/demo/table:0
[    1747ms] [ERROR] Failed to load resource: net::ERR_FAILED @ http://localhost:3001/trpc/featureFlags.isEnabled,user.me,theme.listAllThemes?batch=1&input=%7B%220%22%3A%7B%22key%22%3A%22support-chat%22%7D%7D:0
[    2785ms] [ERROR] Access to fetch at 'http://localhost:3001/trpc/featureFlags.isEnabled,theme.listAllThemes?batch=1&input=%7B%220%22%3A%7B%22key%22%3A%22support-chat%22%7D%7D' from origin 'http://localhost:3000' has been blocked by CORS policy: No 'Access-Control-Allow-Origin' header is present on the requested resource. @ http://localhost:3000/es/demo/table:0
[    2785ms] [ERROR] Failed to load resource: net::ERR_FAILED @ http://localhost:3001/trpc/featureFlags.isEnabled,theme.listAllThemes?batch=1&input=%7B%220%22%3A%7B%22key%22%3A%22support-chat%22%7D%7D:0
[    4821ms] [ERROR] Access to fetch at 'http://localhost:3001/trpc/featureFlags.isEnabled,theme.listAllThemes?batch=1&input=%7B%220%22%3A%7B%22key%22%3A%22support-chat%22%7D%7D' from origin 'http://localhost:3000' has been blocked by CORS policy: No 'Access-Control-Allow-Origin' header is present on the requested resource. @ http://localhost:3000/es/demo/table:0
[    4821ms] [ERROR] Failed to load resource: net::ERR_FAILED @ http://localhost:3001/trpc/featureFlags.isEnabled,theme.listAllThemes?batch=1&input=%7B%220%22%3A%7B%22key%22%3A%22support-chat%22%7D%7D:0
[    8861ms] [ERROR] Access to fetch at 'http://localhost:3001/trpc/featureFlags.isEnabled,theme.listAllThemes?batch=1&input=%7B%220%22%3A%7B%22key%22%3A%22support-chat%22%7D%7D' from origin 'http://localhost:3000' has been blocked by CORS policy: No 'Access-Control-Allow-Origin' header is present on the requested resource. @ http://localhost:3000/es/demo/table:0
[    8861ms] [ERROR] Failed to load resource: net::ERR_FAILED @ http://localhost:3001/trpc/featureFlags.isEnabled,theme.listAllThemes?batch=1&input=%7B%220%22%3A%7B%22key%22%3A%22support-chat%22%7D%7D:0
[    8898ms] [LOG] [DEBUG] Valores unicos procesados: {columnId: telefono, columnType: number, uniqueValues: Array(25)} @ http://localhost:3000/_next/static/chunks/11hm_next_dist_0m6rgog._.js:2441
[    8898ms] [LOG] [DEBUG] FilterFactory initialValue debug: {columnId: telefono, columnType: number, propsInitialValue: undefined, currentFilter: undefined} @ http://localhost:3000/_next/static/chunks/11hm_next_dist_0m6rgog._.js:2441
[    8898ms] [LOG] [DEBUG] Filter selection for column: {columnId: telefono, columnType: number, useAdaptiveFiltering: false, sampleData: Array(3)} @ http://localhost:3000/_next/static/chunks/11hm_next_dist_0m6rgog._.js:2441
[    8898ms] [LOG] [DEBUG] FILTER FACTORY - Seleccionando filtro: {columnId: telefono, columnType: number, uniqueValuesCount: 25, sampleValues: Array(3)} @ http://localhost:3000/_next/static/chunks/11hm_next_dist_0m6rgog._.js:2441
[    8898ms] [LOG] [DEBUG] Valores unicos procesados: {columnId: telefono, columnType: number, uniqueValues: Array(25)} @ http://localhost:3000/_next/static/chunks/11hm_next_dist_0m6rgog._.js:2441
[    8898ms] [LOG] [DEBUG] FilterFactory initialValue debug: {columnId: telefono, columnType: number, propsInitialValue: undefined, currentFilter: undefined} @ http://localhost:3000/_next/static/chunks/11hm_next_dist_0m6rgog._.js:2441
[    8898ms] [LOG] [DEBUG] Filter selection for column: {columnId: telefono, columnType: number, useAdaptiveFiltering: false, sampleData: Array(3)} @ http://localhost:3000/_next/static/chunks/11hm_next_dist_0m6rgog._.js:2441
[    8898ms] [LOG] [DEBUG] FILTER FACTORY - Seleccionando filtro: {columnId: telefono, columnType: number, uniqueValuesCount: 25, sampleValues: Array(3)} @ http://localhost:3000/_next/static/chunks/11hm_next_dist_0m6rgog._.js:2441
[    8911ms] [WARNING] Warning: Missing `Description` or `aria-describedby={undefined}` for {DialogContent}. @ http://localhost:3000/_next/static/chunks/11hm_next_dist_0m6rgog._.js:2441
[    8912ms] [WARNING] Warning: Missing `Description` or `aria-describedby={undefined}` for {DialogContent}. @ http://localhost:3000/_next/static/chunks/11hm_next_dist_0m6rgog._.js:2441
