[     568ms] [LOG] %c Console Ninja extension is connected to Next.js browser, background: rgb(30,30,30); color: rgb(255,213,92) see https://tinyurl.com/2vt8jxzw for more info. @ :0
[     571ms] [INFO] %cDownload the React DevTools for a better development experience: https://react.dev/link/react-devtools font-weight:bold @ http://localhost:3000/_next/static/chunks/11hm_next_dist_0m6rgog._.js:2441
[     588ms] [LOG] [HMR] connected @ http://localhost:3000/_next/static/chunks/11hm_next_dist_0m6rgog._.js:2441
[     681ms] [LOG] [DEBUG] Iniciando procesamiento por lotes: {totalRows: 25, sampleSize: 100} @ http://localhost:3000/_next/static/chunks/11hm_next_dist_0m6rgog._.js:2441
[     681ms] [LOG] [DEBUG] Iniciando análisis de tipos por columna... @ http://localhost:3000/_next/static/chunks/11hm_next_dist_0m6rgog._.js:2441
[     681ms] [LOG] [DEBUG] Analizando columna: id {totalValores: 25, sampleSize: 25} @ http://localhost:3000/_next/static/chunks/11hm_next_dist_0m6rgog._.js:2441
[     682ms] [LOG] [DEBUG] Tipo inferido para id: {type: number, normalizer: } @ http://localhost:3000/_next/static/chunks/11hm_next_dist_0m6rgog._.js:2441
[     682ms] [LOG] [DEBUG] Analizando columna: nombre {totalValores: 25, sampleSize: 25} @ http://localhost:3000/_next/static/chunks/11hm_next_dist_0m6rgog._.js:2441
[     682ms] [LOG] [DEBUG] Columna nombre: Tratando como string por defecto @ http://localhost:3000/_next/static/chunks/11hm_next_dist_0m6rgog._.js:2441
[     682ms] [LOG] [DEBUG] Tipo inferido para nombre: {type: string, normalizer: } @ http://localhost:3000/_next/static/chunks/11hm_next_dist_0m6rgog._.js:2441
[     682ms] [LOG] [DEBUG] Analizando columna: email {totalValores: 25, sampleSize: 25} @ http://localhost:3000/_next/static/chunks/11hm_next_dist_0m6rgog._.js:2441
[     682ms] [LOG] [DEBUG] Columna email: Tratando como string por defecto @ http://localhost:3000/_next/static/chunks/11hm_next_dist_0m6rgog._.js:2441
[     682ms] [LOG] [DEBUG] Tipo inferido para email: {type: string, normalizer: } @ http://localhost:3000/_next/static/chunks/11hm_next_dist_0m6rgog._.js:2441
[     682ms] [LOG] [DEBUG] Analizando columna: telefono {totalValores: 25, sampleSize: 25} @ http://localhost:3000/_next/static/chunks/11hm_next_dist_0m6rgog._.js:2441
[     682ms] [LOG] [DEBUG] Columna telefono: Tratando como string por defecto @ http://localhost:3000/_next/static/chunks/11hm_next_dist_0m6rgog._.js:2441
[     683ms] [LOG] [DEBUG] Tipo inferido para telefono: {type: string, normalizer: } @ http://localhost:3000/_next/static/chunks/11hm_next_dist_0m6rgog._.js:2441
[     683ms] [LOG] [DEBUG] Analizando columna: ciudad {totalValores: 25, sampleSize: 25} @ http://localhost:3000/_next/static/chunks/11hm_next_dist_0m6rgog._.js:2441
[     683ms] [LOG] [DEBUG] Columna ciudad: Tratando como string por defecto @ http://localhost:3000/_next/static/chunks/11hm_next_dist_0m6rgog._.js:2441
[     683ms] [LOG] [DEBUG] Tipo inferido para ciudad: {type: string, normalizer: } @ http://localhost:3000/_next/static/chunks/11hm_next_dist_0m6rgog._.js:2441
[     683ms] [LOG] [DEBUG] Analizando columna: rol {totalValores: 25, sampleSize: 25} @ http://localhost:3000/_next/static/chunks/11hm_next_dist_0m6rgog._.js:2441
[     683ms] [LOG] [DEBUG] Columna rol: Tratando como string por defecto @ http://localhost:3000/_next/static/chunks/11hm_next_dist_0m6rgog._.js:2441
[     683ms] [LOG] [DEBUG] Tipo inferido para rol: {type: string, normalizer: } @ http://localhost:3000/_next/static/chunks/11hm_next_dist_0m6rgog._.js:2441
[     683ms] [LOG] [DEBUG] Analizando columna: estado {totalValores: 25, sampleSize: 25} @ http://localhost:3000/_next/static/chunks/11hm_next_dist_0m6rgog._.js:2441
[     683ms] [LOG] [DEBUG] Columna estado: Tratando como string por defecto @ http://localhost:3000/_next/static/chunks/11hm_next_dist_0m6rgog._.js:2441
[     683ms] [LOG] [DEBUG] Tipo inferido para estado: {type: string, normalizer: } @ http://localhost:3000/_next/static/chunks/11hm_next_dist_0m6rgog._.js:2441
[     683ms] [LOG] [DEBUG] Analizando columna: fechaRegistro {totalValores: 25, sampleSize: 25} @ http://localhost:3000/_next/static/chunks/11hm_next_dist_0m6rgog._.js:2441
[     683ms] [LOG] [DEBUG] Análisis de fechas para fechaRegistro: {total: 25, compatibles: 25, porcentaje: 100.00%, umbral: 30.00%} @ http://localhost:3000/_next/static/chunks/11hm_next_dist_0m6rgog._.js:2441
[     683ms] [LOG] [DEBUG] Columna fechaRegistro: Detectado tipo fecha (confidence: 1.00) @ http://localhost:3000/_next/static/chunks/11hm_next_dist_0m6rgog._.js:2441
[     683ms] [LOG] [DEBUG] Tipo inferido para fechaRegistro: {type: date, normalizer: } @ http://localhost:3000/_next/static/chunks/11hm_next_dist_0m6rgog._.js:2441
[     683ms] [LOG] [DEBUG] Analizando columna: ultimoContacto {totalValores: 25, sampleSize: 25} @ http://localhost:3000/_next/static/chunks/11hm_next_dist_0m6rgog._.js:2441
[     684ms] [LOG] [DEBUG] Análisis de fechas para ultimoContacto: {total: 25, compatibles: 25, porcentaje: 100.00%, umbral: 70.00%} @ http://localhost:3000/_next/static/chunks/11hm_next_dist_0m6rgog._.js:2441
[     684ms] [LOG] [DEBUG] Columna ultimoContacto: Detectado tipo fecha (confidence: 1.00) @ http://localhost:3000/_next/static/chunks/11hm_next_dist_0m6rgog._.js:2441
[     684ms] [LOG] [DEBUG] Tipo inferido para ultimoContacto: {type: date, normalizer: } @ http://localhost:3000/_next/static/chunks/11hm_next_dist_0m6rgog._.js:2441
[     684ms] [LOG] [DEBUG] Analizando columna: valorTotal {totalValores: 25, sampleSize: 25} @ http://localhost:3000/_next/static/chunks/11hm_next_dist_0m6rgog._.js:2441
[     684ms] [LOG] [DEBUG] Columna valorTotal: Tratando como string para valores numéricos específicos @ http://localhost:3000/_next/static/chunks/11hm_next_dist_0m6rgog._.js:2441
[     684ms] [LOG] [DEBUG] Tipo inferido para valorTotal: {type: string, normalizer: } @ http://localhost:3000/_next/static/chunks/11hm_next_dist_0m6rgog._.js:2441
[     684ms] [LOG] [DEBUG] Analizando columna: satisfaccion {totalValores: 25, sampleSize: 25} @ http://localhost:3000/_next/static/chunks/11hm_next_dist_0m6rgog._.js:2441
[     684ms] [LOG] [DEBUG] Tipo inferido para satisfaccion: {type: number, normalizer: } @ http://localhost:3000/_next/static/chunks/11hm_next_dist_0m6rgog._.js:2441
[     684ms] [LOG] [DEBUG] Analizando columna: activo {totalValores: 25, sampleSize: 25} @ http://localhost:3000/_next/static/chunks/11hm_next_dist_0m6rgog._.js:2441
[     684ms] [LOG] [DEBUG] Tipo inferido para activo: {type: boolean, normalizer: } @ http://localhost:3000/_next/static/chunks/11hm_next_dist_0m6rgog._.js:2441
[     684ms] [LOG] [DEBUG] Procesando fila 0/25 @ http://localhost:3000/_next/static/chunks/11hm_next_dist_0m6rgog._.js:2441
[     687ms] [LOG] [DEBUG] Iniciando procesamiento por lotes: {totalRows: 25, sampleSize: 100} @ http://localhost:3000/_next/static/chunks/11hm_next_dist_0m6rgog._.js:2441
[     687ms] [LOG] [DEBUG] Iniciando análisis de tipos por columna... @ http://localhost:3000/_next/static/chunks/11hm_next_dist_0m6rgog._.js:2441
[     687ms] [LOG] [DEBUG] Analizando columna: id {totalValores: 25, sampleSize: 25} @ http://localhost:3000/_next/static/chunks/11hm_next_dist_0m6rgog._.js:2441
[     687ms] [LOG] [DEBUG] Tipo inferido para id: {type: number, normalizer: } @ http://localhost:3000/_next/static/chunks/11hm_next_dist_0m6rgog._.js:2441
[     687ms] [LOG] [DEBUG] Analizando columna: nombre {totalValores: 25, sampleSize: 25} @ http://localhost:3000/_next/static/chunks/11hm_next_dist_0m6rgog._.js:2441
[     687ms] [LOG] [DEBUG] Tipo inferido para nombre: {type: string, normalizer: } @ http://localhost:3000/_next/static/chunks/11hm_next_dist_0m6rgog._.js:2441
[     687ms] [LOG] [DEBUG] Analizando columna: email {totalValores: 25, sampleSize: 25} @ http://localhost:3000/_next/static/chunks/11hm_next_dist_0m6rgog._.js:2441
[     687ms] [LOG] [DEBUG] Tipo inferido para email: {type: string, normalizer: } @ http://localhost:3000/_next/static/chunks/11hm_next_dist_0m6rgog._.js:2441
[     687ms] [LOG] [DEBUG] Analizando columna: telefono {totalValores: 25, sampleSize: 25} @ http://localhost:3000/_next/static/chunks/11hm_next_dist_0m6rgog._.js:2441
[     687ms] [LOG] [DEBUG] Tipo inferido para telefono: {type: string, normalizer: } @ http://localhost:3000/_next/static/chunks/11hm_next_dist_0m6rgog._.js:2441
[     687ms] [LOG] [DEBUG] Analizando columna: ciudad {totalValores: 25, sampleSize: 25} @ http://localhost:3000/_next/static/chunks/11hm_next_dist_0m6rgog._.js:2441
[     687ms] [LOG] [DEBUG] Tipo inferido para ciudad: {type: string, normalizer: } @ http://localhost:3000/_next/static/chunks/11hm_next_dist_0m6rgog._.js:2441
[     687ms] [LOG] [DEBUG] Analizando columna: rol {totalValores: 25, sampleSize: 25} @ http://localhost:3000/_next/static/chunks/11hm_next_dist_0m6rgog._.js:2441
[     688ms] [LOG] [DEBUG] Tipo inferido para rol: {type: string, normalizer: } @ http://localhost:3000/_next/static/chunks/11hm_next_dist_0m6rgog._.js:2441
[     688ms] [LOG] [DEBUG] Analizando columna: estado {totalValores: 25, sampleSize: 25} @ http://localhost:3000/_next/static/chunks/11hm_next_dist_0m6rgog._.js:2441
[     688ms] [LOG] [DEBUG] Tipo inferido para estado: {type: string, normalizer: } @ http://localhost:3000/_next/static/chunks/11hm_next_dist_0m6rgog._.js:2441
[     688ms] [LOG] [DEBUG] Analizando columna: fechaRegistro {totalValores: 25, sampleSize: 25} @ http://localhost:3000/_next/static/chunks/11hm_next_dist_0m6rgog._.js:2441
[     688ms] [LOG] [DEBUG] Tipo inferido para fechaRegistro: {type: date, normalizer: } @ http://localhost:3000/_next/static/chunks/11hm_next_dist_0m6rgog._.js:2441
[     688ms] [LOG] [DEBUG] Analizando columna: ultimoContacto {totalValores: 25, sampleSize: 25} @ http://localhost:3000/_next/static/chunks/11hm_next_dist_0m6rgog._.js:2441
[     688ms] [LOG] [DEBUG] Tipo inferido para ultimoContacto: {type: date, normalizer: } @ http://localhost:3000/_next/static/chunks/11hm_next_dist_0m6rgog._.js:2441
[     688ms] [LOG] [DEBUG] Analizando columna: valorTotal {totalValores: 25, sampleSize: 25} @ http://localhost:3000/_next/static/chunks/11hm_next_dist_0m6rgog._.js:2441
[     688ms] [LOG] [DEBUG] Tipo inferido para valorTotal: {type: string, normalizer: } @ http://localhost:3000/_next/static/chunks/11hm_next_dist_0m6rgog._.js:2441
[     688ms] [LOG] [DEBUG] Analizando columna: satisfaccion {totalValores: 25, sampleSize: 25} @ http://localhost:3000/_next/static/chunks/11hm_next_dist_0m6rgog._.js:2441
[     688ms] [LOG] [DEBUG] Tipo inferido para satisfaccion: {type: number, normalizer: } @ http://localhost:3000/_next/static/chunks/11hm_next_dist_0m6rgog._.js:2441
[     688ms] [LOG] [DEBUG] Analizando columna: activo {totalValores: 25, sampleSize: 25} @ http://localhost:3000/_next/static/chunks/11hm_next_dist_0m6rgog._.js:2441
[     688ms] [LOG] [DEBUG] Tipo inferido para activo: {type: boolean, normalizer: } @ http://localhost:3000/_next/static/chunks/11hm_next_dist_0m6rgog._.js:2441
[     688ms] [LOG] [DEBUG] Procesando fila 0/25 @ http://localhost:3000/_next/static/chunks/11hm_next_dist_0m6rgog._.js:2441
[     690ms] [LOG] [DEBUG] Creando definicion de columna: {columnId: id, isReference: false, type: number, path: Array(1)} @ http://localhost:3000/_next/static/chunks/11hm_next_dist_0m6rgog._.js:2441
[     690ms] [LOG] [DEBUG] Creando definicion de columna: {columnId: nombre, isReference: false, type: string, path: Array(1)} @ http://localhost:3000/_next/static/chunks/11hm_next_dist_0m6rgog._.js:2441
[     690ms] [LOG] [DEBUG] Creando definicion de columna: {columnId: email, isReference: false, type: string, path: Array(1)} @ http://localhost:3000/_next/static/chunks/11hm_next_dist_0m6rgog._.js:2441
[     691ms] [LOG] [DEBUG] Creando definicion de columna: {columnId: telefono, isReference: false, type: string, path: Array(1)} @ http://localhost:3000/_next/static/chunks/11hm_next_dist_0m6rgog._.js:2441
[     691ms] [LOG] [DEBUG] Creando definicion de columna: {columnId: ciudad, isReference: false, type: string, path: Array(1)} @ http://localhost:3000/_next/static/chunks/11hm_next_dist_0m6rgog._.js:2441
[     691ms] [LOG] [DEBUG] Creando definicion de columna: {columnId: rol, isReference: false, type: string, path: Array(1)} @ http://localhost:3000/_next/static/chunks/11hm_next_dist_0m6rgog._.js:2441
[     691ms] [LOG] [DEBUG] Creando definicion de columna: {columnId: estado, isReference: false, type: string, path: Array(1)} @ http://localhost:3000/_next/static/chunks/11hm_next_dist_0m6rgog._.js:2441
[     691ms] [LOG] [DEBUG] Creando definicion de columna: {columnId: fechaRegistro, isReference: false, type: date, path: Array(1)} @ http://localhost:3000/_next/static/chunks/11hm_next_dist_0m6rgog._.js:2441
[     691ms] [LOG] [DEBUG] Creando definicion de columna: {columnId: ultimoContacto, isReference: false, type: date, path: Array(1)} @ http://localhost:3000/_next/static/chunks/11hm_next_dist_0m6rgog._.js:2441
[     691ms] [LOG] [DEBUG] Creando definicion de columna: {columnId: valorTotal, isReference: false, type: string, path: Array(1)} @ http://localhost:3000/_next/static/chunks/11hm_next_dist_0m6rgog._.js:2441
[     691ms] [LOG] [DEBUG] Creando definicion de columna: {columnId: satisfaccion, isReference: false, type: number, path: Array(1)} @ http://localhost:3000/_next/static/chunks/11hm_next_dist_0m6rgog._.js:2441
[     691ms] [LOG] [DEBUG] Creando definicion de columna: {columnId: activo, isReference: false, type: boolean, path: Array(1)} @ http://localhost:3000/_next/static/chunks/11hm_next_dist_0m6rgog._.js:2441
[     691ms] [LOG] [DEBUG] Creando definicion de columna: {columnId: id, isReference: false, type: number, path: Array(1)} @ http://localhost:3000/_next/static/chunks/11hm_next_dist_0m6rgog._.js:2441
[     691ms] [LOG] [DEBUG] Creando definicion de columna: {columnId: nombre, isReference: false, type: string, path: Array(1)} @ http://localhost:3000/_next/static/chunks/11hm_next_dist_0m6rgog._.js:2441
[     691ms] [LOG] [DEBUG] Creando definicion de columna: {columnId: email, isReference: false, type: string, path: Array(1)} @ http://localhost:3000/_next/static/chunks/11hm_next_dist_0m6rgog._.js:2441
[     691ms] [LOG] [DEBUG] Creando definicion de columna: {columnId: telefono, isReference: false, type: string, path: Array(1)} @ http://localhost:3000/_next/static/chunks/11hm_next_dist_0m6rgog._.js:2441
[     691ms] [LOG] [DEBUG] Creando definicion de columna: {columnId: ciudad, isReference: false, type: string, path: Array(1)} @ http://localhost:3000/_next/static/chunks/11hm_next_dist_0m6rgog._.js:2441
[     691ms] [LOG] [DEBUG] Creando definicion de columna: {columnId: rol, isReference: false, type: string, path: Array(1)} @ http://localhost:3000/_next/static/chunks/11hm_next_dist_0m6rgog._.js:2441
[     692ms] [LOG] [DEBUG] Creando definicion de columna: {columnId: estado, isReference: false, type: string, path: Array(1)} @ http://localhost:3000/_next/static/chunks/11hm_next_dist_0m6rgog._.js:2441
[     692ms] [LOG] [DEBUG] Creando definicion de columna: {columnId: fechaRegistro, isReference: false, type: date, path: Array(1)} @ http://localhost:3000/_next/static/chunks/11hm_next_dist_0m6rgog._.js:2441
[     692ms] [LOG] [DEBUG] Creando definicion de columna: {columnId: ultimoContacto, isReference: false, type: date, path: Array(1)} @ http://localhost:3000/_next/static/chunks/11hm_next_dist_0m6rgog._.js:2441
[     692ms] [LOG] [DEBUG] Creando definicion de columna: {columnId: valorTotal, isReference: false, type: string, path: Array(1)} @ http://localhost:3000/_next/static/chunks/11hm_next_dist_0m6rgog._.js:2441
[     692ms] [LOG] [DEBUG] Creando definicion de columna: {columnId: satisfaccion, isReference: false, type: number, path: Array(1)} @ http://localhost:3000/_next/static/chunks/11hm_next_dist_0m6rgog._.js:2441
[     692ms] [LOG] [DEBUG] Creando definicion de columna: {columnId: activo, isReference: false, type: boolean, path: Array(1)} @ http://localhost:3000/_next/static/chunks/11hm_next_dist_0m6rgog._.js:2441
[     692ms] [LOG] [DEBUG] Pinned column not in base order, adding: {pinnedColumnId: index, baseOrder: Array(0), result: Array(1)} @ http://localhost:3000/_next/static/chunks/11hm_next_dist_0m6rgog._.js:2441
[     693ms] [LOG] [DEBUG] Pinned column not in base order, adding: {pinnedColumnId: index, baseOrder: Array(0), result: Array(1)} @ http://localhost:3000/_next/static/chunks/11hm_next_dist_0m6rgog._.js:2441
[     700ms] [LOG] [DEBUG] Pinned column not in base order, adding: {pinnedColumnId: index, baseOrder: Array(0), result: Array(1)} @ http://localhost:3000/_next/static/chunks/11hm_next_dist_0m6rgog._.js:2441
[     700ms] [LOG] [DEBUG] Pinned column not in base order, adding: {pinnedColumnId: index, baseOrder: Array(0), result: Array(1)} @ http://localhost:3000/_next/static/chunks/11hm_next_dist_0m6rgog._.js:2441
[     815ms] [LOG] [DEBUG] Renderizando celda: {columnId: id, isReference: undefined, value: Object} @ http://localhost:3000/_next/static/chunks/11hm_next_dist_0m6rgog._.js:2441
[     815ms] [LOG] [DEBUG] Renderizando celda: {columnId: id, isReference: undefined, value: Object} @ http://localhost:3000/_next/static/chunks/11hm_next_dist_0m6rgog._.js:2441
[     816ms] [LOG] [DEBUG] Renderizando celda: {columnId: nombre, isReference: undefined, value: Object} @ http://localhost:3000/_next/static/chunks/11hm_next_dist_0m6rgog._.js:2441
[     816ms] [LOG] [DEBUG] Renderizando celda: {columnId: nombre, isReference: undefined, value: Object} @ http://localhost:3000/_next/static/chunks/11hm_next_dist_0m6rgog._.js:2441
[     816ms] [LOG] [DEBUG] Renderizando celda: {columnId: email, isReference: undefined, value: Object} @ http://localhost:3000/_next/static/chunks/11hm_next_dist_0m6rgog._.js:2441
[     816ms] [LOG] [DEBUG] Renderizando celda: {columnId: email, isReference: undefined, value: Object} @ http://localhost:3000/_next/static/chunks/11hm_next_dist_0m6rgog._.js:2441
[     816ms] [LOG] [DEBUG] Renderizando celda: {columnId: telefono, isReference: undefined, value: Object} @ http://localhost:3000/_next/static/chunks/11hm_next_dist_0m6rgog._.js:2441
[     816ms] [LOG] [DEBUG] Renderizando celda: {columnId: telefono, isReference: undefined, value: Object} @ http://localhost:3000/_next/static/chunks/11hm_next_dist_0m6rgog._.js:2441
[     825ms] [ERROR] Encountered a script tag while rendering React component. Scripts inside React components are never executed when rendering on the client. Consider using template tag instead (https://developer.mozilla.org/en-US/docs/Web/HTML/Element/template). @ :0
[     827ms] [LOG] [DEBUG] Iniciando procesamiento por lotes: {totalRows: 25, sampleSize: 100} @ http://localhost:3000/_next/static/chunks/11hm_next_dist_0m6rgog._.js:2441
[     828ms] [LOG] [DEBUG] Iniciando análisis de tipos por columna... @ http://localhost:3000/_next/static/chunks/11hm_next_dist_0m6rgog._.js:2441
[     828ms] [LOG] [DEBUG] Analizando columna: id {totalValores: 25, sampleSize: 25} @ http://localhost:3000/_next/static/chunks/11hm_next_dist_0m6rgog._.js:2441
[     828ms] [LOG] [DEBUG] Tipo inferido para id: {type: number, normalizer: } @ http://localhost:3000/_next/static/chunks/11hm_next_dist_0m6rgog._.js:2441
[     828ms] [LOG] [DEBUG] Analizando columna: nombre {totalValores: 25, sampleSize: 25} @ http://localhost:3000/_next/static/chunks/11hm_next_dist_0m6rgog._.js:2441
[     828ms] [LOG] [DEBUG] Tipo inferido para nombre: {type: string, normalizer: } @ http://localhost:3000/_next/static/chunks/11hm_next_dist_0m6rgog._.js:2441
[     828ms] [LOG] [DEBUG] Analizando columna: email {totalValores: 25, sampleSize: 25} @ http://localhost:3000/_next/static/chunks/11hm_next_dist_0m6rgog._.js:2441
[     828ms] [LOG] [DEBUG] Tipo inferido para email: {type: string, normalizer: } @ http://localhost:3000/_next/static/chunks/11hm_next_dist_0m6rgog._.js:2441
[     828ms] [LOG] [DEBUG] Analizando columna: telefono {totalValores: 25, sampleSize: 25} @ http://localhost:3000/_next/static/chunks/11hm_next_dist_0m6rgog._.js:2441
[     828ms] [LOG] [DEBUG] Tipo inferido para telefono: {type: string, normalizer: } @ http://localhost:3000/_next/static/chunks/11hm_next_dist_0m6rgog._.js:2441
[     828ms] [LOG] [DEBUG] Analizando columna: ciudad {totalValores: 25, sampleSize: 25} @ http://localhost:3000/_next/static/chunks/11hm_next_dist_0m6rgog._.js:2441
[     828ms] [LOG] [DEBUG] Tipo inferido para ciudad: {type: string, normalizer: } @ http://localhost:3000/_next/static/chunks/11hm_next_dist_0m6rgog._.js:2441
[     828ms] [LOG] [DEBUG] Analizando columna: rol {totalValores: 25, sampleSize: 25} @ http://localhost:3000/_next/static/chunks/11hm_next_dist_0m6rgog._.js:2441
[     828ms] [LOG] [DEBUG] Tipo inferido para rol: {type: string, normalizer: } @ http://localhost:3000/_next/static/chunks/11hm_next_dist_0m6rgog._.js:2441
[     829ms] [LOG] [DEBUG] Analizando columna: estado {totalValores: 25, sampleSize: 25} @ http://localhost:3000/_next/static/chunks/11hm_next_dist_0m6rgog._.js:2441
[     829ms] [LOG] [DEBUG] Tipo inferido para estado: {type: string, normalizer: } @ http://localhost:3000/_next/static/chunks/11hm_next_dist_0m6rgog._.js:2441
[     829ms] [LOG] [DEBUG] Analizando columna: fechaRegistro {totalValores: 25, sampleSize: 25} @ http://localhost:3000/_next/static/chunks/11hm_next_dist_0m6rgog._.js:2441
[     829ms] [LOG] [DEBUG] Tipo inferido para fechaRegistro: {type: date, normalizer: } @ http://localhost:3000/_next/static/chunks/11hm_next_dist_0m6rgog._.js:2441
[     829ms] [LOG] [DEBUG] Analizando columna: ultimoContacto {totalValores: 25, sampleSize: 25} @ http://localhost:3000/_next/static/chunks/11hm_next_dist_0m6rgog._.js:2441
[     829ms] [LOG] [DEBUG] Tipo inferido para ultimoContacto: {type: date, normalizer: } @ http://localhost:3000/_next/static/chunks/11hm_next_dist_0m6rgog._.js:2441
[     829ms] [LOG] [DEBUG] Analizando columna: valorTotal {totalValores: 25, sampleSize: 25} @ http://localhost:3000/_next/static/chunks/11hm_next_dist_0m6rgog._.js:2441
[     829ms] [LOG] [DEBUG] Tipo inferido para valorTotal: {type: string, normalizer: } @ http://localhost:3000/_next/static/chunks/11hm_next_dist_0m6rgog._.js:2441
[     829ms] [LOG] [DEBUG] Analizando columna: satisfaccion {totalValores: 25, sampleSize: 25} @ http://localhost:3000/_next/static/chunks/11hm_next_dist_0m6rgog._.js:2441
[     829ms] [LOG] [DEBUG] Tipo inferido para satisfaccion: {type: number, normalizer: } @ http://localhost:3000/_next/static/chunks/11hm_next_dist_0m6rgog._.js:2441
[     829ms] [LOG] [DEBUG] Analizando columna: activo {totalValores: 25, sampleSize: 25} @ http://localhost:3000/_next/static/chunks/11hm_next_dist_0m6rgog._.js:2441
[     829ms] [LOG] [DEBUG] Tipo inferido para activo: {type: boolean, normalizer: } @ http://localhost:3000/_next/static/chunks/11hm_next_dist_0m6rgog._.js:2441
[     829ms] [LOG] [DEBUG] Procesando fila 0/25 @ http://localhost:3000/_next/static/chunks/11hm_next_dist_0m6rgog._.js:2441
[     831ms] [LOG] [DEBUG] Iniciando procesamiento por lotes: {totalRows: 25, sampleSize: 100} @ http://localhost:3000/_next/static/chunks/11hm_next_dist_0m6rgog._.js:2441
[     831ms] [LOG] [DEBUG] Iniciando análisis de tipos por columna... @ http://localhost:3000/_next/static/chunks/11hm_next_dist_0m6rgog._.js:2441
[     831ms] [LOG] [DEBUG] Analizando columna: id {totalValores: 25, sampleSize: 25} @ http://localhost:3000/_next/static/chunks/11hm_next_dist_0m6rgog._.js:2441
[     831ms] [LOG] [DEBUG] Tipo inferido para id: {type: number, normalizer: } @ http://localhost:3000/_next/static/chunks/11hm_next_dist_0m6rgog._.js:2441
[     831ms] [LOG] [DEBUG] Analizando columna: nombre {totalValores: 25, sampleSize: 25} @ http://localhost:3000/_next/static/chunks/11hm_next_dist_0m6rgog._.js:2441
[     832ms] [LOG] [DEBUG] Tipo inferido para nombre: {type: string, normalizer: } @ http://localhost:3000/_next/static/chunks/11hm_next_dist_0m6rgog._.js:2441
[     832ms] [LOG] [DEBUG] Analizando columna: email {totalValores: 25, sampleSize: 25} @ http://localhost:3000/_next/static/chunks/11hm_next_dist_0m6rgog._.js:2441
[     832ms] [LOG] [DEBUG] Tipo inferido para email: {type: string, normalizer: } @ http://localhost:3000/_next/static/chunks/11hm_next_dist_0m6rgog._.js:2441
[     832ms] [LOG] [DEBUG] Analizando columna: telefono {totalValores: 25, sampleSize: 25} @ http://localhost:3000/_next/static/chunks/11hm_next_dist_0m6rgog._.js:2441
[     832ms] [LOG] [DEBUG] Tipo inferido para telefono: {type: string, normalizer: } @ http://localhost:3000/_next/static/chunks/11hm_next_dist_0m6rgog._.js:2441
[     832ms] [LOG] [DEBUG] Analizando columna: ciudad {totalValores: 25, sampleSize: 25} @ http://localhost:3000/_next/static/chunks/11hm_next_dist_0m6rgog._.js:2441
[     832ms] [LOG] [DEBUG] Tipo inferido para ciudad: {type: string, normalizer: } @ http://localhost:3000/_next/static/chunks/11hm_next_dist_0m6rgog._.js:2441
[     832ms] [LOG] [DEBUG] Analizando columna: rol {totalValores: 25, sampleSize: 25} @ http://localhost:3000/_next/static/chunks/11hm_next_dist_0m6rgog._.js:2441
[     832ms] [LOG] [DEBUG] Tipo inferido para rol: {type: string, normalizer: } @ http://localhost:3000/_next/static/chunks/11hm_next_dist_0m6rgog._.js:2441
[     832ms] [LOG] [DEBUG] Analizando columna: estado {totalValores: 25, sampleSize: 25} @ http://localhost:3000/_next/static/chunks/11hm_next_dist_0m6rgog._.js:2441
[     832ms] [LOG] [DEBUG] Tipo inferido para estado: {type: string, normalizer: } @ http://localhost:3000/_next/static/chunks/11hm_next_dist_0m6rgog._.js:2441
[     832ms] [LOG] [DEBUG] Analizando columna: fechaRegistro {totalValores: 25, sampleSize: 25} @ http://localhost:3000/_next/static/chunks/11hm_next_dist_0m6rgog._.js:2441
[     832ms] [LOG] [DEBUG] Tipo inferido para fechaRegistro: {type: date, normalizer: } @ http://localhost:3000/_next/static/chunks/11hm_next_dist_0m6rgog._.js:2441
[     832ms] [LOG] [DEBUG] Analizando columna: ultimoContacto {totalValores: 25, sampleSize: 25} @ http://localhost:3000/_next/static/chunks/11hm_next_dist_0m6rgog._.js:2441
[     833ms] [LOG] [DEBUG] Tipo inferido para ultimoContacto: {type: date, normalizer: } @ http://localhost:3000/_next/static/chunks/11hm_next_dist_0m6rgog._.js:2441
[     833ms] [LOG] [DEBUG] Analizando columna: valorTotal {totalValores: 25, sampleSize: 25} @ http://localhost:3000/_next/static/chunks/11hm_next_dist_0m6rgog._.js:2441
[     833ms] [LOG] [DEBUG] Tipo inferido para valorTotal: {type: string, normalizer: } @ http://localhost:3000/_next/static/chunks/11hm_next_dist_0m6rgog._.js:2441
[     833ms] [LOG] [DEBUG] Analizando columna: satisfaccion {totalValores: 25, sampleSize: 25} @ http://localhost:3000/_next/static/chunks/11hm_next_dist_0m6rgog._.js:2441
[     833ms] [LOG] [DEBUG] Tipo inferido para satisfaccion: {type: number, normalizer: } @ http://localhost:3000/_next/static/chunks/11hm_next_dist_0m6rgog._.js:2441
[     833ms] [LOG] [DEBUG] Analizando columna: activo {totalValores: 25, sampleSize: 25} @ http://localhost:3000/_next/static/chunks/11hm_next_dist_0m6rgog._.js:2441
[     833ms] [LOG] [DEBUG] Tipo inferido para activo: {type: boolean, normalizer: } @ http://localhost:3000/_next/static/chunks/11hm_next_dist_0m6rgog._.js:2441
[     833ms] [LOG] [DEBUG] Procesando fila 0/25 @ http://localhost:3000/_next/static/chunks/11hm_next_dist_0m6rgog._.js:2441
[     835ms] [LOG] [DEBUG] Creando definicion de columna: {columnId: id, isReference: false, type: number, path: Array(1)} @ http://localhost:3000/_next/static/chunks/11hm_next_dist_0m6rgog._.js:2441
[     835ms] [LOG] [DEBUG] Creando definicion de columna: {columnId: nombre, isReference: false, type: string, path: Array(1)} @ http://localhost:3000/_next/static/chunks/11hm_next_dist_0m6rgog._.js:2441
[     835ms] [LOG] [DEBUG] Creando definicion de columna: {columnId: email, isReference: false, type: string, path: Array(1)} @ http://localhost:3000/_next/static/chunks/11hm_next_dist_0m6rgog._.js:2441
[     835ms] [LOG] [DEBUG] Creando definicion de columna: {columnId: telefono, isReference: false, type: string, path: Array(1)} @ http://localhost:3000/_next/static/chunks/11hm_next_dist_0m6rgog._.js:2441
[     835ms] [LOG] [DEBUG] Creando definicion de columna: {columnId: ciudad, isReference: false, type: string, path: Array(1)} @ http://localhost:3000/_next/static/chunks/11hm_next_dist_0m6rgog._.js:2441
[     835ms] [LOG] [DEBUG] Creando definicion de columna: {columnId: rol, isReference: false, type: string, path: Array(1)} @ http://localhost:3000/_next/static/chunks/11hm_next_dist_0m6rgog._.js:2441
[     835ms] [LOG] [DEBUG] Creando definicion de columna: {columnId: estado, isReference: false, type: string, path: Array(1)} @ http://localhost:3000/_next/static/chunks/11hm_next_dist_0m6rgog._.js:2441
[     835ms] [LOG] [DEBUG] Creando definicion de columna: {columnId: fechaRegistro, isReference: false, type: date, path: Array(1)} @ http://localhost:3000/_next/static/chunks/11hm_next_dist_0m6rgog._.js:2441
[     835ms] [LOG] [DEBUG] Creando definicion de columna: {columnId: ultimoContacto, isReference: false, type: date, path: Array(1)} @ http://localhost:3000/_next/static/chunks/11hm_next_dist_0m6rgog._.js:2441
[     835ms] [LOG] [DEBUG] Creando definicion de columna: {columnId: valorTotal, isReference: false, type: string, path: Array(1)} @ http://localhost:3000/_next/static/chunks/11hm_next_dist_0m6rgog._.js:2441
[     835ms] [LOG] [DEBUG] Creando definicion de columna: {columnId: satisfaccion, isReference: false, type: number, path: Array(1)} @ http://localhost:3000/_next/static/chunks/11hm_next_dist_0m6rgog._.js:2441
[     835ms] [LOG] [DEBUG] Creando definicion de columna: {columnId: activo, isReference: false, type: boolean, path: Array(1)} @ http://localhost:3000/_next/static/chunks/11hm_next_dist_0m6rgog._.js:2441
[     836ms] [LOG] [DEBUG] Creando definicion de columna: {columnId: id, isReference: false, type: number, path: Array(1)} @ http://localhost:3000/_next/static/chunks/11hm_next_dist_0m6rgog._.js:2441
[     836ms] [LOG] [DEBUG] Creando definicion de columna: {columnId: nombre, isReference: false, type: string, path: Array(1)} @ http://localhost:3000/_next/static/chunks/11hm_next_dist_0m6rgog._.js:2441
[     836ms] [LOG] [DEBUG] Creando definicion de columna: {columnId: email, isReference: false, type: string, path: Array(1)} @ http://localhost:3000/_next/static/chunks/11hm_next_dist_0m6rgog._.js:2441
[     836ms] [LOG] [DEBUG] Creando definicion de columna: {columnId: telefono, isReference: false, type: string, path: Array(1)} @ http://localhost:3000/_next/static/chunks/11hm_next_dist_0m6rgog._.js:2441
[     836ms] [LOG] [DEBUG] Creando definicion de columna: {columnId: ciudad, isReference: false, type: string, path: Array(1)} @ http://localhost:3000/_next/static/chunks/11hm_next_dist_0m6rgog._.js:2441
[     836ms] [LOG] [DEBUG] Creando definicion de columna: {columnId: rol, isReference: false, type: string, path: Array(1)} @ http://localhost:3000/_next/static/chunks/11hm_next_dist_0m6rgog._.js:2441
[     836ms] [LOG] [DEBUG] Creando definicion de columna: {columnId: estado, isReference: false, type: string, path: Array(1)} @ http://localhost:3000/_next/static/chunks/11hm_next_dist_0m6rgog._.js:2441
[     836ms] [LOG] [DEBUG] Creando definicion de columna: {columnId: fechaRegistro, isReference: false, type: date, path: Array(1)} @ http://localhost:3000/_next/static/chunks/11hm_next_dist_0m6rgog._.js:2441
[     836ms] [LOG] [DEBUG] Creando definicion de columna: {columnId: ultimoContacto, isReference: false, type: date, path: Array(1)} @ http://localhost:3000/_next/static/chunks/11hm_next_dist_0m6rgog._.js:2441
[     836ms] [LOG] [DEBUG] Creando definicion de columna: {columnId: valorTotal, isReference: false, type: string, path: Array(1)} @ http://localhost:3000/_next/static/chunks/11hm_next_dist_0m6rgog._.js:2441
[     836ms] [LOG] [DEBUG] Creando definicion de columna: {columnId: satisfaccion, isReference: false, type: number, path: Array(1)} @ http://localhost:3000/_next/static/chunks/11hm_next_dist_0m6rgog._.js:2441
[     836ms] [LOG] [DEBUG] Creando definicion de columna: {columnId: activo, isReference: false, type: boolean, path: Array(1)} @ http://localhost:3000/_next/static/chunks/11hm_next_dist_0m6rgog._.js:2441
[     836ms] [LOG] [DEBUG] Pinned column not in base order, adding: {pinnedColumnId: index, baseOrder: Array(0), result: Array(1)} @ http://localhost:3000/_next/static/chunks/11hm_next_dist_0m6rgog._.js:2441
[     837ms] [LOG] [DEBUG] Pinned column not in base order, adding: {pinnedColumnId: index, baseOrder: Array(0), result: Array(1)} @ http://localhost:3000/_next/static/chunks/11hm_next_dist_0m6rgog._.js:2441
[     847ms] [LOG] [DEBUG] Pinned column not in base order, adding: {pinnedColumnId: index, baseOrder: Array(0), result: Array(1)} @ http://localhost:3000/_next/static/chunks/11hm_next_dist_0m6rgog._.js:2441
[     847ms] [LOG] [DEBUG] Pinned column not in base order, adding: {pinnedColumnId: index, baseOrder: Array(0), result: Array(1)} @ http://localhost:3000/_next/static/chunks/11hm_next_dist_0m6rgog._.js:2441
[     888ms] [LOG] [DEBUG] Renderizando celda: {columnId: id, isReference: undefined, value: Object} @ http://localhost:3000/_next/static/chunks/11hm_next_dist_0m6rgog._.js:2441
[     888ms] [LOG] [DEBUG] Renderizando celda: {columnId: id, isReference: undefined, value: Object} @ http://localhost:3000/_next/static/chunks/11hm_next_dist_0m6rgog._.js:2441
[     888ms] [LOG] [DEBUG] Renderizando celda: {columnId: nombre, isReference: undefined, value: Object} @ http://localhost:3000/_next/static/chunks/11hm_next_dist_0m6rgog._.js:2441
[     888ms] [LOG] [DEBUG] Renderizando celda: {columnId: nombre, isReference: undefined, value: Object} @ http://localhost:3000/_next/static/chunks/11hm_next_dist_0m6rgog._.js:2441
[     888ms] [LOG] [DEBUG] Renderizando celda: {columnId: email, isReference: undefined, value: Object} @ http://localhost:3000/_next/static/chunks/11hm_next_dist_0m6rgog._.js:2441
[     888ms] [LOG] [DEBUG] Renderizando celda: {columnId: email, isReference: undefined, value: Object} @ http://localhost:3000/_next/static/chunks/11hm_next_dist_0m6rgog._.js:2441
[     888ms] [LOG] [DEBUG] Renderizando celda: {columnId: telefono, isReference: undefined, value: Object} @ http://localhost:3000/_next/static/chunks/11hm_next_dist_0m6rgog._.js:2441
[     888ms] [LOG] [DEBUG] Renderizando celda: {columnId: telefono, isReference: undefined, value: Object} @ http://localhost:3000/_next/static/chunks/11hm_next_dist_0m6rgog._.js:2441
[     888ms] [LOG] [DEBUG] Renderizando celda: {columnId: ciudad, isReference: undefined, value: Object} @ http://localhost:3000/_next/static/chunks/11hm_next_dist_0m6rgog._.js:2441
[     889ms] [LOG] [DEBUG] Renderizando celda: {columnId: ciudad, isReference: undefined, value: Object} @ http://localhost:3000/_next/static/chunks/11hm_next_dist_0m6rgog._.js:2441
[     889ms] [LOG] [DEBUG] Renderizando celda: {columnId: rol, isReference: undefined, value: Object} @ http://localhost:3000/_next/static/chunks/11hm_next_dist_0m6rgog._.js:2441
[     889ms] [LOG] [DEBUG] Renderizando celda: {columnId: rol, isReference: undefined, value: Object} @ http://localhost:3000/_next/static/chunks/11hm_next_dist_0m6rgog._.js:2441
[     889ms] [LOG] [DEBUG] Renderizando celda: {columnId: estado, isReference: undefined, value: Object} @ http://localhost:3000/_next/static/chunks/11hm_next_dist_0m6rgog._.js:2441
[     889ms] [LOG] [DEBUG] Renderizando celda: {columnId: estado, isReference: undefined, value: Object} @ http://localhost:3000/_next/static/chunks/11hm_next_dist_0m6rgog._.js:2441
[     889ms] [LOG] [DEBUG] Renderizando celda: {columnId: fechaRegistro, isReference: undefined, value: Object} @ http://localhost:3000/_next/static/chunks/11hm_next_dist_0m6rgog._.js:2441
[     889ms] [LOG] [DEBUG] Renderizando celda: {columnId: fechaRegistro, isReference: undefined, value: Object} @ http://localhost:3000/_next/static/chunks/11hm_next_dist_0m6rgog._.js:2441
[     889ms] [LOG] [DEBUG] Renderizando celda: {columnId: ultimoContacto, isReference: undefined, value: Object} @ http://localhost:3000/_next/static/chunks/11hm_next_dist_0m6rgog._.js:2441
[     889ms] [LOG] [DEBUG] Renderizando celda: {columnId: ultimoContacto, isReference: undefined, value: Object} @ http://localhost:3000/_next/static/chunks/11hm_next_dist_0m6rgog._.js:2441
[     889ms] [LOG] [DEBUG] Renderizando celda: {columnId: valorTotal, isReference: undefined, value: Object} @ http://localhost:3000/_next/static/chunks/11hm_next_dist_0m6rgog._.js:2441
[     889ms] [LOG] [DEBUG] Renderizando celda: {columnId: valorTotal, isReference: undefined, value: Object} @ http://localhost:3000/_next/static/chunks/11hm_next_dist_0m6rgog._.js:2441
[     889ms] [LOG] [DEBUG] Tipo corregido: string -> number {originalValue: 3840, originalType: string, detectedType: number} @ http://localhost:3000/_next/static/chunks/11hm_next_dist_0m6rgog._.js:2441
[     889ms] [LOG] [DEBUG] Tipo corregido: string -> number {originalValue: 3840, originalType: string, detectedType: number} @ http://localhost:3000/_next/static/chunks/11hm_next_dist_0m6rgog._.js:2441
[     889ms] [LOG] [DEBUG] Renderizando celda: {columnId: satisfaccion, isReference: undefined, value: Object} @ http://localhost:3000/_next/static/chunks/11hm_next_dist_0m6rgog._.js:2441
[     890ms] [LOG] [DEBUG] Renderizando celda: {columnId: satisfaccion, isReference: undefined, value: Object} @ http://localhost:3000/_next/static/chunks/11hm_next_dist_0m6rgog._.js:2441
[     890ms] [LOG] [DEBUG] Renderizando celda: {columnId: activo, isReference: undefined, value: Object} @ http://localhost:3000/_next/static/chunks/11hm_next_dist_0m6rgog._.js:2441
[     890ms] [LOG] [DEBUG] Renderizando celda: {columnId: activo, isReference: undefined, value: Object} @ http://localhost:3000/_next/static/chunks/11hm_next_dist_0m6rgog._.js:2441
[     890ms] [LOG] [DEBUG] Tipo corregido: boolean -> string {originalValue: true, originalType: boolean, detectedType: string} @ http://localhost:3000/_next/static/chunks/11hm_next_dist_0m6rgog._.js:2441
[     890ms] [LOG] [DEBUG] Tipo corregido: boolean -> string {originalValue: true, originalType: boolean, detectedType: string} @ http://localhost:3000/_next/static/chunks/11hm_next_dist_0m6rgog._.js:2441
[     892ms] [LOG] [DEBUG] Renderizando celda: {columnId: id, isReference: undefined, value: Object} @ http://localhost:3000/_next/static/chunks/11hm_next_dist_0m6rgog._.js:2441
[     892ms] [LOG] [DEBUG] Renderizando celda: {columnId: id, isReference: undefined, value: Object} @ http://localhost:3000/_next/static/chunks/11hm_next_dist_0m6rgog._.js:2441
[     892ms] [LOG] [DEBUG] Renderizando celda: {columnId: nombre, isReference: undefined, value: Object} @ http://localhost:3000/_next/static/chunks/11hm_next_dist_0m6rgog._.js:2441
[     892ms] [LOG] [DEBUG] Renderizando celda: {columnId: nombre, isReference: undefined, value: Object} @ http://localhost:3000/_next/static/chunks/11hm_next_dist_0m6rgog._.js:2441
[     892ms] [LOG] [DEBUG] Renderizando celda: {columnId: email, isReference: undefined, value: Object} @ http://localhost:3000/_next/static/chunks/11hm_next_dist_0m6rgog._.js:2441
[     892ms] [LOG] [DEBUG] Renderizando celda: {columnId: email, isReference: undefined, value: Object} @ http://localhost:3000/_next/static/chunks/11hm_next_dist_0m6rgog._.js:2441
[     892ms] [LOG] [DEBUG] Renderizando celda: {columnId: telefono, isReference: undefined, value: Object} @ http://localhost:3000/_next/static/chunks/11hm_next_dist_0m6rgog._.js:2441
[     892ms] [LOG] [DEBUG] Renderizando celda: {columnId: telefono, isReference: undefined, value: Object} @ http://localhost:3000/_next/static/chunks/11hm_next_dist_0m6rgog._.js:2441
[     892ms] [LOG] [DEBUG] Renderizando celda: {columnId: ciudad, isReference: undefined, value: Object} @ http://localhost:3000/_next/static/chunks/11hm_next_dist_0m6rgog._.js:2441
[     892ms] [LOG] [DEBUG] Renderizando celda: {columnId: ciudad, isReference: undefined, value: Object} @ http://localhost:3000/_next/static/chunks/11hm_next_dist_0m6rgog._.js:2441
[     892ms] [LOG] [DEBUG] Renderizando celda: {columnId: rol, isReference: undefined, value: Object} @ http://localhost:3000/_next/static/chunks/11hm_next_dist_0m6rgog._.js:2441
[     892ms] [LOG] [DEBUG] Renderizando celda: {columnId: rol, isReference: undefined, value: Object} @ http://localhost:3000/_next/static/chunks/11hm_next_dist_0m6rgog._.js:2441
[     892ms] [LOG] [DEBUG] Renderizando celda: {columnId: estado, isReference: undefined, value: Object} @ http://localhost:3000/_next/static/chunks/11hm_next_dist_0m6rgog._.js:2441
[     892ms] [LOG] [DEBUG] Renderizando celda: {columnId: estado, isReference: undefined, value: Object} @ http://localhost:3000/_next/static/chunks/11hm_next_dist_0m6rgog._.js:2441
[     893ms] [LOG] [DEBUG] Renderizando celda: {columnId: fechaRegistro, isReference: undefined, value: Object} @ http://localhost:3000/_next/static/chunks/11hm_next_dist_0m6rgog._.js:2441
[     893ms] [LOG] [DEBUG] Renderizando celda: {columnId: fechaRegistro, isReference: undefined, value: Object} @ http://localhost:3000/_next/static/chunks/11hm_next_dist_0m6rgog._.js:2441
[     893ms] [LOG] [DEBUG] Renderizando celda: {columnId: ultimoContacto, isReference: undefined, value: Object} @ http://localhost:3000/_next/static/chunks/11hm_next_dist_0m6rgog._.js:2441
[     893ms] [LOG] [DEBUG] Renderizando celda: {columnId: ultimoContacto, isReference: undefined, value: Object} @ http://localhost:3000/_next/static/chunks/11hm_next_dist_0m6rgog._.js:2441
[     893ms] [LOG] [DEBUG] Renderizando celda: {columnId: valorTotal, isReference: undefined, value: Object} @ http://localhost:3000/_next/static/chunks/11hm_next_dist_0m6rgog._.js:2441
[     893ms] [LOG] [DEBUG] Renderizando celda: {columnId: valorTotal, isReference: undefined, value: Object} @ http://localhost:3000/_next/static/chunks/11hm_next_dist_0m6rgog._.js:2441
[     893ms] [LOG] [DEBUG] Tipo corregido: string -> number {originalValue: 6120, originalType: string, detectedType: number} @ http://localhost:3000/_next/static/chunks/11hm_next_dist_0m6rgog._.js:2441
[     893ms] [LOG] [DEBUG] Tipo corregido: string -> number {originalValue: 6120, originalType: string, detectedType: number} @ http://localhost:3000/_next/static/chunks/11hm_next_dist_0m6rgog._.js:2441
[     893ms] [LOG] [DEBUG] Renderizando celda: {columnId: satisfaccion, isReference: undefined, value: Object} @ http://localhost:3000/_next/static/chunks/11hm_next_dist_0m6rgog._.js:2441
[     893ms] [LOG] [DEBUG] Renderizando celda: {columnId: satisfaccion, isReference: undefined, value: Object} @ http://localhost:3000/_next/static/chunks/11hm_next_dist_0m6rgog._.js:2441
[     893ms] [LOG] [DEBUG] Renderizando celda: {columnId: activo, isReference: undefined, value: Object} @ http://localhost:3000/_next/static/chunks/11hm_next_dist_0m6rgog._.js:2441
[     893ms] [LOG] [DEBUG] Renderizando celda: {columnId: activo, isReference: undefined, value: Object} @ http://localhost:3000/_next/static/chunks/11hm_next_dist_0m6rgog._.js:2441
[     893ms] [LOG] [DEBUG] Tipo corregido: boolean -> string {originalValue: true, originalType: boolean, detectedType: string} @ http://localhost:3000/_next/static/chunks/11hm_next_dist_0m6rgog._.js:2441
[     893ms] [LOG] [DEBUG] Tipo corregido: boolean -> string {originalValue: true, originalType: boolean, detectedType: string} @ http://localhost:3000/_next/static/chunks/11hm_next_dist_0m6rgog._.js:2441
[     894ms] [LOG] [DEBUG] Renderizando celda: {columnId: id, isReference: undefined, value: Object} @ http://localhost:3000/_next/static/chunks/11hm_next_dist_0m6rgog._.js:2441
[     894ms] [LOG] [DEBUG] Renderizando celda: {columnId: id, isReference: undefined, value: Object} @ http://localhost:3000/_next/static/chunks/11hm_next_dist_0m6rgog._.js:2441
[     894ms] [LOG] [DEBUG] Renderizando celda: {columnId: nombre, isReference: undefined, value: Object} @ http://localhost:3000/_next/static/chunks/11hm_next_dist_0m6rgog._.js:2441
[     894ms] [LOG] [DEBUG] Renderizando celda: {columnId: nombre, isReference: undefined, value: Object} @ http://localhost:3000/_next/static/chunks/11hm_next_dist_0m6rgog._.js:2441
[     895ms] [LOG] [DEBUG] Renderizando celda: {columnId: email, isReference: undefined, value: Object} @ http://localhost:3000/_next/static/chunks/11hm_next_dist_0m6rgog._.js:2441
[     895ms] [LOG] [DEBUG] Renderizando celda: {columnId: email, isReference: undefined, value: Object} @ http://localhost:3000/_next/static/chunks/11hm_next_dist_0m6rgog._.js:2441
[     895ms] [LOG] [DEBUG] Renderizando celda: {columnId: telefono, isReference: undefined, value: Object} @ http://localhost:3000/_next/static/chunks/11hm_next_dist_0m6rgog._.js:2441
[     895ms] [LOG] [DEBUG] Renderizando celda: {columnId: telefono, isReference: undefined, value: Object} @ http://localhost:3000/_next/static/chunks/11hm_next_dist_0m6rgog._.js:2441
[     895ms] [LOG] [DEBUG] Renderizando celda: {columnId: ciudad, isReference: undefined, value: Object} @ http://localhost:3000/_next/static/chunks/11hm_next_dist_0m6rgog._.js:2441
[     895ms] [LOG] [DEBUG] Renderizando celda: {columnId: ciudad, isReference: undefined, value: Object} @ http://localhost:3000/_next/static/chunks/11hm_next_dist_0m6rgog._.js:2441
[     895ms] [LOG] [DEBUG] Renderizando celda: {columnId: rol, isReference: undefined, value: Object} @ http://localhost:3000/_next/static/chunks/11hm_next_dist_0m6rgog._.js:2441
[     895ms] [LOG] [DEBUG] Renderizando celda: {columnId: rol, isReference: undefined, value: Object} @ http://localhost:3000/_next/static/chunks/11hm_next_dist_0m6rgog._.js:2441
[     895ms] [LOG] [DEBUG] Renderizando celda: {columnId: estado, isReference: undefined, value: Object} @ http://localhost:3000/_next/static/chunks/11hm_next_dist_0m6rgog._.js:2441
[     895ms] [LOG] [DEBUG] Renderizando celda: {columnId: estado, isReference: undefined, value: Object} @ http://localhost:3000/_next/static/chunks/11hm_next_dist_0m6rgog._.js:2441
[     895ms] [LOG] [DEBUG] Renderizando celda: {columnId: fechaRegistro, isReference: undefined, value: Object} @ http://localhost:3000/_next/static/chunks/11hm_next_dist_0m6rgog._.js:2441
[     895ms] [LOG] [DEBUG] Renderizando celda: {columnId: fechaRegistro, isReference: undefined, value: Object} @ http://localhost:3000/_next/static/chunks/11hm_next_dist_0m6rgog._.js:2441
[     895ms] [LOG] [DEBUG] Renderizando celda: {columnId: ultimoContacto, isReference: undefined, value: Object} @ http://localhost:3000/_next/static/chunks/11hm_next_dist_0m6rgog._.js:2441
[     895ms] [LOG] [DEBUG] Renderizando celda: {columnId: ultimoContacto, isReference: undefined, value: Object} @ http://localhost:3000/_next/static/chunks/11hm_next_dist_0m6rgog._.js:2441
[     895ms] [LOG] [DEBUG] Renderizando celda: {columnId: valorTotal, isReference: undefined, value: Object} @ http://localhost:3000/_next/static/chunks/11hm_next_dist_0m6rgog._.js:2441
[     895ms] [LOG] [DEBUG] Renderizando celda: {columnId: valorTotal, isReference: undefined, value: Object} @ http://localhost:3000/_next/static/chunks/11hm_next_dist_0m6rgog._.js:2441
[     896ms] [LOG] [DEBUG] Tipo corregido: string -> number {originalValue: 0, originalType: string, detectedType: number} @ http://localhost:3000/_next/static/chunks/11hm_next_dist_0m6rgog._.js:2441
[     896ms] [LOG] [DEBUG] Tipo corregido: string -> number {originalValue: 0, originalType: string, detectedType: number} @ http://localhost:3000/_next/static/chunks/11hm_next_dist_0m6rgog._.js:2441
[     896ms] [LOG] [DEBUG] Renderizando celda: {columnId: satisfaccion, isReference: undefined, value: Object} @ http://localhost:3000/_next/static/chunks/11hm_next_dist_0m6rgog._.js:2441
[     896ms] [LOG] [DEBUG] Renderizando celda: {columnId: satisfaccion, isReference: undefined, value: Object} @ http://localhost:3000/_next/static/chunks/11hm_next_dist_0m6rgog._.js:2441
[     896ms] [LOG] [DEBUG] Renderizando celda: {columnId: activo, isReference: undefined, value: Object} @ http://localhost:3000/_next/static/chunks/11hm_next_dist_0m6rgog._.js:2441
[     896ms] [LOG] [DEBUG] Renderizando celda: {columnId: activo, isReference: undefined, value: Object} @ http://localhost:3000/_next/static/chunks/11hm_next_dist_0m6rgog._.js:2441
[     896ms] [LOG] [DEBUG] Tipo corregido: boolean -> string {originalValue: false, originalType: boolean, detectedType: string} @ http://localhost:3000/_next/static/chunks/11hm_next_dist_0m6rgog._.js:2441
[     896ms] [LOG] [DEBUG] Tipo corregido: boolean -> string {originalValue: false, originalType: boolean, detectedType: string} @ http://localhost:3000/_next/static/chunks/11hm_next_dist_0m6rgog._.js:2441
[     897ms] [LOG] [DEBUG] Renderizando celda: {columnId: id, isReference: undefined, value: Object} @ http://localhost:3000/_next/static/chunks/11hm_next_dist_0m6rgog._.js:2441
[     897ms] [LOG] [DEBUG] Renderizando celda: {columnId: id, isReference: undefined, value: Object} @ http://localhost:3000/_next/static/chunks/11hm_next_dist_0m6rgog._.js:2441
[     897ms] [LOG] [DEBUG] Renderizando celda: {columnId: nombre, isReference: undefined, value: Object} @ http://localhost:3000/_next/static/chunks/11hm_next_dist_0m6rgog._.js:2441
[     897ms] [LOG] [DEBUG] Renderizando celda: {columnId: nombre, isReference: undefined, value: Object} @ http://localhost:3000/_next/static/chunks/11hm_next_dist_0m6rgog._.js:2441
[     897ms] [LOG] [DEBUG] Renderizando celda: {columnId: email, isReference: undefined, value: Object} @ http://localhost:3000/_next/static/chunks/11hm_next_dist_0m6rgog._.js:2441
[     897ms] [LOG] [DEBUG] Renderizando celda: {columnId: email, isReference: undefined, value: Object} @ http://localhost:3000/_next/static/chunks/11hm_next_dist_0m6rgog._.js:2441
[     897ms] [LOG] [DEBUG] Renderizando celda: {columnId: telefono, isReference: undefined, value: Object} @ http://localhost:3000/_next/static/chunks/11hm_next_dist_0m6rgog._.js:2441
[     897ms] [LOG] [DEBUG] Renderizando celda: {columnId: telefono, isReference: undefined, value: Object} @ http://localhost:3000/_next/static/chunks/11hm_next_dist_0m6rgog._.js:2441
[     897ms] [LOG] [DEBUG] Renderizando celda: {columnId: ciudad, isReference: undefined, value: Object} @ http://localhost:3000/_next/static/chunks/11hm_next_dist_0m6rgog._.js:2441
[     897ms] [LOG] [DEBUG] Renderizando celda: {columnId: ciudad, isReference: undefined, value: Object} @ http://localhost:3000/_next/static/chunks/11hm_next_dist_0m6rgog._.js:2441
[     897ms] [LOG] [DEBUG] Renderizando celda: {columnId: rol, isReference: undefined, value: Object} @ http://localhost:3000/_next/static/chunks/11hm_next_dist_0m6rgog._.js:2441
[     897ms] [LOG] [DEBUG] Renderizando celda: {columnId: rol, isReference: undefined, value: Object} @ http://localhost:3000/_next/static/chunks/11hm_next_dist_0m6rgog._.js:2441
[     897ms] [LOG] [DEBUG] Renderizando celda: {columnId: estado, isReference: undefined, value: Object} @ http://localhost:3000/_next/static/chunks/11hm_next_dist_0m6rgog._.js:2441
[     897ms] [LOG] [DEBUG] Renderizando celda: {columnId: estado, isReference: undefined, value: Object} @ http://localhost:3000/_next/static/chunks/11hm_next_dist_0m6rgog._.js:2441
[     898ms] [LOG] [DEBUG] Renderizando celda: {columnId: fechaRegistro, isReference: undefined, value: Object} @ http://localhost:3000/_next/static/chunks/11hm_next_dist_0m6rgog._.js:2441
[     898ms] [LOG] [DEBUG] Renderizando celda: {columnId: fechaRegistro, isReference: undefined, value: Object} @ http://localhost:3000/_next/static/chunks/11hm_next_dist_0m6rgog._.js:2441
[     898ms] [LOG] [DEBUG] Renderizando celda: {columnId: ultimoContacto, isReference: undefined, value: Object} @ http://localhost:3000/_next/static/chunks/11hm_next_dist_0m6rgog._.js:2441
[     898ms] [LOG] [DEBUG] Renderizando celda: {columnId: ultimoContacto, isReference: undefined, value: Object} @ http://localhost:3000/_next/static/chunks/11hm_next_dist_0m6rgog._.js:2441
[     898ms] [LOG] [DEBUG] Renderizando celda: {columnId: valorTotal, isReference: undefined, value: Object} @ http://localhost:3000/_next/static/chunks/11hm_next_dist_0m6rgog._.js:2441
[     898ms] [LOG] [DEBUG] Renderizando celda: {columnId: valorTotal, isReference: undefined, value: Object} @ http://localhost:3000/_next/static/chunks/11hm_next_dist_0m6rgog._.js:2441
[     898ms] [LOG] [DEBUG] Tipo corregido: string -> number {originalValue: 2280, originalType: string, detectedType: number} @ http://localhost:3000/_next/static/chunks/11hm_next_dist_0m6rgog._.js:2441
[     898ms] [LOG] [DEBUG] Tipo corregido: string -> number {originalValue: 2280, originalType: string, detectedType: number} @ http://localhost:3000/_next/static/chunks/11hm_next_dist_0m6rgog._.js:2441
[     898ms] [LOG] [DEBUG] Renderizando celda: {columnId: satisfaccion, isReference: undefined, value: Object} @ http://localhost:3000/_next/static/chunks/11hm_next_dist_0m6rgog._.js:2441
[     898ms] [LOG] [DEBUG] Renderizando celda: {columnId: satisfaccion, isReference: undefined, value: Object} @ http://localhost:3000/_next/static/chunks/11hm_next_dist_0m6rgog._.js:2441
[     898ms] [LOG] [DEBUG] Renderizando celda: {columnId: activo, isReference: undefined, value: Object} @ http://localhost:3000/_next/static/chunks/11hm_next_dist_0m6rgog._.js:2441
[     898ms] [LOG] [DEBUG] Renderizando celda: {columnId: activo, isReference: undefined, value: Object} @ http://localhost:3000/_next/static/chunks/11hm_next_dist_0m6rgog._.js:2441
[     898ms] [LOG] [DEBUG] Tipo corregido: boolean -> string {originalValue: false, originalType: boolean, detectedType: string} @ http://localhost:3000/_next/static/chunks/11hm_next_dist_0m6rgog._.js:2441
[     898ms] [LOG] [DEBUG] Tipo corregido: boolean -> string {originalValue: false, originalType: boolean, detectedType: string} @ http://localhost:3000/_next/static/chunks/11hm_next_dist_0m6rgog._.js:2441
[     899ms] [LOG] [DEBUG] Renderizando celda: {columnId: id, isReference: undefined, value: Object} @ http://localhost:3000/_next/static/chunks/11hm_next_dist_0m6rgog._.js:2441
[     899ms] [LOG] [DEBUG] Renderizando celda: {columnId: id, isReference: undefined, value: Object} @ http://localhost:3000/_next/static/chunks/11hm_next_dist_0m6rgog._.js:2441
[     899ms] [LOG] [DEBUG] Renderizando celda: {columnId: nombre, isReference: undefined, value: Object} @ http://localhost:3000/_next/static/chunks/11hm_next_dist_0m6rgog._.js:2441
[     899ms] [LOG] [DEBUG] Renderizando celda: {columnId: nombre, isReference: undefined, value: Object} @ http://localhost:3000/_next/static/chunks/11hm_next_dist_0m6rgog._.js:2441
[     899ms] [LOG] [DEBUG] Renderizando celda: {columnId: email, isReference: undefined, value: Object} @ http://localhost:3000/_next/static/chunks/11hm_next_dist_0m6rgog._.js:2441
[     899ms] [LOG] [DEBUG] Renderizando celda: {columnId: email, isReference: undefined, value: Object} @ http://localhost:3000/_next/static/chunks/11hm_next_dist_0m6rgog._.js:2441
[     899ms] [LOG] [DEBUG] Renderizando celda: {columnId: telefono, isReference: undefined, value: Object} @ http://localhost:3000/_next/static/chunks/11hm_next_dist_0m6rgog._.js:2441
[     899ms] [LOG] [DEBUG] Renderizando celda: {columnId: telefono, isReference: undefined, value: Object} @ http://localhost:3000/_next/static/chunks/11hm_next_dist_0m6rgog._.js:2441
[     900ms] [LOG] [DEBUG] Renderizando celda: {columnId: ciudad, isReference: undefined, value: Object} @ http://localhost:3000/_next/static/chunks/11hm_next_dist_0m6rgog._.js:2441
[     900ms] [LOG] [DEBUG] Renderizando celda: {columnId: ciudad, isReference: undefined, value: Object} @ http://localhost:3000/_next/static/chunks/11hm_next_dist_0m6rgog._.js:2441
[     900ms] [LOG] [DEBUG] Renderizando celda: {columnId: rol, isReference: undefined, value: Object} @ http://localhost:3000/_next/static/chunks/11hm_next_dist_0m6rgog._.js:2441
[     900ms] [LOG] [DEBUG] Renderizando celda: {columnId: rol, isReference: undefined, value: Object} @ http://localhost:3000/_next/static/chunks/11hm_next_dist_0m6rgog._.js:2441
[     900ms] [LOG] [DEBUG] Renderizando celda: {columnId: estado, isReference: undefined, value: Object} @ http://localhost:3000/_next/static/chunks/11hm_next_dist_0m6rgog._.js:2441
[     900ms] [LOG] [DEBUG] Renderizando celda: {columnId: estado, isReference: undefined, value: Object} @ http://localhost:3000/_next/static/chunks/11hm_next_dist_0m6rgog._.js:2441
[     900ms] [LOG] [DEBUG] Renderizando celda: {columnId: fechaRegistro, isReference: undefined, value: Object} @ http://localhost:3000/_next/static/chunks/11hm_next_dist_0m6rgog._.js:2441
[     900ms] [LOG] [DEBUG] Renderizando celda: {columnId: fechaRegistro, isReference: undefined, value: Object} @ http://localhost:3000/_next/static/chunks/11hm_next_dist_0m6rgog._.js:2441
[     900ms] [LOG] [DEBUG] Renderizando celda: {columnId: ultimoContacto, isReference: undefined, value: Object} @ http://localhost:3000/_next/static/chunks/11hm_next_dist_0m6rgog._.js:2441
[     900ms] [LOG] [DEBUG] Renderizando celda: {columnId: ultimoContacto, isReference: undefined, value: Object} @ http://localhost:3000/_next/static/chunks/11hm_next_dist_0m6rgog._.js:2441
[     900ms] [LOG] [DEBUG] Renderizando celda: {columnId: valorTotal, isReference: undefined, value: Object} @ http://localhost:3000/_next/static/chunks/11hm_next_dist_0m6rgog._.js:2441
[     900ms] [LOG] [DEBUG] Renderizando celda: {columnId: valorTotal, isReference: undefined, value: Object} @ http://localhost:3000/_next/static/chunks/11hm_next_dist_0m6rgog._.js:2441
[     900ms] [LOG] [DEBUG] Tipo corregido: string -> number {originalValue: 4560, originalType: string, detectedType: number} @ http://localhost:3000/_next/static/chunks/11hm_next_dist_0m6rgog._.js:2441
[     900ms] [LOG] [DEBUG] Tipo corregido: string -> number {originalValue: 4560, originalType: string, detectedType: number} @ http://localhost:3000/_next/static/chunks/11hm_next_dist_0m6rgog._.js:2441
[     900ms] [LOG] [DEBUG] Renderizando celda: {columnId: satisfaccion, isReference: undefined, value: Object} @ http://localhost:3000/_next/static/chunks/11hm_next_dist_0m6rgog._.js:2441
[     900ms] [LOG] [DEBUG] Renderizando celda: {columnId: satisfaccion, isReference: undefined, value: Object} @ http://localhost:3000/_next/static/chunks/11hm_next_dist_0m6rgog._.js:2441
[     901ms] [LOG] [DEBUG] Renderizando celda: {columnId: activo, isReference: undefined, value: Object} @ http://localhost:3000/_next/static/chunks/11hm_next_dist_0m6rgog._.js:2441
[     901ms] [LOG] [DEBUG] Renderizando celda: {columnId: activo, isReference: undefined, value: Object} @ http://localhost:3000/_next/static/chunks/11hm_next_dist_0m6rgog._.js:2441
[     901ms] [LOG] [DEBUG] Tipo corregido: boolean -> string {originalValue: true, originalType: boolean, detectedType: string} @ http://localhost:3000/_next/static/chunks/11hm_next_dist_0m6rgog._.js:2441
[     901ms] [LOG] [DEBUG] Tipo corregido: boolean -> string {originalValue: true, originalType: boolean, detectedType: string} @ http://localhost:3000/_next/static/chunks/11hm_next_dist_0m6rgog._.js:2441
[     901ms] [LOG] [DEBUG] Renderizando celda: {columnId: id, isReference: undefined, value: Object} @ http://localhost:3000/_next/static/chunks/11hm_next_dist_0m6rgog._.js:2441
[     902ms] [LOG] [DEBUG] Renderizando celda: {columnId: id, isReference: undefined, value: Object} @ http://localhost:3000/_next/static/chunks/11hm_next_dist_0m6rgog._.js:2441
[     902ms] [LOG] [DEBUG] Renderizando celda: {columnId: nombre, isReference: undefined, value: Object} @ http://localhost:3000/_next/static/chunks/11hm_next_dist_0m6rgog._.js:2441
[     902ms] [LOG] [DEBUG] Renderizando celda: {columnId: nombre, isReference: undefined, value: Object} @ http://localhost:3000/_next/static/chunks/11hm_next_dist_0m6rgog._.js:2441
[     902ms] [LOG] [DEBUG] Renderizando celda: {columnId: email, isReference: undefined, value: Object} @ http://localhost:3000/_next/static/chunks/11hm_next_dist_0m6rgog._.js:2441
[     902ms] [LOG] [DEBUG] Renderizando celda: {columnId: email, isReference: undefined, value: Object} @ http://localhost:3000/_next/static/chunks/11hm_next_dist_0m6rgog._.js:2441
[     902ms] [LOG] [DEBUG] Renderizando celda: {columnId: telefono, isReference: undefined, value: Object} @ http://localhost:3000/_next/static/chunks/11hm_next_dist_0m6rgog._.js:2441
[     902ms] [LOG] [DEBUG] Renderizando celda: {columnId: telefono, isReference: undefined, value: Object} @ http://localhost:3000/_next/static/chunks/11hm_next_dist_0m6rgog._.js:2441
[     902ms] [LOG] [DEBUG] Renderizando celda: {columnId: ciudad, isReference: undefined, value: Object} @ http://localhost:3000/_next/static/chunks/11hm_next_dist_0m6rgog._.js:2441
[     902ms] [LOG] [DEBUG] Renderizando celda: {columnId: ciudad, isReference: undefined, value: Object} @ http://localhost:3000/_next/static/chunks/11hm_next_dist_0m6rgog._.js:2441
[     902ms] [LOG] [DEBUG] Renderizando celda: {columnId: rol, isReference: undefined, value: Object} @ http://localhost:3000/_next/static/chunks/11hm_next_dist_0m6rgog._.js:2441
[     902ms] [LOG] [DEBUG] Renderizando celda: {columnId: rol, isReference: undefined, value: Object} @ http://localhost:3000/_next/static/chunks/11hm_next_dist_0m6rgog._.js:2441
[     902ms] [LOG] [DEBUG] Renderizando celda: {columnId: estado, isReference: undefined, value: Object} @ http://localhost:3000/_next/static/chunks/11hm_next_dist_0m6rgog._.js:2441
[     902ms] [LOG] [DEBUG] Renderizando celda: {columnId: estado, isReference: undefined, value: Object} @ http://localhost:3000/_next/static/chunks/11hm_next_dist_0m6rgog._.js:2441
[     902ms] [LOG] [DEBUG] Renderizando celda: {columnId: fechaRegistro, isReference: undefined, value: Object} @ http://localhost:3000/_next/static/chunks/11hm_next_dist_0m6rgog._.js:2441
[     902ms] [LOG] [DEBUG] Renderizando celda: {columnId: fechaRegistro, isReference: undefined, value: Object} @ http://localhost:3000/_next/static/chunks/11hm_next_dist_0m6rgog._.js:2441
[     902ms] [LOG] [DEBUG] Renderizando celda: {columnId: ultimoContacto, isReference: undefined, value: Object} @ http://localhost:3000/_next/static/chunks/11hm_next_dist_0m6rgog._.js:2441
[     902ms] [LOG] [DEBUG] Renderizando celda: {columnId: ultimoContacto, isReference: undefined, value: Object} @ http://localhost:3000/_next/static/chunks/11hm_next_dist_0m6rgog._.js:2441
[     903ms] [LOG] [DEBUG] Renderizando celda: {columnId: valorTotal, isReference: undefined, value: Object} @ http://localhost:3000/_next/static/chunks/11hm_next_dist_0m6rgog._.js:2441
[     903ms] [LOG] [DEBUG] Renderizando celda: {columnId: valorTotal, isReference: undefined, value: Object} @ http://localhost:3000/_next/static/chunks/11hm_next_dist_0m6rgog._.js:2441
[     903ms] [LOG] [DEBUG] Renderizando celda: {columnId: satisfaccion, isReference: undefined, value: Object} @ http://localhost:3000/_next/static/chunks/11hm_next_dist_0m6rgog._.js:2441
[     903ms] [LOG] [DEBUG] Renderizando celda: {columnId: satisfaccion, isReference: undefined, value: Object} @ http://localhost:3000/_next/static/chunks/11hm_next_dist_0m6rgog._.js:2441
[     903ms] [LOG] [DEBUG] Renderizando celda: {columnId: activo, isReference: undefined, value: Object} @ http://localhost:3000/_next/static/chunks/11hm_next_dist_0m6rgog._.js:2441
[     903ms] [LOG] [DEBUG] Renderizando celda: {columnId: activo, isReference: undefined, value: Object} @ http://localhost:3000/_next/static/chunks/11hm_next_dist_0m6rgog._.js:2441
[     903ms] [LOG] [DEBUG] Tipo corregido: boolean -> string {originalValue: true, originalType: boolean, detectedType: string} @ http://localhost:3000/_next/static/chunks/11hm_next_dist_0m6rgog._.js:2441
[     903ms] [LOG] [DEBUG] Tipo corregido: boolean -> string {originalValue: true, originalType: boolean, detectedType: string} @ http://localhost:3000/_next/static/chunks/11hm_next_dist_0m6rgog._.js:2441
[     904ms] [LOG] [DEBUG] Renderizando celda: {columnId: id, isReference: undefined, value: Object} @ http://localhost:3000/_next/static/chunks/11hm_next_dist_0m6rgog._.js:2441
[     904ms] [LOG] [DEBUG] Renderizando celda: {columnId: id, isReference: undefined, value: Object} @ http://localhost:3000/_next/static/chunks/11hm_next_dist_0m6rgog._.js:2441
[     904ms] [LOG] [DEBUG] Renderizando celda: {columnId: nombre, isReference: undefined, value: Object} @ http://localhost:3000/_next/static/chunks/11hm_next_dist_0m6rgog._.js:2441
[     904ms] [LOG] [DEBUG] Renderizando celda: {columnId: nombre, isReference: undefined, value: Object} @ http://localhost:3000/_next/static/chunks/11hm_next_dist_0m6rgog._.js:2441
[     904ms] [LOG] [DEBUG] Renderizando celda: {columnId: email, isReference: undefined, value: Object} @ http://localhost:3000/_next/static/chunks/11hm_next_dist_0m6rgog._.js:2441
[     904ms] [LOG] [DEBUG] Renderizando celda: {columnId: email, isReference: undefined, value: Object} @ http://localhost:3000/_next/static/chunks/11hm_next_dist_0m6rgog._.js:2441
[     904ms] [LOG] [DEBUG] Renderizando celda: {columnId: telefono, isReference: undefined, value: Object} @ http://localhost:3000/_next/static/chunks/11hm_next_dist_0m6rgog._.js:2441
[     904ms] [LOG] [DEBUG] Renderizando celda: {columnId: telefono, isReference: undefined, value: Object} @ http://localhost:3000/_next/static/chunks/11hm_next_dist_0m6rgog._.js:2441
[     904ms] [LOG] [DEBUG] Renderizando celda: {columnId: ciudad, isReference: undefined, value: Object} @ http://localhost:3000/_next/static/chunks/11hm_next_dist_0m6rgog._.js:2441
[     904ms] [LOG] [DEBUG] Renderizando celda: {columnId: ciudad, isReference: undefined, value: Object} @ http://localhost:3000/_next/static/chunks/11hm_next_dist_0m6rgog._.js:2441
[     904ms] [LOG] [DEBUG] Renderizando celda: {columnId: rol, isReference: undefined, value: Object} @ http://localhost:3000/_next/static/chunks/11hm_next_dist_0m6rgog._.js:2441
[     904ms] [LOG] [DEBUG] Renderizando celda: {columnId: rol, isReference: undefined, value: Object} @ http://localhost:3000/_next/static/chunks/11hm_next_dist_0m6rgog._.js:2441
[     904ms] [LOG] [DEBUG] Renderizando celda: {columnId: estado, isReference: undefined, value: Object} @ http://localhost:3000/_next/static/chunks/11hm_next_dist_0m6rgog._.js:2441
[     904ms] [LOG] [DEBUG] Renderizando celda: {columnId: estado, isReference: undefined, value: Object} @ http://localhost:3000/_next/static/chunks/11hm_next_dist_0m6rgog._.js:2441
[     905ms] [LOG] [DEBUG] Renderizando celda: {columnId: fechaRegistro, isReference: undefined, value: Object} @ http://localhost:3000/_next/static/chunks/11hm_next_dist_0m6rgog._.js:2441
[     905ms] [LOG] [DEBUG] Renderizando celda: {columnId: fechaRegistro, isReference: undefined, value: Object} @ http://localhost:3000/_next/static/chunks/11hm_next_dist_0m6rgog._.js:2441
[     905ms] [LOG] [DEBUG] Renderizando celda: {columnId: ultimoContacto, isReference: undefined, value: Object} @ http://localhost:3000/_next/static/chunks/11hm_next_dist_0m6rgog._.js:2441
[     905ms] [LOG] [DEBUG] Renderizando celda: {columnId: ultimoContacto, isReference: undefined, value: Object} @ http://localhost:3000/_next/static/chunks/11hm_next_dist_0m6rgog._.js:2441
[     905ms] [LOG] [DEBUG] Renderizando celda: {columnId: valorTotal, isReference: undefined, value: Object} @ http://localhost:3000/_next/static/chunks/11hm_next_dist_0m6rgog._.js:2441
[     905ms] [LOG] [DEBUG] Renderizando celda: {columnId: valorTotal, isReference: undefined, value: Object} @ http://localhost:3000/_next/static/chunks/11hm_next_dist_0m6rgog._.js:2441
[     905ms] [LOG] [DEBUG] Tipo corregido: string -> number {originalValue: 0, originalType: string, detectedType: number} @ http://localhost:3000/_next/static/chunks/11hm_next_dist_0m6rgog._.js:2441
[     905ms] [LOG] [DEBUG] Tipo corregido: string -> number {originalValue: 0, originalType: string, detectedType: number} @ http://localhost:3000/_next/static/chunks/11hm_next_dist_0m6rgog._.js:2441
[     905ms] [LOG] [DEBUG] Renderizando celda: {columnId: satisfaccion, isReference: undefined, value: Object} @ http://localhost:3000/_next/static/chunks/11hm_next_dist_0m6rgog._.js:2441
[     905ms] [LOG] [DEBUG] Renderizando celda: {columnId: satisfaccion, isReference: undefined, value: Object} @ http://localhost:3000/_next/static/chunks/11hm_next_dist_0m6rgog._.js:2441
[     905ms] [LOG] [DEBUG] Renderizando celda: {columnId: activo, isReference: undefined, value: Object} @ http://localhost:3000/_next/static/chunks/11hm_next_dist_0m6rgog._.js:2441
[     905ms] [LOG] [DEBUG] Renderizando celda: {columnId: activo, isReference: undefined, value: Object} @ http://localhost:3000/_next/static/chunks/11hm_next_dist_0m6rgog._.js:2441
[     905ms] [LOG] [DEBUG] Tipo corregido: boolean -> string {originalValue: false, originalType: boolean, detectedType: string} @ http://localhost:3000/_next/static/chunks/11hm_next_dist_0m6rgog._.js:2441
[     905ms] [LOG] [DEBUG] Tipo corregido: boolean -> string {originalValue: false, originalType: boolean, detectedType: string} @ http://localhost:3000/_next/static/chunks/11hm_next_dist_0m6rgog._.js:2441
[     906ms] [LOG] [DEBUG] Renderizando celda: {columnId: id, isReference: undefined, value: Object} @ http://localhost:3000/_next/static/chunks/11hm_next_dist_0m6rgog._.js:2441
[     906ms] [LOG] [DEBUG] Renderizando celda: {columnId: id, isReference: undefined, value: Object} @ http://localhost:3000/_next/static/chunks/11hm_next_dist_0m6rgog._.js:2441
[     906ms] [LOG] [DEBUG] Renderizando celda: {columnId: nombre, isReference: undefined, value: Object} @ http://localhost:3000/_next/static/chunks/11hm_next_dist_0m6rgog._.js:2441
[     906ms] [LOG] [DEBUG] Renderizando celda: {columnId: nombre, isReference: undefined, value: Object} @ http://localhost:3000/_next/static/chunks/11hm_next_dist_0m6rgog._.js:2441
[     906ms] [LOG] [DEBUG] Renderizando celda: {columnId: email, isReference: undefined, value: Object} @ http://localhost:3000/_next/static/chunks/11hm_next_dist_0m6rgog._.js:2441
[     906ms] [LOG] [DEBUG] Renderizando celda: {columnId: email, isReference: undefined, value: Object} @ http://localhost:3000/_next/static/chunks/11hm_next_dist_0m6rgog._.js:2441
[     906ms] [LOG] [DEBUG] Renderizando celda: {columnId: telefono, isReference: undefined, value: Object} @ http://localhost:3000/_next/static/chunks/11hm_next_dist_0m6rgog._.js:2441
[     906ms] [LOG] [DEBUG] Renderizando celda: {columnId: telefono, isReference: undefined, value: Object} @ http://localhost:3000/_next/static/chunks/11hm_next_dist_0m6rgog._.js:2441
[     906ms] [LOG] [DEBUG] Renderizando celda: {columnId: ciudad, isReference: undefined, value: Object} @ http://localhost:3000/_next/static/chunks/11hm_next_dist_0m6rgog._.js:2441
[     906ms] [LOG] [DEBUG] Renderizando celda: {columnId: ciudad, isReference: undefined, value: Object} @ http://localhost:3000/_next/static/chunks/11hm_next_dist_0m6rgog._.js:2441
[     907ms] [LOG] [DEBUG] Renderizando celda: {columnId: rol, isReference: undefined, value: Object} @ http://localhost:3000/_next/static/chunks/11hm_next_dist_0m6rgog._.js:2441
[     907ms] [LOG] [DEBUG] Renderizando celda: {columnId: rol, isReference: undefined, value: Object} @ http://localhost:3000/_next/static/chunks/11hm_next_dist_0m6rgog._.js:2441
[     907ms] [LOG] [DEBUG] Renderizando celda: {columnId: estado, isReference: undefined, value: Object} @ http://localhost:3000/_next/static/chunks/11hm_next_dist_0m6rgog._.js:2441
[     907ms] [LOG] [DEBUG] Renderizando celda: {columnId: estado, isReference: undefined, value: Object} @ http://localhost:3000/_next/static/chunks/11hm_next_dist_0m6rgog._.js:2441
[     907ms] [LOG] [DEBUG] Renderizando celda: {columnId: fechaRegistro, isReference: undefined, value: Object} @ http://localhost:3000/_next/static/chunks/11hm_next_dist_0m6rgog._.js:2441
[     907ms] [LOG] [DEBUG] Renderizando celda: {columnId: fechaRegistro, isReference: undefined, value: Object} @ http://localhost:3000/_next/static/chunks/11hm_next_dist_0m6rgog._.js:2441
[     907ms] [LOG] [DEBUG] Renderizando celda: {columnId: ultimoContacto, isReference: undefined, value: Object} @ http://localhost:3000/_next/static/chunks/11hm_next_dist_0m6rgog._.js:2441
[     907ms] [LOG] [DEBUG] Renderizando celda: {columnId: ultimoContacto, isReference: undefined, value: Object} @ http://localhost:3000/_next/static/chunks/11hm_next_dist_0m6rgog._.js:2441
[     907ms] [LOG] [DEBUG] Renderizando celda: {columnId: valorTotal, isReference: undefined, value: Object} @ http://localhost:3000/_next/static/chunks/11hm_next_dist_0m6rgog._.js:2441
[     907ms] [LOG] [DEBUG] Renderizando celda: {columnId: valorTotal, isReference: undefined, value: Object} @ http://localhost:3000/_next/static/chunks/11hm_next_dist_0m6rgog._.js:2441
[     907ms] [LOG] [DEBUG] Tipo corregido: string -> number {originalValue: 3120, originalType: string, detectedType: number} @ http://localhost:3000/_next/static/chunks/11hm_next_dist_0m6rgog._.js:2441
[     907ms] [LOG] [DEBUG] Tipo corregido: string -> number {originalValue: 3120, originalType: string, detectedType: number} @ http://localhost:3000/_next/static/chunks/11hm_next_dist_0m6rgog._.js:2441
[     907ms] [LOG] [DEBUG] Renderizando celda: {columnId: satisfaccion, isReference: undefined, value: Object} @ http://localhost:3000/_next/static/chunks/11hm_next_dist_0m6rgog._.js:2441
[     907ms] [LOG] [DEBUG] Renderizando celda: {columnId: satisfaccion, isReference: undefined, value: Object} @ http://localhost:3000/_next/static/chunks/11hm_next_dist_0m6rgog._.js:2441
[     907ms] [LOG] [DEBUG] Renderizando celda: {columnId: activo, isReference: undefined, value: Object} @ http://localhost:3000/_next/static/chunks/11hm_next_dist_0m6rgog._.js:2441
[     907ms] [LOG] [DEBUG] Renderizando celda: {columnId: activo, isReference: undefined, value: Object} @ http://localhost:3000/_next/static/chunks/11hm_next_dist_0m6rgog._.js:2441
[     907ms] [LOG] [DEBUG] Tipo corregido: boolean -> string {originalValue: true, originalType: boolean, detectedType: string} @ http://localhost:3000/_next/static/chunks/11hm_next_dist_0m6rgog._.js:2441
[     908ms] [LOG] [DEBUG] Tipo corregido: boolean -> string {originalValue: true, originalType: boolean, detectedType: string} @ http://localhost:3000/_next/static/chunks/11hm_next_dist_0m6rgog._.js:2441
[     908ms] [LOG] [DEBUG] Renderizando celda: {columnId: id, isReference: undefined, value: Object} @ http://localhost:3000/_next/static/chunks/11hm_next_dist_0m6rgog._.js:2441
[     908ms] [LOG] [DEBUG] Renderizando celda: {columnId: id, isReference: undefined, value: Object} @ http://localhost:3000/_next/static/chunks/11hm_next_dist_0m6rgog._.js:2441
[     908ms] [LOG] [DEBUG] Renderizando celda: {columnId: nombre, isReference: undefined, value: Object} @ http://localhost:3000/_next/static/chunks/11hm_next_dist_0m6rgog._.js:2441
[     908ms] [LOG] [DEBUG] Renderizando celda: {columnId: nombre, isReference: undefined, value: Object} @ http://localhost:3000/_next/static/chunks/11hm_next_dist_0m6rgog._.js:2441
[     909ms] [LOG] [DEBUG] Renderizando celda: {columnId: email, isReference: undefined, value: Object} @ http://localhost:3000/_next/static/chunks/11hm_next_dist_0m6rgog._.js:2441
[     909ms] [LOG] [DEBUG] Renderizando celda: {columnId: email, isReference: undefined, value: Object} @ http://localhost:3000/_next/static/chunks/11hm_next_dist_0m6rgog._.js:2441
[     909ms] [LOG] [DEBUG] Renderizando celda: {columnId: telefono, isReference: undefined, value: Object} @ http://localhost:3000/_next/static/chunks/11hm_next_dist_0m6rgog._.js:2441
[     909ms] [LOG] [DEBUG] Renderizando celda: {columnId: telefono, isReference: undefined, value: Object} @ http://localhost:3000/_next/static/chunks/11hm_next_dist_0m6rgog._.js:2441
[     909ms] [LOG] [DEBUG] Renderizando celda: {columnId: ciudad, isReference: undefined, value: Object} @ http://localhost:3000/_next/static/chunks/11hm_next_dist_0m6rgog._.js:2441
[     909ms] [LOG] [DEBUG] Renderizando celda: {columnId: ciudad, isReference: undefined, value: Object} @ http://localhost:3000/_next/static/chunks/11hm_next_dist_0m6rgog._.js:2441
[     909ms] [LOG] [DEBUG] Renderizando celda: {columnId: rol, isReference: undefined, value: Object} @ http://localhost:3000/_next/static/chunks/11hm_next_dist_0m6rgog._.js:2441
[     909ms] [LOG] [DEBUG] Renderizando celda: {columnId: rol, isReference: undefined, value: Object} @ http://localhost:3000/_next/static/chunks/11hm_next_dist_0m6rgog._.js:2441
[     909ms] [LOG] [DEBUG] Renderizando celda: {columnId: estado, isReference: undefined, value: Object} @ http://localhost:3000/_next/static/chunks/11hm_next_dist_0m6rgog._.js:2441
[     909ms] [LOG] [DEBUG] Renderizando celda: {columnId: estado, isReference: undefined, value: Object} @ http://localhost:3000/_next/static/chunks/11hm_next_dist_0m6rgog._.js:2441
[     909ms] [LOG] [DEBUG] Renderizando celda: {columnId: fechaRegistro, isReference: undefined, value: Object} @ http://localhost:3000/_next/static/chunks/11hm_next_dist_0m6rgog._.js:2441
[     909ms] [LOG] [DEBUG] Renderizando celda: {columnId: fechaRegistro, isReference: undefined, value: Object} @ http://localhost:3000/_next/static/chunks/11hm_next_dist_0m6rgog._.js:2441
[     909ms] [LOG] [DEBUG] Renderizando celda: {columnId: ultimoContacto, isReference: undefined, value: Object} @ http://localhost:3000/_next/static/chunks/11hm_next_dist_0m6rgog._.js:2441
[     909ms] [LOG] [DEBUG] Renderizando celda: {columnId: ultimoContacto, isReference: undefined, value: Object} @ http://localhost:3000/_next/static/chunks/11hm_next_dist_0m6rgog._.js:2441
[     910ms] [LOG] [DEBUG] Renderizando celda: {columnId: valorTotal, isReference: undefined, value: Object} @ http://localhost:3000/_next/static/chunks/11hm_next_dist_0m6rgog._.js:2441
[     910ms] [LOG] [DEBUG] Renderizando celda: {columnId: valorTotal, isReference: undefined, value: Object} @ http://localhost:3000/_next/static/chunks/11hm_next_dist_0m6rgog._.js:2441
[     910ms] [LOG] [DEBUG] Tipo corregido: string -> number {originalValue: 1680, originalType: string, detectedType: number} @ http://localhost:3000/_next/static/chunks/11hm_next_dist_0m6rgog._.js:2441
[     910ms] [LOG] [DEBUG] Tipo corregido: string -> number {originalValue: 1680, originalType: string, detectedType: number} @ http://localhost:3000/_next/static/chunks/11hm_next_dist_0m6rgog._.js:2441
[     910ms] [LOG] [DEBUG] Renderizando celda: {columnId: satisfaccion, isReference: undefined, value: Object} @ http://localhost:3000/_next/static/chunks/11hm_next_dist_0m6rgog._.js:2441
[     910ms] [LOG] [DEBUG] Renderizando celda: {columnId: satisfaccion, isReference: undefined, value: Object} @ http://localhost:3000/_next/static/chunks/11hm_next_dist_0m6rgog._.js:2441
[     910ms] [LOG] [DEBUG] Renderizando celda: {columnId: activo, isReference: undefined, value: Object} @ http://localhost:3000/_next/static/chunks/11hm_next_dist_0m6rgog._.js:2441
[     910ms] [LOG] [DEBUG] Renderizando celda: {columnId: activo, isReference: undefined, value: Object} @ http://localhost:3000/_next/static/chunks/11hm_next_dist_0m6rgog._.js:2441
[     910ms] [LOG] [DEBUG] Tipo corregido: boolean -> string {originalValue: false, originalType: boolean, detectedType: string} @ http://localhost:3000/_next/static/chunks/11hm_next_dist_0m6rgog._.js:2441
[     910ms] [LOG] [DEBUG] Tipo corregido: boolean -> string {originalValue: false, originalType: boolean, detectedType: string} @ http://localhost:3000/_next/static/chunks/11hm_next_dist_0m6rgog._.js:2441
[     911ms] [LOG] [DEBUG] Renderizando celda: {columnId: id, isReference: undefined, value: Object} @ http://localhost:3000/_next/static/chunks/11hm_next_dist_0m6rgog._.js:2441
[     911ms] [LOG] [DEBUG] Renderizando celda: {columnId: id, isReference: undefined, value: Object} @ http://localhost:3000/_next/static/chunks/11hm_next_dist_0m6rgog._.js:2441
[     911ms] [LOG] [DEBUG] Renderizando celda: {columnId: nombre, isReference: undefined, value: Object} @ http://localhost:3000/_next/static/chunks/11hm_next_dist_0m6rgog._.js:2441
[     911ms] [LOG] [DEBUG] Renderizando celda: {columnId: nombre, isReference: undefined, value: Object} @ http://localhost:3000/_next/static/chunks/11hm_next_dist_0m6rgog._.js:2441
[     911ms] [LOG] [DEBUG] Renderizando celda: {columnId: email, isReference: undefined, value: Object} @ http://localhost:3000/_next/static/chunks/11hm_next_dist_0m6rgog._.js:2441
[     911ms] [LOG] [DEBUG] Renderizando celda: {columnId: email, isReference: undefined, value: Object} @ http://localhost:3000/_next/static/chunks/11hm_next_dist_0m6rgog._.js:2441
[     911ms] [LOG] [DEBUG] Renderizando celda: {columnId: telefono, isReference: undefined, value: Object} @ http://localhost:3000/_next/static/chunks/11hm_next_dist_0m6rgog._.js:2441
[     911ms] [LOG] [DEBUG] Renderizando celda: {columnId: telefono, isReference: undefined, value: Object} @ http://localhost:3000/_next/static/chunks/11hm_next_dist_0m6rgog._.js:2441
[     911ms] [LOG] [DEBUG] Renderizando celda: {columnId: ciudad, isReference: undefined, value: Object} @ http://localhost:3000/_next/static/chunks/11hm_next_dist_0m6rgog._.js:2441
[     911ms] [LOG] [DEBUG] Renderizando celda: {columnId: ciudad, isReference: undefined, value: Object} @ http://localhost:3000/_next/static/chunks/11hm_next_dist_0m6rgog._.js:2441
[     912ms] [LOG] [DEBUG] Renderizando celda: {columnId: rol, isReference: undefined, value: Object} @ http://localhost:3000/_next/static/chunks/11hm_next_dist_0m6rgog._.js:2441
[     912ms] [LOG] [DEBUG] Renderizando celda: {columnId: rol, isReference: undefined, value: Object} @ http://localhost:3000/_next/static/chunks/11hm_next_dist_0m6rgog._.js:2441
[     912ms] [LOG] [DEBUG] Renderizando celda: {columnId: estado, isReference: undefined, value: Object} @ http://localhost:3000/_next/static/chunks/11hm_next_dist_0m6rgog._.js:2441
[     912ms] [LOG] [DEBUG] Renderizando celda: {columnId: estado, isReference: undefined, value: Object} @ http://localhost:3000/_next/static/chunks/11hm_next_dist_0m6rgog._.js:2441
[     912ms] [LOG] [DEBUG] Renderizando celda: {columnId: fechaRegistro, isReference: undefined, value: Object} @ http://localhost:3000/_next/static/chunks/11hm_next_dist_0m6rgog._.js:2441
[     912ms] [LOG] [DEBUG] Renderizando celda: {columnId: fechaRegistro, isReference: undefined, value: Object} @ http://localhost:3000/_next/static/chunks/11hm_next_dist_0m6rgog._.js:2441
[     912ms] [LOG] [DEBUG] Renderizando celda: {columnId: ultimoContacto, isReference: undefined, value: Object} @ http://localhost:3000/_next/static/chunks/11hm_next_dist_0m6rgog._.js:2441
[     912ms] [LOG] [DEBUG] Renderizando celda: {columnId: ultimoContacto, isReference: undefined, value: Object} @ http://localhost:3000/_next/static/chunks/11hm_next_dist_0m6rgog._.js:2441
[     912ms] [LOG] [DEBUG] Renderizando celda: {columnId: valorTotal, isReference: undefined, value: Object} @ http://localhost:3000/_next/static/chunks/11hm_next_dist_0m6rgog._.js:2441
[     912ms] [LOG] [DEBUG] Renderizando celda: {columnId: valorTotal, isReference: undefined, value: Object} @ http://localhost:3000/_next/static/chunks/11hm_next_dist_0m6rgog._.js:2441
[     912ms] [LOG] [DEBUG] Tipo corregido: string -> number {originalValue: 480, originalType: string, detectedType: number} @ http://localhost:3000/_next/static/chunks/11hm_next_dist_0m6rgog._.js:2441
[     912ms] [LOG] [DEBUG] Tipo corregido: string -> number {originalValue: 480, originalType: string, detectedType: number} @ http://localhost:3000/_next/static/chunks/11hm_next_dist_0m6rgog._.js:2441
[     912ms] [LOG] [DEBUG] Renderizando celda: {columnId: satisfaccion, isReference: undefined, value: Object} @ http://localhost:3000/_next/static/chunks/11hm_next_dist_0m6rgog._.js:2441
[     912ms] [LOG] [DEBUG] Renderizando celda: {columnId: satisfaccion, isReference: undefined, value: Object} @ http://localhost:3000/_next/static/chunks/11hm_next_dist_0m6rgog._.js:2441
[     912ms] [LOG] [DEBUG] Renderizando celda: {columnId: activo, isReference: undefined, value: Object} @ http://localhost:3000/_next/static/chunks/11hm_next_dist_0m6rgog._.js:2441
[     912ms] [LOG] [DEBUG] Renderizando celda: {columnId: activo, isReference: undefined, value: Object} @ http://localhost:3000/_next/static/chunks/11hm_next_dist_0m6rgog._.js:2441
[     913ms] [LOG] [DEBUG] Tipo corregido: boolean -> string {originalValue: true, originalType: boolean, detectedType: string} @ http://localhost:3000/_next/static/chunks/11hm_next_dist_0m6rgog._.js:2441
[     913ms] [LOG] [DEBUG] Tipo corregido: boolean -> string {originalValue: true, originalType: boolean, detectedType: string} @ http://localhost:3000/_next/static/chunks/11hm_next_dist_0m6rgog._.js:2441
[     916ms] [LOG] [DEBUG] Renderizando SecondaryTables: {level: 0, parentId: undefined, isLoading: false, arrayColumnsCount: 0, arrayColumns: Array(0)} @ http://localhost:3000/_next/static/chunks/11hm_next_dist_0m6rgog._.js:2441
[     916ms] [LOG] [DEBUG] Renderizando SecondaryTables: {level: 0, parentId: undefined, isLoading: false, arrayColumnsCount: 0, arrayColumns: Array(0)} @ http://localhost:3000/_next/static/chunks/11hm_next_dist_0m6rgog._.js:2441
[     934ms] Error: Hydration failed because the server rendered text didn't match the client. As a result this tree will be regenerated on the client. This can happen if a SSR-ed Client Component used:

- A server/client branch `if (typeof window !== 'undefined')`.
- Variable input such as `Date.now()` or `Math.random()` which changes each time it's called.
- Date formatting in a user's locale which doesn't match the server.
- External changing data without sending a snapshot of it along with the HTML.
- Invalid HTML tag nesting.

It can also happen if the client has a browser extension installed which messes with the HTML before React loaded.

https://react.dev/link/hydration-mismatch

  ...
    <RedirectBoundary>
      <RedirectErrorBoundary router={{...}}>
        <InnerLayoutRouter url="/es/demo/t..." tree={[...]} params={{lang:"es"}} cacheNode={{rsc:{...}, ...}} ...>
          <SegmentViewNode type="page" pagePath="[lang]/(pu...">
            <SegmentTrieNode>
            <ClientPageRoot Component={function DemoTablePage} serverProvidedParams={{...}}>
              <DemoTablePage params={Promise} searchParams={Promise}>
                <div className="container ...">
                  <div>
                  <div>
                  <JsonTable data={[...]}>
                    <TableErrorBoundary>
                      <CardContent className="relative">
                        <div ref={undefined} data-slot="card-content" className="pb-6 relative" style={{...}}>
                          <div>
                          <TableToolbar>
                          <div>
                          <div className="rounded-md...">
                            <AlkituTableStyles>
                            <div
+                             className="alkitu-table-scroll overflow-auto"
-                             className="overflow-auto"
                              style={{height:"calc(100vh...",minHeight:"300px",maxHeight:"800px"}}
                            >
                              <Table className="table-auto..." style={{width:1950}} aria-label="Tabla de d..." ...>
                                <div data-slot="table-cont..." className="relative w...">
                                  <table data-slot="table" className="caption-bo..." style={{width:1950}} ...>
                                    <TableHeader className="sticky top...">
                                      <thead
                                        data-slot="table-header"
+                                       className={"[&_tr]:border-b sticky top-0 bg-background z-20"}
-                                       className={"[&_tr]:border-b"}
                                      >
                                        <TableRow>
                                          <tr data-slot="table-row" className="hover:bg-m..." style={{...}}>
                                            <TableHead>
                                            <TableHead>
                                            ...
                                              <Primitive.button.Slot type="button" aria-haspopup="dialog" ...>
                                                <Primitive.button.SlotClone type="button" aria-haspopup="dialog" ...>
                                                  <Button variant="ghost" size="sm" className="h-6 w-6 p-..." ...>
                                                    <button
                                                      ref={function}
                                                      className="cursor-pointer inline-flex items-center justify-cente..."
                                                      disabled={false}
                                                      onClick={function handleClick}
                                                      style={undefined}
                                                      data-slot="dialog-trigger"
                                                      data-testid="button"
                                                      type="button"
                                                      aria-haspopup="dialog"
                                                      aria-expanded={false}
+                                                     aria-controls="radix-_R_54tsslritpesnd6t9etb_"
-                                                     aria-controls="radix-_R_54tkslritpesnd6t9etb_"
                                                      data-state="closed"
                                                    >
                                            ...
                                              <Primitive.button.Slot type="button" aria-haspopup="dialog" ...>
                                                <Primitive.button.SlotClone type="button" aria-haspopup="dialog" ...>
                                                  <Button variant="ghost" size="sm" className="h-6 w-6 p-..." ...>
                                                    <button
                                                      ref={function}
                                                      className="cursor-pointer inline-flex items-center justify-cente..."
                                                      disabled={false}
                                                      onClick={function handleClick}
                                                      style={undefined}
                                                      data-slot="dialog-trigger"
                                                      data-testid="button"
                                                      type="button"
                                                      aria-haspopup="dialog"
                                                      aria-expanded={false}
+                                                     aria-controls="radix-_R_555sslritpesnd6t9etb_"
-                                                     aria-controls="radix-_R_555kslritpesnd6t9etb_"
                                                      data-state="closed"
                                                    >
                                            ...
                                              <Primitive.button.Slot type="button" aria-haspopup="dialog" ...>
                                                <Primitive.button.SlotClone type="button" aria-haspopup="dialog" ...>
                                                  <Button variant="ghost" size="sm" className="h-6 w-6 p-..." ...>
                                                    <button
                                                      ref={function}
                                                      className="cursor-pointer inline-flex items-center justify-cente..."
                                                      disabled={false}
                                                      onClick={function handleClick}
                                                      style={undefined}
                                                      data-slot="dialog-trigger"
                                                      data-testid="button"
                                                      type="button"
                                                      aria-haspopup="dialog"
                                                      aria-expanded={false}
+                                                     aria-controls="radix-_R_55dsslritpesnd6t9etb_"
-                                                     aria-controls="radix-_R_55dkslritpesnd6t9etb_"
                                                      data-state="closed"
                                                    >
                                            ...
                                              <div className="flex items...">
                                                ...
                                                  <Primitive.div.SlotClone ref={function}>
                                                    <Primitive.button aria-describedby={undefined} data-state="closed" ...>
                                                      <button aria-describedby={undefined} data-state="closed" ...>
                                                        <div
+                                                         className="w-3 h-3 rounded-full bg-green-200 cursor-help"
-                                                         className="w-3 h-3 rounded-full bg-blue-200 cursor-help"
                                                        >
                                                ...
                                                  <Primitive.button.Slot type="button" aria-haspopup="dialog" ...>
                                                    <Primitive.button.SlotClone type="button" aria-haspopup="dialog" ...>
                                                      <Button variant="ghost" size="sm" className="h-6 w-6 p-..." ...>
                                                        <button
                                                          ref={function}
                                                          className="cursor-pointer inline-flex items-center justify-c..."
                                                          disabled={false}
                                                          onClick={function handleClick}
                                                          style={undefined}
                                                          data-slot="dialog-trigger"
                                                          data-testid="button"
                                                          type="button"
                                                          aria-haspopup="dialog"
                                                          aria-expanded={false}
+                                                         aria-controls="radix-_R_55lsslritpesnd6t9etb_"
-                                                         aria-controls="radix-_R_55lkslritpesnd6t9etb_"
                                                          data-state="closed"
                                                        >
                                            ...
                                              <Primitive.button.Slot type="button" aria-haspopup="dialog" ...>
                                                <Primitive.button.SlotClone type="button" aria-haspopup="dialog" ...>
                                                  <Button variant="ghost" size="sm" className="h-6 w-6 p-..." ...>
                                                    <button
                                                      ref={function}
                                                      className="cursor-pointer inline-flex items-center justify-cente..."
                                                      disabled={false}
                                                      onClick={function handleClick}
                                                      style={undefined}
                                                      data-slot="dialog-trigger"
                                                      data-testid="button"
                                                      type="button"
                                                      aria-haspopup="dialog"
                                                      aria-expanded={false}
+                                                     aria-controls="radix-_R_55tsslritpesnd6t9etb_"
-                                                     aria-controls="radix-_R_55tkslritpesnd6t9etb_"
                                                      data-state="closed"
                                                    >
                                            ...
                                              <Primitive.button.Slot type="button" aria-haspopup="dialog" ...>
                                                <Primitive.button.SlotClone type="button" aria-haspopup="dialog" ...>
                                                  <Button variant="ghost" size="sm" className="h-6 w-6 p-..." ...>
                                                    <button
                                                      ref={function}
                                                      className="cursor-pointer inline-flex items-center justify-cente..."
                                                      disabled={false}
                                                      onClick={function handleClick}
                                                      style={undefined}
                                                      data-slot="dialog-trigger"
                                                      data-testid="button"
                                                      type="button"
                                                      aria-haspopup="dialog"
                                                      aria-expanded={false}
+                                                     aria-controls="radix-_R_565sslritpesnd6t9etb_"
-                                                     aria-controls="radix-_R_565kslritpesnd6t9etb_"
                                                      data-state="closed"
                                                    >
                                            ...
                                              <Primitive.button.Slot type="button" aria-haspopup="dialog" ...>
                                                <Primitive.button.SlotClone type="button" aria-haspopup="dialog" ...>
                                                  <Button variant="ghost" size="sm" className="h-6 w-6 p-..." ...>
                                                    <button
                                                      ref={function}
                                                      className="cursor-pointer inline-flex items-center justify-cente..."
                                                      disabled={false}
                                                      onClick={function handleClick}
                                                      style={undefined}
                                                      data-slot="dialog-trigger"
                                                      data-testid="button"
                                                      type="button"
                                                      aria-haspopup="dialog"
                                                      aria-expanded={false}
+                                                     aria-controls="radix-_R_56dsslritpesnd6t9etb_"
-                                                     aria-controls="radix-_R_56dkslritpesnd6t9etb_"
                                                      data-state="closed"
                                                    >
                                            ...
                                              <Primitive.button.Slot type="button" aria-haspopup="dialog" ...>
                                                <Primitive.button.SlotClone type="button" aria-haspopup="dialog" ...>
                                                  <Button variant="ghost" size="sm" className="h-6 w-6 p-..." ...>
                                                    <button
                                                      ref={function}
                                                      className="cursor-pointer inline-flex items-center justify-cente..."
                                                      disabled={false}
                                                      onClick={function handleClick}
                                                      style={undefined}
                                                      data-slot="dialog-trigger"
                                                      data-testid="button"
                                                      type="button"
                                                      aria-haspopup="dialog"
                                                      aria-expanded={false}
+                                                     aria-controls="radix-_R_56lsslritpesnd6t9etb_"
-                                                     aria-controls="radix-_R_56lkslritpesnd6t9etb_"
                                                      data-state="closed"
                                                    >
                                            ...
                                              <Primitive.button.Slot type="button" aria-haspopup="dialog" ...>
                                                <Primitive.button.SlotClone type="button" aria-haspopup="dialog" ...>
                                                  <Button variant="ghost" size="sm" className="h-6 w-6 p-..." ...>
                                                    <button
                                                      ref={function}
                                                      className="cursor-pointer inline-flex items-center justify-cente..."
                                                      disabled={false}
                                                      onClick={function handleClick}
                                                      style={undefined}
                                                      data-slot="dialog-trigger"
                                                      data-testid="button"
                                                      type="button"
                                                      aria-haspopup="dialog"
                                                      aria-expanded={false}
+                                                     aria-controls="radix-_R_56tsslritpesnd6t9etb_"
-                                                     aria-controls="radix-_R_56tkslritpesnd6t9etb_"
                                                      data-state="closed"
                                                    >
                                            ...
                                              <Primitive.button.Slot type="button" aria-haspopup="dialog" ...>
                                                <Primitive.button.SlotClone type="button" aria-haspopup="dialog" ...>
                                                  <Button variant="ghost" size="sm" className="h-6 w-6 p-..." ...>
                                                    <button
                                                      ref={function}
                                                      className="cursor-pointer inline-flex items-center justify-cente..."
                                                      disabled={false}
                                                      onClick={function handleClick}
                                                      style={undefined}
                                                      data-slot="dialog-trigger"
                                                      data-testid="button"
                                                      type="button"
                                                      aria-haspopup="dialog"
                                                      aria-expanded={false}
+                                                     aria-controls="radix-_R_575sslritpesnd6t9etb_"
-                                                     aria-controls="radix-_R_575kslritpesnd6t9etb_"
                                                      data-state="closed"
                                                    >
                                            ...
                                              <Primitive.button.Slot type="button" aria-haspopup="dialog" ...>
                                                <Primitive.button.SlotClone type="button" aria-haspopup="dialog" ...>
                                                  <Button variant="ghost" size="sm" className="h-6 w-6 p-..." ...>
                                                    <button
                                                      ref={function}
                                                      className="cursor-pointer inline-flex items-center justify-cente..."
                                                      disabled={false}
                                                      onClick={function handleClick}
                                                      style={undefined}
                                                      data-slot="dialog-trigger"
                                                      data-testid="button"
                                                      type="button"
                                                      aria-haspopup="dialog"
                                                      aria-expanded={false}
+                                                     aria-controls="radix-_R_57dsslritpesnd6t9etb_"
-                                                     aria-controls="radix-_R_57dkslritpesnd6t9etb_"
                                                      data-state="closed"
                                                    >
                                            ...
                                              <Primitive.button.Slot type="button" aria-haspopup="dialog" ...>
                                                <Primitive.button.SlotClone type="button" aria-haspopup="dialog" ...>
                                                  <Button variant="ghost" size="sm" className="h-6 w-6 p-..." ...>
                                                    <button
                                                      ref={function}
                                                      className="cursor-pointer inline-flex items-center justify-cente..."
                                                      disabled={false}
                                                      onClick={function handleClick}
                                                      style={undefined}
                                                      data-slot="dialog-trigger"
                                                      data-testid="button"
                                                      type="button"
                                                      aria-haspopup="dialog"
                                                      aria-expanded={false}
+                                                     aria-controls="radix-_R_57lsslritpesnd6t9etb_"
-                                                     aria-controls="radix-_R_57lkslritpesnd6t9etb_"
                                                      data-state="closed"
                                                    >
                                            ...
                                    ...
                                      <cell table={{...}} column={{id:"telefono", ...}} row={{id:"0",index:0, ...}} ...>
                                        <CellFactory value={{id:"telefono", ...}} isReference={undefined}>
                                          <TextCell value={{id:"telefono", ...}}>
                                            <span className="text-sm">
+                                             +34 612 345 678
-                                             05-02-1971
                          ...
          ...
        ...

    at throwOnHydrationMismatch (http://localhost:3000/_next/static/chunks/11hm_next_dist_compiled_react-dom_003uc._._.js:3318:56)
    at prepareToHydrateHostInstance (http://localhost:3000/_next/static/chunks/11hm_next_dist_compiled_react-dom_003uc._._.js:3372:23)
    at completeWork (http://localhost:3000/_next/static/chunks/11hm_next_dist_compiled_react-dom_003uc._._.js:6922:60)
    at runWithFiberInDEV (http://localhost:3000/_next/static/chunks/11hm_next_dist_compiled_react-dom_003uc._._.js:965:74)
    at completeUnitOfWork (http://localhost:3000/_next/static/chunks/11hm_next_dist_compiled_react-dom_003uc._._.js:9622:23)
    at performUnitOfWork (http://localhost:3000/_next/static/chunks/11hm_next_dist_compiled_react-dom_003uc._._.js:9557:28)
    at workLoopConcurrentByScheduler (http://localhost:3000/_next/static/chunks/11hm_next_dist_compiled_react-dom_003uc._._.js:9551:58)
    at renderRootConcurrent (http://localhost:3000/_next/static/chunks/11hm_next_dist_compiled_react-dom_003uc._._.js:9534:71)
    at performWorkOnRoot (http://localhost:3000/_next/static/chunks/11hm_next_dist_compiled_react-dom_003uc._._.js:9061:150)
    at performWorkOnRootViaSchedulerTask (http://localhost:3000/_next/static/chunks/11hm_next_dist_compiled_react-dom_003uc._._.js:10255:9)
    at MessagePort.performWorkUntilDeadline (http://localhost:3000/_next/static/chunks/11hm_next_dist_compiled_0fu2kq5._.js:2647:64)
[     925ms] [LOG] Service Worker registration skipped in development mode for better debugging experience @ http://localhost:3000/_next/static/chunks/11hm_next_dist_0m6rgog._.js:2441
[     926ms] [LOG] Run in production mode to test service worker functionality @ http://localhost:3000/_next/static/chunks/11hm_next_dist_0m6rgog._.js:2441
[     926ms] [LOG] [DEBUG] Valor de busqueda:  @ http://localhost:3000/_next/static/chunks/11hm_next_dist_0m6rgog._.js:2441
[     929ms] [LOG] [DEBUG] Array columns procesadas: {count: 0, totalRegistros: 0, columns: Array(0)} @ http://localhost:3000/_next/static/chunks/11hm_next_dist_0m6rgog._.js:2441
[     930ms] [LOG] 🎨 [ThemeContext] Using hardcoded default theme @ http://localhost:3000/_next/static/chunks/11hm_next_dist_0m6rgog._.js:2441
[     934ms] [LOG] Service Worker registration skipped in development mode for better debugging experience @ http://localhost:3000/_next/static/chunks/11hm_next_dist_0m6rgog._.js:2441
[     935ms] [LOG] Run in production mode to test service worker functionality @ http://localhost:3000/_next/static/chunks/11hm_next_dist_0m6rgog._.js:2441
[     935ms] [LOG] [DEBUG] Valor de busqueda:  @ http://localhost:3000/_next/static/chunks/11hm_next_dist_0m6rgog._.js:2441
[     936ms] [LOG] [DEBUG] Array columns procesadas: {count: 0, totalRegistros: 0, columns: Array(0)} @ http://localhost:3000/_next/static/chunks/11hm_next_dist_0m6rgog._.js:2441
[     937ms] [LOG] 🎨 [ThemeContext] Using hardcoded default theme @ http://localhost:3000/_next/static/chunks/11hm_next_dist_0m6rgog._.js:2441
[     938ms] [LOG] [DEBUG] Effective column order: {baseOrder: Array(14), pinnedColumnId: index, otherColumns: Array(13), hasActions: true, result: Array(15)} @ http://localhost:3000/_next/static/chunks/11hm_next_dist_0m6rgog._.js:2441
[     938ms] [LOG] [DEBUG] Effective column order: {baseOrder: Array(14), pinnedColumnId: index, otherColumns: Array(13), hasActions: true, result: Array(15)} @ http://localhost:3000/_next/static/chunks/11hm_next_dist_0m6rgog._.js:2441
[     939ms] [LOG] [DEBUG] Effective column order: {baseOrder: Array(14), pinnedColumnId: index, otherColumns: Array(13), hasActions: true, result: Array(15)} @ http://localhost:3000/_next/static/chunks/11hm_next_dist_0m6rgog._.js:2441
[     939ms] [LOG] [DEBUG] Effective column order: {baseOrder: Array(14), pinnedColumnId: index, otherColumns: Array(13), hasActions: true, result: Array(15)} @ http://localhost:3000/_next/static/chunks/11hm_next_dist_0m6rgog._.js:2441
[     950ms] [LOG] [DEBUG] Renderizando celda: {columnId: id, isReference: undefined, value: Object} @ http://localhost:3000/_next/static/chunks/11hm_next_dist_0m6rgog._.js:2441
[     951ms] [LOG] [DEBUG] Renderizando celda: {columnId: id, isReference: undefined, value: Object} @ http://localhost:3000/_next/static/chunks/11hm_next_dist_0m6rgog._.js:2441
[     951ms] [LOG] [DEBUG] Renderizando celda: {columnId: nombre, isReference: undefined, value: Object} @ http://localhost:3000/_next/static/chunks/11hm_next_dist_0m6rgog._.js:2441
[     951ms] [LOG] [DEBUG] Renderizando celda: {columnId: nombre, isReference: undefined, value: Object} @ http://localhost:3000/_next/static/chunks/11hm_next_dist_0m6rgog._.js:2441
[     951ms] [LOG] [DEBUG] Renderizando celda: {columnId: email, isReference: undefined, value: Object} @ http://localhost:3000/_next/static/chunks/11hm_next_dist_0m6rgog._.js:2441
[     951ms] [LOG] [DEBUG] Renderizando celda: {columnId: email, isReference: undefined, value: Object} @ http://localhost:3000/_next/static/chunks/11hm_next_dist_0m6rgog._.js:2441
[     951ms] [LOG] [DEBUG] Renderizando celda: {columnId: telefono, isReference: undefined, value: Object} @ http://localhost:3000/_next/static/chunks/11hm_next_dist_0m6rgog._.js:2441
[     951ms] [LOG] [DEBUG] Renderizando celda: {columnId: telefono, isReference: undefined, value: Object} @ http://localhost:3000/_next/static/chunks/11hm_next_dist_0m6rgog._.js:2441
[     951ms] [LOG] [DEBUG] Renderizando celda: {columnId: ciudad, isReference: undefined, value: Object} @ http://localhost:3000/_next/static/chunks/11hm_next_dist_0m6rgog._.js:2441
[     951ms] [LOG] [DEBUG] Renderizando celda: {columnId: ciudad, isReference: undefined, value: Object} @ http://localhost:3000/_next/static/chunks/11hm_next_dist_0m6rgog._.js:2441
[     951ms] [LOG] [DEBUG] Renderizando celda: {columnId: estado, isReference: undefined, value: Object} @ http://localhost:3000/_next/static/chunks/11hm_next_dist_0m6rgog._.js:2441
[     951ms] [LOG] [DEBUG] Renderizando celda: {columnId: estado, isReference: undefined, value: Object} @ http://localhost:3000/_next/static/chunks/11hm_next_dist_0m6rgog._.js:2441
[     952ms] [LOG] [DEBUG] Renderizando celda: {columnId: fechaRegistro, isReference: undefined, value: Object} @ http://localhost:3000/_next/static/chunks/11hm_next_dist_0m6rgog._.js:2441
[     952ms] [LOG] [DEBUG] Renderizando celda: {columnId: fechaRegistro, isReference: undefined, value: Object} @ http://localhost:3000/_next/static/chunks/11hm_next_dist_0m6rgog._.js:2441
[     952ms] [LOG] [DEBUG] Renderizando celda: {columnId: ultimoContacto, isReference: undefined, value: Object} @ http://localhost:3000/_next/static/chunks/11hm_next_dist_0m6rgog._.js:2441
[     952ms] [LOG] [DEBUG] Renderizando celda: {columnId: ultimoContacto, isReference: undefined, value: Object} @ http://localhost:3000/_next/static/chunks/11hm_next_dist_0m6rgog._.js:2441
[     952ms] [LOG] [DEBUG] Renderizando celda: {columnId: valorTotal, isReference: undefined, value: Object} @ http://localhost:3000/_next/static/chunks/11hm_next_dist_0m6rgog._.js:2441
[     952ms] [LOG] [DEBUG] Renderizando celda: {columnId: valorTotal, isReference: undefined, value: Object} @ http://localhost:3000/_next/static/chunks/11hm_next_dist_0m6rgog._.js:2441
[     952ms] [LOG] [DEBUG] Renderizando celda: {columnId: satisfaccion, isReference: undefined, value: Object} @ http://localhost:3000/_next/static/chunks/11hm_next_dist_0m6rgog._.js:2441
[     952ms] [LOG] [DEBUG] Renderizando celda: {columnId: satisfaccion, isReference: undefined, value: Object} @ http://localhost:3000/_next/static/chunks/11hm_next_dist_0m6rgog._.js:2441
[     952ms] [LOG] [DEBUG] Renderizando celda: {columnId: activo, isReference: undefined, value: Object} @ http://localhost:3000/_next/static/chunks/11hm_next_dist_0m6rgog._.js:2441
[     952ms] [LOG] [DEBUG] Renderizando celda: {columnId: activo, isReference: undefined, value: Object} @ http://localhost:3000/_next/static/chunks/11hm_next_dist_0m6rgog._.js:2441
[     953ms] [LOG] [DEBUG] Renderizando celda: {columnId: id, isReference: undefined, value: Object} @ http://localhost:3000/_next/static/chunks/11hm_next_dist_0m6rgog._.js:2441
[     953ms] [LOG] [DEBUG] Renderizando celda: {columnId: id, isReference: undefined, value: Object} @ http://localhost:3000/_next/static/chunks/11hm_next_dist_0m6rgog._.js:2441
[     953ms] [LOG] [DEBUG] Renderizando celda: {columnId: nombre, isReference: undefined, value: Object} @ http://localhost:3000/_next/static/chunks/11hm_next_dist_0m6rgog._.js:2441
[     953ms] [LOG] [DEBUG] Renderizando celda: {columnId: nombre, isReference: undefined, value: Object} @ http://localhost:3000/_next/static/chunks/11hm_next_dist_0m6rgog._.js:2441
[     953ms] [LOG] [DEBUG] Renderizando celda: {columnId: email, isReference: undefined, value: Object} @ http://localhost:3000/_next/static/chunks/11hm_next_dist_0m6rgog._.js:2441
[     953ms] [LOG] [DEBUG] Renderizando celda: {columnId: email, isReference: undefined, value: Object} @ http://localhost:3000/_next/static/chunks/11hm_next_dist_0m6rgog._.js:2441
[     954ms] [LOG] [DEBUG] Renderizando celda: {columnId: telefono, isReference: undefined, value: Object} @ http://localhost:3000/_next/static/chunks/11hm_next_dist_0m6rgog._.js:2441
[     954ms] [LOG] [DEBUG] Renderizando celda: {columnId: telefono, isReference: undefined, value: Object} @ http://localhost:3000/_next/static/chunks/11hm_next_dist_0m6rgog._.js:2441
[     954ms] [LOG] [DEBUG] Renderizando celda: {columnId: ciudad, isReference: undefined, value: Object} @ http://localhost:3000/_next/static/chunks/11hm_next_dist_0m6rgog._.js:2441
[     954ms] [LOG] [DEBUG] Renderizando celda: {columnId: ciudad, isReference: undefined, value: Object} @ http://localhost:3000/_next/static/chunks/11hm_next_dist_0m6rgog._.js:2441
[     954ms] [LOG] [DEBUG] Renderizando celda: {columnId: estado, isReference: undefined, value: Object} @ http://localhost:3000/_next/static/chunks/11hm_next_dist_0m6rgog._.js:2441
[     954ms] [LOG] [DEBUG] Renderizando celda: {columnId: estado, isReference: undefined, value: Object} @ http://localhost:3000/_next/static/chunks/11hm_next_dist_0m6rgog._.js:2441
[     954ms] [LOG] [DEBUG] Renderizando celda: {columnId: fechaRegistro, isReference: undefined, value: Object} @ http://localhost:3000/_next/static/chunks/11hm_next_dist_0m6rgog._.js:2441
[     954ms] [LOG] [DEBUG] Renderizando celda: {columnId: fechaRegistro, isReference: undefined, value: Object} @ http://localhost:3000/_next/static/chunks/11hm_next_dist_0m6rgog._.js:2441
[     954ms] [LOG] [DEBUG] Renderizando celda: {columnId: ultimoContacto, isReference: undefined, value: Object} @ http://localhost:3000/_next/static/chunks/11hm_next_dist_0m6rgog._.js:2441
[     954ms] [LOG] [DEBUG] Renderizando celda: {columnId: ultimoContacto, isReference: undefined, value: Object} @ http://localhost:3000/_next/static/chunks/11hm_next_dist_0m6rgog._.js:2441
[     954ms] [LOG] [DEBUG] Renderizando celda: {columnId: valorTotal, isReference: undefined, value: Object} @ http://localhost:3000/_next/static/chunks/11hm_next_dist_0m6rgog._.js:2441
[     954ms] [LOG] [DEBUG] Renderizando celda: {columnId: valorTotal, isReference: undefined, value: Object} @ http://localhost:3000/_next/static/chunks/11hm_next_dist_0m6rgog._.js:2441
[     954ms] [LOG] [DEBUG] Renderizando celda: {columnId: satisfaccion, isReference: undefined, value: Object} @ http://localhost:3000/_next/static/chunks/11hm_next_dist_0m6rgog._.js:2441
[     955ms] [LOG] [DEBUG] Renderizando celda: {columnId: satisfaccion, isReference: undefined, value: Object} @ http://localhost:3000/_next/static/chunks/11hm_next_dist_0m6rgog._.js:2441
[     955ms] [LOG] [DEBUG] Renderizando celda: {columnId: activo, isReference: undefined, value: Object} @ http://localhost:3000/_next/static/chunks/11hm_next_dist_0m6rgog._.js:2441
[     955ms] [LOG] [DEBUG] Renderizando celda: {columnId: activo, isReference: undefined, value: Object} @ http://localhost:3000/_next/static/chunks/11hm_next_dist_0m6rgog._.js:2441
[     955ms] [LOG] [DEBUG] Renderizando celda: {columnId: id, isReference: undefined, value: Object} @ http://localhost:3000/_next/static/chunks/11hm_next_dist_0m6rgog._.js:2441
[     955ms] [LOG] [DEBUG] Renderizando celda: {columnId: id, isReference: undefined, value: Object} @ http://localhost:3000/_next/static/chunks/11hm_next_dist_0m6rgog._.js:2441
[     956ms] [LOG] [DEBUG] Renderizando celda: {columnId: nombre, isReference: undefined, value: Object} @ http://localhost:3000/_next/static/chunks/11hm_next_dist_0m6rgog._.js:2441
[     956ms] [LOG] [DEBUG] Renderizando celda: {columnId: nombre, isReference: undefined, value: Object} @ http://localhost:3000/_next/static/chunks/11hm_next_dist_0m6rgog._.js:2441
[     956ms] [LOG] [DEBUG] Renderizando celda: {columnId: email, isReference: undefined, value: Object} @ http://localhost:3000/_next/static/chunks/11hm_next_dist_0m6rgog._.js:2441
[     956ms] [LOG] [DEBUG] Renderizando celda: {columnId: email, isReference: undefined, value: Object} @ http://localhost:3000/_next/static/chunks/11hm_next_dist_0m6rgog._.js:2441
[     956ms] [LOG] [DEBUG] Renderizando celda: {columnId: telefono, isReference: undefined, value: Object} @ http://localhost:3000/_next/static/chunks/11hm_next_dist_0m6rgog._.js:2441
[     956ms] [LOG] [DEBUG] Renderizando celda: {columnId: telefono, isReference: undefined, value: Object} @ http://localhost:3000/_next/static/chunks/11hm_next_dist_0m6rgog._.js:2441
[     956ms] [LOG] [DEBUG] Renderizando celda: {columnId: ciudad, isReference: undefined, value: Object} @ http://localhost:3000/_next/static/chunks/11hm_next_dist_0m6rgog._.js:2441
[     956ms] [LOG] [DEBUG] Renderizando celda: {columnId: ciudad, isReference: undefined, value: Object} @ http://localhost:3000/_next/static/chunks/11hm_next_dist_0m6rgog._.js:2441
[     956ms] [LOG] [DEBUG] Renderizando celda: {columnId: estado, isReference: undefined, value: Object} @ http://localhost:3000/_next/static/chunks/11hm_next_dist_0m6rgog._.js:2441
[     956ms] [LOG] [DEBUG] Renderizando celda: {columnId: estado, isReference: undefined, value: Object} @ http://localhost:3000/_next/static/chunks/11hm_next_dist_0m6rgog._.js:2441
[     956ms] [LOG] [DEBUG] Renderizando celda: {columnId: fechaRegistro, isReference: undefined, value: Object} @ http://localhost:3000/_next/static/chunks/11hm_next_dist_0m6rgog._.js:2441
[     956ms] [LOG] [DEBUG] Renderizando celda: {columnId: fechaRegistro, isReference: undefined, value: Object} @ http://localhost:3000/_next/static/chunks/11hm_next_dist_0m6rgog._.js:2441
[     956ms] [LOG] [DEBUG] Renderizando celda: {columnId: ultimoContacto, isReference: undefined, value: Object} @ http://localhost:3000/_next/static/chunks/11hm_next_dist_0m6rgog._.js:2441
[     957ms] [LOG] [DEBUG] Renderizando celda: {columnId: ultimoContacto, isReference: undefined, value: Object} @ http://localhost:3000/_next/static/chunks/11hm_next_dist_0m6rgog._.js:2441
[     957ms] [LOG] [DEBUG] Renderizando celda: {columnId: valorTotal, isReference: undefined, value: Object} @ http://localhost:3000/_next/static/chunks/11hm_next_dist_0m6rgog._.js:2441
[     957ms] [LOG] [DEBUG] Renderizando celda: {columnId: valorTotal, isReference: undefined, value: Object} @ http://localhost:3000/_next/static/chunks/11hm_next_dist_0m6rgog._.js:2441
[     957ms] [LOG] [DEBUG] Renderizando celda: {columnId: satisfaccion, isReference: undefined, value: Object} @ http://localhost:3000/_next/static/chunks/11hm_next_dist_0m6rgog._.js:2441
[     957ms] [LOG] [DEBUG] Renderizando celda: {columnId: satisfaccion, isReference: undefined, value: Object} @ http://localhost:3000/_next/static/chunks/11hm_next_dist_0m6rgog._.js:2441
[     957ms] [LOG] [DEBUG] Renderizando celda: {columnId: activo, isReference: undefined, value: Object} @ http://localhost:3000/_next/static/chunks/11hm_next_dist_0m6rgog._.js:2441
[     957ms] [LOG] [DEBUG] Renderizando celda: {columnId: activo, isReference: undefined, value: Object} @ http://localhost:3000/_next/static/chunks/11hm_next_dist_0m6rgog._.js:2441
[     958ms] [LOG] [DEBUG] Renderizando celda: {columnId: id, isReference: undefined, value: Object} @ http://localhost:3000/_next/static/chunks/11hm_next_dist_0m6rgog._.js:2441
[     958ms] [LOG] [DEBUG] Renderizando celda: {columnId: id, isReference: undefined, value: Object} @ http://localhost:3000/_next/static/chunks/11hm_next_dist_0m6rgog._.js:2441
[     958ms] [LOG] [DEBUG] Renderizando celda: {columnId: nombre, isReference: undefined, value: Object} @ http://localhost:3000/_next/static/chunks/11hm_next_dist_0m6rgog._.js:2441
[     958ms] [LOG] [DEBUG] Renderizando celda: {columnId: nombre, isReference: undefined, value: Object} @ http://localhost:3000/_next/static/chunks/11hm_next_dist_0m6rgog._.js:2441
[     958ms] [LOG] [DEBUG] Renderizando celda: {columnId: email, isReference: undefined, value: Object} @ http://localhost:3000/_next/static/chunks/11hm_next_dist_0m6rgog._.js:2441
[     958ms] [LOG] [DEBUG] Renderizando celda: {columnId: email, isReference: undefined, value: Object} @ http://localhost:3000/_next/static/chunks/11hm_next_dist_0m6rgog._.js:2441
[     958ms] [LOG] [DEBUG] Renderizando celda: {columnId: telefono, isReference: undefined, value: Object} @ http://localhost:3000/_next/static/chunks/11hm_next_dist_0m6rgog._.js:2441
[     958ms] [LOG] [DEBUG] Renderizando celda: {columnId: telefono, isReference: undefined, value: Object} @ http://localhost:3000/_next/static/chunks/11hm_next_dist_0m6rgog._.js:2441
[     958ms] [LOG] [DEBUG] Renderizando celda: {columnId: ciudad, isReference: undefined, value: Object} @ http://localhost:3000/_next/static/chunks/11hm_next_dist_0m6rgog._.js:2441
[     959ms] [LOG] [DEBUG] Renderizando celda: {columnId: ciudad, isReference: undefined, value: Object} @ http://localhost:3000/_next/static/chunks/11hm_next_dist_0m6rgog._.js:2441
[     959ms] [LOG] [DEBUG] Renderizando celda: {columnId: estado, isReference: undefined, value: Object} @ http://localhost:3000/_next/static/chunks/11hm_next_dist_0m6rgog._.js:2441
[     959ms] [LOG] [DEBUG] Renderizando celda: {columnId: estado, isReference: undefined, value: Object} @ http://localhost:3000/_next/static/chunks/11hm_next_dist_0m6rgog._.js:2441
[     959ms] [LOG] [DEBUG] Renderizando celda: {columnId: fechaRegistro, isReference: undefined, value: Object} @ http://localhost:3000/_next/static/chunks/11hm_next_dist_0m6rgog._.js:2441
[     959ms] [LOG] [DEBUG] Renderizando celda: {columnId: fechaRegistro, isReference: undefined, value: Object} @ http://localhost:3000/_next/static/chunks/11hm_next_dist_0m6rgog._.js:2441
[     959ms] [LOG] [DEBUG] Renderizando celda: {columnId: ultimoContacto, isReference: undefined, value: Object} @ http://localhost:3000/_next/static/chunks/11hm_next_dist_0m6rgog._.js:2441
[     959ms] [LOG] [DEBUG] Renderizando celda: {columnId: ultimoContacto, isReference: undefined, value: Object} @ http://localhost:3000/_next/static/chunks/11hm_next_dist_0m6rgog._.js:2441
[     959ms] [LOG] [DEBUG] Renderizando celda: {columnId: valorTotal, isReference: undefined, value: Object} @ http://localhost:3000/_next/static/chunks/11hm_next_dist_0m6rgog._.js:2441
[     959ms] [LOG] [DEBUG] Renderizando celda: {columnId: valorTotal, isReference: undefined, value: Object} @ http://localhost:3000/_next/static/chunks/11hm_next_dist_0m6rgog._.js:2441
[     959ms] [LOG] [DEBUG] Renderizando celda: {columnId: satisfaccion, isReference: undefined, value: Object} @ http://localhost:3000/_next/static/chunks/11hm_next_dist_0m6rgog._.js:2441
[     959ms] [LOG] [DEBUG] Renderizando celda: {columnId: satisfaccion, isReference: undefined, value: Object} @ http://localhost:3000/_next/static/chunks/11hm_next_dist_0m6rgog._.js:2441
[     959ms] [LOG] [DEBUG] Renderizando celda: {columnId: activo, isReference: undefined, value: Object} @ http://localhost:3000/_next/static/chunks/11hm_next_dist_0m6rgog._.js:2441
[     959ms] [LOG] [DEBUG] Renderizando celda: {columnId: activo, isReference: undefined, value: Object} @ http://localhost:3000/_next/static/chunks/11hm_next_dist_0m6rgog._.js:2441
[     960ms] [LOG] [DEBUG] Renderizando celda: {columnId: id, isReference: undefined, value: Object} @ http://localhost:3000/_next/static/chunks/11hm_next_dist_0m6rgog._.js:2441
[     960ms] [LOG] [DEBUG] Renderizando celda: {columnId: id, isReference: undefined, value: Object} @ http://localhost:3000/_next/static/chunks/11hm_next_dist_0m6rgog._.js:2441
[     960ms] [LOG] [DEBUG] Renderizando celda: {columnId: nombre, isReference: undefined, value: Object} @ http://localhost:3000/_next/static/chunks/11hm_next_dist_0m6rgog._.js:2441
[     960ms] [LOG] [DEBUG] Renderizando celda: {columnId: nombre, isReference: undefined, value: Object} @ http://localhost:3000/_next/static/chunks/11hm_next_dist_0m6rgog._.js:2441
[     960ms] [LOG] [DEBUG] Renderizando celda: {columnId: email, isReference: undefined, value: Object} @ http://localhost:3000/_next/static/chunks/11hm_next_dist_0m6rgog._.js:2441
[     961ms] [LOG] [DEBUG] Renderizando celda: {columnId: email, isReference: undefined, value: Object} @ http://localhost:3000/_next/static/chunks/11hm_next_dist_0m6rgog._.js:2441
[     961ms] [LOG] [DEBUG] Renderizando celda: {columnId: telefono, isReference: undefined, value: Object} @ http://localhost:3000/_next/static/chunks/11hm_next_dist_0m6rgog._.js:2441
[     961ms] [LOG] [DEBUG] Renderizando celda: {columnId: telefono, isReference: undefined, value: Object} @ http://localhost:3000/_next/static/chunks/11hm_next_dist_0m6rgog._.js:2441
[     961ms] [LOG] [DEBUG] Renderizando celda: {columnId: ciudad, isReference: undefined, value: Object} @ http://localhost:3000/_next/static/chunks/11hm_next_dist_0m6rgog._.js:2441
[     961ms] [LOG] [DEBUG] Renderizando celda: {columnId: ciudad, isReference: undefined, value: Object} @ http://localhost:3000/_next/static/chunks/11hm_next_dist_0m6rgog._.js:2441
[     961ms] [LOG] [DEBUG] Renderizando celda: {columnId: estado, isReference: undefined, value: Object} @ http://localhost:3000/_next/static/chunks/11hm_next_dist_0m6rgog._.js:2441
[     961ms] [LOG] [DEBUG] Renderizando celda: {columnId: estado, isReference: undefined, value: Object} @ http://localhost:3000/_next/static/chunks/11hm_next_dist_0m6rgog._.js:2441
[     961ms] [LOG] [DEBUG] Renderizando celda: {columnId: fechaRegistro, isReference: undefined, value: Object} @ http://localhost:3000/_next/static/chunks/11hm_next_dist_0m6rgog._.js:2441
[     961ms] [LOG] [DEBUG] Renderizando celda: {columnId: fechaRegistro, isReference: undefined, value: Object} @ http://localhost:3000/_next/static/chunks/11hm_next_dist_0m6rgog._.js:2441
[     961ms] [LOG] [DEBUG] Renderizando celda: {columnId: ultimoContacto, isReference: undefined, value: Object} @ http://localhost:3000/_next/static/chunks/11hm_next_dist_0m6rgog._.js:2441
[     961ms] [LOG] [DEBUG] Renderizando celda: {columnId: ultimoContacto, isReference: undefined, value: Object} @ http://localhost:3000/_next/static/chunks/11hm_next_dist_0m6rgog._.js:2441
[     961ms] [LOG] [DEBUG] Renderizando celda: {columnId: valorTotal, isReference: undefined, value: Object} @ http://localhost:3000/_next/static/chunks/11hm_next_dist_0m6rgog._.js:2441
[     961ms] [LOG] [DEBUG] Renderizando celda: {columnId: valorTotal, isReference: undefined, value: Object} @ http://localhost:3000/_next/static/chunks/11hm_next_dist_0m6rgog._.js:2441
[     962ms] [LOG] [DEBUG] Renderizando celda: {columnId: satisfaccion, isReference: undefined, value: Object} @ http://localhost:3000/_next/static/chunks/11hm_next_dist_0m6rgog._.js:2441
[     962ms] [LOG] [DEBUG] Renderizando celda: {columnId: satisfaccion, isReference: undefined, value: Object} @ http://localhost:3000/_next/static/chunks/11hm_next_dist_0m6rgog._.js:2441
[     962ms] [LOG] [DEBUG] Renderizando celda: {columnId: activo, isReference: undefined, value: Object} @ http://localhost:3000/_next/static/chunks/11hm_next_dist_0m6rgog._.js:2441
[     962ms] [LOG] [DEBUG] Renderizando celda: {columnId: activo, isReference: undefined, value: Object} @ http://localhost:3000/_next/static/chunks/11hm_next_dist_0m6rgog._.js:2441
[     962ms] [LOG] [DEBUG] Renderizando celda: {columnId: id, isReference: undefined, value: Object} @ http://localhost:3000/_next/static/chunks/11hm_next_dist_0m6rgog._.js:2441
[     962ms] [LOG] [DEBUG] Renderizando celda: {columnId: id, isReference: undefined, value: Object} @ http://localhost:3000/_next/static/chunks/11hm_next_dist_0m6rgog._.js:2441
[     963ms] [LOG] [DEBUG] Renderizando celda: {columnId: nombre, isReference: undefined, value: Object} @ http://localhost:3000/_next/static/chunks/11hm_next_dist_0m6rgog._.js:2441
[     963ms] [LOG] [DEBUG] Renderizando celda: {columnId: nombre, isReference: undefined, value: Object} @ http://localhost:3000/_next/static/chunks/11hm_next_dist_0m6rgog._.js:2441
[     963ms] [LOG] [DEBUG] Renderizando celda: {columnId: email, isReference: undefined, value: Object} @ http://localhost:3000/_next/static/chunks/11hm_next_dist_0m6rgog._.js:2441
[     963ms] [LOG] [DEBUG] Renderizando celda: {columnId: email, isReference: undefined, value: Object} @ http://localhost:3000/_next/static/chunks/11hm_next_dist_0m6rgog._.js:2441
[     963ms] [LOG] [DEBUG] Renderizando celda: {columnId: telefono, isReference: undefined, value: Object} @ http://localhost:3000/_next/static/chunks/11hm_next_dist_0m6rgog._.js:2441
[     963ms] [LOG] [DEBUG] Renderizando celda: {columnId: telefono, isReference: undefined, value: Object} @ http://localhost:3000/_next/static/chunks/11hm_next_dist_0m6rgog._.js:2441
[     963ms] [LOG] [DEBUG] Renderizando celda: {columnId: ciudad, isReference: undefined, value: Object} @ http://localhost:3000/_next/static/chunks/11hm_next_dist_0m6rgog._.js:2441
[     963ms] [LOG] [DEBUG] Renderizando celda: {columnId: ciudad, isReference: undefined, value: Object} @ http://localhost:3000/_next/static/chunks/11hm_next_dist_0m6rgog._.js:2441
[     963ms] [LOG] [DEBUG] Renderizando celda: {columnId: estado, isReference: undefined, value: Object} @ http://localhost:3000/_next/static/chunks/11hm_next_dist_0m6rgog._.js:2441
[     963ms] [LOG] [DEBUG] Renderizando celda: {columnId: estado, isReference: undefined, value: Object} @ http://localhost:3000/_next/static/chunks/11hm_next_dist_0m6rgog._.js:2441
[     963ms] [LOG] [DEBUG] Renderizando celda: {columnId: fechaRegistro, isReference: undefined, value: Object} @ http://localhost:3000/_next/static/chunks/11hm_next_dist_0m6rgog._.js:2441
[     963ms] [LOG] [DEBUG] Renderizando celda: {columnId: fechaRegistro, isReference: undefined, value: Object} @ http://localhost:3000/_next/static/chunks/11hm_next_dist_0m6rgog._.js:2441
[     963ms] [LOG] [DEBUG] Renderizando celda: {columnId: ultimoContacto, isReference: undefined, value: Object} @ http://localhost:3000/_next/static/chunks/11hm_next_dist_0m6rgog._.js:2441
[     964ms] [LOG] [DEBUG] Renderizando celda: {columnId: ultimoContacto, isReference: undefined, value: Object} @ http://localhost:3000/_next/static/chunks/11hm_next_dist_0m6rgog._.js:2441
[     964ms] [LOG] [DEBUG] Renderizando celda: {columnId: valorTotal, isReference: undefined, value: Object} @ http://localhost:3000/_next/static/chunks/11hm_next_dist_0m6rgog._.js:2441
[     964ms] [LOG] [DEBUG] Renderizando celda: {columnId: valorTotal, isReference: undefined, value: Object} @ http://localhost:3000/_next/static/chunks/11hm_next_dist_0m6rgog._.js:2441
[     964ms] [LOG] [DEBUG] Renderizando celda: {columnId: satisfaccion, isReference: undefined, value: Object} @ http://localhost:3000/_next/static/chunks/11hm_next_dist_0m6rgog._.js:2441
[     964ms] [LOG] [DEBUG] Renderizando celda: {columnId: satisfaccion, isReference: undefined, value: Object} @ http://localhost:3000/_next/static/chunks/11hm_next_dist_0m6rgog._.js:2441
[     964ms] [LOG] [DEBUG] Renderizando celda: {columnId: activo, isReference: undefined, value: Object} @ http://localhost:3000/_next/static/chunks/11hm_next_dist_0m6rgog._.js:2441
[     964ms] [LOG] [DEBUG] Renderizando celda: {columnId: activo, isReference: undefined, value: Object} @ http://localhost:3000/_next/static/chunks/11hm_next_dist_0m6rgog._.js:2441
[     965ms] [LOG] [DEBUG] Renderizando celda: {columnId: id, isReference: undefined, value: Object} @ http://localhost:3000/_next/static/chunks/11hm_next_dist_0m6rgog._.js:2441
[     965ms] [LOG] [DEBUG] Renderizando celda: {columnId: id, isReference: undefined, value: Object} @ http://localhost:3000/_next/static/chunks/11hm_next_dist_0m6rgog._.js:2441
[     965ms] [LOG] [DEBUG] Renderizando celda: {columnId: nombre, isReference: undefined, value: Object} @ http://localhost:3000/_next/static/chunks/11hm_next_dist_0m6rgog._.js:2441
[     965ms] [LOG] [DEBUG] Renderizando celda: {columnId: nombre, isReference: undefined, value: Object} @ http://localhost:3000/_next/static/chunks/11hm_next_dist_0m6rgog._.js:2441
[     965ms] [LOG] [DEBUG] Renderizando celda: {columnId: email, isReference: undefined, value: Object} @ http://localhost:3000/_next/static/chunks/11hm_next_dist_0m6rgog._.js:2441
[     965ms] [LOG] [DEBUG] Renderizando celda: {columnId: email, isReference: undefined, value: Object} @ http://localhost:3000/_next/static/chunks/11hm_next_dist_0m6rgog._.js:2441
[     965ms] [LOG] [DEBUG] Renderizando celda: {columnId: telefono, isReference: undefined, value: Object} @ http://localhost:3000/_next/static/chunks/11hm_next_dist_0m6rgog._.js:2441
[     965ms] [LOG] [DEBUG] Renderizando celda: {columnId: telefono, isReference: undefined, value: Object} @ http://localhost:3000/_next/static/chunks/11hm_next_dist_0m6rgog._.js:2441
[     965ms] [LOG] [DEBUG] Renderizando celda: {columnId: ciudad, isReference: undefined, value: Object} @ http://localhost:3000/_next/static/chunks/11hm_next_dist_0m6rgog._.js:2441
[     965ms] [LOG] [DEBUG] Renderizando celda: {columnId: ciudad, isReference: undefined, value: Object} @ http://localhost:3000/_next/static/chunks/11hm_next_dist_0m6rgog._.js:2441
[     965ms] [LOG] [DEBUG] Renderizando celda: {columnId: estado, isReference: undefined, value: Object} @ http://localhost:3000/_next/static/chunks/11hm_next_dist_0m6rgog._.js:2441
[     965ms] [LOG] [DEBUG] Renderizando celda: {columnId: estado, isReference: undefined, value: Object} @ http://localhost:3000/_next/static/chunks/11hm_next_dist_0m6rgog._.js:2441
[     966ms] [LOG] [DEBUG] Renderizando celda: {columnId: fechaRegistro, isReference: undefined, value: Object} @ http://localhost:3000/_next/static/chunks/11hm_next_dist_0m6rgog._.js:2441
[     966ms] [LOG] [DEBUG] Renderizando celda: {columnId: fechaRegistro, isReference: undefined, value: Object} @ http://localhost:3000/_next/static/chunks/11hm_next_dist_0m6rgog._.js:2441
[     966ms] [LOG] [DEBUG] Renderizando celda: {columnId: ultimoContacto, isReference: undefined, value: Object} @ http://localhost:3000/_next/static/chunks/11hm_next_dist_0m6rgog._.js:2441
[     966ms] [LOG] [DEBUG] Renderizando celda: {columnId: ultimoContacto, isReference: undefined, value: Object} @ http://localhost:3000/_next/static/chunks/11hm_next_dist_0m6rgog._.js:2441
[     966ms] [LOG] [DEBUG] Renderizando celda: {columnId: valorTotal, isReference: undefined, value: Object} @ http://localhost:3000/_next/static/chunks/11hm_next_dist_0m6rgog._.js:2441
[     966ms] [LOG] [DEBUG] Renderizando celda: {columnId: valorTotal, isReference: undefined, value: Object} @ http://localhost:3000/_next/static/chunks/11hm_next_dist_0m6rgog._.js:2441
[     966ms] [LOG] [DEBUG] Renderizando celda: {columnId: satisfaccion, isReference: undefined, value: Object} @ http://localhost:3000/_next/static/chunks/11hm_next_dist_0m6rgog._.js:2441
[     966ms] [LOG] [DEBUG] Renderizando celda: {columnId: satisfaccion, isReference: undefined, value: Object} @ http://localhost:3000/_next/static/chunks/11hm_next_dist_0m6rgog._.js:2441
[     966ms] [LOG] [DEBUG] Renderizando celda: {columnId: activo, isReference: undefined, value: Object} @ http://localhost:3000/_next/static/chunks/11hm_next_dist_0m6rgog._.js:2441
[     966ms] [LOG] [DEBUG] Renderizando celda: {columnId: activo, isReference: undefined, value: Object} @ http://localhost:3000/_next/static/chunks/11hm_next_dist_0m6rgog._.js:2441
[     967ms] [LOG] [DEBUG] Renderizando celda: {columnId: id, isReference: undefined, value: Object} @ http://localhost:3000/_next/static/chunks/11hm_next_dist_0m6rgog._.js:2441
[     967ms] [LOG] [DEBUG] Renderizando celda: {columnId: id, isReference: undefined, value: Object} @ http://localhost:3000/_next/static/chunks/11hm_next_dist_0m6rgog._.js:2441
[     967ms] [LOG] [DEBUG] Renderizando celda: {columnId: nombre, isReference: undefined, value: Object} @ http://localhost:3000/_next/static/chunks/11hm_next_dist_0m6rgog._.js:2441
[     967ms] [LOG] [DEBUG] Renderizando celda: {columnId: nombre, isReference: undefined, value: Object} @ http://localhost:3000/_next/static/chunks/11hm_next_dist_0m6rgog._.js:2441
[     968ms] [LOG] [DEBUG] Renderizando celda: {columnId: email, isReference: undefined, value: Object} @ http://localhost:3000/_next/static/chunks/11hm_next_dist_0m6rgog._.js:2441
[     968ms] [LOG] [DEBUG] Renderizando celda: {columnId: email, isReference: undefined, value: Object} @ http://localhost:3000/_next/static/chunks/11hm_next_dist_0m6rgog._.js:2441
[     969ms] [LOG] [DEBUG] Renderizando celda: {columnId: telefono, isReference: undefined, value: Object} @ http://localhost:3000/_next/static/chunks/11hm_next_dist_0m6rgog._.js:2441
[     969ms] [LOG] [DEBUG] Renderizando celda: {columnId: telefono, isReference: undefined, value: Object} @ http://localhost:3000/_next/static/chunks/11hm_next_dist_0m6rgog._.js:2441
[     969ms] [LOG] [DEBUG] Renderizando celda: {columnId: ciudad, isReference: undefined, value: Object} @ http://localhost:3000/_next/static/chunks/11hm_next_dist_0m6rgog._.js:2441
[     970ms] [LOG] [DEBUG] Renderizando celda: {columnId: ciudad, isReference: undefined, value: Object} @ http://localhost:3000/_next/static/chunks/11hm_next_dist_0m6rgog._.js:2441
[     970ms] [LOG] [DEBUG] Renderizando celda: {columnId: estado, isReference: undefined, value: Object} @ http://localhost:3000/_next/static/chunks/11hm_next_dist_0m6rgog._.js:2441
[     970ms] [LOG] [DEBUG] Renderizando celda: {columnId: estado, isReference: undefined, value: Object} @ http://localhost:3000/_next/static/chunks/11hm_next_dist_0m6rgog._.js:2441
[     970ms] [LOG] [DEBUG] Renderizando celda: {columnId: fechaRegistro, isReference: undefined, value: Object} @ http://localhost:3000/_next/static/chunks/11hm_next_dist_0m6rgog._.js:2441
[     970ms] [LOG] [DEBUG] Renderizando celda: {columnId: fechaRegistro, isReference: undefined, value: Object} @ http://localhost:3000/_next/static/chunks/11hm_next_dist_0m6rgog._.js:2441
[     970ms] [LOG] [DEBUG] Renderizando celda: {columnId: ultimoContacto, isReference: undefined, value: Object} @ http://localhost:3000/_next/static/chunks/11hm_next_dist_0m6rgog._.js:2441
[     970ms] [LOG] [DEBUG] Renderizando celda: {columnId: ultimoContacto, isReference: undefined, value: Object} @ http://localhost:3000/_next/static/chunks/11hm_next_dist_0m6rgog._.js:2441
[     970ms] [LOG] [DEBUG] Renderizando celda: {columnId: valorTotal, isReference: undefined, value: Object} @ http://localhost:3000/_next/static/chunks/11hm_next_dist_0m6rgog._.js:2441
[     970ms] [LOG] [DEBUG] Renderizando celda: {columnId: valorTotal, isReference: undefined, value: Object} @ http://localhost:3000/_next/static/chunks/11hm_next_dist_0m6rgog._.js:2441
[     970ms] [LOG] [DEBUG] Renderizando celda: {columnId: satisfaccion, isReference: undefined, value: Object} @ http://localhost:3000/_next/static/chunks/11hm_next_dist_0m6rgog._.js:2441
[     970ms] [LOG] [DEBUG] Renderizando celda: {columnId: satisfaccion, isReference: undefined, value: Object} @ http://localhost:3000/_next/static/chunks/11hm_next_dist_0m6rgog._.js:2441
[     970ms] [LOG] [DEBUG] Renderizando celda: {columnId: activo, isReference: undefined, value: Object} @ http://localhost:3000/_next/static/chunks/11hm_next_dist_0m6rgog._.js:2441
[     971ms] [LOG] [DEBUG] Renderizando celda: {columnId: activo, isReference: undefined, value: Object} @ http://localhost:3000/_next/static/chunks/11hm_next_dist_0m6rgog._.js:2441
[     972ms] [LOG] [DEBUG] Renderizando celda: {columnId: id, isReference: undefined, value: Object} @ http://localhost:3000/_next/static/chunks/11hm_next_dist_0m6rgog._.js:2441
[     972ms] [LOG] [DEBUG] Renderizando celda: {columnId: id, isReference: undefined, value: Object} @ http://localhost:3000/_next/static/chunks/11hm_next_dist_0m6rgog._.js:2441
[     972ms] [LOG] [DEBUG] Renderizando celda: {columnId: nombre, isReference: undefined, value: Object} @ http://localhost:3000/_next/static/chunks/11hm_next_dist_0m6rgog._.js:2441
[     972ms] [LOG] [DEBUG] Renderizando celda: {columnId: nombre, isReference: undefined, value: Object} @ http://localhost:3000/_next/static/chunks/11hm_next_dist_0m6rgog._.js:2441
[     972ms] [LOG] [DEBUG] Renderizando celda: {columnId: email, isReference: undefined, value: Object} @ http://localhost:3000/_next/static/chunks/11hm_next_dist_0m6rgog._.js:2441
[     972ms] [LOG] [DEBUG] Renderizando celda: {columnId: email, isReference: undefined, value: Object} @ http://localhost:3000/_next/static/chunks/11hm_next_dist_0m6rgog._.js:2441
[     972ms] [LOG] [DEBUG] Renderizando celda: {columnId: telefono, isReference: undefined, value: Object} @ http://localhost:3000/_next/static/chunks/11hm_next_dist_0m6rgog._.js:2441
[     972ms] [LOG] [DEBUG] Renderizando celda: {columnId: telefono, isReference: undefined, value: Object} @ http://localhost:3000/_next/static/chunks/11hm_next_dist_0m6rgog._.js:2441
[     972ms] [LOG] [DEBUG] Renderizando celda: {columnId: ciudad, isReference: undefined, value: Object} @ http://localhost:3000/_next/static/chunks/11hm_next_dist_0m6rgog._.js:2441
[     972ms] [LOG] [DEBUG] Renderizando celda: {columnId: ciudad, isReference: undefined, value: Object} @ http://localhost:3000/_next/static/chunks/11hm_next_dist_0m6rgog._.js:2441
[     972ms] [LOG] [DEBUG] Renderizando celda: {columnId: estado, isReference: undefined, value: Object} @ http://localhost:3000/_next/static/chunks/11hm_next_dist_0m6rgog._.js:2441
[     973ms] [LOG] [DEBUG] Renderizando celda: {columnId: estado, isReference: undefined, value: Object} @ http://localhost:3000/_next/static/chunks/11hm_next_dist_0m6rgog._.js:2441
[     973ms] [LOG] [DEBUG] Renderizando celda: {columnId: fechaRegistro, isReference: undefined, value: Object} @ http://localhost:3000/_next/static/chunks/11hm_next_dist_0m6rgog._.js:2441
[     973ms] [LOG] [DEBUG] Renderizando celda: {columnId: fechaRegistro, isReference: undefined, value: Object} @ http://localhost:3000/_next/static/chunks/11hm_next_dist_0m6rgog._.js:2441
[     973ms] [LOG] [DEBUG] Renderizando celda: {columnId: ultimoContacto, isReference: undefined, value: Object} @ http://localhost:3000/_next/static/chunks/11hm_next_dist_0m6rgog._.js:2441
[     973ms] [LOG] [DEBUG] Renderizando celda: {columnId: ultimoContacto, isReference: undefined, value: Object} @ http://localhost:3000/_next/static/chunks/11hm_next_dist_0m6rgog._.js:2441
[     973ms] [LOG] [DEBUG] Renderizando celda: {columnId: valorTotal, isReference: undefined, value: Object} @ http://localhost:3000/_next/static/chunks/11hm_next_dist_0m6rgog._.js:2441
[     973ms] [LOG] [DEBUG] Renderizando celda: {columnId: valorTotal, isReference: undefined, value: Object} @ http://localhost:3000/_next/static/chunks/11hm_next_dist_0m6rgog._.js:2441
[     973ms] [LOG] [DEBUG] Renderizando celda: {columnId: satisfaccion, isReference: undefined, value: Object} @ http://localhost:3000/_next/static/chunks/11hm_next_dist_0m6rgog._.js:2441
[     974ms] [LOG] [DEBUG] Renderizando celda: {columnId: satisfaccion, isReference: undefined, value: Object} @ http://localhost:3000/_next/static/chunks/11hm_next_dist_0m6rgog._.js:2441
[     974ms] [LOG] [DEBUG] Renderizando celda: {columnId: activo, isReference: undefined, value: Object} @ http://localhost:3000/_next/static/chunks/11hm_next_dist_0m6rgog._.js:2441
[     974ms] [LOG] [DEBUG] Renderizando celda: {columnId: activo, isReference: undefined, value: Object} @ http://localhost:3000/_next/static/chunks/11hm_next_dist_0m6rgog._.js:2441
[     976ms] [LOG] [DEBUG] Renderizando celda: {columnId: id, isReference: undefined, value: Object} @ http://localhost:3000/_next/static/chunks/11hm_next_dist_0m6rgog._.js:2441
[     976ms] [LOG] [DEBUG] Renderizando celda: {columnId: id, isReference: undefined, value: Object} @ http://localhost:3000/_next/static/chunks/11hm_next_dist_0m6rgog._.js:2441
[     976ms] [LOG] [DEBUG] Renderizando celda: {columnId: nombre, isReference: undefined, value: Object} @ http://localhost:3000/_next/static/chunks/11hm_next_dist_0m6rgog._.js:2441
[     976ms] [LOG] [DEBUG] Renderizando celda: {columnId: nombre, isReference: undefined, value: Object} @ http://localhost:3000/_next/static/chunks/11hm_next_dist_0m6rgog._.js:2441
[     976ms] [LOG] [DEBUG] Renderizando celda: {columnId: email, isReference: undefined, value: Object} @ http://localhost:3000/_next/static/chunks/11hm_next_dist_0m6rgog._.js:2441
[     976ms] [LOG] [DEBUG] Renderizando celda: {columnId: email, isReference: undefined, value: Object} @ http://localhost:3000/_next/static/chunks/11hm_next_dist_0m6rgog._.js:2441
[     976ms] [LOG] [DEBUG] Renderizando celda: {columnId: telefono, isReference: undefined, value: Object} @ http://localhost:3000/_next/static/chunks/11hm_next_dist_0m6rgog._.js:2441
[     976ms] [LOG] [DEBUG] Renderizando celda: {columnId: telefono, isReference: undefined, value: Object} @ http://localhost:3000/_next/static/chunks/11hm_next_dist_0m6rgog._.js:2441
[     976ms] [LOG] [DEBUG] Renderizando celda: {columnId: ciudad, isReference: undefined, value: Object} @ http://localhost:3000/_next/static/chunks/11hm_next_dist_0m6rgog._.js:2441
[     977ms] [LOG] [DEBUG] Renderizando celda: {columnId: ciudad, isReference: undefined, value: Object} @ http://localhost:3000/_next/static/chunks/11hm_next_dist_0m6rgog._.js:2441
[     977ms] [LOG] [DEBUG] Renderizando celda: {columnId: estado, isReference: undefined, value: Object} @ http://localhost:3000/_next/static/chunks/11hm_next_dist_0m6rgog._.js:2441
[     977ms] [LOG] [DEBUG] Renderizando celda: {columnId: estado, isReference: undefined, value: Object} @ http://localhost:3000/_next/static/chunks/11hm_next_dist_0m6rgog._.js:2441
[     977ms] [LOG] [DEBUG] Renderizando celda: {columnId: fechaRegistro, isReference: undefined, value: Object} @ http://localhost:3000/_next/static/chunks/11hm_next_dist_0m6rgog._.js:2441
[     977ms] [LOG] [DEBUG] Renderizando celda: {columnId: fechaRegistro, isReference: undefined, value: Object} @ http://localhost:3000/_next/static/chunks/11hm_next_dist_0m6rgog._.js:2441
[     977ms] [LOG] [DEBUG] Renderizando celda: {columnId: ultimoContacto, isReference: undefined, value: Object} @ http://localhost:3000/_next/static/chunks/11hm_next_dist_0m6rgog._.js:2441
[     977ms] [LOG] [DEBUG] Renderizando celda: {columnId: ultimoContacto, isReference: undefined, value: Object} @ http://localhost:3000/_next/static/chunks/11hm_next_dist_0m6rgog._.js:2441
[     977ms] [LOG] [DEBUG] Renderizando celda: {columnId: valorTotal, isReference: undefined, value: Object} @ http://localhost:3000/_next/static/chunks/11hm_next_dist_0m6rgog._.js:2441
[     977ms] [LOG] [DEBUG] Renderizando celda: {columnId: valorTotal, isReference: undefined, value: Object} @ http://localhost:3000/_next/static/chunks/11hm_next_dist_0m6rgog._.js:2441
[     977ms] [LOG] [DEBUG] Renderizando celda: {columnId: satisfaccion, isReference: undefined, value: Object} @ http://localhost:3000/_next/static/chunks/11hm_next_dist_0m6rgog._.js:2441
[     977ms] [LOG] [DEBUG] Renderizando celda: {columnId: satisfaccion, isReference: undefined, value: Object} @ http://localhost:3000/_next/static/chunks/11hm_next_dist_0m6rgog._.js:2441
[     977ms] [LOG] [DEBUG] Renderizando celda: {columnId: activo, isReference: undefined, value: Object} @ http://localhost:3000/_next/static/chunks/11hm_next_dist_0m6rgog._.js:2441
[     977ms] [LOG] [DEBUG] Renderizando celda: {columnId: activo, isReference: undefined, value: Object} @ http://localhost:3000/_next/static/chunks/11hm_next_dist_0m6rgog._.js:2441
[     983ms] [LOG] [DEBUG] Renderizando SecondaryTables: {level: 0, parentId: undefined, isLoading: false, arrayColumnsCount: 0, arrayColumns: Array(0)} @ http://localhost:3000/_next/static/chunks/11hm_next_dist_0m6rgog._.js:2441
[     983ms] [LOG] [DEBUG] Renderizando SecondaryTables: {level: 0, parentId: undefined, isLoading: false, arrayColumnsCount: 0, arrayColumns: Array(0)} @ http://localhost:3000/_next/static/chunks/11hm_next_dist_0m6rgog._.js:2441
[     995ms] [LOG] [DEBUG] Effective column order: {baseOrder: Array(14), pinnedColumnId: index, otherColumns: Array(13), hasActions: true, result: Array(15)} @ http://localhost:3000/_next/static/chunks/11hm_next_dist_0m6rgog._.js:2441
[     995ms] [LOG] [DEBUG] Effective column order: {baseOrder: Array(14), pinnedColumnId: index, otherColumns: Array(13), hasActions: true, result: Array(15)} @ http://localhost:3000/_next/static/chunks/11hm_next_dist_0m6rgog._.js:2441
[     996ms] [LOG] [DEBUG] Effective column order: {baseOrder: Array(14), pinnedColumnId: index, otherColumns: Array(13), hasActions: true, result: Array(15)} @ http://localhost:3000/_next/static/chunks/11hm_next_dist_0m6rgog._.js:2441
[     996ms] [LOG] [DEBUG] Effective column order: {baseOrder: Array(14), pinnedColumnId: index, otherColumns: Array(13), hasActions: true, result: Array(15)} @ http://localhost:3000/_next/static/chunks/11hm_next_dist_0m6rgog._.js:2441
[    1002ms] [LOG] [DEBUG] Renderizando celda: {columnId: id, isReference: undefined, value: Object} @ http://localhost:3000/_next/static/chunks/11hm_next_dist_0m6rgog._.js:2441
[    1002ms] [LOG] [DEBUG] Renderizando celda: {columnId: id, isReference: undefined, value: Object} @ http://localhost:3000/_next/static/chunks/11hm_next_dist_0m6rgog._.js:2441
[    1002ms] [LOG] [DEBUG] Renderizando celda: {columnId: nombre, isReference: undefined, value: Object} @ http://localhost:3000/_next/static/chunks/11hm_next_dist_0m6rgog._.js:2441
[    1002ms] [LOG] [DEBUG] Renderizando celda: {columnId: nombre, isReference: undefined, value: Object} @ http://localhost:3000/_next/static/chunks/11hm_next_dist_0m6rgog._.js:2441
[    1002ms] [LOG] [DEBUG] Renderizando celda: {columnId: email, isReference: undefined, value: Object} @ http://localhost:3000/_next/static/chunks/11hm_next_dist_0m6rgog._.js:2441
[    1002ms] [LOG] [DEBUG] Renderizando celda: {columnId: email, isReference: undefined, value: Object} @ http://localhost:3000/_next/static/chunks/11hm_next_dist_0m6rgog._.js:2441
[    1003ms] [LOG] [DEBUG] Renderizando celda: {columnId: telefono, isReference: undefined, value: Object} @ http://localhost:3000/_next/static/chunks/11hm_next_dist_0m6rgog._.js:2441
[    1003ms] [LOG] [DEBUG] Renderizando celda: {columnId: telefono, isReference: undefined, value: Object} @ http://localhost:3000/_next/static/chunks/11hm_next_dist_0m6rgog._.js:2441
[    1003ms] [LOG] [DEBUG] Renderizando celda: {columnId: ciudad, isReference: undefined, value: Object} @ http://localhost:3000/_next/static/chunks/11hm_next_dist_0m6rgog._.js:2441
[    1003ms] [LOG] [DEBUG] Renderizando celda: {columnId: ciudad, isReference: undefined, value: Object} @ http://localhost:3000/_next/static/chunks/11hm_next_dist_0m6rgog._.js:2441
[    1003ms] [LOG] [DEBUG] Renderizando celda: {columnId: estado, isReference: undefined, value: Object} @ http://localhost:3000/_next/static/chunks/11hm_next_dist_0m6rgog._.js:2441
[    1003ms] [LOG] [DEBUG] Renderizando celda: {columnId: estado, isReference: undefined, value: Object} @ http://localhost:3000/_next/static/chunks/11hm_next_dist_0m6rgog._.js:2441
[    1003ms] [LOG] [DEBUG] Renderizando celda: {columnId: fechaRegistro, isReference: undefined, value: Object} @ http://localhost:3000/_next/static/chunks/11hm_next_dist_0m6rgog._.js:2441
[    1003ms] [LOG] [DEBUG] Renderizando celda: {columnId: fechaRegistro, isReference: undefined, value: Object} @ http://localhost:3000/_next/static/chunks/11hm_next_dist_0m6rgog._.js:2441
[    1003ms] [LOG] [DEBUG] Renderizando celda: {columnId: ultimoContacto, isReference: undefined, value: Object} @ http://localhost:3000/_next/static/chunks/11hm_next_dist_0m6rgog._.js:2441
[    1003ms] [LOG] [DEBUG] Renderizando celda: {columnId: ultimoContacto, isReference: undefined, value: Object} @ http://localhost:3000/_next/static/chunks/11hm_next_dist_0m6rgog._.js:2441
[    1003ms] [LOG] [DEBUG] Renderizando celda: {columnId: valorTotal, isReference: undefined, value: Object} @ http://localhost:3000/_next/static/chunks/11hm_next_dist_0m6rgog._.js:2441
[    1003ms] [LOG] [DEBUG] Renderizando celda: {columnId: valorTotal, isReference: undefined, value: Object} @ http://localhost:3000/_next/static/chunks/11hm_next_dist_0m6rgog._.js:2441
[    1003ms] [LOG] [DEBUG] Renderizando celda: {columnId: satisfaccion, isReference: undefined, value: Object} @ http://localhost:3000/_next/static/chunks/11hm_next_dist_0m6rgog._.js:2441
[    1004ms] [LOG] [DEBUG] Renderizando celda: {columnId: satisfaccion, isReference: undefined, value: Object} @ http://localhost:3000/_next/static/chunks/11hm_next_dist_0m6rgog._.js:2441
[    1004ms] [LOG] [DEBUG] Renderizando celda: {columnId: activo, isReference: undefined, value: Object} @ http://localhost:3000/_next/static/chunks/11hm_next_dist_0m6rgog._.js:2441
[    1004ms] [LOG] [DEBUG] Renderizando celda: {columnId: activo, isReference: undefined, value: Object} @ http://localhost:3000/_next/static/chunks/11hm_next_dist_0m6rgog._.js:2441
[    1004ms] [LOG] [DEBUG] Renderizando celda: {columnId: id, isReference: undefined, value: Object} @ http://localhost:3000/_next/static/chunks/11hm_next_dist_0m6rgog._.js:2441
[    1004ms] [LOG] [DEBUG] Renderizando celda: {columnId: id, isReference: undefined, value: Object} @ http://localhost:3000/_next/static/chunks/11hm_next_dist_0m6rgog._.js:2441
[    1004ms] [LOG] [DEBUG] Renderizando celda: {columnId: nombre, isReference: undefined, value: Object} @ http://localhost:3000/_next/static/chunks/11hm_next_dist_0m6rgog._.js:2441
[    1005ms] [LOG] [DEBUG] Renderizando celda: {columnId: nombre, isReference: undefined, value: Object} @ http://localhost:3000/_next/static/chunks/11hm_next_dist_0m6rgog._.js:2441
[    1005ms] [LOG] [DEBUG] Renderizando celda: {columnId: email, isReference: undefined, value: Object} @ http://localhost:3000/_next/static/chunks/11hm_next_dist_0m6rgog._.js:2441
[    1005ms] [LOG] [DEBUG] Renderizando celda: {columnId: email, isReference: undefined, value: Object} @ http://localhost:3000/_next/static/chunks/11hm_next_dist_0m6rgog._.js:2441
[    1005ms] [LOG] [DEBUG] Renderizando celda: {columnId: telefono, isReference: undefined, value: Object} @ http://localhost:3000/_next/static/chunks/11hm_next_dist_0m6rgog._.js:2441
[    1005ms] [LOG] [DEBUG] Renderizando celda: {columnId: telefono, isReference: undefined, value: Object} @ http://localhost:3000/_next/static/chunks/11hm_next_dist_0m6rgog._.js:2441
[    1005ms] [LOG] [DEBUG] Renderizando celda: {columnId: ciudad, isReference: undefined, value: Object} @ http://localhost:3000/_next/static/chunks/11hm_next_dist_0m6rgog._.js:2441
[    1005ms] [LOG] [DEBUG] Renderizando celda: {columnId: ciudad, isReference: undefined, value: Object} @ http://localhost:3000/_next/static/chunks/11hm_next_dist_0m6rgog._.js:2441
[    1005ms] [LOG] [DEBUG] Renderizando celda: {columnId: estado, isReference: undefined, value: Object} @ http://localhost:3000/_next/static/chunks/11hm_next_dist_0m6rgog._.js:2441
[    1005ms] [LOG] [DEBUG] Renderizando celda: {columnId: estado, isReference: undefined, value: Object} @ http://localhost:3000/_next/static/chunks/11hm_next_dist_0m6rgog._.js:2441
[    1005ms] [LOG] [DEBUG] Renderizando celda: {columnId: fechaRegistro, isReference: undefined, value: Object} @ http://localhost:3000/_next/static/chunks/11hm_next_dist_0m6rgog._.js:2441
[    1005ms] [LOG] [DEBUG] Renderizando celda: {columnId: fechaRegistro, isReference: undefined, value: Object} @ http://localhost:3000/_next/static/chunks/11hm_next_dist_0m6rgog._.js:2441
[    1005ms] [LOG] [DEBUG] Renderizando celda: {columnId: ultimoContacto, isReference: undefined, value: Object} @ http://localhost:3000/_next/static/chunks/11hm_next_dist_0m6rgog._.js:2441
[    1005ms] [LOG] [DEBUG] Renderizando celda: {columnId: ultimoContacto, isReference: undefined, value: Object} @ http://localhost:3000/_next/static/chunks/11hm_next_dist_0m6rgog._.js:2441
[    1005ms] [LOG] [DEBUG] Renderizando celda: {columnId: valorTotal, isReference: undefined, value: Object} @ http://localhost:3000/_next/static/chunks/11hm_next_dist_0m6rgog._.js:2441
[    1006ms] [LOG] [DEBUG] Renderizando celda: {columnId: valorTotal, isReference: undefined, value: Object} @ http://localhost:3000/_next/static/chunks/11hm_next_dist_0m6rgog._.js:2441
[    1006ms] [LOG] [DEBUG] Renderizando celda: {columnId: satisfaccion, isReference: undefined, value: Object} @ http://localhost:3000/_next/static/chunks/11hm_next_dist_0m6rgog._.js:2441
[    1006ms] [LOG] [DEBUG] Renderizando celda: {columnId: satisfaccion, isReference: undefined, value: Object} @ http://localhost:3000/_next/static/chunks/11hm_next_dist_0m6rgog._.js:2441
[    1006ms] [LOG] [DEBUG] Renderizando celda: {columnId: activo, isReference: undefined, value: Object} @ http://localhost:3000/_next/static/chunks/11hm_next_dist_0m6rgog._.js:2441
[    1006ms] [LOG] [DEBUG] Renderizando celda: {columnId: activo, isReference: undefined, value: Object} @ http://localhost:3000/_next/static/chunks/11hm_next_dist_0m6rgog._.js:2441
[    1006ms] [LOG] [DEBUG] Renderizando celda: {columnId: id, isReference: undefined, value: Object} @ http://localhost:3000/_next/static/chunks/11hm_next_dist_0m6rgog._.js:2441
[    1006ms] [LOG] [DEBUG] Renderizando celda: {columnId: id, isReference: undefined, value: Object} @ http://localhost:3000/_next/static/chunks/11hm_next_dist_0m6rgog._.js:2441
[    1007ms] [LOG] [DEBUG] Renderizando celda: {columnId: nombre, isReference: undefined, value: Object} @ http://localhost:3000/_next/static/chunks/11hm_next_dist_0m6rgog._.js:2441
[    1007ms] [LOG] [DEBUG] Renderizando celda: {columnId: nombre, isReference: undefined, value: Object} @ http://localhost:3000/_next/static/chunks/11hm_next_dist_0m6rgog._.js:2441
[    1007ms] [LOG] [DEBUG] Renderizando celda: {columnId: email, isReference: undefined, value: Object} @ http://localhost:3000/_next/static/chunks/11hm_next_dist_0m6rgog._.js:2441
[    1007ms] [LOG] [DEBUG] Renderizando celda: {columnId: email, isReference: undefined, value: Object} @ http://localhost:3000/_next/static/chunks/11hm_next_dist_0m6rgog._.js:2441
[    1007ms] [LOG] [DEBUG] Renderizando celda: {columnId: telefono, isReference: undefined, value: Object} @ http://localhost:3000/_next/static/chunks/11hm_next_dist_0m6rgog._.js:2441
[    1007ms] [LOG] [DEBUG] Renderizando celda: {columnId: telefono, isReference: undefined, value: Object} @ http://localhost:3000/_next/static/chunks/11hm_next_dist_0m6rgog._.js:2441
[    1007ms] [LOG] [DEBUG] Renderizando celda: {columnId: ciudad, isReference: undefined, value: Object} @ http://localhost:3000/_next/static/chunks/11hm_next_dist_0m6rgog._.js:2441
[    1007ms] [LOG] [DEBUG] Renderizando celda: {columnId: ciudad, isReference: undefined, value: Object} @ http://localhost:3000/_next/static/chunks/11hm_next_dist_0m6rgog._.js:2441
[    1007ms] [LOG] [DEBUG] Renderizando celda: {columnId: estado, isReference: undefined, value: Object} @ http://localhost:3000/_next/static/chunks/11hm_next_dist_0m6rgog._.js:2441
[    1007ms] [LOG] [DEBUG] Renderizando celda: {columnId: estado, isReference: undefined, value: Object} @ http://localhost:3000/_next/static/chunks/11hm_next_dist_0m6rgog._.js:2441
[    1007ms] [LOG] [DEBUG] Renderizando celda: {columnId: fechaRegistro, isReference: undefined, value: Object} @ http://localhost:3000/_next/static/chunks/11hm_next_dist_0m6rgog._.js:2441
[    1007ms] [LOG] [DEBUG] Renderizando celda: {columnId: fechaRegistro, isReference: undefined, value: Object} @ http://localhost:3000/_next/static/chunks/11hm_next_dist_0m6rgog._.js:2441
[    1007ms] [LOG] [DEBUG] Renderizando celda: {columnId: ultimoContacto, isReference: undefined, value: Object} @ http://localhost:3000/_next/static/chunks/11hm_next_dist_0m6rgog._.js:2441
[    1008ms] [LOG] [DEBUG] Renderizando celda: {columnId: ultimoContacto, isReference: undefined, value: Object} @ http://localhost:3000/_next/static/chunks/11hm_next_dist_0m6rgog._.js:2441
[    1008ms] [LOG] [DEBUG] Renderizando celda: {columnId: valorTotal, isReference: undefined, value: Object} @ http://localhost:3000/_next/static/chunks/11hm_next_dist_0m6rgog._.js:2441
[    1008ms] [LOG] [DEBUG] Renderizando celda: {columnId: valorTotal, isReference: undefined, value: Object} @ http://localhost:3000/_next/static/chunks/11hm_next_dist_0m6rgog._.js:2441
[    1008ms] [LOG] [DEBUG] Renderizando celda: {columnId: satisfaccion, isReference: undefined, value: Object} @ http://localhost:3000/_next/static/chunks/11hm_next_dist_0m6rgog._.js:2441
[    1008ms] [LOG] [DEBUG] Renderizando celda: {columnId: satisfaccion, isReference: undefined, value: Object} @ http://localhost:3000/_next/static/chunks/11hm_next_dist_0m6rgog._.js:2441
[    1008ms] [LOG] [DEBUG] Renderizando celda: {columnId: activo, isReference: undefined, value: Object} @ http://localhost:3000/_next/static/chunks/11hm_next_dist_0m6rgog._.js:2441
[    1008ms] [LOG] [DEBUG] Renderizando celda: {columnId: activo, isReference: undefined, value: Object} @ http://localhost:3000/_next/static/chunks/11hm_next_dist_0m6rgog._.js:2441
[    1008ms] [LOG] [DEBUG] Renderizando celda: {columnId: id, isReference: undefined, value: Object} @ http://localhost:3000/_next/static/chunks/11hm_next_dist_0m6rgog._.js:2441
[    1009ms] [LOG] [DEBUG] Renderizando celda: {columnId: id, isReference: undefined, value: Object} @ http://localhost:3000/_next/static/chunks/11hm_next_dist_0m6rgog._.js:2441
[    1009ms] [LOG] [DEBUG] Renderizando celda: {columnId: nombre, isReference: undefined, value: Object} @ http://localhost:3000/_next/static/chunks/11hm_next_dist_0m6rgog._.js:2441
[    1009ms] [LOG] [DEBUG] Renderizando celda: {columnId: nombre, isReference: undefined, value: Object} @ http://localhost:3000/_next/static/chunks/11hm_next_dist_0m6rgog._.js:2441
[    1009ms] [LOG] [DEBUG] Renderizando celda: {columnId: email, isReference: undefined, value: Object} @ http://localhost:3000/_next/static/chunks/11hm_next_dist_0m6rgog._.js:2441
[    1009ms] [LOG] [DEBUG] Renderizando celda: {columnId: email, isReference: undefined, value: Object} @ http://localhost:3000/_next/static/chunks/11hm_next_dist_0m6rgog._.js:2441
[    1009ms] [LOG] [DEBUG] Renderizando celda: {columnId: telefono, isReference: undefined, value: Object} @ http://localhost:3000/_next/static/chunks/11hm_next_dist_0m6rgog._.js:2441
[    1009ms] [LOG] [DEBUG] Renderizando celda: {columnId: telefono, isReference: undefined, value: Object} @ http://localhost:3000/_next/static/chunks/11hm_next_dist_0m6rgog._.js:2441
[    1009ms] [LOG] [DEBUG] Renderizando celda: {columnId: ciudad, isReference: undefined, value: Object} @ http://localhost:3000/_next/static/chunks/11hm_next_dist_0m6rgog._.js:2441
[    1009ms] [LOG] [DEBUG] Renderizando celda: {columnId: ciudad, isReference: undefined, value: Object} @ http://localhost:3000/_next/static/chunks/11hm_next_dist_0m6rgog._.js:2441
[    1009ms] [LOG] [DEBUG] Renderizando celda: {columnId: estado, isReference: undefined, value: Object} @ http://localhost:3000/_next/static/chunks/11hm_next_dist_0m6rgog._.js:2441
[    1009ms] [LOG] [DEBUG] Renderizando celda: {columnId: estado, isReference: undefined, value: Object} @ http://localhost:3000/_next/static/chunks/11hm_next_dist_0m6rgog._.js:2441
[    1009ms] [LOG] [DEBUG] Renderizando celda: {columnId: fechaRegistro, isReference: undefined, value: Object} @ http://localhost:3000/_next/static/chunks/11hm_next_dist_0m6rgog._.js:2441
[    1010ms] [LOG] [DEBUG] Renderizando celda: {columnId: fechaRegistro, isReference: undefined, value: Object} @ http://localhost:3000/_next/static/chunks/11hm_next_dist_0m6rgog._.js:2441
[    1010ms] [LOG] [DEBUG] Renderizando celda: {columnId: ultimoContacto, isReference: undefined, value: Object} @ http://localhost:3000/_next/static/chunks/11hm_next_dist_0m6rgog._.js:2441
[    1010ms] [LOG] [DEBUG] Renderizando celda: {columnId: ultimoContacto, isReference: undefined, value: Object} @ http://localhost:3000/_next/static/chunks/11hm_next_dist_0m6rgog._.js:2441
[    1010ms] [LOG] [DEBUG] Renderizando celda: {columnId: valorTotal, isReference: undefined, value: Object} @ http://localhost:3000/_next/static/chunks/11hm_next_dist_0m6rgog._.js:2441
[    1010ms] [LOG] [DEBUG] Renderizando celda: {columnId: valorTotal, isReference: undefined, value: Object} @ http://localhost:3000/_next/static/chunks/11hm_next_dist_0m6rgog._.js:2441
[    1010ms] [LOG] [DEBUG] Renderizando celda: {columnId: satisfaccion, isReference: undefined, value: Object} @ http://localhost:3000/_next/static/chunks/11hm_next_dist_0m6rgog._.js:2441
[    1010ms] [LOG] [DEBUG] Renderizando celda: {columnId: satisfaccion, isReference: undefined, value: Object} @ http://localhost:3000/_next/static/chunks/11hm_next_dist_0m6rgog._.js:2441
[    1010ms] [LOG] [DEBUG] Renderizando celda: {columnId: activo, isReference: undefined, value: Object} @ http://localhost:3000/_next/static/chunks/11hm_next_dist_0m6rgog._.js:2441
[    1010ms] [LOG] [DEBUG] Renderizando celda: {columnId: activo, isReference: undefined, value: Object} @ http://localhost:3000/_next/static/chunks/11hm_next_dist_0m6rgog._.js:2441
[    1011ms] [LOG] [DEBUG] Renderizando celda: {columnId: id, isReference: undefined, value: Object} @ http://localhost:3000/_next/static/chunks/11hm_next_dist_0m6rgog._.js:2441
[    1011ms] [LOG] [DEBUG] Renderizando celda: {columnId: id, isReference: undefined, value: Object} @ http://localhost:3000/_next/static/chunks/11hm_next_dist_0m6rgog._.js:2441
[    1011ms] [LOG] [DEBUG] Renderizando celda: {columnId: nombre, isReference: undefined, value: Object} @ http://localhost:3000/_next/static/chunks/11hm_next_dist_0m6rgog._.js:2441
[    1011ms] [LOG] [DEBUG] Renderizando celda: {columnId: nombre, isReference: undefined, value: Object} @ http://localhost:3000/_next/static/chunks/11hm_next_dist_0m6rgog._.js:2441
[    1011ms] [LOG] [DEBUG] Renderizando celda: {columnId: email, isReference: undefined, value: Object} @ http://localhost:3000/_next/static/chunks/11hm_next_dist_0m6rgog._.js:2441
[    1011ms] [LOG] [DEBUG] Renderizando celda: {columnId: email, isReference: undefined, value: Object} @ http://localhost:3000/_next/static/chunks/11hm_next_dist_0m6rgog._.js:2441
[    1011ms] [LOG] [DEBUG] Renderizando celda: {columnId: telefono, isReference: undefined, value: Object} @ http://localhost:3000/_next/static/chunks/11hm_next_dist_0m6rgog._.js:2441
[    1011ms] [LOG] [DEBUG] Renderizando celda: {columnId: telefono, isReference: undefined, value: Object} @ http://localhost:3000/_next/static/chunks/11hm_next_dist_0m6rgog._.js:2441
[    1011ms] [LOG] [DEBUG] Renderizando celda: {columnId: ciudad, isReference: undefined, value: Object} @ http://localhost:3000/_next/static/chunks/11hm_next_dist_0m6rgog._.js:2441
[    1011ms] [LOG] [DEBUG] Renderizando celda: {columnId: ciudad, isReference: undefined, value: Object} @ http://localhost:3000/_next/static/chunks/11hm_next_dist_0m6rgog._.js:2441
[    1012ms] [LOG] [DEBUG] Renderizando celda: {columnId: estado, isReference: undefined, value: Object} @ http://localhost:3000/_next/static/chunks/11hm_next_dist_0m6rgog._.js:2441
[    1012ms] [LOG] [DEBUG] Renderizando celda: {columnId: estado, isReference: undefined, value: Object} @ http://localhost:3000/_next/static/chunks/11hm_next_dist_0m6rgog._.js:2441
[    1012ms] [LOG] [DEBUG] Renderizando celda: {columnId: fechaRegistro, isReference: undefined, value: Object} @ http://localhost:3000/_next/static/chunks/11hm_next_dist_0m6rgog._.js:2441
[    1012ms] [LOG] [DEBUG] Renderizando celda: {columnId: fechaRegistro, isReference: undefined, value: Object} @ http://localhost:3000/_next/static/chunks/11hm_next_dist_0m6rgog._.js:2441
[    1012ms] [LOG] [DEBUG] Renderizando celda: {columnId: ultimoContacto, isReference: undefined, value: Object} @ http://localhost:3000/_next/static/chunks/11hm_next_dist_0m6rgog._.js:2441
[    1012ms] [LOG] [DEBUG] Renderizando celda: {columnId: ultimoContacto, isReference: undefined, value: Object} @ http://localhost:3000/_next/static/chunks/11hm_next_dist_0m6rgog._.js:2441
[    1012ms] [LOG] [DEBUG] Renderizando celda: {columnId: valorTotal, isReference: undefined, value: Object} @ http://localhost:3000/_next/static/chunks/11hm_next_dist_0m6rgog._.js:2441
[    1012ms] [LOG] [DEBUG] Renderizando celda: {columnId: valorTotal, isReference: undefined, value: Object} @ http://localhost:3000/_next/static/chunks/11hm_next_dist_0m6rgog._.js:2441
[    1012ms] [LOG] [DEBUG] Renderizando celda: {columnId: satisfaccion, isReference: undefined, value: Object} @ http://localhost:3000/_next/static/chunks/11hm_next_dist_0m6rgog._.js:2441
[    1012ms] [LOG] [DEBUG] Renderizando celda: {columnId: satisfaccion, isReference: undefined, value: Object} @ http://localhost:3000/_next/static/chunks/11hm_next_dist_0m6rgog._.js:2441
[    1012ms] [LOG] [DEBUG] Renderizando celda: {columnId: activo, isReference: undefined, value: Object} @ http://localhost:3000/_next/static/chunks/11hm_next_dist_0m6rgog._.js:2441
[    1012ms] [LOG] [DEBUG] Renderizando celda: {columnId: activo, isReference: undefined, value: Object} @ http://localhost:3000/_next/static/chunks/11hm_next_dist_0m6rgog._.js:2441
[    1013ms] [LOG] [DEBUG] Renderizando celda: {columnId: id, isReference: undefined, value: Object} @ http://localhost:3000/_next/static/chunks/11hm_next_dist_0m6rgog._.js:2441
[    1013ms] [LOG] [DEBUG] Renderizando celda: {columnId: id, isReference: undefined, value: Object} @ http://localhost:3000/_next/static/chunks/11hm_next_dist_0m6rgog._.js:2441
[    1013ms] [LOG] [DEBUG] Renderizando celda: {columnId: nombre, isReference: undefined, value: Object} @ http://localhost:3000/_next/static/chunks/11hm_next_dist_0m6rgog._.js:2441
[    1013ms] [LOG] [DEBUG] Renderizando celda: {columnId: nombre, isReference: undefined, value: Object} @ http://localhost:3000/_next/static/chunks/11hm_next_dist_0m6rgog._.js:2441
[    1013ms] [LOG] [DEBUG] Renderizando celda: {columnId: email, isReference: undefined, value: Object} @ http://localhost:3000/_next/static/chunks/11hm_next_dist_0m6rgog._.js:2441
[    1013ms] [LOG] [DEBUG] Renderizando celda: {columnId: email, isReference: undefined, value: Object} @ http://localhost:3000/_next/static/chunks/11hm_next_dist_0m6rgog._.js:2441
[    1013ms] [LOG] [DEBUG] Renderizando celda: {columnId: telefono, isReference: undefined, value: Object} @ http://localhost:3000/_next/static/chunks/11hm_next_dist_0m6rgog._.js:2441
[    1013ms] [LOG] [DEBUG] Renderizando celda: {columnId: telefono, isReference: undefined, value: Object} @ http://localhost:3000/_next/static/chunks/11hm_next_dist_0m6rgog._.js:2441
[    1013ms] [LOG] [DEBUG] Renderizando celda: {columnId: ciudad, isReference: undefined, value: Object} @ http://localhost:3000/_next/static/chunks/11hm_next_dist_0m6rgog._.js:2441
[    1014ms] [LOG] [DEBUG] Renderizando celda: {columnId: ciudad, isReference: undefined, value: Object} @ http://localhost:3000/_next/static/chunks/11hm_next_dist_0m6rgog._.js:2441
[    1014ms] [LOG] [DEBUG] Renderizando celda: {columnId: estado, isReference: undefined, value: Object} @ http://localhost:3000/_next/static/chunks/11hm_next_dist_0m6rgog._.js:2441
[    1014ms] [LOG] [DEBUG] Renderizando celda: {columnId: estado, isReference: undefined, value: Object} @ http://localhost:3000/_next/static/chunks/11hm_next_dist_0m6rgog._.js:2441
[    1014ms] [LOG] [DEBUG] Renderizando celda: {columnId: fechaRegistro, isReference: undefined, value: Object} @ http://localhost:3000/_next/static/chunks/11hm_next_dist_0m6rgog._.js:2441
[    1014ms] [LOG] [DEBUG] Renderizando celda: {columnId: fechaRegistro, isReference: undefined, value: Object} @ http://localhost:3000/_next/static/chunks/11hm_next_dist_0m6rgog._.js:2441
[    1014ms] [LOG] [DEBUG] Renderizando celda: {columnId: ultimoContacto, isReference: undefined, value: Object} @ http://localhost:3000/_next/static/chunks/11hm_next_dist_0m6rgog._.js:2441
[    1014ms] [LOG] [DEBUG] Renderizando celda: {columnId: ultimoContacto, isReference: undefined, value: Object} @ http://localhost:3000/_next/static/chunks/11hm_next_dist_0m6rgog._.js:2441
[    1014ms] [LOG] [DEBUG] Renderizando celda: {columnId: valorTotal, isReference: undefined, value: Object} @ http://localhost:3000/_next/static/chunks/11hm_next_dist_0m6rgog._.js:2441
[    1014ms] [LOG] [DEBUG] Renderizando celda: {columnId: valorTotal, isReference: undefined, value: Object} @ http://localhost:3000/_next/static/chunks/11hm_next_dist_0m6rgog._.js:2441
[    1014ms] [LOG] [DEBUG] Renderizando celda: {columnId: satisfaccion, isReference: undefined, value: Object} @ http://localhost:3000/_next/static/chunks/11hm_next_dist_0m6rgog._.js:2441
[    1014ms] [LOG] [DEBUG] Renderizando celda: {columnId: satisfaccion, isReference: undefined, value: Object} @ http://localhost:3000/_next/static/chunks/11hm_next_dist_0m6rgog._.js:2441
[    1015ms] [LOG] [DEBUG] Renderizando celda: {columnId: activo, isReference: undefined, value: Object} @ http://localhost:3000/_next/static/chunks/11hm_next_dist_0m6rgog._.js:2441
[    1015ms] [LOG] [DEBUG] Renderizando celda: {columnId: activo, isReference: undefined, value: Object} @ http://localhost:3000/_next/static/chunks/11hm_next_dist_0m6rgog._.js:2441
[    1015ms] [LOG] [DEBUG] Renderizando celda: {columnId: id, isReference: undefined, value: Object} @ http://localhost:3000/_next/static/chunks/11hm_next_dist_0m6rgog._.js:2441
[    1015ms] [LOG] [DEBUG] Renderizando celda: {columnId: id, isReference: undefined, value: Object} @ http://localhost:3000/_next/static/chunks/11hm_next_dist_0m6rgog._.js:2441
[    1015ms] [LOG] [DEBUG] Renderizando celda: {columnId: nombre, isReference: undefined, value: Object} @ http://localhost:3000/_next/static/chunks/11hm_next_dist_0m6rgog._.js:2441
[    1015ms] [LOG] [DEBUG] Renderizando celda: {columnId: nombre, isReference: undefined, value: Object} @ http://localhost:3000/_next/static/chunks/11hm_next_dist_0m6rgog._.js:2441
[    1015ms] [LOG] [DEBUG] Renderizando celda: {columnId: email, isReference: undefined, value: Object} @ http://localhost:3000/_next/static/chunks/11hm_next_dist_0m6rgog._.js:2441
[    1016ms] [LOG] [DEBUG] Renderizando celda: {columnId: email, isReference: undefined, value: Object} @ http://localhost:3000/_next/static/chunks/11hm_next_dist_0m6rgog._.js:2441
[    1016ms] [LOG] [DEBUG] Renderizando celda: {columnId: telefono, isReference: undefined, value: Object} @ http://localhost:3000/_next/static/chunks/11hm_next_dist_0m6rgog._.js:2441
[    1016ms] [LOG] [DEBUG] Renderizando celda: {columnId: telefono, isReference: undefined, value: Object} @ http://localhost:3000/_next/static/chunks/11hm_next_dist_0m6rgog._.js:2441
[    1016ms] [LOG] [DEBUG] Renderizando celda: {columnId: ciudad, isReference: undefined, value: Object} @ http://localhost:3000/_next/static/chunks/11hm_next_dist_0m6rgog._.js:2441
[    1016ms] [LOG] [DEBUG] Renderizando celda: {columnId: ciudad, isReference: undefined, value: Object} @ http://localhost:3000/_next/static/chunks/11hm_next_dist_0m6rgog._.js:2441
[    1016ms] [LOG] [DEBUG] Renderizando celda: {columnId: estado, isReference: undefined, value: Object} @ http://localhost:3000/_next/static/chunks/11hm_next_dist_0m6rgog._.js:2441
[    1016ms] [LOG] [DEBUG] Renderizando celda: {columnId: estado, isReference: undefined, value: Object} @ http://localhost:3000/_next/static/chunks/11hm_next_dist_0m6rgog._.js:2441
[    1016ms] [LOG] [DEBUG] Renderizando celda: {columnId: fechaRegistro, isReference: undefined, value: Object} @ http://localhost:3000/_next/static/chunks/11hm_next_dist_0m6rgog._.js:2441
[    1016ms] [LOG] [DEBUG] Renderizando celda: {columnId: fechaRegistro, isReference: undefined, value: Object} @ http://localhost:3000/_next/static/chunks/11hm_next_dist_0m6rgog._.js:2441
[    1016ms] [LOG] [DEBUG] Renderizando celda: {columnId: ultimoContacto, isReference: undefined, value: Object} @ http://localhost:3000/_next/static/chunks/11hm_next_dist_0m6rgog._.js:2441
[    1016ms] [LOG] [DEBUG] Renderizando celda: {columnId: ultimoContacto, isReference: undefined, value: Object} @ http://localhost:3000/_next/static/chunks/11hm_next_dist_0m6rgog._.js:2441
[    1016ms] [LOG] [DEBUG] Renderizando celda: {columnId: valorTotal, isReference: undefined, value: Object} @ http://localhost:3000/_next/static/chunks/11hm_next_dist_0m6rgog._.js:2441
[    1016ms] [LOG] [DEBUG] Renderizando celda: {columnId: valorTotal, isReference: undefined, value: Object} @ http://localhost:3000/_next/static/chunks/11hm_next_dist_0m6rgog._.js:2441
[    1017ms] [LOG] [DEBUG] Renderizando celda: {columnId: satisfaccion, isReference: undefined, value: Object} @ http://localhost:3000/_next/static/chunks/11hm_next_dist_0m6rgog._.js:2441
[    1017ms] [LOG] [DEBUG] Renderizando celda: {columnId: satisfaccion, isReference: undefined, value: Object} @ http://localhost:3000/_next/static/chunks/11hm_next_dist_0m6rgog._.js:2441
[    1017ms] [LOG] [DEBUG] Renderizando celda: {columnId: activo, isReference: undefined, value: Object} @ http://localhost:3000/_next/static/chunks/11hm_next_dist_0m6rgog._.js:2441
[    1017ms] [LOG] [DEBUG] Renderizando celda: {columnId: activo, isReference: undefined, value: Object} @ http://localhost:3000/_next/static/chunks/11hm_next_dist_0m6rgog._.js:2441
[    1017ms] [LOG] [DEBUG] Renderizando celda: {columnId: id, isReference: undefined, value: Object} @ http://localhost:3000/_next/static/chunks/11hm_next_dist_0m6rgog._.js:2441
[    1018ms] [LOG] [DEBUG] Renderizando celda: {columnId: id, isReference: undefined, value: Object} @ http://localhost:3000/_next/static/chunks/11hm_next_dist_0m6rgog._.js:2441
[    1018ms] [LOG] [DEBUG] Renderizando celda: {columnId: nombre, isReference: undefined, value: Object} @ http://localhost:3000/_next/static/chunks/11hm_next_dist_0m6rgog._.js:2441
[    1018ms] [LOG] [DEBUG] Renderizando celda: {columnId: nombre, isReference: undefined, value: Object} @ http://localhost:3000/_next/static/chunks/11hm_next_dist_0m6rgog._.js:2441
[    1018ms] [LOG] [DEBUG] Renderizando celda: {columnId: email, isReference: undefined, value: Object} @ http://localhost:3000/_next/static/chunks/11hm_next_dist_0m6rgog._.js:2441
[    1018ms] [LOG] [DEBUG] Renderizando celda: {columnId: email, isReference: undefined, value: Object} @ http://localhost:3000/_next/static/chunks/11hm_next_dist_0m6rgog._.js:2441
[    1018ms] [LOG] [DEBUG] Renderizando celda: {columnId: telefono, isReference: undefined, value: Object} @ http://localhost:3000/_next/static/chunks/11hm_next_dist_0m6rgog._.js:2441
[    1018ms] [LOG] [DEBUG] Renderizando celda: {columnId: telefono, isReference: undefined, value: Object} @ http://localhost:3000/_next/static/chunks/11hm_next_dist_0m6rgog._.js:2441
[    1018ms] [LOG] [DEBUG] Renderizando celda: {columnId: ciudad, isReference: undefined, value: Object} @ http://localhost:3000/_next/static/chunks/11hm_next_dist_0m6rgog._.js:2441
[    1018ms] [LOG] [DEBUG] Renderizando celda: {columnId: ciudad, isReference: undefined, value: Object} @ http://localhost:3000/_next/static/chunks/11hm_next_dist_0m6rgog._.js:2441
[    1018ms] [LOG] [DEBUG] Renderizando celda: {columnId: estado, isReference: undefined, value: Object} @ http://localhost:3000/_next/static/chunks/11hm_next_dist_0m6rgog._.js:2441
[    1018ms] [LOG] [DEBUG] Renderizando celda: {columnId: estado, isReference: undefined, value: Object} @ http://localhost:3000/_next/static/chunks/11hm_next_dist_0m6rgog._.js:2441
[    1019ms] [LOG] [DEBUG] Renderizando celda: {columnId: fechaRegistro, isReference: undefined, value: Object} @ http://localhost:3000/_next/static/chunks/11hm_next_dist_0m6rgog._.js:2441
[    1019ms] [LOG] [DEBUG] Renderizando celda: {columnId: fechaRegistro, isReference: undefined, value: Object} @ http://localhost:3000/_next/static/chunks/11hm_next_dist_0m6rgog._.js:2441
[    1019ms] [LOG] [DEBUG] Renderizando celda: {columnId: ultimoContacto, isReference: undefined, value: Object} @ http://localhost:3000/_next/static/chunks/11hm_next_dist_0m6rgog._.js:2441
[    1019ms] [LOG] [DEBUG] Renderizando celda: {columnId: ultimoContacto, isReference: undefined, value: Object} @ http://localhost:3000/_next/static/chunks/11hm_next_dist_0m6rgog._.js:2441
[    1019ms] [LOG] [DEBUG] Renderizando celda: {columnId: valorTotal, isReference: undefined, value: Object} @ http://localhost:3000/_next/static/chunks/11hm_next_dist_0m6rgog._.js:2441
[    1019ms] [LOG] [DEBUG] Renderizando celda: {columnId: valorTotal, isReference: undefined, value: Object} @ http://localhost:3000/_next/static/chunks/11hm_next_dist_0m6rgog._.js:2441
[    1020ms] [LOG] [DEBUG] Renderizando celda: {columnId: satisfaccion, isReference: undefined, value: Object} @ http://localhost:3000/_next/static/chunks/11hm_next_dist_0m6rgog._.js:2441
[    1020ms] [LOG] [DEBUG] Renderizando celda: {columnId: satisfaccion, isReference: undefined, value: Object} @ http://localhost:3000/_next/static/chunks/11hm_next_dist_0m6rgog._.js:2441
[    1020ms] [LOG] [DEBUG] Renderizando celda: {columnId: activo, isReference: undefined, value: Object} @ http://localhost:3000/_next/static/chunks/11hm_next_dist_0m6rgog._.js:2441
[    1020ms] [LOG] [DEBUG] Renderizando celda: {columnId: activo, isReference: undefined, value: Object} @ http://localhost:3000/_next/static/chunks/11hm_next_dist_0m6rgog._.js:2441
[    1021ms] [LOG] [DEBUG] Renderizando celda: {columnId: id, isReference: undefined, value: Object} @ http://localhost:3000/_next/static/chunks/11hm_next_dist_0m6rgog._.js:2441
[    1021ms] [LOG] [DEBUG] Renderizando celda: {columnId: id, isReference: undefined, value: Object} @ http://localhost:3000/_next/static/chunks/11hm_next_dist_0m6rgog._.js:2441
[    1021ms] [LOG] [DEBUG] Renderizando celda: {columnId: nombre, isReference: undefined, value: Object} @ http://localhost:3000/_next/static/chunks/11hm_next_dist_0m6rgog._.js:2441
[    1021ms] [LOG] [DEBUG] Renderizando celda: {columnId: nombre, isReference: undefined, value: Object} @ http://localhost:3000/_next/static/chunks/11hm_next_dist_0m6rgog._.js:2441
[    1021ms] [LOG] [DEBUG] Renderizando celda: {columnId: email, isReference: undefined, value: Object} @ http://localhost:3000/_next/static/chunks/11hm_next_dist_0m6rgog._.js:2441
[    1021ms] [LOG] [DEBUG] Renderizando celda: {columnId: email, isReference: undefined, value: Object} @ http://localhost:3000/_next/static/chunks/11hm_next_dist_0m6rgog._.js:2441
[    1021ms] [LOG] [DEBUG] Renderizando celda: {columnId: telefono, isReference: undefined, value: Object} @ http://localhost:3000/_next/static/chunks/11hm_next_dist_0m6rgog._.js:2441
[    1022ms] [LOG] [DEBUG] Renderizando celda: {columnId: telefono, isReference: undefined, value: Object} @ http://localhost:3000/_next/static/chunks/11hm_next_dist_0m6rgog._.js:2441
[    1022ms] [LOG] [DEBUG] Renderizando celda: {columnId: ciudad, isReference: undefined, value: Object} @ http://localhost:3000/_next/static/chunks/11hm_next_dist_0m6rgog._.js:2441
[    1022ms] [LOG] [DEBUG] Renderizando celda: {columnId: ciudad, isReference: undefined, value: Object} @ http://localhost:3000/_next/static/chunks/11hm_next_dist_0m6rgog._.js:2441
[    1022ms] [LOG] [DEBUG] Renderizando celda: {columnId: estado, isReference: undefined, value: Object} @ http://localhost:3000/_next/static/chunks/11hm_next_dist_0m6rgog._.js:2441
[    1022ms] [LOG] [DEBUG] Renderizando celda: {columnId: estado, isReference: undefined, value: Object} @ http://localhost:3000/_next/static/chunks/11hm_next_dist_0m6rgog._.js:2441
[    1022ms] [LOG] [DEBUG] Renderizando celda: {columnId: fechaRegistro, isReference: undefined, value: Object} @ http://localhost:3000/_next/static/chunks/11hm_next_dist_0m6rgog._.js:2441
[    1022ms] [LOG] [DEBUG] Renderizando celda: {columnId: fechaRegistro, isReference: undefined, value: Object} @ http://localhost:3000/_next/static/chunks/11hm_next_dist_0m6rgog._.js:2441
[    1022ms] [LOG] [DEBUG] Renderizando celda: {columnId: ultimoContacto, isReference: undefined, value: Object} @ http://localhost:3000/_next/static/chunks/11hm_next_dist_0m6rgog._.js:2441
[    1022ms] [LOG] [DEBUG] Renderizando celda: {columnId: ultimoContacto, isReference: undefined, value: Object} @ http://localhost:3000/_next/static/chunks/11hm_next_dist_0m6rgog._.js:2441
[    1022ms] [LOG] [DEBUG] Renderizando celda: {columnId: valorTotal, isReference: undefined, value: Object} @ http://localhost:3000/_next/static/chunks/11hm_next_dist_0m6rgog._.js:2441
[    1022ms] [LOG] [DEBUG] Renderizando celda: {columnId: valorTotal, isReference: undefined, value: Object} @ http://localhost:3000/_next/static/chunks/11hm_next_dist_0m6rgog._.js:2441
[    1022ms] [LOG] [DEBUG] Renderizando celda: {columnId: satisfaccion, isReference: undefined, value: Object} @ http://localhost:3000/_next/static/chunks/11hm_next_dist_0m6rgog._.js:2441
[    1022ms] [LOG] [DEBUG] Renderizando celda: {columnId: satisfaccion, isReference: undefined, value: Object} @ http://localhost:3000/_next/static/chunks/11hm_next_dist_0m6rgog._.js:2441
[    1023ms] [LOG] [DEBUG] Renderizando celda: {columnId: activo, isReference: undefined, value: Object} @ http://localhost:3000/_next/static/chunks/11hm_next_dist_0m6rgog._.js:2441
[    1023ms] [LOG] [DEBUG] Renderizando celda: {columnId: activo, isReference: undefined, value: Object} @ http://localhost:3000/_next/static/chunks/11hm_next_dist_0m6rgog._.js:2441
[    1023ms] [LOG] [DEBUG] Renderizando celda: {columnId: id, isReference: undefined, value: Object} @ http://localhost:3000/_next/static/chunks/11hm_next_dist_0m6rgog._.js:2441
[    1023ms] [LOG] [DEBUG] Renderizando celda: {columnId: id, isReference: undefined, value: Object} @ http://localhost:3000/_next/static/chunks/11hm_next_dist_0m6rgog._.js:2441
[    1023ms] [LOG] [DEBUG] Renderizando celda: {columnId: nombre, isReference: undefined, value: Object} @ http://localhost:3000/_next/static/chunks/11hm_next_dist_0m6rgog._.js:2441
[    1024ms] [LOG] [DEBUG] Renderizando celda: {columnId: nombre, isReference: undefined, value: Object} @ http://localhost:3000/_next/static/chunks/11hm_next_dist_0m6rgog._.js:2441
[    1024ms] [LOG] [DEBUG] Renderizando celda: {columnId: email, isReference: undefined, value: Object} @ http://localhost:3000/_next/static/chunks/11hm_next_dist_0m6rgog._.js:2441
[    1024ms] [LOG] [DEBUG] Renderizando celda: {columnId: email, isReference: undefined, value: Object} @ http://localhost:3000/_next/static/chunks/11hm_next_dist_0m6rgog._.js:2441
[    1024ms] [LOG] [DEBUG] Renderizando celda: {columnId: telefono, isReference: undefined, value: Object} @ http://localhost:3000/_next/static/chunks/11hm_next_dist_0m6rgog._.js:2441
[    1024ms] [LOG] [DEBUG] Renderizando celda: {columnId: telefono, isReference: undefined, value: Object} @ http://localhost:3000/_next/static/chunks/11hm_next_dist_0m6rgog._.js:2441
[    1024ms] [LOG] [DEBUG] Renderizando celda: {columnId: ciudad, isReference: undefined, value: Object} @ http://localhost:3000/_next/static/chunks/11hm_next_dist_0m6rgog._.js:2441
[    1024ms] [LOG] [DEBUG] Renderizando celda: {columnId: ciudad, isReference: undefined, value: Object} @ http://localhost:3000/_next/static/chunks/11hm_next_dist_0m6rgog._.js:2441
[    1024ms] [LOG] [DEBUG] Renderizando celda: {columnId: estado, isReference: undefined, value: Object} @ http://localhost:3000/_next/static/chunks/11hm_next_dist_0m6rgog._.js:2441
[    1024ms] [LOG] [DEBUG] Renderizando celda: {columnId: estado, isReference: undefined, value: Object} @ http://localhost:3000/_next/static/chunks/11hm_next_dist_0m6rgog._.js:2441
[    1024ms] [LOG] [DEBUG] Renderizando celda: {columnId: fechaRegistro, isReference: undefined, value: Object} @ http://localhost:3000/_next/static/chunks/11hm_next_dist_0m6rgog._.js:2441
[    1024ms] [LOG] [DEBUG] Renderizando celda: {columnId: fechaRegistro, isReference: undefined, value: Object} @ http://localhost:3000/_next/static/chunks/11hm_next_dist_0m6rgog._.js:2441
[    1024ms] [LOG] [DEBUG] Renderizando celda: {columnId: ultimoContacto, isReference: undefined, value: Object} @ http://localhost:3000/_next/static/chunks/11hm_next_dist_0m6rgog._.js:2441
[    1025ms] [LOG] [DEBUG] Renderizando celda: {columnId: ultimoContacto, isReference: undefined, value: Object} @ http://localhost:3000/_next/static/chunks/11hm_next_dist_0m6rgog._.js:2441
[    1025ms] [LOG] [DEBUG] Renderizando celda: {columnId: valorTotal, isReference: undefined, value: Object} @ http://localhost:3000/_next/static/chunks/11hm_next_dist_0m6rgog._.js:2441
[    1025ms] [LOG] [DEBUG] Renderizando celda: {columnId: valorTotal, isReference: undefined, value: Object} @ http://localhost:3000/_next/static/chunks/11hm_next_dist_0m6rgog._.js:2441
[    1025ms] [LOG] [DEBUG] Renderizando celda: {columnId: satisfaccion, isReference: undefined, value: Object} @ http://localhost:3000/_next/static/chunks/11hm_next_dist_0m6rgog._.js:2441
[    1025ms] [LOG] [DEBUG] Renderizando celda: {columnId: satisfaccion, isReference: undefined, value: Object} @ http://localhost:3000/_next/static/chunks/11hm_next_dist_0m6rgog._.js:2441
[    1025ms] [LOG] [DEBUG] Renderizando celda: {columnId: activo, isReference: undefined, value: Object} @ http://localhost:3000/_next/static/chunks/11hm_next_dist_0m6rgog._.js:2441
[    1025ms] [LOG] [DEBUG] Renderizando celda: {columnId: activo, isReference: undefined, value: Object} @ http://localhost:3000/_next/static/chunks/11hm_next_dist_0m6rgog._.js:2441
[    1028ms] [LOG] [DEBUG] Renderizando SecondaryTables: {level: 0, parentId: undefined, isLoading: true, arrayColumnsCount: 0, arrayColumns: Array(0)} @ http://localhost:3000/_next/static/chunks/11hm_next_dist_0m6rgog._.js:2441
[    1028ms] [LOG] [DEBUG] Renderizando SecondaryTables: {level: 0, parentId: undefined, isLoading: true, arrayColumnsCount: 0, arrayColumns: Array(0)} @ http://localhost:3000/_next/static/chunks/11hm_next_dist_0m6rgog._.js:2441
[    1139ms] [ERROR] Access to fetch at 'http://localhost:3001/trpc/featureFlags.isEnabled,user.me,theme.listAllThemes?batch=1&input=%7B%220%22%3A%7B%22key%22%3A%22support-chat%22%7D%7D' from origin 'http://localhost:3000' has been blocked by CORS policy: No 'Access-Control-Allow-Origin' header is present on the requested resource. @ http://localhost:3000/es/demo/table:0
[    1139ms] [ERROR] Failed to load resource: net::ERR_FAILED @ http://localhost:3001/trpc/featureFlags.isEnabled,user.me,theme.listAllThemes?batch=1&input=%7B%220%22%3A%7B%22key%22%3A%22support-chat%22%7D%7D:0
[    1295ms] [LOG] [DEBUG] Effective column order: {baseOrder: Array(14), pinnedColumnId: index, otherColumns: Array(13), hasActions: true, result: Array(15)} @ http://localhost:3000/_next/static/chunks/11hm_next_dist_0m6rgog._.js:2441
[    1295ms] [LOG] [DEBUG] Effective column order: {baseOrder: Array(14), pinnedColumnId: index, otherColumns: Array(13), hasActions: true, result: Array(15)} @ http://localhost:3000/_next/static/chunks/11hm_next_dist_0m6rgog._.js:2441
[    1302ms] [LOG] [DEBUG] Effective column order: {baseOrder: Array(14), pinnedColumnId: index, otherColumns: Array(13), hasActions: true, result: Array(15)} @ http://localhost:3000/_next/static/chunks/11hm_next_dist_0m6rgog._.js:2441
[    1302ms] [LOG] [DEBUG] Effective column order: {baseOrder: Array(14), pinnedColumnId: index, otherColumns: Array(13), hasActions: true, result: Array(15)} @ http://localhost:3000/_next/static/chunks/11hm_next_dist_0m6rgog._.js:2441
[    1356ms] [LOG] [DEBUG] Renderizando celda: {columnId: id, isReference: undefined, value: Object} @ http://localhost:3000/_next/static/chunks/11hm_next_dist_0m6rgog._.js:2441
[    1356ms] [LOG] [DEBUG] Renderizando celda: {columnId: id, isReference: undefined, value: Object} @ http://localhost:3000/_next/static/chunks/11hm_next_dist_0m6rgog._.js:2441
[    1356ms] [LOG] [DEBUG] Renderizando celda: {columnId: nombre, isReference: undefined, value: Object} @ http://localhost:3000/_next/static/chunks/11hm_next_dist_0m6rgog._.js:2441
[    1356ms] [LOG] [DEBUG] Renderizando celda: {columnId: nombre, isReference: undefined, value: Object} @ http://localhost:3000/_next/static/chunks/11hm_next_dist_0m6rgog._.js:2441
[    1356ms] [LOG] [DEBUG] Renderizando celda: {columnId: email, isReference: undefined, value: Object} @ http://localhost:3000/_next/static/chunks/11hm_next_dist_0m6rgog._.js:2441
[    1356ms] [LOG] [DEBUG] Renderizando celda: {columnId: email, isReference: undefined, value: Object} @ http://localhost:3000/_next/static/chunks/11hm_next_dist_0m6rgog._.js:2441
[    1357ms] [LOG] [DEBUG] Renderizando celda: {columnId: telefono, isReference: undefined, value: Object} @ http://localhost:3000/_next/static/chunks/11hm_next_dist_0m6rgog._.js:2441
[    1357ms] [LOG] [DEBUG] Renderizando celda: {columnId: telefono, isReference: undefined, value: Object} @ http://localhost:3000/_next/static/chunks/11hm_next_dist_0m6rgog._.js:2441
[    1357ms] [LOG] [DEBUG] Renderizando celda: {columnId: ciudad, isReference: undefined, value: Object} @ http://localhost:3000/_next/static/chunks/11hm_next_dist_0m6rgog._.js:2441
[    1357ms] [LOG] [DEBUG] Renderizando celda: {columnId: ciudad, isReference: undefined, value: Object} @ http://localhost:3000/_next/static/chunks/11hm_next_dist_0m6rgog._.js:2441
[    1357ms] [LOG] [DEBUG] Renderizando celda: {columnId: estado, isReference: undefined, value: Object} @ http://localhost:3000/_next/static/chunks/11hm_next_dist_0m6rgog._.js:2441
[    1357ms] [LOG] [DEBUG] Renderizando celda: {columnId: estado, isReference: undefined, value: Object} @ http://localhost:3000/_next/static/chunks/11hm_next_dist_0m6rgog._.js:2441
[    1357ms] [LOG] [DEBUG] Renderizando celda: {columnId: fechaRegistro, isReference: undefined, value: Object} @ http://localhost:3000/_next/static/chunks/11hm_next_dist_0m6rgog._.js:2441
[    1357ms] [LOG] [DEBUG] Renderizando celda: {columnId: fechaRegistro, isReference: undefined, value: Object} @ http://localhost:3000/_next/static/chunks/11hm_next_dist_0m6rgog._.js:2441
[    1357ms] [LOG] [DEBUG] Renderizando celda: {columnId: ultimoContacto, isReference: undefined, value: Object} @ http://localhost:3000/_next/static/chunks/11hm_next_dist_0m6rgog._.js:2441
[    1357ms] [LOG] [DEBUG] Renderizando celda: {columnId: ultimoContacto, isReference: undefined, value: Object} @ http://localhost:3000/_next/static/chunks/11hm_next_dist_0m6rgog._.js:2441
[    1357ms] [LOG] [DEBUG] Renderizando celda: {columnId: valorTotal, isReference: undefined, value: Object} @ http://localhost:3000/_next/static/chunks/11hm_next_dist_0m6rgog._.js:2441
[    1357ms] [LOG] [DEBUG] Renderizando celda: {columnId: valorTotal, isReference: undefined, value: Object} @ http://localhost:3000/_next/static/chunks/11hm_next_dist_0m6rgog._.js:2441
[    1357ms] [LOG] [DEBUG] Renderizando celda: {columnId: satisfaccion, isReference: undefined, value: Object} @ http://localhost:3000/_next/static/chunks/11hm_next_dist_0m6rgog._.js:2441
[    1357ms] [LOG] [DEBUG] Renderizando celda: {columnId: satisfaccion, isReference: undefined, value: Object} @ http://localhost:3000/_next/static/chunks/11hm_next_dist_0m6rgog._.js:2441
[    1357ms] [LOG] [DEBUG] Renderizando celda: {columnId: activo, isReference: undefined, value: Object} @ http://localhost:3000/_next/static/chunks/11hm_next_dist_0m6rgog._.js:2441
[    1358ms] [LOG] [DEBUG] Renderizando celda: {columnId: activo, isReference: undefined, value: Object} @ http://localhost:3000/_next/static/chunks/11hm_next_dist_0m6rgog._.js:2441
[    1363ms] [LOG] [DEBUG] Renderizando celda: {columnId: id, isReference: undefined, value: Object} @ http://localhost:3000/_next/static/chunks/11hm_next_dist_0m6rgog._.js:2441
[    1363ms] [LOG] [DEBUG] Renderizando celda: {columnId: id, isReference: undefined, value: Object} @ http://localhost:3000/_next/static/chunks/11hm_next_dist_0m6rgog._.js:2441
[    1363ms] [LOG] [DEBUG] Renderizando celda: {columnId: nombre, isReference: undefined, value: Object} @ http://localhost:3000/_next/static/chunks/11hm_next_dist_0m6rgog._.js:2441
[    1363ms] [LOG] [DEBUG] Renderizando celda: {columnId: nombre, isReference: undefined, value: Object} @ http://localhost:3000/_next/static/chunks/11hm_next_dist_0m6rgog._.js:2441
[    1363ms] [LOG] [DEBUG] Renderizando celda: {columnId: email, isReference: undefined, value: Object} @ http://localhost:3000/_next/static/chunks/11hm_next_dist_0m6rgog._.js:2441
[    1363ms] [LOG] [DEBUG] Renderizando celda: {columnId: email, isReference: undefined, value: Object} @ http://localhost:3000/_next/static/chunks/11hm_next_dist_0m6rgog._.js:2441
[    1363ms] [LOG] [DEBUG] Renderizando celda: {columnId: telefono, isReference: undefined, value: Object} @ http://localhost:3000/_next/static/chunks/11hm_next_dist_0m6rgog._.js:2441
[    1363ms] [LOG] [DEBUG] Renderizando celda: {columnId: telefono, isReference: undefined, value: Object} @ http://localhost:3000/_next/static/chunks/11hm_next_dist_0m6rgog._.js:2441
[    1363ms] [LOG] [DEBUG] Renderizando celda: {columnId: ciudad, isReference: undefined, value: Object} @ http://localhost:3000/_next/static/chunks/11hm_next_dist_0m6rgog._.js:2441
[    1364ms] [LOG] [DEBUG] Renderizando celda: {columnId: ciudad, isReference: undefined, value: Object} @ http://localhost:3000/_next/static/chunks/11hm_next_dist_0m6rgog._.js:2441
[    1364ms] [LOG] [DEBUG] Renderizando celda: {columnId: estado, isReference: undefined, value: Object} @ http://localhost:3000/_next/static/chunks/11hm_next_dist_0m6rgog._.js:2441
[    1364ms] [LOG] [DEBUG] Renderizando celda: {columnId: estado, isReference: undefined, value: Object} @ http://localhost:3000/_next/static/chunks/11hm_next_dist_0m6rgog._.js:2441
[    1364ms] [LOG] [DEBUG] Renderizando celda: {columnId: fechaRegistro, isReference: undefined, value: Object} @ http://localhost:3000/_next/static/chunks/11hm_next_dist_0m6rgog._.js:2441
[    1364ms] [LOG] [DEBUG] Renderizando celda: {columnId: fechaRegistro, isReference: undefined, value: Object} @ http://localhost:3000/_next/static/chunks/11hm_next_dist_0m6rgog._.js:2441
[    1364ms] [LOG] [DEBUG] Renderizando celda: {columnId: ultimoContacto, isReference: undefined, value: Object} @ http://localhost:3000/_next/static/chunks/11hm_next_dist_0m6rgog._.js:2441
[    1364ms] [LOG] [DEBUG] Renderizando celda: {columnId: ultimoContacto, isReference: undefined, value: Object} @ http://localhost:3000/_next/static/chunks/11hm_next_dist_0m6rgog._.js:2441
[    1364ms] [LOG] [DEBUG] Renderizando celda: {columnId: valorTotal, isReference: undefined, value: Object} @ http://localhost:3000/_next/static/chunks/11hm_next_dist_0m6rgog._.js:2441
[    1364ms] [LOG] [DEBUG] Renderizando celda: {columnId: valorTotal, isReference: undefined, value: Object} @ http://localhost:3000/_next/static/chunks/11hm_next_dist_0m6rgog._.js:2441
[    1364ms] [LOG] [DEBUG] Renderizando celda: {columnId: satisfaccion, isReference: undefined, value: Object} @ http://localhost:3000/_next/static/chunks/11hm_next_dist_0m6rgog._.js:2441
[    1364ms] [LOG] [DEBUG] Renderizando celda: {columnId: satisfaccion, isReference: undefined, value: Object} @ http://localhost:3000/_next/static/chunks/11hm_next_dist_0m6rgog._.js:2441
[    1364ms] [LOG] [DEBUG] Renderizando celda: {columnId: activo, isReference: undefined, value: Object} @ http://localhost:3000/_next/static/chunks/11hm_next_dist_0m6rgog._.js:2441
[    1364ms] [LOG] [DEBUG] Renderizando celda: {columnId: activo, isReference: undefined, value: Object} @ http://localhost:3000/_next/static/chunks/11hm_next_dist_0m6rgog._.js:2441
[    1369ms] [LOG] [DEBUG] Renderizando celda: {columnId: id, isReference: undefined, value: Object} @ http://localhost:3000/_next/static/chunks/11hm_next_dist_0m6rgog._.js:2441
[    1369ms] [LOG] [DEBUG] Renderizando celda: {columnId: id, isReference: undefined, value: Object} @ http://localhost:3000/_next/static/chunks/11hm_next_dist_0m6rgog._.js:2441
[    1369ms] [LOG] [DEBUG] Renderizando celda: {columnId: nombre, isReference: undefined, value: Object} @ http://localhost:3000/_next/static/chunks/11hm_next_dist_0m6rgog._.js:2441
[    1370ms] [LOG] [DEBUG] Renderizando celda: {columnId: nombre, isReference: undefined, value: Object} @ http://localhost:3000/_next/static/chunks/11hm_next_dist_0m6rgog._.js:2441
[    1370ms] [LOG] [DEBUG] Renderizando celda: {columnId: email, isReference: undefined, value: Object} @ http://localhost:3000/_next/static/chunks/11hm_next_dist_0m6rgog._.js:2441
[    1370ms] [LOG] [DEBUG] Renderizando celda: {columnId: email, isReference: undefined, value: Object} @ http://localhost:3000/_next/static/chunks/11hm_next_dist_0m6rgog._.js:2441
[    1370ms] [LOG] [DEBUG] Renderizando celda: {columnId: telefono, isReference: undefined, value: Object} @ http://localhost:3000/_next/static/chunks/11hm_next_dist_0m6rgog._.js:2441
[    1370ms] [LOG] [DEBUG] Renderizando celda: {columnId: telefono, isReference: undefined, value: Object} @ http://localhost:3000/_next/static/chunks/11hm_next_dist_0m6rgog._.js:2441
[    1370ms] [LOG] [DEBUG] Renderizando celda: {columnId: ciudad, isReference: undefined, value: Object} @ http://localhost:3000/_next/static/chunks/11hm_next_dist_0m6rgog._.js:2441
[    1370ms] [LOG] [DEBUG] Renderizando celda: {columnId: ciudad, isReference: undefined, value: Object} @ http://localhost:3000/_next/static/chunks/11hm_next_dist_0m6rgog._.js:2441
[    1370ms] [LOG] [DEBUG] Renderizando celda: {columnId: estado, isReference: undefined, value: Object} @ http://localhost:3000/_next/static/chunks/11hm_next_dist_0m6rgog._.js:2441
[    1370ms] [LOG] [DEBUG] Renderizando celda: {columnId: estado, isReference: undefined, value: Object} @ http://localhost:3000/_next/static/chunks/11hm_next_dist_0m6rgog._.js:2441
[    1370ms] [LOG] [DEBUG] Renderizando celda: {columnId: fechaRegistro, isReference: undefined, value: Object} @ http://localhost:3000/_next/static/chunks/11hm_next_dist_0m6rgog._.js:2441
[    1370ms] [LOG] [DEBUG] Renderizando celda: {columnId: fechaRegistro, isReference: undefined, value: Object} @ http://localhost:3000/_next/static/chunks/11hm_next_dist_0m6rgog._.js:2441
[    1370ms] [LOG] [DEBUG] Renderizando celda: {columnId: ultimoContacto, isReference: undefined, value: Object} @ http://localhost:3000/_next/static/chunks/11hm_next_dist_0m6rgog._.js:2441
[    1370ms] [LOG] [DEBUG] Renderizando celda: {columnId: ultimoContacto, isReference: undefined, value: Object} @ http://localhost:3000/_next/static/chunks/11hm_next_dist_0m6rgog._.js:2441
[    1370ms] [LOG] [DEBUG] Renderizando celda: {columnId: valorTotal, isReference: undefined, value: Object} @ http://localhost:3000/_next/static/chunks/11hm_next_dist_0m6rgog._.js:2441
[    1371ms] [LOG] [DEBUG] Renderizando celda: {columnId: valorTotal, isReference: undefined, value: Object} @ http://localhost:3000/_next/static/chunks/11hm_next_dist_0m6rgog._.js:2441
[    1371ms] [LOG] [DEBUG] Renderizando celda: {columnId: satisfaccion, isReference: undefined, value: Object} @ http://localhost:3000/_next/static/chunks/11hm_next_dist_0m6rgog._.js:2441
[    1371ms] [LOG] [DEBUG] Renderizando celda: {columnId: satisfaccion, isReference: undefined, value: Object} @ http://localhost:3000/_next/static/chunks/11hm_next_dist_0m6rgog._.js:2441
[    1371ms] [LOG] [DEBUG] Renderizando celda: {columnId: activo, isReference: undefined, value: Object} @ http://localhost:3000/_next/static/chunks/11hm_next_dist_0m6rgog._.js:2441
[    1371ms] [LOG] [DEBUG] Renderizando celda: {columnId: activo, isReference: undefined, value: Object} @ http://localhost:3000/_next/static/chunks/11hm_next_dist_0m6rgog._.js:2441
[    1375ms] [LOG] [DEBUG] Renderizando celda: {columnId: id, isReference: undefined, value: Object} @ http://localhost:3000/_next/static/chunks/11hm_next_dist_0m6rgog._.js:2441
[    1376ms] [LOG] [DEBUG] Renderizando celda: {columnId: id, isReference: undefined, value: Object} @ http://localhost:3000/_next/static/chunks/11hm_next_dist_0m6rgog._.js:2441
[    1376ms] [LOG] [DEBUG] Renderizando celda: {columnId: nombre, isReference: undefined, value: Object} @ http://localhost:3000/_next/static/chunks/11hm_next_dist_0m6rgog._.js:2441
[    1376ms] [LOG] [DEBUG] Renderizando celda: {columnId: nombre, isReference: undefined, value: Object} @ http://localhost:3000/_next/static/chunks/11hm_next_dist_0m6rgog._.js:2441
[    1376ms] [LOG] [DEBUG] Renderizando celda: {columnId: email, isReference: undefined, value: Object} @ http://localhost:3000/_next/static/chunks/11hm_next_dist_0m6rgog._.js:2441
[    1376ms] [LOG] [DEBUG] Renderizando celda: {columnId: email, isReference: undefined, value: Object} @ http://localhost:3000/_next/static/chunks/11hm_next_dist_0m6rgog._.js:2441
[    1376ms] [LOG] [DEBUG] Renderizando celda: {columnId: telefono, isReference: undefined, value: Object} @ http://localhost:3000/_next/static/chunks/11hm_next_dist_0m6rgog._.js:2441
[    1376ms] [LOG] [DEBUG] Renderizando celda: {columnId: telefono, isReference: undefined, value: Object} @ http://localhost:3000/_next/static/chunks/11hm_next_dist_0m6rgog._.js:2441
[    1376ms] [LOG] [DEBUG] Renderizando celda: {columnId: ciudad, isReference: undefined, value: Object} @ http://localhost:3000/_next/static/chunks/11hm_next_dist_0m6rgog._.js:2441
[    1376ms] [LOG] [DEBUG] Renderizando celda: {columnId: ciudad, isReference: undefined, value: Object} @ http://localhost:3000/_next/static/chunks/11hm_next_dist_0m6rgog._.js:2441
[    1376ms] [LOG] [DEBUG] Renderizando celda: {columnId: estado, isReference: undefined, value: Object} @ http://localhost:3000/_next/static/chunks/11hm_next_dist_0m6rgog._.js:2441
[    1376ms] [LOG] [DEBUG] Renderizando celda: {columnId: estado, isReference: undefined, value: Object} @ http://localhost:3000/_next/static/chunks/11hm_next_dist_0m6rgog._.js:2441
[    1376ms] [LOG] [DEBUG] Renderizando celda: {columnId: fechaRegistro, isReference: undefined, value: Object} @ http://localhost:3000/_next/static/chunks/11hm_next_dist_0m6rgog._.js:2441
[    1376ms] [LOG] [DEBUG] Renderizando celda: {columnId: fechaRegistro, isReference: undefined, value: Object} @ http://localhost:3000/_next/static/chunks/11hm_next_dist_0m6rgog._.js:2441
[    1376ms] [LOG] [DEBUG] Renderizando celda: {columnId: ultimoContacto, isReference: undefined, value: Object} @ http://localhost:3000/_next/static/chunks/11hm_next_dist_0m6rgog._.js:2441
[    1377ms] [LOG] [DEBUG] Renderizando celda: {columnId: ultimoContacto, isReference: undefined, value: Object} @ http://localhost:3000/_next/static/chunks/11hm_next_dist_0m6rgog._.js:2441
[    1377ms] [LOG] [DEBUG] Renderizando celda: {columnId: valorTotal, isReference: undefined, value: Object} @ http://localhost:3000/_next/static/chunks/11hm_next_dist_0m6rgog._.js:2441
[    1377ms] [LOG] [DEBUG] Renderizando celda: {columnId: valorTotal, isReference: undefined, value: Object} @ http://localhost:3000/_next/static/chunks/11hm_next_dist_0m6rgog._.js:2441
[    1377ms] [LOG] [DEBUG] Renderizando celda: {columnId: satisfaccion, isReference: undefined, value: Object} @ http://localhost:3000/_next/static/chunks/11hm_next_dist_0m6rgog._.js:2441
[    1377ms] [LOG] [DEBUG] Renderizando celda: {columnId: satisfaccion, isReference: undefined, value: Object} @ http://localhost:3000/_next/static/chunks/11hm_next_dist_0m6rgog._.js:2441
[    1377ms] [LOG] [DEBUG] Renderizando celda: {columnId: activo, isReference: undefined, value: Object} @ http://localhost:3000/_next/static/chunks/11hm_next_dist_0m6rgog._.js:2441
[    1377ms] [LOG] [DEBUG] Renderizando celda: {columnId: activo, isReference: undefined, value: Object} @ http://localhost:3000/_next/static/chunks/11hm_next_dist_0m6rgog._.js:2441
[    1381ms] [LOG] [DEBUG] Renderizando celda: {columnId: id, isReference: undefined, value: Object} @ http://localhost:3000/_next/static/chunks/11hm_next_dist_0m6rgog._.js:2441
[    1382ms] [LOG] [DEBUG] Renderizando celda: {columnId: id, isReference: undefined, value: Object} @ http://localhost:3000/_next/static/chunks/11hm_next_dist_0m6rgog._.js:2441
[    1382ms] [LOG] [DEBUG] Renderizando celda: {columnId: nombre, isReference: undefined, value: Object} @ http://localhost:3000/_next/static/chunks/11hm_next_dist_0m6rgog._.js:2441
[    1382ms] [LOG] [DEBUG] Renderizando celda: {columnId: nombre, isReference: undefined, value: Object} @ http://localhost:3000/_next/static/chunks/11hm_next_dist_0m6rgog._.js:2441
[    1382ms] [LOG] [DEBUG] Renderizando celda: {columnId: email, isReference: undefined, value: Object} @ http://localhost:3000/_next/static/chunks/11hm_next_dist_0m6rgog._.js:2441
[    1382ms] [LOG] [DEBUG] Renderizando celda: {columnId: email, isReference: undefined, value: Object} @ http://localhost:3000/_next/static/chunks/11hm_next_dist_0m6rgog._.js:2441
[    1382ms] [LOG] [DEBUG] Renderizando celda: {columnId: telefono, isReference: undefined, value: Object} @ http://localhost:3000/_next/static/chunks/11hm_next_dist_0m6rgog._.js:2441
[    1382ms] [LOG] [DEBUG] Renderizando celda: {columnId: telefono, isReference: undefined, value: Object} @ http://localhost:3000/_next/static/chunks/11hm_next_dist_0m6rgog._.js:2441
[    1382ms] [LOG] [DEBUG] Renderizando celda: {columnId: ciudad, isReference: undefined, value: Object} @ http://localhost:3000/_next/static/chunks/11hm_next_dist_0m6rgog._.js:2441
[    1382ms] [LOG] [DEBUG] Renderizando celda: {columnId: ciudad, isReference: undefined, value: Object} @ http://localhost:3000/_next/static/chunks/11hm_next_dist_0m6rgog._.js:2441
[    1382ms] [LOG] [DEBUG] Renderizando celda: {columnId: estado, isReference: undefined, value: Object} @ http://localhost:3000/_next/static/chunks/11hm_next_dist_0m6rgog._.js:2441
[    1382ms] [LOG] [DEBUG] Renderizando celda: {columnId: estado, isReference: undefined, value: Object} @ http://localhost:3000/_next/static/chunks/11hm_next_dist_0m6rgog._.js:2441
[    1382ms] [LOG] [DEBUG] Renderizando celda: {columnId: fechaRegistro, isReference: undefined, value: Object} @ http://localhost:3000/_next/static/chunks/11hm_next_dist_0m6rgog._.js:2441
[    1382ms] [LOG] [DEBUG] Renderizando celda: {columnId: fechaRegistro, isReference: undefined, value: Object} @ http://localhost:3000/_next/static/chunks/11hm_next_dist_0m6rgog._.js:2441
[    1382ms] [LOG] [DEBUG] Renderizando celda: {columnId: ultimoContacto, isReference: undefined, value: Object} @ http://localhost:3000/_next/static/chunks/11hm_next_dist_0m6rgog._.js:2441
[    1383ms] [LOG] [DEBUG] Renderizando celda: {columnId: ultimoContacto, isReference: undefined, value: Object} @ http://localhost:3000/_next/static/chunks/11hm_next_dist_0m6rgog._.js:2441
[    1383ms] [LOG] [DEBUG] Renderizando celda: {columnId: valorTotal, isReference: undefined, value: Object} @ http://localhost:3000/_next/static/chunks/11hm_next_dist_0m6rgog._.js:2441
[    1383ms] [LOG] [DEBUG] Renderizando celda: {columnId: valorTotal, isReference: undefined, value: Object} @ http://localhost:3000/_next/static/chunks/11hm_next_dist_0m6rgog._.js:2441
[    1383ms] [LOG] [DEBUG] Renderizando celda: {columnId: satisfaccion, isReference: undefined, value: Object} @ http://localhost:3000/_next/static/chunks/11hm_next_dist_0m6rgog._.js:2441
[    1383ms] [LOG] [DEBUG] Renderizando celda: {columnId: satisfaccion, isReference: undefined, value: Object} @ http://localhost:3000/_next/static/chunks/11hm_next_dist_0m6rgog._.js:2441
[    1383ms] [LOG] [DEBUG] Renderizando celda: {columnId: activo, isReference: undefined, value: Object} @ http://localhost:3000/_next/static/chunks/11hm_next_dist_0m6rgog._.js:2441
[    1383ms] [LOG] [DEBUG] Renderizando celda: {columnId: activo, isReference: undefined, value: Object} @ http://localhost:3000/_next/static/chunks/11hm_next_dist_0m6rgog._.js:2441
[    1387ms] [LOG] [DEBUG] Renderizando celda: {columnId: id, isReference: undefined, value: Object} @ http://localhost:3000/_next/static/chunks/11hm_next_dist_0m6rgog._.js:2441
[    1388ms] [LOG] [DEBUG] Renderizando celda: {columnId: id, isReference: undefined, value: Object} @ http://localhost:3000/_next/static/chunks/11hm_next_dist_0m6rgog._.js:2441
[    1388ms] [LOG] [DEBUG] Renderizando celda: {columnId: nombre, isReference: undefined, value: Object} @ http://localhost:3000/_next/static/chunks/11hm_next_dist_0m6rgog._.js:2441
[    1388ms] [LOG] [DEBUG] Renderizando celda: {columnId: nombre, isReference: undefined, value: Object} @ http://localhost:3000/_next/static/chunks/11hm_next_dist_0m6rgog._.js:2441
[    1388ms] [LOG] [DEBUG] Renderizando celda: {columnId: email, isReference: undefined, value: Object} @ http://localhost:3000/_next/static/chunks/11hm_next_dist_0m6rgog._.js:2441
[    1388ms] [LOG] [DEBUG] Renderizando celda: {columnId: email, isReference: undefined, value: Object} @ http://localhost:3000/_next/static/chunks/11hm_next_dist_0m6rgog._.js:2441
[    1388ms] [LOG] [DEBUG] Renderizando celda: {columnId: telefono, isReference: undefined, value: Object} @ http://localhost:3000/_next/static/chunks/11hm_next_dist_0m6rgog._.js:2441
[    1388ms] [LOG] [DEBUG] Renderizando celda: {columnId: telefono, isReference: undefined, value: Object} @ http://localhost:3000/_next/static/chunks/11hm_next_dist_0m6rgog._.js:2441
[    1388ms] [LOG] [DEBUG] Renderizando celda: {columnId: ciudad, isReference: undefined, value: Object} @ http://localhost:3000/_next/static/chunks/11hm_next_dist_0m6rgog._.js:2441
[    1388ms] [LOG] [DEBUG] Renderizando celda: {columnId: ciudad, isReference: undefined, value: Object} @ http://localhost:3000/_next/static/chunks/11hm_next_dist_0m6rgog._.js:2441
[    1388ms] [LOG] [DEBUG] Renderizando celda: {columnId: estado, isReference: undefined, value: Object} @ http://localhost:3000/_next/static/chunks/11hm_next_dist_0m6rgog._.js:2441
[    1388ms] [LOG] [DEBUG] Renderizando celda: {columnId: estado, isReference: undefined, value: Object} @ http://localhost:3000/_next/static/chunks/11hm_next_dist_0m6rgog._.js:2441
[    1388ms] [LOG] [DEBUG] Renderizando celda: {columnId: fechaRegistro, isReference: undefined, value: Object} @ http://localhost:3000/_next/static/chunks/11hm_next_dist_0m6rgog._.js:2441
[    1388ms] [LOG] [DEBUG] Renderizando celda: {columnId: fechaRegistro, isReference: undefined, value: Object} @ http://localhost:3000/_next/static/chunks/11hm_next_dist_0m6rgog._.js:2441
[    1388ms] [LOG] [DEBUG] Renderizando celda: {columnId: ultimoContacto, isReference: undefined, value: Object} @ http://localhost:3000/_next/static/chunks/11hm_next_dist_0m6rgog._.js:2441
[    1389ms] [LOG] [DEBUG] Renderizando celda: {columnId: ultimoContacto, isReference: undefined, value: Object} @ http://localhost:3000/_next/static/chunks/11hm_next_dist_0m6rgog._.js:2441
[    1389ms] [LOG] [DEBUG] Renderizando celda: {columnId: valorTotal, isReference: undefined, value: Object} @ http://localhost:3000/_next/static/chunks/11hm_next_dist_0m6rgog._.js:2441
[    1389ms] [LOG] [DEBUG] Renderizando celda: {columnId: valorTotal, isReference: undefined, value: Object} @ http://localhost:3000/_next/static/chunks/11hm_next_dist_0m6rgog._.js:2441
[    1389ms] [LOG] [DEBUG] Renderizando celda: {columnId: satisfaccion, isReference: undefined, value: Object} @ http://localhost:3000/_next/static/chunks/11hm_next_dist_0m6rgog._.js:2441
[    1389ms] [LOG] [DEBUG] Renderizando celda: {columnId: satisfaccion, isReference: undefined, value: Object} @ http://localhost:3000/_next/static/chunks/11hm_next_dist_0m6rgog._.js:2441
[    1389ms] [LOG] [DEBUG] Renderizando celda: {columnId: activo, isReference: undefined, value: Object} @ http://localhost:3000/_next/static/chunks/11hm_next_dist_0m6rgog._.js:2441
[    1389ms] [LOG] [DEBUG] Renderizando celda: {columnId: activo, isReference: undefined, value: Object} @ http://localhost:3000/_next/static/chunks/11hm_next_dist_0m6rgog._.js:2441
[    1393ms] [LOG] [DEBUG] Renderizando celda: {columnId: id, isReference: undefined, value: Object} @ http://localhost:3000/_next/static/chunks/11hm_next_dist_0m6rgog._.js:2441
[    1394ms] [LOG] [DEBUG] Renderizando celda: {columnId: id, isReference: undefined, value: Object} @ http://localhost:3000/_next/static/chunks/11hm_next_dist_0m6rgog._.js:2441
[    1394ms] [LOG] [DEBUG] Renderizando celda: {columnId: nombre, isReference: undefined, value: Object} @ http://localhost:3000/_next/static/chunks/11hm_next_dist_0m6rgog._.js:2441
[    1394ms] [LOG] [DEBUG] Renderizando celda: {columnId: nombre, isReference: undefined, value: Object} @ http://localhost:3000/_next/static/chunks/11hm_next_dist_0m6rgog._.js:2441
[    1394ms] [LOG] [DEBUG] Renderizando celda: {columnId: email, isReference: undefined, value: Object} @ http://localhost:3000/_next/static/chunks/11hm_next_dist_0m6rgog._.js:2441
[    1394ms] [LOG] [DEBUG] Renderizando celda: {columnId: email, isReference: undefined, value: Object} @ http://localhost:3000/_next/static/chunks/11hm_next_dist_0m6rgog._.js:2441
[    1394ms] [LOG] [DEBUG] Renderizando celda: {columnId: telefono, isReference: undefined, value: Object} @ http://localhost:3000/_next/static/chunks/11hm_next_dist_0m6rgog._.js:2441
[    1394ms] [LOG] [DEBUG] Renderizando celda: {columnId: telefono, isReference: undefined, value: Object} @ http://localhost:3000/_next/static/chunks/11hm_next_dist_0m6rgog._.js:2441
[    1394ms] [LOG] [DEBUG] Renderizando celda: {columnId: ciudad, isReference: undefined, value: Object} @ http://localhost:3000/_next/static/chunks/11hm_next_dist_0m6rgog._.js:2441
[    1394ms] [LOG] [DEBUG] Renderizando celda: {columnId: ciudad, isReference: undefined, value: Object} @ http://localhost:3000/_next/static/chunks/11hm_next_dist_0m6rgog._.js:2441
[    1394ms] [LOG] [DEBUG] Renderizando celda: {columnId: estado, isReference: undefined, value: Object} @ http://localhost:3000/_next/static/chunks/11hm_next_dist_0m6rgog._.js:2441
[    1394ms] [LOG] [DEBUG] Renderizando celda: {columnId: estado, isReference: undefined, value: Object} @ http://localhost:3000/_next/static/chunks/11hm_next_dist_0m6rgog._.js:2441
[    1394ms] [LOG] [DEBUG] Renderizando celda: {columnId: fechaRegistro, isReference: undefined, value: Object} @ http://localhost:3000/_next/static/chunks/11hm_next_dist_0m6rgog._.js:2441
[    1394ms] [LOG] [DEBUG] Renderizando celda: {columnId: fechaRegistro, isReference: undefined, value: Object} @ http://localhost:3000/_next/static/chunks/11hm_next_dist_0m6rgog._.js:2441
[    1395ms] [LOG] [DEBUG] Renderizando celda: {columnId: ultimoContacto, isReference: undefined, value: Object} @ http://localhost:3000/_next/static/chunks/11hm_next_dist_0m6rgog._.js:2441
[    1395ms] [LOG] [DEBUG] Renderizando celda: {columnId: ultimoContacto, isReference: undefined, value: Object} @ http://localhost:3000/_next/static/chunks/11hm_next_dist_0m6rgog._.js:2441
[    1395ms] [LOG] [DEBUG] Renderizando celda: {columnId: valorTotal, isReference: undefined, value: Object} @ http://localhost:3000/_next/static/chunks/11hm_next_dist_0m6rgog._.js:2441
[    1395ms] [LOG] [DEBUG] Renderizando celda: {columnId: valorTotal, isReference: undefined, value: Object} @ http://localhost:3000/_next/static/chunks/11hm_next_dist_0m6rgog._.js:2441
[    1395ms] [LOG] [DEBUG] Renderizando celda: {columnId: satisfaccion, isReference: undefined, value: Object} @ http://localhost:3000/_next/static/chunks/11hm_next_dist_0m6rgog._.js:2441
[    1395ms] [LOG] [DEBUG] Renderizando celda: {columnId: satisfaccion, isReference: undefined, value: Object} @ http://localhost:3000/_next/static/chunks/11hm_next_dist_0m6rgog._.js:2441
[    1395ms] [LOG] [DEBUG] Renderizando celda: {columnId: activo, isReference: undefined, value: Object} @ http://localhost:3000/_next/static/chunks/11hm_next_dist_0m6rgog._.js:2441
[    1395ms] [LOG] [DEBUG] Renderizando celda: {columnId: activo, isReference: undefined, value: Object} @ http://localhost:3000/_next/static/chunks/11hm_next_dist_0m6rgog._.js:2441
[    1399ms] [LOG] [DEBUG] Renderizando celda: {columnId: id, isReference: undefined, value: Object} @ http://localhost:3000/_next/static/chunks/11hm_next_dist_0m6rgog._.js:2441
[    1400ms] [LOG] [DEBUG] Renderizando celda: {columnId: id, isReference: undefined, value: Object} @ http://localhost:3000/_next/static/chunks/11hm_next_dist_0m6rgog._.js:2441
[    1400ms] [LOG] [DEBUG] Renderizando celda: {columnId: nombre, isReference: undefined, value: Object} @ http://localhost:3000/_next/static/chunks/11hm_next_dist_0m6rgog._.js:2441
[    1400ms] [LOG] [DEBUG] Renderizando celda: {columnId: nombre, isReference: undefined, value: Object} @ http://localhost:3000/_next/static/chunks/11hm_next_dist_0m6rgog._.js:2441
[    1400ms] [LOG] [DEBUG] Renderizando celda: {columnId: email, isReference: undefined, value: Object} @ http://localhost:3000/_next/static/chunks/11hm_next_dist_0m6rgog._.js:2441
[    1400ms] [LOG] [DEBUG] Renderizando celda: {columnId: email, isReference: undefined, value: Object} @ http://localhost:3000/_next/static/chunks/11hm_next_dist_0m6rgog._.js:2441
[    1400ms] [LOG] [DEBUG] Renderizando celda: {columnId: telefono, isReference: undefined, value: Object} @ http://localhost:3000/_next/static/chunks/11hm_next_dist_0m6rgog._.js:2441
[    1400ms] [LOG] [DEBUG] Renderizando celda: {columnId: telefono, isReference: undefined, value: Object} @ http://localhost:3000/_next/static/chunks/11hm_next_dist_0m6rgog._.js:2441
[    1400ms] [LOG] [DEBUG] Renderizando celda: {columnId: ciudad, isReference: undefined, value: Object} @ http://localhost:3000/_next/static/chunks/11hm_next_dist_0m6rgog._.js:2441
[    1400ms] [LOG] [DEBUG] Renderizando celda: {columnId: ciudad, isReference: undefined, value: Object} @ http://localhost:3000/_next/static/chunks/11hm_next_dist_0m6rgog._.js:2441
[    1400ms] [LOG] [DEBUG] Renderizando celda: {columnId: estado, isReference: undefined, value: Object} @ http://localhost:3000/_next/static/chunks/11hm_next_dist_0m6rgog._.js:2441
[    1400ms] [LOG] [DEBUG] Renderizando celda: {columnId: estado, isReference: undefined, value: Object} @ http://localhost:3000/_next/static/chunks/11hm_next_dist_0m6rgog._.js:2441
[    1400ms] [LOG] [DEBUG] Renderizando celda: {columnId: fechaRegistro, isReference: undefined, value: Object} @ http://localhost:3000/_next/static/chunks/11hm_next_dist_0m6rgog._.js:2441
[    1400ms] [LOG] [DEBUG] Renderizando celda: {columnId: fechaRegistro, isReference: undefined, value: Object} @ http://localhost:3000/_next/static/chunks/11hm_next_dist_0m6rgog._.js:2441
[    1400ms] [LOG] [DEBUG] Renderizando celda: {columnId: ultimoContacto, isReference: undefined, value: Object} @ http://localhost:3000/_next/static/chunks/11hm_next_dist_0m6rgog._.js:2441
[    1401ms] [LOG] [DEBUG] Renderizando celda: {columnId: ultimoContacto, isReference: undefined, value: Object} @ http://localhost:3000/_next/static/chunks/11hm_next_dist_0m6rgog._.js:2441
[    1401ms] [LOG] [DEBUG] Renderizando celda: {columnId: valorTotal, isReference: undefined, value: Object} @ http://localhost:3000/_next/static/chunks/11hm_next_dist_0m6rgog._.js:2441
[    1401ms] [LOG] [DEBUG] Renderizando celda: {columnId: valorTotal, isReference: undefined, value: Object} @ http://localhost:3000/_next/static/chunks/11hm_next_dist_0m6rgog._.js:2441
[    1401ms] [LOG] [DEBUG] Renderizando celda: {columnId: satisfaccion, isReference: undefined, value: Object} @ http://localhost:3000/_next/static/chunks/11hm_next_dist_0m6rgog._.js:2441
[    1401ms] [LOG] [DEBUG] Renderizando celda: {columnId: satisfaccion, isReference: undefined, value: Object} @ http://localhost:3000/_next/static/chunks/11hm_next_dist_0m6rgog._.js:2441
[    1401ms] [LOG] [DEBUG] Renderizando celda: {columnId: activo, isReference: undefined, value: Object} @ http://localhost:3000/_next/static/chunks/11hm_next_dist_0m6rgog._.js:2441
[    1401ms] [LOG] [DEBUG] Renderizando celda: {columnId: activo, isReference: undefined, value: Object} @ http://localhost:3000/_next/static/chunks/11hm_next_dist_0m6rgog._.js:2441
[    1405ms] [LOG] [DEBUG] Renderizando celda: {columnId: id, isReference: undefined, value: Object} @ http://localhost:3000/_next/static/chunks/11hm_next_dist_0m6rgog._.js:2441
[    1406ms] [LOG] [DEBUG] Renderizando celda: {columnId: id, isReference: undefined, value: Object} @ http://localhost:3000/_next/static/chunks/11hm_next_dist_0m6rgog._.js:2441
[    1406ms] [LOG] [DEBUG] Renderizando celda: {columnId: nombre, isReference: undefined, value: Object} @ http://localhost:3000/_next/static/chunks/11hm_next_dist_0m6rgog._.js:2441
[    1406ms] [LOG] [DEBUG] Renderizando celda: {columnId: nombre, isReference: undefined, value: Object} @ http://localhost:3000/_next/static/chunks/11hm_next_dist_0m6rgog._.js:2441
[    1406ms] [LOG] [DEBUG] Renderizando celda: {columnId: email, isReference: undefined, value: Object} @ http://localhost:3000/_next/static/chunks/11hm_next_dist_0m6rgog._.js:2441
[    1406ms] [LOG] [DEBUG] Renderizando celda: {columnId: email, isReference: undefined, value: Object} @ http://localhost:3000/_next/static/chunks/11hm_next_dist_0m6rgog._.js:2441
[    1406ms] [LOG] [DEBUG] Renderizando celda: {columnId: telefono, isReference: undefined, value: Object} @ http://localhost:3000/_next/static/chunks/11hm_next_dist_0m6rgog._.js:2441
[    1406ms] [LOG] [DEBUG] Renderizando celda: {columnId: telefono, isReference: undefined, value: Object} @ http://localhost:3000/_next/static/chunks/11hm_next_dist_0m6rgog._.js:2441
[    1406ms] [LOG] [DEBUG] Renderizando celda: {columnId: ciudad, isReference: undefined, value: Object} @ http://localhost:3000/_next/static/chunks/11hm_next_dist_0m6rgog._.js:2441
[    1406ms] [LOG] [DEBUG] Renderizando celda: {columnId: ciudad, isReference: undefined, value: Object} @ http://localhost:3000/_next/static/chunks/11hm_next_dist_0m6rgog._.js:2441
[    1406ms] [LOG] [DEBUG] Renderizando celda: {columnId: estado, isReference: undefined, value: Object} @ http://localhost:3000/_next/static/chunks/11hm_next_dist_0m6rgog._.js:2441
[    1406ms] [LOG] [DEBUG] Renderizando celda: {columnId: estado, isReference: undefined, value: Object} @ http://localhost:3000/_next/static/chunks/11hm_next_dist_0m6rgog._.js:2441
[    1406ms] [LOG] [DEBUG] Renderizando celda: {columnId: fechaRegistro, isReference: undefined, value: Object} @ http://localhost:3000/_next/static/chunks/11hm_next_dist_0m6rgog._.js:2441
[    1407ms] [LOG] [DEBUG] Renderizando celda: {columnId: fechaRegistro, isReference: undefined, value: Object} @ http://localhost:3000/_next/static/chunks/11hm_next_dist_0m6rgog._.js:2441
[    1407ms] [LOG] [DEBUG] Renderizando celda: {columnId: ultimoContacto, isReference: undefined, value: Object} @ http://localhost:3000/_next/static/chunks/11hm_next_dist_0m6rgog._.js:2441
[    1407ms] [LOG] [DEBUG] Renderizando celda: {columnId: ultimoContacto, isReference: undefined, value: Object} @ http://localhost:3000/_next/static/chunks/11hm_next_dist_0m6rgog._.js:2441
[    1407ms] [LOG] [DEBUG] Renderizando celda: {columnId: valorTotal, isReference: undefined, value: Object} @ http://localhost:3000/_next/static/chunks/11hm_next_dist_0m6rgog._.js:2441
[    1407ms] [LOG] [DEBUG] Renderizando celda: {columnId: valorTotal, isReference: undefined, value: Object} @ http://localhost:3000/_next/static/chunks/11hm_next_dist_0m6rgog._.js:2441
[    1407ms] [LOG] [DEBUG] Renderizando celda: {columnId: satisfaccion, isReference: undefined, value: Object} @ http://localhost:3000/_next/static/chunks/11hm_next_dist_0m6rgog._.js:2441
[    1407ms] [LOG] [DEBUG] Renderizando celda: {columnId: satisfaccion, isReference: undefined, value: Object} @ http://localhost:3000/_next/static/chunks/11hm_next_dist_0m6rgog._.js:2441
[    1407ms] [LOG] [DEBUG] Renderizando celda: {columnId: activo, isReference: undefined, value: Object} @ http://localhost:3000/_next/static/chunks/11hm_next_dist_0m6rgog._.js:2441
[    1407ms] [LOG] [DEBUG] Renderizando celda: {columnId: activo, isReference: undefined, value: Object} @ http://localhost:3000/_next/static/chunks/11hm_next_dist_0m6rgog._.js:2441
[    1412ms] [LOG] [DEBUG] Renderizando celda: {columnId: id, isReference: undefined, value: Object} @ http://localhost:3000/_next/static/chunks/11hm_next_dist_0m6rgog._.js:2441
[    1412ms] [LOG] [DEBUG] Renderizando celda: {columnId: id, isReference: undefined, value: Object} @ http://localhost:3000/_next/static/chunks/11hm_next_dist_0m6rgog._.js:2441
[    1412ms] [LOG] [DEBUG] Renderizando celda: {columnId: nombre, isReference: undefined, value: Object} @ http://localhost:3000/_next/static/chunks/11hm_next_dist_0m6rgog._.js:2441
[    1412ms] [LOG] [DEBUG] Renderizando celda: {columnId: nombre, isReference: undefined, value: Object} @ http://localhost:3000/_next/static/chunks/11hm_next_dist_0m6rgog._.js:2441
[    1412ms] [LOG] [DEBUG] Renderizando celda: {columnId: email, isReference: undefined, value: Object} @ http://localhost:3000/_next/static/chunks/11hm_next_dist_0m6rgog._.js:2441
[    1412ms] [LOG] [DEBUG] Renderizando celda: {columnId: email, isReference: undefined, value: Object} @ http://localhost:3000/_next/static/chunks/11hm_next_dist_0m6rgog._.js:2441
[    1412ms] [LOG] [DEBUG] Renderizando celda: {columnId: telefono, isReference: undefined, value: Object} @ http://localhost:3000/_next/static/chunks/11hm_next_dist_0m6rgog._.js:2441
[    1412ms] [LOG] [DEBUG] Renderizando celda: {columnId: telefono, isReference: undefined, value: Object} @ http://localhost:3000/_next/static/chunks/11hm_next_dist_0m6rgog._.js:2441
[    1412ms] [LOG] [DEBUG] Renderizando celda: {columnId: ciudad, isReference: undefined, value: Object} @ http://localhost:3000/_next/static/chunks/11hm_next_dist_0m6rgog._.js:2441
[    1412ms] [LOG] [DEBUG] Renderizando celda: {columnId: ciudad, isReference: undefined, value: Object} @ http://localhost:3000/_next/static/chunks/11hm_next_dist_0m6rgog._.js:2441
[    1412ms] [LOG] [DEBUG] Renderizando celda: {columnId: estado, isReference: undefined, value: Object} @ http://localhost:3000/_next/static/chunks/11hm_next_dist_0m6rgog._.js:2441
[    1413ms] [LOG] [DEBUG] Renderizando celda: {columnId: estado, isReference: undefined, value: Object} @ http://localhost:3000/_next/static/chunks/11hm_next_dist_0m6rgog._.js:2441
[    1413ms] [LOG] [DEBUG] Renderizando celda: {columnId: fechaRegistro, isReference: undefined, value: Object} @ http://localhost:3000/_next/static/chunks/11hm_next_dist_0m6rgog._.js:2441
[    1413ms] [LOG] [DEBUG] Renderizando celda: {columnId: fechaRegistro, isReference: undefined, value: Object} @ http://localhost:3000/_next/static/chunks/11hm_next_dist_0m6rgog._.js:2441
[    1413ms] [LOG] [DEBUG] Renderizando celda: {columnId: ultimoContacto, isReference: undefined, value: Object} @ http://localhost:3000/_next/static/chunks/11hm_next_dist_0m6rgog._.js:2441
[    1413ms] [LOG] [DEBUG] Renderizando celda: {columnId: ultimoContacto, isReference: undefined, value: Object} @ http://localhost:3000/_next/static/chunks/11hm_next_dist_0m6rgog._.js:2441
[    1413ms] [LOG] [DEBUG] Renderizando celda: {columnId: valorTotal, isReference: undefined, value: Object} @ http://localhost:3000/_next/static/chunks/11hm_next_dist_0m6rgog._.js:2441
[    1413ms] [LOG] [DEBUG] Renderizando celda: {columnId: valorTotal, isReference: undefined, value: Object} @ http://localhost:3000/_next/static/chunks/11hm_next_dist_0m6rgog._.js:2441
[    1413ms] [LOG] [DEBUG] Renderizando celda: {columnId: satisfaccion, isReference: undefined, value: Object} @ http://localhost:3000/_next/static/chunks/11hm_next_dist_0m6rgog._.js:2441
[    1413ms] [LOG] [DEBUG] Renderizando celda: {columnId: satisfaccion, isReference: undefined, value: Object} @ http://localhost:3000/_next/static/chunks/11hm_next_dist_0m6rgog._.js:2441
[    1413ms] [LOG] [DEBUG] Renderizando celda: {columnId: activo, isReference: undefined, value: Object} @ http://localhost:3000/_next/static/chunks/11hm_next_dist_0m6rgog._.js:2441
[    1413ms] [LOG] [DEBUG] Renderizando celda: {columnId: activo, isReference: undefined, value: Object} @ http://localhost:3000/_next/static/chunks/11hm_next_dist_0m6rgog._.js:2441
[    1421ms] [LOG] [DEBUG] Renderizando SecondaryTables: {level: 0, parentId: undefined, isLoading: false, arrayColumnsCount: 0, arrayColumns: Array(0)} @ http://localhost:3000/_next/static/chunks/11hm_next_dist_0m6rgog._.js:2441
[    1421ms] [LOG] [DEBUG] Renderizando SecondaryTables: {level: 0, parentId: undefined, isLoading: false, arrayColumnsCount: 0, arrayColumns: Array(0)} @ http://localhost:3000/_next/static/chunks/11hm_next_dist_0m6rgog._.js:2441
[    2176ms] [ERROR] Access to fetch at 'http://localhost:3001/trpc/featureFlags.isEnabled,theme.listAllThemes?batch=1&input=%7B%220%22%3A%7B%22key%22%3A%22support-chat%22%7D%7D' from origin 'http://localhost:3000' has been blocked by CORS policy: No 'Access-Control-Allow-Origin' header is present on the requested resource. @ http://localhost:3000/es/demo/table:0
[    2176ms] [ERROR] Failed to load resource: net::ERR_FAILED @ http://localhost:3001/trpc/featureFlags.isEnabled,theme.listAllThemes?batch=1&input=%7B%220%22%3A%7B%22key%22%3A%22support-chat%22%7D%7D:0
[    4216ms] [ERROR] Access to fetch at 'http://localhost:3001/trpc/featureFlags.isEnabled,theme.listAllThemes?batch=1&input=%7B%220%22%3A%7B%22key%22%3A%22support-chat%22%7D%7D' from origin 'http://localhost:3000' has been blocked by CORS policy: No 'Access-Control-Allow-Origin' header is present on the requested resource. @ http://localhost:3000/es/demo/table:0
[    4216ms] [ERROR] Failed to load resource: net::ERR_FAILED @ http://localhost:3001/trpc/featureFlags.isEnabled,theme.listAllThemes?batch=1&input=%7B%220%22%3A%7B%22key%22%3A%22support-chat%22%7D%7D:0
[    8263ms] [ERROR] Access to fetch at 'http://localhost:3001/trpc/featureFlags.isEnabled,theme.listAllThemes?batch=1&input=%7B%220%22%3A%7B%22key%22%3A%22support-chat%22%7D%7D' from origin 'http://localhost:3000' has been blocked by CORS policy: No 'Access-Control-Allow-Origin' header is present on the requested resource. @ http://localhost:3000/es/demo/table:0
[    8263ms] [ERROR] Failed to load resource: net::ERR_FAILED @ http://localhost:3001/trpc/featureFlags.isEnabled,theme.listAllThemes?batch=1&input=%7B%220%22%3A%7B%22key%22%3A%22support-chat%22%7D%7D:0
[   46750ms] [LOG] [DEBUG] Valores unicos procesados: {columnId: nombre, columnType: string, uniqueValues: Array(25)} @ http://localhost:3000/_next/static/chunks/11hm_next_dist_0m6rgog._.js:2441
[   46750ms] [LOG] [DEBUG] FilterFactory initialValue debug: {columnId: nombre, columnType: string, propsInitialValue: undefined, currentFilter: undefined} @ http://localhost:3000/_next/static/chunks/11hm_next_dist_0m6rgog._.js:2441
[   46751ms] [LOG] [DEBUG] Filter selection for column: {columnId: nombre, columnType: string, useAdaptiveFiltering: false, sampleData: Array(3)} @ http://localhost:3000/_next/static/chunks/11hm_next_dist_0m6rgog._.js:2441
[   46751ms] [LOG] [DEBUG] FILTER FACTORY - Seleccionando filtro: {columnId: nombre, columnType: string, uniqueValuesCount: 25, sampleValues: Array(3)} @ http://localhost:3000/_next/static/chunks/11hm_next_dist_0m6rgog._.js:2441
[   46751ms] [LOG] [DEBUG] Valores unicos procesados: {columnId: nombre, columnType: string, uniqueValues: Array(25)} @ http://localhost:3000/_next/static/chunks/11hm_next_dist_0m6rgog._.js:2441
[   46751ms] [LOG] [DEBUG] FilterFactory initialValue debug: {columnId: nombre, columnType: string, propsInitialValue: undefined, currentFilter: undefined} @ http://localhost:3000/_next/static/chunks/11hm_next_dist_0m6rgog._.js:2441
[   46751ms] [LOG] [DEBUG] Filter selection for column: {columnId: nombre, columnType: string, useAdaptiveFiltering: false, sampleData: Array(3)} @ http://localhost:3000/_next/static/chunks/11hm_next_dist_0m6rgog._.js:2441
[   46751ms] [LOG] [DEBUG] FILTER FACTORY - Seleccionando filtro: {columnId: nombre, columnType: string, uniqueValuesCount: 25, sampleValues: Array(3)} @ http://localhost:3000/_next/static/chunks/11hm_next_dist_0m6rgog._.js:2441
[   46767ms] [WARNING] Warning: Missing `Description` or `aria-describedby={undefined}` for {DialogContent}. @ http://localhost:3000/_next/static/chunks/11hm_next_dist_0m6rgog._.js:2441
[   46768ms] [WARNING] Warning: Missing `Description` or `aria-describedby={undefined}` for {DialogContent}. @ http://localhost:3000/_next/static/chunks/11hm_next_dist_0m6rgog._.js:2441
[   64491ms] [LOG] [DEBUG] Aplicando filtro: {columnId: nombre, operator: in, value: Array(1)} @ http://localhost:3000/_next/static/chunks/11hm_next_dist_0m6rgog._.js:2441
[   64492ms] [LOG] [DEBUG] Applying filter condition: {columnId: nombre, condition: Object} @ http://localhost:3000/_next/static/chunks/11hm_next_dist_0m6rgog._.js:2441
[   64492ms] [LOG] [DEBUG] Effective column order: {baseOrder: Array(14), pinnedColumnId: index, otherColumns: Array(13), hasActions: true, result: Array(15)} @ http://localhost:3000/_next/static/chunks/11hm_next_dist_0m6rgog._.js:2441
[   64492ms] [LOG] [DEBUG] Effective column order: {baseOrder: Array(14), pinnedColumnId: index, otherColumns: Array(13), hasActions: true, result: Array(15)} @ http://localhost:3000/_next/static/chunks/11hm_next_dist_0m6rgog._.js:2441
[   64494ms] [LOG] [DEBUG] Effective column order: {baseOrder: Array(14), pinnedColumnId: index, otherColumns: Array(13), hasActions: true, result: Array(15)} @ http://localhost:3000/_next/static/chunks/11hm_next_dist_0m6rgog._.js:2441
[   64495ms] [LOG] [DEBUG] Effective column order: {baseOrder: Array(14), pinnedColumnId: index, otherColumns: Array(13), hasActions: true, result: Array(15)} @ http://localhost:3000/_next/static/chunks/11hm_next_dist_0m6rgog._.js:2441
[   64507ms] [LOG] [DEBUG] Valores unicos procesados: {columnId: nombre, columnType: string, uniqueValues: Array(25)} @ http://localhost:3000/_next/static/chunks/11hm_next_dist_0m6rgog._.js:2441
[   64507ms] [LOG] [DEBUG] FilterFactory initialValue debug: {columnId: nombre, columnType: string, propsInitialValue: Object, currentFilter: Object} @ http://localhost:3000/_next/static/chunks/11hm_next_dist_0m6rgog._.js:2441
[   64507ms] [LOG] [DEBUG] Filter selection for column: {columnId: nombre, columnType: string, useAdaptiveFiltering: false, sampleData: Array(3)} @ http://localhost:3000/_next/static/chunks/11hm_next_dist_0m6rgog._.js:2441
[   64507ms] [LOG] [DEBUG] FILTER FACTORY - Seleccionando filtro: {columnId: nombre, columnType: string, uniqueValuesCount: 25, sampleValues: Array(3)} @ http://localhost:3000/_next/static/chunks/11hm_next_dist_0m6rgog._.js:2441
[   64507ms] [LOG] [DEBUG] Valores unicos procesados: {columnId: nombre, columnType: string, uniqueValues: Array(25)} @ http://localhost:3000/_next/static/chunks/11hm_next_dist_0m6rgog._.js:2441
[   64507ms] [LOG] [DEBUG] FilterFactory initialValue debug: {columnId: nombre, columnType: string, propsInitialValue: Object, currentFilter: Object} @ http://localhost:3000/_next/static/chunks/11hm_next_dist_0m6rgog._.js:2441
[   64507ms] [LOG] [DEBUG] Filter selection for column: {columnId: nombre, columnType: string, useAdaptiveFiltering: false, sampleData: Array(3)} @ http://localhost:3000/_next/static/chunks/11hm_next_dist_0m6rgog._.js:2441
[   64507ms] [LOG] [DEBUG] FILTER FACTORY - Seleccionando filtro: {columnId: nombre, columnType: string, uniqueValuesCount: 25, sampleValues: Array(3)} @ http://localhost:3000/_next/static/chunks/11hm_next_dist_0m6rgog._.js:2441
[   64560ms] [LOG] [DEBUG] Renderizando celda: {columnId: id, isReference: undefined, value: Object} @ http://localhost:3000/_next/static/chunks/11hm_next_dist_0m6rgog._.js:2441
[   64560ms] [LOG] [DEBUG] Renderizando celda: {columnId: id, isReference: undefined, value: Object} @ http://localhost:3000/_next/static/chunks/11hm_next_dist_0m6rgog._.js:2441
[   64560ms] [LOG] [DEBUG] Renderizando celda: {columnId: nombre, isReference: undefined, value: Object} @ http://localhost:3000/_next/static/chunks/11hm_next_dist_0m6rgog._.js:2441
[   64560ms] [LOG] [DEBUG] Renderizando celda: {columnId: nombre, isReference: undefined, value: Object} @ http://localhost:3000/_next/static/chunks/11hm_next_dist_0m6rgog._.js:2441
[   64560ms] [LOG] [DEBUG] Renderizando celda: {columnId: email, isReference: undefined, value: Object} @ http://localhost:3000/_next/static/chunks/11hm_next_dist_0m6rgog._.js:2441
[   64560ms] [LOG] [DEBUG] Renderizando celda: {columnId: email, isReference: undefined, value: Object} @ http://localhost:3000/_next/static/chunks/11hm_next_dist_0m6rgog._.js:2441
[   64560ms] [LOG] [DEBUG] Renderizando celda: {columnId: telefono, isReference: undefined, value: Object} @ http://localhost:3000/_next/static/chunks/11hm_next_dist_0m6rgog._.js:2441
[   64560ms] [LOG] [DEBUG] Renderizando celda: {columnId: telefono, isReference: undefined, value: Object} @ http://localhost:3000/_next/static/chunks/11hm_next_dist_0m6rgog._.js:2441
[   64561ms] [LOG] [DEBUG] Renderizando celda: {columnId: ciudad, isReference: undefined, value: Object} @ http://localhost:3000/_next/static/chunks/11hm_next_dist_0m6rgog._.js:2441
[   64561ms] [LOG] [DEBUG] Renderizando celda: {columnId: ciudad, isReference: undefined, value: Object} @ http://localhost:3000/_next/static/chunks/11hm_next_dist_0m6rgog._.js:2441
[   64561ms] [LOG] [DEBUG] Renderizando celda: {columnId: estado, isReference: undefined, value: Object} @ http://localhost:3000/_next/static/chunks/11hm_next_dist_0m6rgog._.js:2441
[   64561ms] [LOG] [DEBUG] Renderizando celda: {columnId: estado, isReference: undefined, value: Object} @ http://localhost:3000/_next/static/chunks/11hm_next_dist_0m6rgog._.js:2441
[   64561ms] [LOG] [DEBUG] Renderizando celda: {columnId: fechaRegistro, isReference: undefined, value: Object} @ http://localhost:3000/_next/static/chunks/11hm_next_dist_0m6rgog._.js:2441
[   64561ms] [LOG] [DEBUG] Renderizando celda: {columnId: fechaRegistro, isReference: undefined, value: Object} @ http://localhost:3000/_next/static/chunks/11hm_next_dist_0m6rgog._.js:2441
[   64561ms] [LOG] [DEBUG] Renderizando celda: {columnId: ultimoContacto, isReference: undefined, value: Object} @ http://localhost:3000/_next/static/chunks/11hm_next_dist_0m6rgog._.js:2441
[   64561ms] [LOG] [DEBUG] Renderizando celda: {columnId: ultimoContacto, isReference: undefined, value: Object} @ http://localhost:3000/_next/static/chunks/11hm_next_dist_0m6rgog._.js:2441
[   64561ms] [LOG] [DEBUG] Renderizando celda: {columnId: valorTotal, isReference: undefined, value: Object} @ http://localhost:3000/_next/static/chunks/11hm_next_dist_0m6rgog._.js:2441
[   64561ms] [LOG] [DEBUG] Renderizando celda: {columnId: valorTotal, isReference: undefined, value: Object} @ http://localhost:3000/_next/static/chunks/11hm_next_dist_0m6rgog._.js:2441
[   64562ms] [LOG] [DEBUG] Tipo corregido: string -> number {originalValue: 3360, originalType: string, detectedType: number} @ http://localhost:3000/_next/static/chunks/11hm_next_dist_0m6rgog._.js:2441
[   64562ms] [LOG] [DEBUG] Tipo corregido: string -> number {originalValue: 3360, originalType: string, detectedType: number} @ http://localhost:3000/_next/static/chunks/11hm_next_dist_0m6rgog._.js:2441
[   64562ms] [LOG] [DEBUG] Renderizando celda: {columnId: satisfaccion, isReference: undefined, value: Object} @ http://localhost:3000/_next/static/chunks/11hm_next_dist_0m6rgog._.js:2441
[   64562ms] [LOG] [DEBUG] Renderizando celda: {columnId: satisfaccion, isReference: undefined, value: Object} @ http://localhost:3000/_next/static/chunks/11hm_next_dist_0m6rgog._.js:2441
[   64562ms] [LOG] [DEBUG] Renderizando celda: {columnId: activo, isReference: undefined, value: Object} @ http://localhost:3000/_next/static/chunks/11hm_next_dist_0m6rgog._.js:2441
[   64562ms] [LOG] [DEBUG] Renderizando celda: {columnId: activo, isReference: undefined, value: Object} @ http://localhost:3000/_next/static/chunks/11hm_next_dist_0m6rgog._.js:2441
[   64562ms] [LOG] [DEBUG] Tipo corregido: boolean -> string {originalValue: true, originalType: boolean, detectedType: string} @ http://localhost:3000/_next/static/chunks/11hm_next_dist_0m6rgog._.js:2441
[   64562ms] [LOG] [DEBUG] Tipo corregido: boolean -> string {originalValue: true, originalType: boolean, detectedType: string} @ http://localhost:3000/_next/static/chunks/11hm_next_dist_0m6rgog._.js:2441
[   64573ms] [LOG] [DEBUG] Renderizando SecondaryTables: {level: 0, parentId: undefined, isLoading: false, arrayColumnsCount: 0, arrayColumns: Array(0)} @ http://localhost:3000/_next/static/chunks/11hm_next_dist_0m6rgog._.js:2441
[   64573ms] [LOG] [DEBUG] Renderizando SecondaryTables: {level: 0, parentId: undefined, isLoading: false, arrayColumnsCount: 0, arrayColumns: Array(0)} @ http://localhost:3000/_next/static/chunks/11hm_next_dist_0m6rgog._.js:2441
[   64583ms] [LOG] [DEBUG] Effective column order: {baseOrder: Array(14), pinnedColumnId: index, otherColumns: Array(13), hasActions: true, result: Array(15)} @ http://localhost:3000/_next/static/chunks/11hm_next_dist_0m6rgog._.js:2441
[   64583ms] [LOG] [DEBUG] Effective column order: {baseOrder: Array(14), pinnedColumnId: index, otherColumns: Array(13), hasActions: true, result: Array(15)} @ http://localhost:3000/_next/static/chunks/11hm_next_dist_0m6rgog._.js:2441
[   64585ms] [LOG] [DEBUG] Effective column order: {baseOrder: Array(14), pinnedColumnId: index, otherColumns: Array(13), hasActions: true, result: Array(15)} @ http://localhost:3000/_next/static/chunks/11hm_next_dist_0m6rgog._.js:2441
[   64585ms] [LOG] [DEBUG] Effective column order: {baseOrder: Array(14), pinnedColumnId: index, otherColumns: Array(13), hasActions: true, result: Array(15)} @ http://localhost:3000/_next/static/chunks/11hm_next_dist_0m6rgog._.js:2441
[   64617ms] [LOG] [DEBUG] Renderizando celda: {columnId: id, isReference: undefined, value: Object} @ http://localhost:3000/_next/static/chunks/11hm_next_dist_0m6rgog._.js:2441
[   64618ms] [LOG] [DEBUG] Renderizando celda: {columnId: id, isReference: undefined, value: Object} @ http://localhost:3000/_next/static/chunks/11hm_next_dist_0m6rgog._.js:2441
[   64618ms] [LOG] [DEBUG] Renderizando celda: {columnId: nombre, isReference: undefined, value: Object} @ http://localhost:3000/_next/static/chunks/11hm_next_dist_0m6rgog._.js:2441
[   64618ms] [LOG] [DEBUG] Renderizando celda: {columnId: nombre, isReference: undefined, value: Object} @ http://localhost:3000/_next/static/chunks/11hm_next_dist_0m6rgog._.js:2441
[   64618ms] [LOG] [DEBUG] Renderizando celda: {columnId: email, isReference: undefined, value: Object} @ http://localhost:3000/_next/static/chunks/11hm_next_dist_0m6rgog._.js:2441
[   64618ms] [LOG] [DEBUG] Renderizando celda: {columnId: email, isReference: undefined, value: Object} @ http://localhost:3000/_next/static/chunks/11hm_next_dist_0m6rgog._.js:2441
[   64618ms] [LOG] [DEBUG] Renderizando celda: {columnId: telefono, isReference: undefined, value: Object} @ http://localhost:3000/_next/static/chunks/11hm_next_dist_0m6rgog._.js:2441
[   64618ms] [LOG] [DEBUG] Renderizando celda: {columnId: telefono, isReference: undefined, value: Object} @ http://localhost:3000/_next/static/chunks/11hm_next_dist_0m6rgog._.js:2441
[   64618ms] [LOG] [DEBUG] Renderizando celda: {columnId: ciudad, isReference: undefined, value: Object} @ http://localhost:3000/_next/static/chunks/11hm_next_dist_0m6rgog._.js:2441
[   64618ms] [LOG] [DEBUG] Renderizando celda: {columnId: ciudad, isReference: undefined, value: Object} @ http://localhost:3000/_next/static/chunks/11hm_next_dist_0m6rgog._.js:2441
[   64618ms] [LOG] [DEBUG] Renderizando celda: {columnId: estado, isReference: undefined, value: Object} @ http://localhost:3000/_next/static/chunks/11hm_next_dist_0m6rgog._.js:2441
[   64618ms] [LOG] [DEBUG] Renderizando celda: {columnId: estado, isReference: undefined, value: Object} @ http://localhost:3000/_next/static/chunks/11hm_next_dist_0m6rgog._.js:2441
[   64618ms] [LOG] [DEBUG] Renderizando celda: {columnId: fechaRegistro, isReference: undefined, value: Object} @ http://localhost:3000/_next/static/chunks/11hm_next_dist_0m6rgog._.js:2441
[   64618ms] [LOG] [DEBUG] Renderizando celda: {columnId: fechaRegistro, isReference: undefined, value: Object} @ http://localhost:3000/_next/static/chunks/11hm_next_dist_0m6rgog._.js:2441
[   64618ms] [LOG] [DEBUG] Renderizando celda: {columnId: ultimoContacto, isReference: undefined, value: Object} @ http://localhost:3000/_next/static/chunks/11hm_next_dist_0m6rgog._.js:2441
[   64618ms] [LOG] [DEBUG] Renderizando celda: {columnId: ultimoContacto, isReference: undefined, value: Object} @ http://localhost:3000/_next/static/chunks/11hm_next_dist_0m6rgog._.js:2441
[   64619ms] [LOG] [DEBUG] Renderizando celda: {columnId: valorTotal, isReference: undefined, value: Object} @ http://localhost:3000/_next/static/chunks/11hm_next_dist_0m6rgog._.js:2441
[   64619ms] [LOG] [DEBUG] Renderizando celda: {columnId: valorTotal, isReference: undefined, value: Object} @ http://localhost:3000/_next/static/chunks/11hm_next_dist_0m6rgog._.js:2441
[   64619ms] [LOG] [DEBUG] Renderizando celda: {columnId: satisfaccion, isReference: undefined, value: Object} @ http://localhost:3000/_next/static/chunks/11hm_next_dist_0m6rgog._.js:2441
[   64619ms] [LOG] [DEBUG] Renderizando celda: {columnId: satisfaccion, isReference: undefined, value: Object} @ http://localhost:3000/_next/static/chunks/11hm_next_dist_0m6rgog._.js:2441
[   64619ms] [LOG] [DEBUG] Renderizando celda: {columnId: activo, isReference: undefined, value: Object} @ http://localhost:3000/_next/static/chunks/11hm_next_dist_0m6rgog._.js:2441
[   64619ms] [LOG] [DEBUG] Renderizando celda: {columnId: activo, isReference: undefined, value: Object} @ http://localhost:3000/_next/static/chunks/11hm_next_dist_0m6rgog._.js:2441
[   64620ms] [LOG] [DEBUG] Renderizando SecondaryTables: {level: 0, parentId: undefined, isLoading: false, arrayColumnsCount: 0, arrayColumns: Array(0)} @ http://localhost:3000/_next/static/chunks/11hm_next_dist_0m6rgog._.js:2441
[   64621ms] [LOG] [DEBUG] Renderizando SecondaryTables: {level: 0, parentId: undefined, isLoading: false, arrayColumnsCount: 0, arrayColumns: Array(0)} @ http://localhost:3000/_next/static/chunks/11hm_next_dist_0m6rgog._.js:2441
[   64629ms] [LOG] [DEBUG] Renderizando SecondaryTables: {level: 0, parentId: undefined, isLoading: false, arrayColumnsCount: 0, arrayColumns: Array(0)} @ http://localhost:3000/_next/static/chunks/11hm_next_dist_0m6rgog._.js:2441
[   64629ms] [LOG] [DEBUG] Renderizando SecondaryTables: {level: 0, parentId: undefined, isLoading: false, arrayColumnsCount: 0, arrayColumns: Array(0)} @ http://localhost:3000/_next/static/chunks/11hm_next_dist_0m6rgog._.js:2441
[   64634ms] [LOG] [DEBUG] Effective column order: {baseOrder: Array(14), pinnedColumnId: index, otherColumns: Array(13), hasActions: true, result: Array(15)} @ http://localhost:3000/_next/static/chunks/11hm_next_dist_0m6rgog._.js:2441
[   64634ms] [LOG] [DEBUG] Effective column order: {baseOrder: Array(14), pinnedColumnId: index, otherColumns: Array(13), hasActions: true, result: Array(15)} @ http://localhost:3000/_next/static/chunks/11hm_next_dist_0m6rgog._.js:2441
[   64634ms] [LOG] [DEBUG] Effective column order: {baseOrder: Array(14), pinnedColumnId: index, otherColumns: Array(13), hasActions: true, result: Array(15)} @ http://localhost:3000/_next/static/chunks/11hm_next_dist_0m6rgog._.js:2441
[   64635ms] [LOG] [DEBUG] Effective column order: {baseOrder: Array(14), pinnedColumnId: index, otherColumns: Array(13), hasActions: true, result: Array(15)} @ http://localhost:3000/_next/static/chunks/11hm_next_dist_0m6rgog._.js:2441
[   64640ms] [LOG] [DEBUG] Renderizando celda: {columnId: id, isReference: undefined, value: Object} @ http://localhost:3000/_next/static/chunks/11hm_next_dist_0m6rgog._.js:2441
[   64641ms] [LOG] [DEBUG] Renderizando celda: {columnId: id, isReference: undefined, value: Object} @ http://localhost:3000/_next/static/chunks/11hm_next_dist_0m6rgog._.js:2441
[   64641ms] [LOG] [DEBUG] Renderizando celda: {columnId: nombre, isReference: undefined, value: Object} @ http://localhost:3000/_next/static/chunks/11hm_next_dist_0m6rgog._.js:2441
[   64641ms] [LOG] [DEBUG] Renderizando celda: {columnId: nombre, isReference: undefined, value: Object} @ http://localhost:3000/_next/static/chunks/11hm_next_dist_0m6rgog._.js:2441
[   64641ms] [LOG] [DEBUG] Renderizando celda: {columnId: email, isReference: undefined, value: Object} @ http://localhost:3000/_next/static/chunks/11hm_next_dist_0m6rgog._.js:2441
[   64641ms] [LOG] [DEBUG] Renderizando celda: {columnId: email, isReference: undefined, value: Object} @ http://localhost:3000/_next/static/chunks/11hm_next_dist_0m6rgog._.js:2441
[   64641ms] [LOG] [DEBUG] Renderizando celda: {columnId: telefono, isReference: undefined, value: Object} @ http://localhost:3000/_next/static/chunks/11hm_next_dist_0m6rgog._.js:2441
[   64641ms] [LOG] [DEBUG] Renderizando celda: {columnId: telefono, isReference: undefined, value: Object} @ http://localhost:3000/_next/static/chunks/11hm_next_dist_0m6rgog._.js:2441
[   64641ms] [LOG] [DEBUG] Renderizando celda: {columnId: ciudad, isReference: undefined, value: Object} @ http://localhost:3000/_next/static/chunks/11hm_next_dist_0m6rgog._.js:2441
[   64641ms] [LOG] [DEBUG] Renderizando celda: {columnId: ciudad, isReference: undefined, value: Object} @ http://localhost:3000/_next/static/chunks/11hm_next_dist_0m6rgog._.js:2441
[   64641ms] [LOG] [DEBUG] Renderizando celda: {columnId: estado, isReference: undefined, value: Object} @ http://localhost:3000/_next/static/chunks/11hm_next_dist_0m6rgog._.js:2441
[   64641ms] [LOG] [DEBUG] Renderizando celda: {columnId: estado, isReference: undefined, value: Object} @ http://localhost:3000/_next/static/chunks/11hm_next_dist_0m6rgog._.js:2441
[   64641ms] [LOG] [DEBUG] Renderizando celda: {columnId: fechaRegistro, isReference: undefined, value: Object} @ http://localhost:3000/_next/static/chunks/11hm_next_dist_0m6rgog._.js:2441
[   64641ms] [LOG] [DEBUG] Renderizando celda: {columnId: fechaRegistro, isReference: undefined, value: Object} @ http://localhost:3000/_next/static/chunks/11hm_next_dist_0m6rgog._.js:2441
[   64641ms] [LOG] [DEBUG] Renderizando celda: {columnId: ultimoContacto, isReference: undefined, value: Object} @ http://localhost:3000/_next/static/chunks/11hm_next_dist_0m6rgog._.js:2441
[   64641ms] [LOG] [DEBUG] Renderizando celda: {columnId: ultimoContacto, isReference: undefined, value: Object} @ http://localhost:3000/_next/static/chunks/11hm_next_dist_0m6rgog._.js:2441
[   64642ms] [LOG] [DEBUG] Renderizando celda: {columnId: valorTotal, isReference: undefined, value: Object} @ http://localhost:3000/_next/static/chunks/11hm_next_dist_0m6rgog._.js:2441
[   64642ms] [LOG] [DEBUG] Renderizando celda: {columnId: valorTotal, isReference: undefined, value: Object} @ http://localhost:3000/_next/static/chunks/11hm_next_dist_0m6rgog._.js:2441
[   64642ms] [LOG] [DEBUG] Renderizando celda: {columnId: satisfaccion, isReference: undefined, value: Object} @ http://localhost:3000/_next/static/chunks/11hm_next_dist_0m6rgog._.js:2441
[   64642ms] [LOG] [DEBUG] Renderizando celda: {columnId: satisfaccion, isReference: undefined, value: Object} @ http://localhost:3000/_next/static/chunks/11hm_next_dist_0m6rgog._.js:2441
[   64642ms] [LOG] [DEBUG] Renderizando celda: {columnId: activo, isReference: undefined, value: Object} @ http://localhost:3000/_next/static/chunks/11hm_next_dist_0m6rgog._.js:2441
[   64642ms] [LOG] [DEBUG] Renderizando celda: {columnId: activo, isReference: undefined, value: Object} @ http://localhost:3000/_next/static/chunks/11hm_next_dist_0m6rgog._.js:2441
[   64644ms] [LOG] [DEBUG] Renderizando SecondaryTables: {level: 0, parentId: undefined, isLoading: false, arrayColumnsCount: 0, arrayColumns: Array(0)} @ http://localhost:3000/_next/static/chunks/11hm_next_dist_0m6rgog._.js:2441
[   64644ms] [LOG] [DEBUG] Renderizando SecondaryTables: {level: 0, parentId: undefined, isLoading: false, arrayColumnsCount: 0, arrayColumns: Array(0)} @ http://localhost:3000/_next/static/chunks/11hm_next_dist_0m6rgog._.js:2441
[   64883ms] [LOG] [DEBUG] Effective column order: {baseOrder: Array(14), pinnedColumnId: index, otherColumns: Array(13), hasActions: true, result: Array(15)} @ http://localhost:3000/_next/static/chunks/11hm_next_dist_0m6rgog._.js:2441
[   64883ms] [LOG] [DEBUG] Effective column order: {baseOrder: Array(14), pinnedColumnId: index, otherColumns: Array(13), hasActions: true, result: Array(15)} @ http://localhost:3000/_next/static/chunks/11hm_next_dist_0m6rgog._.js:2441
[   64883ms] [LOG] [DEBUG] Effective column order: {baseOrder: Array(14), pinnedColumnId: index, otherColumns: Array(13), hasActions: true, result: Array(15)} @ http://localhost:3000/_next/static/chunks/11hm_next_dist_0m6rgog._.js:2441
[   64883ms] [LOG] [DEBUG] Effective column order: {baseOrder: Array(14), pinnedColumnId: index, otherColumns: Array(13), hasActions: true, result: Array(15)} @ http://localhost:3000/_next/static/chunks/11hm_next_dist_0m6rgog._.js:2441
[   64889ms] [LOG] [DEBUG] Renderizando celda: {columnId: id, isReference: undefined, value: Object} @ http://localhost:3000/_next/static/chunks/11hm_next_dist_0m6rgog._.js:2441
[   64889ms] [LOG] [DEBUG] Renderizando celda: {columnId: id, isReference: undefined, value: Object} @ http://localhost:3000/_next/static/chunks/11hm_next_dist_0m6rgog._.js:2441
[   64889ms] [LOG] [DEBUG] Renderizando celda: {columnId: nombre, isReference: undefined, value: Object} @ http://localhost:3000/_next/static/chunks/11hm_next_dist_0m6rgog._.js:2441
[   64889ms] [LOG] [DEBUG] Renderizando celda: {columnId: nombre, isReference: undefined, value: Object} @ http://localhost:3000/_next/static/chunks/11hm_next_dist_0m6rgog._.js:2441
[   64889ms] [LOG] [DEBUG] Renderizando celda: {columnId: email, isReference: undefined, value: Object} @ http://localhost:3000/_next/static/chunks/11hm_next_dist_0m6rgog._.js:2441
[   64889ms] [LOG] [DEBUG] Renderizando celda: {columnId: email, isReference: undefined, value: Object} @ http://localhost:3000/_next/static/chunks/11hm_next_dist_0m6rgog._.js:2441
[   64889ms] [LOG] [DEBUG] Renderizando celda: {columnId: telefono, isReference: undefined, value: Object} @ http://localhost:3000/_next/static/chunks/11hm_next_dist_0m6rgog._.js:2441
[   64889ms] [LOG] [DEBUG] Renderizando celda: {columnId: telefono, isReference: undefined, value: Object} @ http://localhost:3000/_next/static/chunks/11hm_next_dist_0m6rgog._.js:2441
[   64889ms] [LOG] [DEBUG] Renderizando celda: {columnId: ciudad, isReference: undefined, value: Object} @ http://localhost:3000/_next/static/chunks/11hm_next_dist_0m6rgog._.js:2441
[   64889ms] [LOG] [DEBUG] Renderizando celda: {columnId: ciudad, isReference: undefined, value: Object} @ http://localhost:3000/_next/static/chunks/11hm_next_dist_0m6rgog._.js:2441
[   64889ms] [LOG] [DEBUG] Renderizando celda: {columnId: estado, isReference: undefined, value: Object} @ http://localhost:3000/_next/static/chunks/11hm_next_dist_0m6rgog._.js:2441
[   64889ms] [LOG] [DEBUG] Renderizando celda: {columnId: estado, isReference: undefined, value: Object} @ http://localhost:3000/_next/static/chunks/11hm_next_dist_0m6rgog._.js:2441
[   64889ms] [LOG] [DEBUG] Renderizando celda: {columnId: fechaRegistro, isReference: undefined, value: Object} @ http://localhost:3000/_next/static/chunks/11hm_next_dist_0m6rgog._.js:2441
[   64889ms] [LOG] [DEBUG] Renderizando celda: {columnId: fechaRegistro, isReference: undefined, value: Object} @ http://localhost:3000/_next/static/chunks/11hm_next_dist_0m6rgog._.js:2441
[   64889ms] [LOG] [DEBUG] Renderizando celda: {columnId: ultimoContacto, isReference: undefined, value: Object} @ http://localhost:3000/_next/static/chunks/11hm_next_dist_0m6rgog._.js:2441
[   64889ms] [LOG] [DEBUG] Renderizando celda: {columnId: ultimoContacto, isReference: undefined, value: Object} @ http://localhost:3000/_next/static/chunks/11hm_next_dist_0m6rgog._.js:2441
[   64889ms] [LOG] [DEBUG] Renderizando celda: {columnId: valorTotal, isReference: undefined, value: Object} @ http://localhost:3000/_next/static/chunks/11hm_next_dist_0m6rgog._.js:2441
[   64890ms] [LOG] [DEBUG] Renderizando celda: {columnId: valorTotal, isReference: undefined, value: Object} @ http://localhost:3000/_next/static/chunks/11hm_next_dist_0m6rgog._.js:2441
[   64890ms] [LOG] [DEBUG] Renderizando celda: {columnId: satisfaccion, isReference: undefined, value: Object} @ http://localhost:3000/_next/static/chunks/11hm_next_dist_0m6rgog._.js:2441
[   64890ms] [LOG] [DEBUG] Renderizando celda: {columnId: satisfaccion, isReference: undefined, value: Object} @ http://localhost:3000/_next/static/chunks/11hm_next_dist_0m6rgog._.js:2441
[   64890ms] [LOG] [DEBUG] Renderizando celda: {columnId: activo, isReference: undefined, value: Object} @ http://localhost:3000/_next/static/chunks/11hm_next_dist_0m6rgog._.js:2441
[   64890ms] [LOG] [DEBUG] Renderizando celda: {columnId: activo, isReference: undefined, value: Object} @ http://localhost:3000/_next/static/chunks/11hm_next_dist_0m6rgog._.js:2441
[   64891ms] [LOG] [DEBUG] Renderizando SecondaryTables: {level: 0, parentId: undefined, isLoading: false, arrayColumnsCount: 0, arrayColumns: Array(0)} @ http://localhost:3000/_next/static/chunks/11hm_next_dist_0m6rgog._.js:2441
[   64891ms] [LOG] [DEBUG] Renderizando SecondaryTables: {level: 0, parentId: undefined, isLoading: false, arrayColumnsCount: 0, arrayColumns: Array(0)} @ http://localhost:3000/_next/static/chunks/11hm_next_dist_0m6rgog._.js:2441
[   64895ms] [LOG] [DEBUG] Effective column order: {baseOrder: Array(14), pinnedColumnId: index, otherColumns: Array(13), hasActions: true, result: Array(15)} @ http://localhost:3000/_next/static/chunks/11hm_next_dist_0m6rgog._.js:2441
[   64895ms] [LOG] [DEBUG] Effective column order: {baseOrder: Array(14), pinnedColumnId: index, otherColumns: Array(13), hasActions: true, result: Array(15)} @ http://localhost:3000/_next/static/chunks/11hm_next_dist_0m6rgog._.js:2441
[   64895ms] [LOG] [DEBUG] Effective column order: {baseOrder: Array(14), pinnedColumnId: index, otherColumns: Array(13), hasActions: true, result: Array(15)} @ http://localhost:3000/_next/static/chunks/11hm_next_dist_0m6rgog._.js:2441
[   64895ms] [LOG] [DEBUG] Effective column order: {baseOrder: Array(14), pinnedColumnId: index, otherColumns: Array(13), hasActions: true, result: Array(15)} @ http://localhost:3000/_next/static/chunks/11hm_next_dist_0m6rgog._.js:2441
[   64900ms] [LOG] [DEBUG] Renderizando celda: {columnId: id, isReference: undefined, value: Object} @ http://localhost:3000/_next/static/chunks/11hm_next_dist_0m6rgog._.js:2441
[   64901ms] [LOG] [DEBUG] Renderizando celda: {columnId: id, isReference: undefined, value: Object} @ http://localhost:3000/_next/static/chunks/11hm_next_dist_0m6rgog._.js:2441
[   64901ms] [LOG] [DEBUG] Renderizando celda: {columnId: nombre, isReference: undefined, value: Object} @ http://localhost:3000/_next/static/chunks/11hm_next_dist_0m6rgog._.js:2441
[   64901ms] [LOG] [DEBUG] Renderizando celda: {columnId: nombre, isReference: undefined, value: Object} @ http://localhost:3000/_next/static/chunks/11hm_next_dist_0m6rgog._.js:2441
[   64901ms] [LOG] [DEBUG] Renderizando celda: {columnId: email, isReference: undefined, value: Object} @ http://localhost:3000/_next/static/chunks/11hm_next_dist_0m6rgog._.js:2441
[   64901ms] [LOG] [DEBUG] Renderizando celda: {columnId: email, isReference: undefined, value: Object} @ http://localhost:3000/_next/static/chunks/11hm_next_dist_0m6rgog._.js:2441
[   64901ms] [LOG] [DEBUG] Renderizando celda: {columnId: telefono, isReference: undefined, value: Object} @ http://localhost:3000/_next/static/chunks/11hm_next_dist_0m6rgog._.js:2441
[   64901ms] [LOG] [DEBUG] Renderizando celda: {columnId: telefono, isReference: undefined, value: Object} @ http://localhost:3000/_next/static/chunks/11hm_next_dist_0m6rgog._.js:2441
[   64901ms] [LOG] [DEBUG] Renderizando celda: {columnId: ciudad, isReference: undefined, value: Object} @ http://localhost:3000/_next/static/chunks/11hm_next_dist_0m6rgog._.js:2441
[   64901ms] [LOG] [DEBUG] Renderizando celda: {columnId: ciudad, isReference: undefined, value: Object} @ http://localhost:3000/_next/static/chunks/11hm_next_dist_0m6rgog._.js:2441
[   64901ms] [LOG] [DEBUG] Renderizando celda: {columnId: estado, isReference: undefined, value: Object} @ http://localhost:3000/_next/static/chunks/11hm_next_dist_0m6rgog._.js:2441
[   64901ms] [LOG] [DEBUG] Renderizando celda: {columnId: estado, isReference: undefined, value: Object} @ http://localhost:3000/_next/static/chunks/11hm_next_dist_0m6rgog._.js:2441
[   64901ms] [LOG] [DEBUG] Renderizando celda: {columnId: fechaRegistro, isReference: undefined, value: Object} @ http://localhost:3000/_next/static/chunks/11hm_next_dist_0m6rgog._.js:2441
[   64901ms] [LOG] [DEBUG] Renderizando celda: {columnId: fechaRegistro, isReference: undefined, value: Object} @ http://localhost:3000/_next/static/chunks/11hm_next_dist_0m6rgog._.js:2441
[   64902ms] [LOG] [DEBUG] Renderizando celda: {columnId: ultimoContacto, isReference: undefined, value: Object} @ http://localhost:3000/_next/static/chunks/11hm_next_dist_0m6rgog._.js:2441
[   64902ms] [LOG] [DEBUG] Renderizando celda: {columnId: ultimoContacto, isReference: undefined, value: Object} @ http://localhost:3000/_next/static/chunks/11hm_next_dist_0m6rgog._.js:2441
[   64902ms] [LOG] [DEBUG] Renderizando celda: {columnId: valorTotal, isReference: undefined, value: Object} @ http://localhost:3000/_next/static/chunks/11hm_next_dist_0m6rgog._.js:2441
[   64902ms] [LOG] [DEBUG] Renderizando celda: {columnId: valorTotal, isReference: undefined, value: Object} @ http://localhost:3000/_next/static/chunks/11hm_next_dist_0m6rgog._.js:2441
[   64902ms] [LOG] [DEBUG] Renderizando celda: {columnId: satisfaccion, isReference: undefined, value: Object} @ http://localhost:3000/_next/static/chunks/11hm_next_dist_0m6rgog._.js:2441
[   64902ms] [LOG] [DEBUG] Renderizando celda: {columnId: satisfaccion, isReference: undefined, value: Object} @ http://localhost:3000/_next/static/chunks/11hm_next_dist_0m6rgog._.js:2441
[   64902ms] [LOG] [DEBUG] Renderizando celda: {columnId: activo, isReference: undefined, value: Object} @ http://localhost:3000/_next/static/chunks/11hm_next_dist_0m6rgog._.js:2441
[   64902ms] [LOG] [DEBUG] Renderizando celda: {columnId: activo, isReference: undefined, value: Object} @ http://localhost:3000/_next/static/chunks/11hm_next_dist_0m6rgog._.js:2441
[   64904ms] [LOG] [DEBUG] Renderizando SecondaryTables: {level: 0, parentId: undefined, isLoading: true, arrayColumnsCount: 0, arrayColumns: Array(0)} @ http://localhost:3000/_next/static/chunks/11hm_next_dist_0m6rgog._.js:2441
[   64904ms] [LOG] [DEBUG] Renderizando SecondaryTables: {level: 0, parentId: undefined, isLoading: true, arrayColumnsCount: 0, arrayColumns: Array(0)} @ http://localhost:3000/_next/static/chunks/11hm_next_dist_0m6rgog._.js:2441
[   65197ms] [LOG] [DEBUG] Effective column order: {baseOrder: Array(14), pinnedColumnId: index, otherColumns: Array(13), hasActions: true, result: Array(15)} @ http://localhost:3000/_next/static/chunks/11hm_next_dist_0m6rgog._.js:2441
[   65197ms] [LOG] [DEBUG] Effective column order: {baseOrder: Array(14), pinnedColumnId: index, otherColumns: Array(13), hasActions: true, result: Array(15)} @ http://localhost:3000/_next/static/chunks/11hm_next_dist_0m6rgog._.js:2441
[   65198ms] [LOG] [DEBUG] Effective column order: {baseOrder: Array(14), pinnedColumnId: index, otherColumns: Array(13), hasActions: true, result: Array(15)} @ http://localhost:3000/_next/static/chunks/11hm_next_dist_0m6rgog._.js:2441
[   65198ms] [LOG] [DEBUG] Effective column order: {baseOrder: Array(14), pinnedColumnId: index, otherColumns: Array(13), hasActions: true, result: Array(15)} @ http://localhost:3000/_next/static/chunks/11hm_next_dist_0m6rgog._.js:2441
[   65205ms] [LOG] [DEBUG] Renderizando celda: {columnId: id, isReference: undefined, value: Object} @ http://localhost:3000/_next/static/chunks/11hm_next_dist_0m6rgog._.js:2441
[   65205ms] [LOG] [DEBUG] Renderizando celda: {columnId: id, isReference: undefined, value: Object} @ http://localhost:3000/_next/static/chunks/11hm_next_dist_0m6rgog._.js:2441
[   65205ms] [LOG] [DEBUG] Renderizando celda: {columnId: nombre, isReference: undefined, value: Object} @ http://localhost:3000/_next/static/chunks/11hm_next_dist_0m6rgog._.js:2441
[   65205ms] [LOG] [DEBUG] Renderizando celda: {columnId: nombre, isReference: undefined, value: Object} @ http://localhost:3000/_next/static/chunks/11hm_next_dist_0m6rgog._.js:2441
[   65205ms] [LOG] [DEBUG] Renderizando celda: {columnId: email, isReference: undefined, value: Object} @ http://localhost:3000/_next/static/chunks/11hm_next_dist_0m6rgog._.js:2441
[   65206ms] [LOG] [DEBUG] Renderizando celda: {columnId: email, isReference: undefined, value: Object} @ http://localhost:3000/_next/static/chunks/11hm_next_dist_0m6rgog._.js:2441
[   65206ms] [LOG] [DEBUG] Renderizando celda: {columnId: telefono, isReference: undefined, value: Object} @ http://localhost:3000/_next/static/chunks/11hm_next_dist_0m6rgog._.js:2441
[   65206ms] [LOG] [DEBUG] Renderizando celda: {columnId: telefono, isReference: undefined, value: Object} @ http://localhost:3000/_next/static/chunks/11hm_next_dist_0m6rgog._.js:2441
[   65206ms] [LOG] [DEBUG] Renderizando celda: {columnId: ciudad, isReference: undefined, value: Object} @ http://localhost:3000/_next/static/chunks/11hm_next_dist_0m6rgog._.js:2441
[   65206ms] [LOG] [DEBUG] Renderizando celda: {columnId: ciudad, isReference: undefined, value: Object} @ http://localhost:3000/_next/static/chunks/11hm_next_dist_0m6rgog._.js:2441
[   65206ms] [LOG] [DEBUG] Renderizando celda: {columnId: estado, isReference: undefined, value: Object} @ http://localhost:3000/_next/static/chunks/11hm_next_dist_0m6rgog._.js:2441
[   65206ms] [LOG] [DEBUG] Renderizando celda: {columnId: estado, isReference: undefined, value: Object} @ http://localhost:3000/_next/static/chunks/11hm_next_dist_0m6rgog._.js:2441
[   65206ms] [LOG] [DEBUG] Renderizando celda: {columnId: fechaRegistro, isReference: undefined, value: Object} @ http://localhost:3000/_next/static/chunks/11hm_next_dist_0m6rgog._.js:2441
[   65206ms] [LOG] [DEBUG] Renderizando celda: {columnId: fechaRegistro, isReference: undefined, value: Object} @ http://localhost:3000/_next/static/chunks/11hm_next_dist_0m6rgog._.js:2441
[   65206ms] [LOG] [DEBUG] Renderizando celda: {columnId: ultimoContacto, isReference: undefined, value: Object} @ http://localhost:3000/_next/static/chunks/11hm_next_dist_0m6rgog._.js:2441
[   65206ms] [LOG] [DEBUG] Renderizando celda: {columnId: ultimoContacto, isReference: undefined, value: Object} @ http://localhost:3000/_next/static/chunks/11hm_next_dist_0m6rgog._.js:2441
[   65206ms] [LOG] [DEBUG] Renderizando celda: {columnId: valorTotal, isReference: undefined, value: Object} @ http://localhost:3000/_next/static/chunks/11hm_next_dist_0m6rgog._.js:2441
[   65206ms] [LOG] [DEBUG] Renderizando celda: {columnId: valorTotal, isReference: undefined, value: Object} @ http://localhost:3000/_next/static/chunks/11hm_next_dist_0m6rgog._.js:2441
[   65206ms] [LOG] [DEBUG] Renderizando celda: {columnId: satisfaccion, isReference: undefined, value: Object} @ http://localhost:3000/_next/static/chunks/11hm_next_dist_0m6rgog._.js:2441
[   65207ms] [LOG] [DEBUG] Renderizando celda: {columnId: satisfaccion, isReference: undefined, value: Object} @ http://localhost:3000/_next/static/chunks/11hm_next_dist_0m6rgog._.js:2441
[   65207ms] [LOG] [DEBUG] Renderizando celda: {columnId: activo, isReference: undefined, value: Object} @ http://localhost:3000/_next/static/chunks/11hm_next_dist_0m6rgog._.js:2441
[   65207ms] [LOG] [DEBUG] Renderizando celda: {columnId: activo, isReference: undefined, value: Object} @ http://localhost:3000/_next/static/chunks/11hm_next_dist_0m6rgog._.js:2441
[   65210ms] [LOG] [DEBUG] Renderizando SecondaryTables: {level: 0, parentId: undefined, isLoading: false, arrayColumnsCount: 0, arrayColumns: Array(0)} @ http://localhost:3000/_next/static/chunks/11hm_next_dist_0m6rgog._.js:2441
[   65210ms] [LOG] [DEBUG] Renderizando SecondaryTables: {level: 0, parentId: undefined, isLoading: false, arrayColumnsCount: 0, arrayColumns: Array(0)} @ http://localhost:3000/_next/static/chunks/11hm_next_dist_0m6rgog._.js:2441
[  450212ms] [LOG] [DEBUG] Valores unicos procesados: {columnId: telefono, columnType: string, uniqueValues: Array(1)} @ http://localhost:3000/_next/static/chunks/11hm_next_dist_0m6rgog._.js:2441
[  450213ms] [LOG] [DEBUG] FilterFactory initialValue debug: {columnId: telefono, columnType: string, propsInitialValue: undefined, currentFilter: undefined} @ http://localhost:3000/_next/static/chunks/11hm_next_dist_0m6rgog._.js:2441
[  450213ms] [LOG] [DEBUG] Filter selection for column: {columnId: telefono, columnType: string, useAdaptiveFiltering: false, sampleData: Array(1)} @ http://localhost:3000/_next/static/chunks/11hm_next_dist_0m6rgog._.js:2441
[  450213ms] [LOG] [DEBUG] FILTER FACTORY - Seleccionando filtro: {columnId: telefono, columnType: string, uniqueValuesCount: 1, sampleValues: Array(1)} @ http://localhost:3000/_next/static/chunks/11hm_next_dist_0m6rgog._.js:2441
[  450213ms] [LOG] [DEBUG] Valores unicos procesados: {columnId: telefono, columnType: string, uniqueValues: Array(1)} @ http://localhost:3000/_next/static/chunks/11hm_next_dist_0m6rgog._.js:2441
[  450214ms] [LOG] [DEBUG] FilterFactory initialValue debug: {columnId: telefono, columnType: string, propsInitialValue: undefined, currentFilter: undefined} @ http://localhost:3000/_next/static/chunks/11hm_next_dist_0m6rgog._.js:2441
[  450214ms] [LOG] [DEBUG] Filter selection for column: {columnId: telefono, columnType: string, useAdaptiveFiltering: false, sampleData: Array(1)} @ http://localhost:3000/_next/static/chunks/11hm_next_dist_0m6rgog._.js:2441
[  450214ms] [LOG] [DEBUG] FILTER FACTORY - Seleccionando filtro: {columnId: telefono, columnType: string, uniqueValuesCount: 1, sampleValues: Array(1)} @ http://localhost:3000/_next/static/chunks/11hm_next_dist_0m6rgog._.js:2441
[  450236ms] [WARNING] Warning: Missing `Description` or `aria-describedby={undefined}` for {DialogContent}. @ http://localhost:3000/_next/static/chunks/11hm_next_dist_0m6rgog._.js:2441
[  450238ms] [WARNING] Warning: Missing `Description` or `aria-describedby={undefined}` for {DialogContent}. @ http://localhost:3000/_next/static/chunks/11hm_next_dist_0m6rgog._.js:2441
[  464327ms] [LOG] [DEBUG] Valores unicos procesados: {columnId: nombre, columnType: string, uniqueValues: Array(25)} @ http://localhost:3000/_next/static/chunks/11hm_next_dist_0m6rgog._.js:2441
[  464328ms] [LOG] [DEBUG] FilterFactory initialValue debug: {columnId: nombre, columnType: string, propsInitialValue: Object, currentFilter: Object} @ http://localhost:3000/_next/static/chunks/11hm_next_dist_0m6rgog._.js:2441
[  464328ms] [LOG] [DEBUG] Filter selection for column: {columnId: nombre, columnType: string, useAdaptiveFiltering: false, sampleData: Array(3)} @ http://localhost:3000/_next/static/chunks/11hm_next_dist_0m6rgog._.js:2441
[  464328ms] [LOG] [DEBUG] FILTER FACTORY - Seleccionando filtro: {columnId: nombre, columnType: string, uniqueValuesCount: 25, sampleValues: Array(3)} @ http://localhost:3000/_next/static/chunks/11hm_next_dist_0m6rgog._.js:2441
[  464329ms] [LOG] [DEBUG] Valores unicos procesados: {columnId: nombre, columnType: string, uniqueValues: Array(25)} @ http://localhost:3000/_next/static/chunks/11hm_next_dist_0m6rgog._.js:2441
[  464329ms] [LOG] [DEBUG] FilterFactory initialValue debug: {columnId: nombre, columnType: string, propsInitialValue: Object, currentFilter: Object} @ http://localhost:3000/_next/static/chunks/11hm_next_dist_0m6rgog._.js:2441
[  464329ms] [LOG] [DEBUG] Filter selection for column: {columnId: nombre, columnType: string, useAdaptiveFiltering: false, sampleData: Array(3)} @ http://localhost:3000/_next/static/chunks/11hm_next_dist_0m6rgog._.js:2441
[  464329ms] [LOG] [DEBUG] FILTER FACTORY - Seleccionando filtro: {columnId: nombre, columnType: string, uniqueValuesCount: 25, sampleValues: Array(3)} @ http://localhost:3000/_next/static/chunks/11hm_next_dist_0m6rgog._.js:2441
[  464351ms] [WARNING] Warning: Missing `Description` or `aria-describedby={undefined}` for {DialogContent}. @ http://localhost:3000/_next/static/chunks/11hm_next_dist_0m6rgog._.js:2441
[  464353ms] [WARNING] Warning: Missing `Description` or `aria-describedby={undefined}` for {DialogContent}. @ http://localhost:3000/_next/static/chunks/11hm_next_dist_0m6rgog._.js:2441
[  466193ms] [LOG] [DEBUG] Clearing filter for column: nombre @ http://localhost:3000/_next/static/chunks/11hm_next_dist_0m6rgog._.js:2441
[  466195ms] [LOG] [DEBUG] Effective column order: {baseOrder: Array(14), pinnedColumnId: index, otherColumns: Array(13), hasActions: true, result: Array(15)} @ http://localhost:3000/_next/static/chunks/11hm_next_dist_0m6rgog._.js:2441
[  466195ms] [LOG] [DEBUG] Effective column order: {baseOrder: Array(14), pinnedColumnId: index, otherColumns: Array(13), hasActions: true, result: Array(15)} @ http://localhost:3000/_next/static/chunks/11hm_next_dist_0m6rgog._.js:2441
[  466210ms] [LOG] [DEBUG] Effective column order: {baseOrder: Array(14), pinnedColumnId: index, otherColumns: Array(13), hasActions: true, result: Array(15)} @ http://localhost:3000/_next/static/chunks/11hm_next_dist_0m6rgog._.js:2441
[  466210ms] [LOG] [DEBUG] Effective column order: {baseOrder: Array(14), pinnedColumnId: index, otherColumns: Array(13), hasActions: true, result: Array(15)} @ http://localhost:3000/_next/static/chunks/11hm_next_dist_0m6rgog._.js:2441
[  466235ms] [LOG] [DEBUG] Valores unicos procesados: {columnId: nombre, columnType: string, uniqueValues: Array(25)} @ http://localhost:3000/_next/static/chunks/11hm_next_dist_0m6rgog._.js:2441
[  466235ms] [LOG] [DEBUG] FilterFactory initialValue debug: {columnId: nombre, columnType: string, propsInitialValue: undefined, currentFilter: undefined} @ http://localhost:3000/_next/static/chunks/11hm_next_dist_0m6rgog._.js:2441
[  466235ms] [LOG] [DEBUG] Filter selection for column: {columnId: nombre, columnType: string, useAdaptiveFiltering: false, sampleData: Array(3)} @ http://localhost:3000/_next/static/chunks/11hm_next_dist_0m6rgog._.js:2441
[  466236ms] [LOG] [DEBUG] FILTER FACTORY - Seleccionando filtro: {columnId: nombre, columnType: string, uniqueValuesCount: 25, sampleValues: Array(3)} @ http://localhost:3000/_next/static/chunks/11hm_next_dist_0m6rgog._.js:2441
[  466236ms] [LOG] [DEBUG] Valores unicos procesados: {columnId: nombre, columnType: string, uniqueValues: Array(25)} @ http://localhost:3000/_next/static/chunks/11hm_next_dist_0m6rgog._.js:2441
[  466236ms] [LOG] [DEBUG] FilterFactory initialValue debug: {columnId: nombre, columnType: string, propsInitialValue: undefined, currentFilter: undefined} @ http://localhost:3000/_next/static/chunks/11hm_next_dist_0m6rgog._.js:2441
[  466236ms] [LOG] [DEBUG] Filter selection for column: {columnId: nombre, columnType: string, useAdaptiveFiltering: false, sampleData: Array(3)} @ http://localhost:3000/_next/static/chunks/11hm_next_dist_0m6rgog._.js:2441
[  466236ms] [LOG] [DEBUG] FILTER FACTORY - Seleccionando filtro: {columnId: nombre, columnType: string, uniqueValuesCount: 25, sampleValues: Array(3)} @ http://localhost:3000/_next/static/chunks/11hm_next_dist_0m6rgog._.js:2441
[  466290ms] [LOG] [DEBUG] Renderizando celda: {columnId: id, isReference: undefined, value: Object} @ http://localhost:3000/_next/static/chunks/11hm_next_dist_0m6rgog._.js:2441
[  466290ms] [LOG] [DEBUG] Renderizando celda: {columnId: id, isReference: undefined, value: Object} @ http://localhost:3000/_next/static/chunks/11hm_next_dist_0m6rgog._.js:2441
[  466290ms] [LOG] [DEBUG] Renderizando celda: {columnId: nombre, isReference: undefined, value: Object} @ http://localhost:3000/_next/static/chunks/11hm_next_dist_0m6rgog._.js:2441
[  466290ms] [LOG] [DEBUG] Renderizando celda: {columnId: nombre, isReference: undefined, value: Object} @ http://localhost:3000/_next/static/chunks/11hm_next_dist_0m6rgog._.js:2441
[  466290ms] [LOG] [DEBUG] Renderizando celda: {columnId: email, isReference: undefined, value: Object} @ http://localhost:3000/_next/static/chunks/11hm_next_dist_0m6rgog._.js:2441
[  466290ms] [LOG] [DEBUG] Renderizando celda: {columnId: email, isReference: undefined, value: Object} @ http://localhost:3000/_next/static/chunks/11hm_next_dist_0m6rgog._.js:2441
[  466290ms] [LOG] [DEBUG] Renderizando celda: {columnId: telefono, isReference: undefined, value: Object} @ http://localhost:3000/_next/static/chunks/11hm_next_dist_0m6rgog._.js:2441
[  466290ms] [LOG] [DEBUG] Renderizando celda: {columnId: telefono, isReference: undefined, value: Object} @ http://localhost:3000/_next/static/chunks/11hm_next_dist_0m6rgog._.js:2441
[  466291ms] [LOG] [DEBUG] Renderizando celda: {columnId: ciudad, isReference: undefined, value: Object} @ http://localhost:3000/_next/static/chunks/11hm_next_dist_0m6rgog._.js:2441
[  466291ms] [LOG] [DEBUG] Renderizando celda: {columnId: ciudad, isReference: undefined, value: Object} @ http://localhost:3000/_next/static/chunks/11hm_next_dist_0m6rgog._.js:2441
[  466291ms] [LOG] [DEBUG] Renderizando celda: {columnId: estado, isReference: undefined, value: Object} @ http://localhost:3000/_next/static/chunks/11hm_next_dist_0m6rgog._.js:2441
[  466291ms] [LOG] [DEBUG] Renderizando celda: {columnId: estado, isReference: undefined, value: Object} @ http://localhost:3000/_next/static/chunks/11hm_next_dist_0m6rgog._.js:2441
[  466291ms] [LOG] [DEBUG] Renderizando celda: {columnId: fechaRegistro, isReference: undefined, value: Object} @ http://localhost:3000/_next/static/chunks/11hm_next_dist_0m6rgog._.js:2441
[  466291ms] [LOG] [DEBUG] Renderizando celda: {columnId: fechaRegistro, isReference: undefined, value: Object} @ http://localhost:3000/_next/static/chunks/11hm_next_dist_0m6rgog._.js:2441
[  466291ms] [LOG] [DEBUG] Renderizando celda: {columnId: ultimoContacto, isReference: undefined, value: Object} @ http://localhost:3000/_next/static/chunks/11hm_next_dist_0m6rgog._.js:2441
[  466291ms] [LOG] [DEBUG] Renderizando celda: {columnId: ultimoContacto, isReference: undefined, value: Object} @ http://localhost:3000/_next/static/chunks/11hm_next_dist_0m6rgog._.js:2441
[  466291ms] [LOG] [DEBUG] Renderizando celda: {columnId: valorTotal, isReference: undefined, value: Object} @ http://localhost:3000/_next/static/chunks/11hm_next_dist_0m6rgog._.js:2441
[  466291ms] [LOG] [DEBUG] Renderizando celda: {columnId: valorTotal, isReference: undefined, value: Object} @ http://localhost:3000/_next/static/chunks/11hm_next_dist_0m6rgog._.js:2441
[  466292ms] [LOG] [DEBUG] Tipo corregido: string -> number {originalValue: 3840, originalType: string, detectedType: number} @ http://localhost:3000/_next/static/chunks/11hm_next_dist_0m6rgog._.js:2441
[  466292ms] [LOG] [DEBUG] Tipo corregido: string -> number {originalValue: 3840, originalType: string, detectedType: number} @ http://localhost:3000/_next/static/chunks/11hm_next_dist_0m6rgog._.js:2441
[  466292ms] [LOG] [DEBUG] Renderizando celda: {columnId: satisfaccion, isReference: undefined, value: Object} @ http://localhost:3000/_next/static/chunks/11hm_next_dist_0m6rgog._.js:2441
[  466292ms] [LOG] [DEBUG] Renderizando celda: {columnId: satisfaccion, isReference: undefined, value: Object} @ http://localhost:3000/_next/static/chunks/11hm_next_dist_0m6rgog._.js:2441
[  466292ms] [LOG] [DEBUG] Renderizando celda: {columnId: activo, isReference: undefined, value: Object} @ http://localhost:3000/_next/static/chunks/11hm_next_dist_0m6rgog._.js:2441
[  466292ms] [LOG] [DEBUG] Renderizando celda: {columnId: activo, isReference: undefined, value: Object} @ http://localhost:3000/_next/static/chunks/11hm_next_dist_0m6rgog._.js:2441
[  466292ms] [LOG] [DEBUG] Tipo corregido: boolean -> string {originalValue: true, originalType: boolean, detectedType: string} @ http://localhost:3000/_next/static/chunks/11hm_next_dist_0m6rgog._.js:2441
[  466292ms] [LOG] [DEBUG] Tipo corregido: boolean -> string {originalValue: true, originalType: boolean, detectedType: string} @ http://localhost:3000/_next/static/chunks/11hm_next_dist_0m6rgog._.js:2441
[  466297ms] [LOG] [DEBUG] Renderizando celda: {columnId: id, isReference: undefined, value: Object} @ http://localhost:3000/_next/static/chunks/11hm_next_dist_0m6rgog._.js:2441
[  466297ms] [LOG] [DEBUG] Renderizando celda: {columnId: id, isReference: undefined, value: Object} @ http://localhost:3000/_next/static/chunks/11hm_next_dist_0m6rgog._.js:2441
[  466297ms] [LOG] [DEBUG] Renderizando celda: {columnId: nombre, isReference: undefined, value: Object} @ http://localhost:3000/_next/static/chunks/11hm_next_dist_0m6rgog._.js:2441
[  466297ms] [LOG] [DEBUG] Renderizando celda: {columnId: nombre, isReference: undefined, value: Object} @ http://localhost:3000/_next/static/chunks/11hm_next_dist_0m6rgog._.js:2441
[  466298ms] [LOG] [DEBUG] Renderizando celda: {columnId: email, isReference: undefined, value: Object} @ http://localhost:3000/_next/static/chunks/11hm_next_dist_0m6rgog._.js:2441
[  466298ms] [LOG] [DEBUG] Renderizando celda: {columnId: email, isReference: undefined, value: Object} @ http://localhost:3000/_next/static/chunks/11hm_next_dist_0m6rgog._.js:2441
[  466298ms] [LOG] [DEBUG] Renderizando celda: {columnId: telefono, isReference: undefined, value: Object} @ http://localhost:3000/_next/static/chunks/11hm_next_dist_0m6rgog._.js:2441
[  466298ms] [LOG] [DEBUG] Renderizando celda: {columnId: telefono, isReference: undefined, value: Object} @ http://localhost:3000/_next/static/chunks/11hm_next_dist_0m6rgog._.js:2441
[  466298ms] [LOG] [DEBUG] Renderizando celda: {columnId: ciudad, isReference: undefined, value: Object} @ http://localhost:3000/_next/static/chunks/11hm_next_dist_0m6rgog._.js:2441
[  466298ms] [LOG] [DEBUG] Renderizando celda: {columnId: ciudad, isReference: undefined, value: Object} @ http://localhost:3000/_next/static/chunks/11hm_next_dist_0m6rgog._.js:2441
[  466298ms] [LOG] [DEBUG] Renderizando celda: {columnId: estado, isReference: undefined, value: Object} @ http://localhost:3000/_next/static/chunks/11hm_next_dist_0m6rgog._.js:2441
[  466298ms] [LOG] [DEBUG] Renderizando celda: {columnId: estado, isReference: undefined, value: Object} @ http://localhost:3000/_next/static/chunks/11hm_next_dist_0m6rgog._.js:2441
[  466298ms] [LOG] [DEBUG] Renderizando celda: {columnId: fechaRegistro, isReference: undefined, value: Object} @ http://localhost:3000/_next/static/chunks/11hm_next_dist_0m6rgog._.js:2441
[  466298ms] [LOG] [DEBUG] Renderizando celda: {columnId: fechaRegistro, isReference: undefined, value: Object} @ http://localhost:3000/_next/static/chunks/11hm_next_dist_0m6rgog._.js:2441
[  466299ms] [LOG] [DEBUG] Renderizando celda: {columnId: ultimoContacto, isReference: undefined, value: Object} @ http://localhost:3000/_next/static/chunks/11hm_next_dist_0m6rgog._.js:2441
[  466299ms] [LOG] [DEBUG] Renderizando celda: {columnId: ultimoContacto, isReference: undefined, value: Object} @ http://localhost:3000/_next/static/chunks/11hm_next_dist_0m6rgog._.js:2441
[  466299ms] [LOG] [DEBUG] Renderizando celda: {columnId: valorTotal, isReference: undefined, value: Object} @ http://localhost:3000/_next/static/chunks/11hm_next_dist_0m6rgog._.js:2441
[  466299ms] [LOG] [DEBUG] Renderizando celda: {columnId: valorTotal, isReference: undefined, value: Object} @ http://localhost:3000/_next/static/chunks/11hm_next_dist_0m6rgog._.js:2441
[  466299ms] [LOG] [DEBUG] Tipo corregido: string -> number {originalValue: 6120, originalType: string, detectedType: number} @ http://localhost:3000/_next/static/chunks/11hm_next_dist_0m6rgog._.js:2441
[  466299ms] [LOG] [DEBUG] Tipo corregido: string -> number {originalValue: 6120, originalType: string, detectedType: number} @ http://localhost:3000/_next/static/chunks/11hm_next_dist_0m6rgog._.js:2441
[  466299ms] [LOG] [DEBUG] Renderizando celda: {columnId: satisfaccion, isReference: undefined, value: Object} @ http://localhost:3000/_next/static/chunks/11hm_next_dist_0m6rgog._.js:2441
[  466299ms] [LOG] [DEBUG] Renderizando celda: {columnId: satisfaccion, isReference: undefined, value: Object} @ http://localhost:3000/_next/static/chunks/11hm_next_dist_0m6rgog._.js:2441
[  466299ms] [LOG] [DEBUG] Renderizando celda: {columnId: activo, isReference: undefined, value: Object} @ http://localhost:3000/_next/static/chunks/11hm_next_dist_0m6rgog._.js:2441
[  466299ms] [LOG] [DEBUG] Renderizando celda: {columnId: activo, isReference: undefined, value: Object} @ http://localhost:3000/_next/static/chunks/11hm_next_dist_0m6rgog._.js:2441
[  466299ms] [LOG] [DEBUG] Tipo corregido: boolean -> string {originalValue: true, originalType: boolean, detectedType: string} @ http://localhost:3000/_next/static/chunks/11hm_next_dist_0m6rgog._.js:2441
[  466299ms] [LOG] [DEBUG] Tipo corregido: boolean -> string {originalValue: true, originalType: boolean, detectedType: string} @ http://localhost:3000/_next/static/chunks/11hm_next_dist_0m6rgog._.js:2441
[  466305ms] [LOG] [DEBUG] Renderizando celda: {columnId: id, isReference: undefined, value: Object} @ http://localhost:3000/_next/static/chunks/11hm_next_dist_0m6rgog._.js:2441
[  466305ms] [LOG] [DEBUG] Renderizando celda: {columnId: id, isReference: undefined, value: Object} @ http://localhost:3000/_next/static/chunks/11hm_next_dist_0m6rgog._.js:2441
[  466305ms] [LOG] [DEBUG] Renderizando celda: {columnId: nombre, isReference: undefined, value: Object} @ http://localhost:3000/_next/static/chunks/11hm_next_dist_0m6rgog._.js:2441
[  466305ms] [LOG] [DEBUG] Renderizando celda: {columnId: nombre, isReference: undefined, value: Object} @ http://localhost:3000/_next/static/chunks/11hm_next_dist_0m6rgog._.js:2441
[  466305ms] [LOG] [DEBUG] Renderizando celda: {columnId: email, isReference: undefined, value: Object} @ http://localhost:3000/_next/static/chunks/11hm_next_dist_0m6rgog._.js:2441
[  466305ms] [LOG] [DEBUG] Renderizando celda: {columnId: email, isReference: undefined, value: Object} @ http://localhost:3000/_next/static/chunks/11hm_next_dist_0m6rgog._.js:2441
[  466305ms] [LOG] [DEBUG] Renderizando celda: {columnId: telefono, isReference: undefined, value: Object} @ http://localhost:3000/_next/static/chunks/11hm_next_dist_0m6rgog._.js:2441
[  466305ms] [LOG] [DEBUG] Renderizando celda: {columnId: telefono, isReference: undefined, value: Object} @ http://localhost:3000/_next/static/chunks/11hm_next_dist_0m6rgog._.js:2441
[  466306ms] [LOG] [DEBUG] Renderizando celda: {columnId: ciudad, isReference: undefined, value: Object} @ http://localhost:3000/_next/static/chunks/11hm_next_dist_0m6rgog._.js:2441
[  466306ms] [LOG] [DEBUG] Renderizando celda: {columnId: ciudad, isReference: undefined, value: Object} @ http://localhost:3000/_next/static/chunks/11hm_next_dist_0m6rgog._.js:2441
[  466306ms] [LOG] [DEBUG] Renderizando celda: {columnId: estado, isReference: undefined, value: Object} @ http://localhost:3000/_next/static/chunks/11hm_next_dist_0m6rgog._.js:2441
[  466306ms] [LOG] [DEBUG] Renderizando celda: {columnId: estado, isReference: undefined, value: Object} @ http://localhost:3000/_next/static/chunks/11hm_next_dist_0m6rgog._.js:2441
[  466306ms] [LOG] [DEBUG] Renderizando celda: {columnId: fechaRegistro, isReference: undefined, value: Object} @ http://localhost:3000/_next/static/chunks/11hm_next_dist_0m6rgog._.js:2441
[  466306ms] [LOG] [DEBUG] Renderizando celda: {columnId: fechaRegistro, isReference: undefined, value: Object} @ http://localhost:3000/_next/static/chunks/11hm_next_dist_0m6rgog._.js:2441
[  466306ms] [LOG] [DEBUG] Renderizando celda: {columnId: ultimoContacto, isReference: undefined, value: Object} @ http://localhost:3000/_next/static/chunks/11hm_next_dist_0m6rgog._.js:2441
[  466306ms] [LOG] [DEBUG] Renderizando celda: {columnId: ultimoContacto, isReference: undefined, value: Object} @ http://localhost:3000/_next/static/chunks/11hm_next_dist_0m6rgog._.js:2441
[  466306ms] [LOG] [DEBUG] Renderizando celda: {columnId: valorTotal, isReference: undefined, value: Object} @ http://localhost:3000/_next/static/chunks/11hm_next_dist_0m6rgog._.js:2441
[  466306ms] [LOG] [DEBUG] Renderizando celda: {columnId: valorTotal, isReference: undefined, value: Object} @ http://localhost:3000/_next/static/chunks/11hm_next_dist_0m6rgog._.js:2441
[  466307ms] [LOG] [DEBUG] Tipo corregido: string -> number {originalValue: 0, originalType: string, detectedType: number} @ http://localhost:3000/_next/static/chunks/11hm_next_dist_0m6rgog._.js:2441
[  466307ms] [LOG] [DEBUG] Tipo corregido: string -> number {originalValue: 0, originalType: string, detectedType: number} @ http://localhost:3000/_next/static/chunks/11hm_next_dist_0m6rgog._.js:2441
[  466307ms] [LOG] [DEBUG] Renderizando celda: {columnId: satisfaccion, isReference: undefined, value: Object} @ http://localhost:3000/_next/static/chunks/11hm_next_dist_0m6rgog._.js:2441
[  466307ms] [LOG] [DEBUG] Renderizando celda: {columnId: satisfaccion, isReference: undefined, value: Object} @ http://localhost:3000/_next/static/chunks/11hm_next_dist_0m6rgog._.js:2441
[  466307ms] [LOG] [DEBUG] Renderizando celda: {columnId: activo, isReference: undefined, value: Object} @ http://localhost:3000/_next/static/chunks/11hm_next_dist_0m6rgog._.js:2441
[  466307ms] [LOG] [DEBUG] Renderizando celda: {columnId: activo, isReference: undefined, value: Object} @ http://localhost:3000/_next/static/chunks/11hm_next_dist_0m6rgog._.js:2441
[  466307ms] [LOG] [DEBUG] Tipo corregido: boolean -> string {originalValue: false, originalType: boolean, detectedType: string} @ http://localhost:3000/_next/static/chunks/11hm_next_dist_0m6rgog._.js:2441
[  466307ms] [LOG] [DEBUG] Tipo corregido: boolean -> string {originalValue: false, originalType: boolean, detectedType: string} @ http://localhost:3000/_next/static/chunks/11hm_next_dist_0m6rgog._.js:2441
[  466313ms] [LOG] [DEBUG] Renderizando celda: {columnId: id, isReference: undefined, value: Object} @ http://localhost:3000/_next/static/chunks/11hm_next_dist_0m6rgog._.js:2441
[  466313ms] [LOG] [DEBUG] Renderizando celda: {columnId: id, isReference: undefined, value: Object} @ http://localhost:3000/_next/static/chunks/11hm_next_dist_0m6rgog._.js:2441
[  466313ms] [LOG] [DEBUG] Renderizando celda: {columnId: nombre, isReference: undefined, value: Object} @ http://localhost:3000/_next/static/chunks/11hm_next_dist_0m6rgog._.js:2441
[  466313ms] [LOG] [DEBUG] Renderizando celda: {columnId: nombre, isReference: undefined, value: Object} @ http://localhost:3000/_next/static/chunks/11hm_next_dist_0m6rgog._.js:2441
[  466313ms] [LOG] [DEBUG] Renderizando celda: {columnId: email, isReference: undefined, value: Object} @ http://localhost:3000/_next/static/chunks/11hm_next_dist_0m6rgog._.js:2441
[  466313ms] [LOG] [DEBUG] Renderizando celda: {columnId: email, isReference: undefined, value: Object} @ http://localhost:3000/_next/static/chunks/11hm_next_dist_0m6rgog._.js:2441
[  466313ms] [LOG] [DEBUG] Renderizando celda: {columnId: telefono, isReference: undefined, value: Object} @ http://localhost:3000/_next/static/chunks/11hm_next_dist_0m6rgog._.js:2441
[  466313ms] [LOG] [DEBUG] Renderizando celda: {columnId: telefono, isReference: undefined, value: Object} @ http://localhost:3000/_next/static/chunks/11hm_next_dist_0m6rgog._.js:2441
[  466314ms] [LOG] [DEBUG] Renderizando celda: {columnId: ciudad, isReference: undefined, value: Object} @ http://localhost:3000/_next/static/chunks/11hm_next_dist_0m6rgog._.js:2441
[  466314ms] [LOG] [DEBUG] Renderizando celda: {columnId: ciudad, isReference: undefined, value: Object} @ http://localhost:3000/_next/static/chunks/11hm_next_dist_0m6rgog._.js:2441
[  466314ms] [LOG] [DEBUG] Renderizando celda: {columnId: estado, isReference: undefined, value: Object} @ http://localhost:3000/_next/static/chunks/11hm_next_dist_0m6rgog._.js:2441
[  466314ms] [LOG] [DEBUG] Renderizando celda: {columnId: estado, isReference: undefined, value: Object} @ http://localhost:3000/_next/static/chunks/11hm_next_dist_0m6rgog._.js:2441
[  466314ms] [LOG] [DEBUG] Renderizando celda: {columnId: fechaRegistro, isReference: undefined, value: Object} @ http://localhost:3000/_next/static/chunks/11hm_next_dist_0m6rgog._.js:2441
[  466314ms] [LOG] [DEBUG] Renderizando celda: {columnId: fechaRegistro, isReference: undefined, value: Object} @ http://localhost:3000/_next/static/chunks/11hm_next_dist_0m6rgog._.js:2441
[  466314ms] [LOG] [DEBUG] Renderizando celda: {columnId: ultimoContacto, isReference: undefined, value: Object} @ http://localhost:3000/_next/static/chunks/11hm_next_dist_0m6rgog._.js:2441
[  466314ms] [LOG] [DEBUG] Renderizando celda: {columnId: ultimoContacto, isReference: undefined, value: Object} @ http://localhost:3000/_next/static/chunks/11hm_next_dist_0m6rgog._.js:2441
[  466315ms] [LOG] [DEBUG] Renderizando celda: {columnId: valorTotal, isReference: undefined, value: Object} @ http://localhost:3000/_next/static/chunks/11hm_next_dist_0m6rgog._.js:2441
[  466315ms] [LOG] [DEBUG] Renderizando celda: {columnId: valorTotal, isReference: undefined, value: Object} @ http://localhost:3000/_next/static/chunks/11hm_next_dist_0m6rgog._.js:2441
[  466315ms] [LOG] [DEBUG] Tipo corregido: string -> number {originalValue: 2280, originalType: string, detectedType: number} @ http://localhost:3000/_next/static/chunks/11hm_next_dist_0m6rgog._.js:2441
[  466315ms] [LOG] [DEBUG] Tipo corregido: string -> number {originalValue: 2280, originalType: string, detectedType: number} @ http://localhost:3000/_next/static/chunks/11hm_next_dist_0m6rgog._.js:2441
[  466315ms] [LOG] [DEBUG] Renderizando celda: {columnId: satisfaccion, isReference: undefined, value: Object} @ http://localhost:3000/_next/static/chunks/11hm_next_dist_0m6rgog._.js:2441
[  466315ms] [LOG] [DEBUG] Renderizando celda: {columnId: satisfaccion, isReference: undefined, value: Object} @ http://localhost:3000/_next/static/chunks/11hm_next_dist_0m6rgog._.js:2441
[  466315ms] [LOG] [DEBUG] Renderizando celda: {columnId: activo, isReference: undefined, value: Object} @ http://localhost:3000/_next/static/chunks/11hm_next_dist_0m6rgog._.js:2441
[  466315ms] [LOG] [DEBUG] Renderizando celda: {columnId: activo, isReference: undefined, value: Object} @ http://localhost:3000/_next/static/chunks/11hm_next_dist_0m6rgog._.js:2441
[  466315ms] [LOG] [DEBUG] Tipo corregido: boolean -> string {originalValue: false, originalType: boolean, detectedType: string} @ http://localhost:3000/_next/static/chunks/11hm_next_dist_0m6rgog._.js:2441
[  466315ms] [LOG] [DEBUG] Tipo corregido: boolean -> string {originalValue: false, originalType: boolean, detectedType: string} @ http://localhost:3000/_next/static/chunks/11hm_next_dist_0m6rgog._.js:2441
[  466320ms] [LOG] [DEBUG] Renderizando celda: {columnId: id, isReference: undefined, value: Object} @ http://localhost:3000/_next/static/chunks/11hm_next_dist_0m6rgog._.js:2441
[  466320ms] [LOG] [DEBUG] Renderizando celda: {columnId: id, isReference: undefined, value: Object} @ http://localhost:3000/_next/static/chunks/11hm_next_dist_0m6rgog._.js:2441
[  466320ms] [LOG] [DEBUG] Renderizando celda: {columnId: nombre, isReference: undefined, value: Object} @ http://localhost:3000/_next/static/chunks/11hm_next_dist_0m6rgog._.js:2441
[  466320ms] [LOG] [DEBUG] Renderizando celda: {columnId: nombre, isReference: undefined, value: Object} @ http://localhost:3000/_next/static/chunks/11hm_next_dist_0m6rgog._.js:2441
[  466320ms] [LOG] [DEBUG] Renderizando celda: {columnId: email, isReference: undefined, value: Object} @ http://localhost:3000/_next/static/chunks/11hm_next_dist_0m6rgog._.js:2441
[  466321ms] [LOG] [DEBUG] Renderizando celda: {columnId: email, isReference: undefined, value: Object} @ http://localhost:3000/_next/static/chunks/11hm_next_dist_0m6rgog._.js:2441
[  466321ms] [LOG] [DEBUG] Renderizando celda: {columnId: telefono, isReference: undefined, value: Object} @ http://localhost:3000/_next/static/chunks/11hm_next_dist_0m6rgog._.js:2441
[  466321ms] [LOG] [DEBUG] Renderizando celda: {columnId: telefono, isReference: undefined, value: Object} @ http://localhost:3000/_next/static/chunks/11hm_next_dist_0m6rgog._.js:2441
[  466321ms] [LOG] [DEBUG] Renderizando celda: {columnId: ciudad, isReference: undefined, value: Object} @ http://localhost:3000/_next/static/chunks/11hm_next_dist_0m6rgog._.js:2441
[  466321ms] [LOG] [DEBUG] Renderizando celda: {columnId: ciudad, isReference: undefined, value: Object} @ http://localhost:3000/_next/static/chunks/11hm_next_dist_0m6rgog._.js:2441
[  466321ms] [LOG] [DEBUG] Renderizando celda: {columnId: estado, isReference: undefined, value: Object} @ http://localhost:3000/_next/static/chunks/11hm_next_dist_0m6rgog._.js:2441
[  466321ms] [LOG] [DEBUG] Renderizando celda: {columnId: estado, isReference: undefined, value: Object} @ http://localhost:3000/_next/static/chunks/11hm_next_dist_0m6rgog._.js:2441
[  466321ms] [LOG] [DEBUG] Renderizando celda: {columnId: fechaRegistro, isReference: undefined, value: Object} @ http://localhost:3000/_next/static/chunks/11hm_next_dist_0m6rgog._.js:2441
[  466321ms] [LOG] [DEBUG] Renderizando celda: {columnId: fechaRegistro, isReference: undefined, value: Object} @ http://localhost:3000/_next/static/chunks/11hm_next_dist_0m6rgog._.js:2441
[  466321ms] [LOG] [DEBUG] Renderizando celda: {columnId: ultimoContacto, isReference: undefined, value: Object} @ http://localhost:3000/_next/static/chunks/11hm_next_dist_0m6rgog._.js:2441
[  466322ms] [LOG] [DEBUG] Renderizando celda: {columnId: ultimoContacto, isReference: undefined, value: Object} @ http://localhost:3000/_next/static/chunks/11hm_next_dist_0m6rgog._.js:2441
[  466322ms] [LOG] [DEBUG] Renderizando celda: {columnId: valorTotal, isReference: undefined, value: Object} @ http://localhost:3000/_next/static/chunks/11hm_next_dist_0m6rgog._.js:2441
[  466323ms] [LOG] [DEBUG] Renderizando celda: {columnId: valorTotal, isReference: undefined, value: Object} @ http://localhost:3000/_next/static/chunks/11hm_next_dist_0m6rgog._.js:2441
[  466323ms] [LOG] [DEBUG] Tipo corregido: string -> number {originalValue: 4560, originalType: string, detectedType: number} @ http://localhost:3000/_next/static/chunks/11hm_next_dist_0m6rgog._.js:2441
[  466323ms] [LOG] [DEBUG] Tipo corregido: string -> number {originalValue: 4560, originalType: string, detectedType: number} @ http://localhost:3000/_next/static/chunks/11hm_next_dist_0m6rgog._.js:2441
[  466323ms] [LOG] [DEBUG] Renderizando celda: {columnId: satisfaccion, isReference: undefined, value: Object} @ http://localhost:3000/_next/static/chunks/11hm_next_dist_0m6rgog._.js:2441
[  466323ms] [LOG] [DEBUG] Renderizando celda: {columnId: satisfaccion, isReference: undefined, value: Object} @ http://localhost:3000/_next/static/chunks/11hm_next_dist_0m6rgog._.js:2441
[  466323ms] [LOG] [DEBUG] Renderizando celda: {columnId: activo, isReference: undefined, value: Object} @ http://localhost:3000/_next/static/chunks/11hm_next_dist_0m6rgog._.js:2441
[  466324ms] [LOG] [DEBUG] Renderizando celda: {columnId: activo, isReference: undefined, value: Object} @ http://localhost:3000/_next/static/chunks/11hm_next_dist_0m6rgog._.js:2441
[  466324ms] [LOG] [DEBUG] Tipo corregido: boolean -> string {originalValue: true, originalType: boolean, detectedType: string} @ http://localhost:3000/_next/static/chunks/11hm_next_dist_0m6rgog._.js:2441
[  466324ms] [LOG] [DEBUG] Tipo corregido: boolean -> string {originalValue: true, originalType: boolean, detectedType: string} @ http://localhost:3000/_next/static/chunks/11hm_next_dist_0m6rgog._.js:2441
[  466329ms] [LOG] [DEBUG] Renderizando celda: {columnId: id, isReference: undefined, value: Object} @ http://localhost:3000/_next/static/chunks/11hm_next_dist_0m6rgog._.js:2441
[  466329ms] [LOG] [DEBUG] Renderizando celda: {columnId: id, isReference: undefined, value: Object} @ http://localhost:3000/_next/static/chunks/11hm_next_dist_0m6rgog._.js:2441
[  466329ms] [LOG] [DEBUG] Renderizando celda: {columnId: nombre, isReference: undefined, value: Object} @ http://localhost:3000/_next/static/chunks/11hm_next_dist_0m6rgog._.js:2441
[  466329ms] [LOG] [DEBUG] Renderizando celda: {columnId: nombre, isReference: undefined, value: Object} @ http://localhost:3000/_next/static/chunks/11hm_next_dist_0m6rgog._.js:2441
[  466329ms] [LOG] [DEBUG] Renderizando celda: {columnId: email, isReference: undefined, value: Object} @ http://localhost:3000/_next/static/chunks/11hm_next_dist_0m6rgog._.js:2441
[  466329ms] [LOG] [DEBUG] Renderizando celda: {columnId: email, isReference: undefined, value: Object} @ http://localhost:3000/_next/static/chunks/11hm_next_dist_0m6rgog._.js:2441
[  466329ms] [LOG] [DEBUG] Renderizando celda: {columnId: telefono, isReference: undefined, value: Object} @ http://localhost:3000/_next/static/chunks/11hm_next_dist_0m6rgog._.js:2441
[  466330ms] [LOG] [DEBUG] Renderizando celda: {columnId: telefono, isReference: undefined, value: Object} @ http://localhost:3000/_next/static/chunks/11hm_next_dist_0m6rgog._.js:2441
[  466330ms] [LOG] [DEBUG] Renderizando celda: {columnId: ciudad, isReference: undefined, value: Object} @ http://localhost:3000/_next/static/chunks/11hm_next_dist_0m6rgog._.js:2441
[  466330ms] [LOG] [DEBUG] Renderizando celda: {columnId: ciudad, isReference: undefined, value: Object} @ http://localhost:3000/_next/static/chunks/11hm_next_dist_0m6rgog._.js:2441
[  466330ms] [LOG] [DEBUG] Renderizando celda: {columnId: estado, isReference: undefined, value: Object} @ http://localhost:3000/_next/static/chunks/11hm_next_dist_0m6rgog._.js:2441
[  466330ms] [LOG] [DEBUG] Renderizando celda: {columnId: estado, isReference: undefined, value: Object} @ http://localhost:3000/_next/static/chunks/11hm_next_dist_0m6rgog._.js:2441
[  466330ms] [LOG] [DEBUG] Renderizando celda: {columnId: fechaRegistro, isReference: undefined, value: Object} @ http://localhost:3000/_next/static/chunks/11hm_next_dist_0m6rgog._.js:2441
[  466330ms] [LOG] [DEBUG] Renderizando celda: {columnId: fechaRegistro, isReference: undefined, value: Object} @ http://localhost:3000/_next/static/chunks/11hm_next_dist_0m6rgog._.js:2441
[  466330ms] [LOG] [DEBUG] Renderizando celda: {columnId: ultimoContacto, isReference: undefined, value: Object} @ http://localhost:3000/_next/static/chunks/11hm_next_dist_0m6rgog._.js:2441
[  466330ms] [LOG] [DEBUG] Renderizando celda: {columnId: ultimoContacto, isReference: undefined, value: Object} @ http://localhost:3000/_next/static/chunks/11hm_next_dist_0m6rgog._.js:2441
[  466331ms] [LOG] [DEBUG] Renderizando celda: {columnId: valorTotal, isReference: undefined, value: Object} @ http://localhost:3000/_next/static/chunks/11hm_next_dist_0m6rgog._.js:2441
[  466331ms] [LOG] [DEBUG] Renderizando celda: {columnId: valorTotal, isReference: undefined, value: Object} @ http://localhost:3000/_next/static/chunks/11hm_next_dist_0m6rgog._.js:2441
[  466331ms] [LOG] [DEBUG] Renderizando celda: {columnId: satisfaccion, isReference: undefined, value: Object} @ http://localhost:3000/_next/static/chunks/11hm_next_dist_0m6rgog._.js:2441
[  466331ms] [LOG] [DEBUG] Renderizando celda: {columnId: satisfaccion, isReference: undefined, value: Object} @ http://localhost:3000/_next/static/chunks/11hm_next_dist_0m6rgog._.js:2441
[  466331ms] [LOG] [DEBUG] Renderizando celda: {columnId: activo, isReference: undefined, value: Object} @ http://localhost:3000/_next/static/chunks/11hm_next_dist_0m6rgog._.js:2441
[  466331ms] [LOG] [DEBUG] Renderizando celda: {columnId: activo, isReference: undefined, value: Object} @ http://localhost:3000/_next/static/chunks/11hm_next_dist_0m6rgog._.js:2441
[  466331ms] [LOG] [DEBUG] Tipo corregido: boolean -> string {originalValue: true, originalType: boolean, detectedType: string} @ http://localhost:3000/_next/static/chunks/11hm_next_dist_0m6rgog._.js:2441
[  466331ms] [LOG] [DEBUG] Tipo corregido: boolean -> string {originalValue: true, originalType: boolean, detectedType: string} @ http://localhost:3000/_next/static/chunks/11hm_next_dist_0m6rgog._.js:2441
[  466336ms] [LOG] [DEBUG] Renderizando celda: {columnId: id, isReference: undefined, value: Object} @ http://localhost:3000/_next/static/chunks/11hm_next_dist_0m6rgog._.js:2441
[  466336ms] [LOG] [DEBUG] Renderizando celda: {columnId: id, isReference: undefined, value: Object} @ http://localhost:3000/_next/static/chunks/11hm_next_dist_0m6rgog._.js:2441
[  466337ms] [LOG] [DEBUG] Renderizando celda: {columnId: nombre, isReference: undefined, value: Object} @ http://localhost:3000/_next/static/chunks/11hm_next_dist_0m6rgog._.js:2441
[  466337ms] [LOG] [DEBUG] Renderizando celda: {columnId: nombre, isReference: undefined, value: Object} @ http://localhost:3000/_next/static/chunks/11hm_next_dist_0m6rgog._.js:2441
[  466337ms] [LOG] [DEBUG] Renderizando celda: {columnId: email, isReference: undefined, value: Object} @ http://localhost:3000/_next/static/chunks/11hm_next_dist_0m6rgog._.js:2441
[  466337ms] [LOG] [DEBUG] Renderizando celda: {columnId: email, isReference: undefined, value: Object} @ http://localhost:3000/_next/static/chunks/11hm_next_dist_0m6rgog._.js:2441
[  466337ms] [LOG] [DEBUG] Renderizando celda: {columnId: telefono, isReference: undefined, value: Object} @ http://localhost:3000/_next/static/chunks/11hm_next_dist_0m6rgog._.js:2441
[  466337ms] [LOG] [DEBUG] Renderizando celda: {columnId: telefono, isReference: undefined, value: Object} @ http://localhost:3000/_next/static/chunks/11hm_next_dist_0m6rgog._.js:2441
[  466337ms] [LOG] [DEBUG] Renderizando celda: {columnId: ciudad, isReference: undefined, value: Object} @ http://localhost:3000/_next/static/chunks/11hm_next_dist_0m6rgog._.js:2441
[  466337ms] [LOG] [DEBUG] Renderizando celda: {columnId: ciudad, isReference: undefined, value: Object} @ http://localhost:3000/_next/static/chunks/11hm_next_dist_0m6rgog._.js:2441
[  466337ms] [LOG] [DEBUG] Renderizando celda: {columnId: estado, isReference: undefined, value: Object} @ http://localhost:3000/_next/static/chunks/11hm_next_dist_0m6rgog._.js:2441
[  466338ms] [LOG] [DEBUG] Renderizando celda: {columnId: estado, isReference: undefined, value: Object} @ http://localhost:3000/_next/static/chunks/11hm_next_dist_0m6rgog._.js:2441
[  466338ms] [LOG] [DEBUG] Renderizando celda: {columnId: fechaRegistro, isReference: undefined, value: Object} @ http://localhost:3000/_next/static/chunks/11hm_next_dist_0m6rgog._.js:2441
[  466338ms] [LOG] [DEBUG] Renderizando celda: {columnId: fechaRegistro, isReference: undefined, value: Object} @ http://localhost:3000/_next/static/chunks/11hm_next_dist_0m6rgog._.js:2441
[  466338ms] [LOG] [DEBUG] Renderizando celda: {columnId: ultimoContacto, isReference: undefined, value: Object} @ http://localhost:3000/_next/static/chunks/11hm_next_dist_0m6rgog._.js:2441
[  466338ms] [LOG] [DEBUG] Renderizando celda: {columnId: ultimoContacto, isReference: undefined, value: Object} @ http://localhost:3000/_next/static/chunks/11hm_next_dist_0m6rgog._.js:2441
[  466338ms] [LOG] [DEBUG] Renderizando celda: {columnId: valorTotal, isReference: undefined, value: Object} @ http://localhost:3000/_next/static/chunks/11hm_next_dist_0m6rgog._.js:2441
[  466338ms] [LOG] [DEBUG] Renderizando celda: {columnId: valorTotal, isReference: undefined, value: Object} @ http://localhost:3000/_next/static/chunks/11hm_next_dist_0m6rgog._.js:2441
[  466338ms] [LOG] [DEBUG] Tipo corregido: string -> number {originalValue: 0, originalType: string, detectedType: number} @ http://localhost:3000/_next/static/chunks/11hm_next_dist_0m6rgog._.js:2441
[  466338ms] [LOG] [DEBUG] Tipo corregido: string -> number {originalValue: 0, originalType: string, detectedType: number} @ http://localhost:3000/_next/static/chunks/11hm_next_dist_0m6rgog._.js:2441
[  466338ms] [LOG] [DEBUG] Renderizando celda: {columnId: satisfaccion, isReference: undefined, value: Object} @ http://localhost:3000/_next/static/chunks/11hm_next_dist_0m6rgog._.js:2441
[  466339ms] [LOG] [DEBUG] Renderizando celda: {columnId: satisfaccion, isReference: undefined, value: Object} @ http://localhost:3000/_next/static/chunks/11hm_next_dist_0m6rgog._.js:2441
[  466339ms] [LOG] [DEBUG] Renderizando celda: {columnId: activo, isReference: undefined, value: Object} @ http://localhost:3000/_next/static/chunks/11hm_next_dist_0m6rgog._.js:2441
[  466339ms] [LOG] [DEBUG] Renderizando celda: {columnId: activo, isReference: undefined, value: Object} @ http://localhost:3000/_next/static/chunks/11hm_next_dist_0m6rgog._.js:2441
[  466339ms] [LOG] [DEBUG] Tipo corregido: boolean -> string {originalValue: false, originalType: boolean, detectedType: string} @ http://localhost:3000/_next/static/chunks/11hm_next_dist_0m6rgog._.js:2441
[  466339ms] [LOG] [DEBUG] Tipo corregido: boolean -> string {originalValue: false, originalType: boolean, detectedType: string} @ http://localhost:3000/_next/static/chunks/11hm_next_dist_0m6rgog._.js:2441
[  466340ms] [LOG] [DEBUG] Renderizando celda: {columnId: id, isReference: undefined, value: Object} @ http://localhost:3000/_next/static/chunks/11hm_next_dist_0m6rgog._.js:2441
[  466340ms] [LOG] [DEBUG] Renderizando celda: {columnId: id, isReference: undefined, value: Object} @ http://localhost:3000/_next/static/chunks/11hm_next_dist_0m6rgog._.js:2441
[  466340ms] [LOG] [DEBUG] Renderizando celda: {columnId: nombre, isReference: undefined, value: Object} @ http://localhost:3000/_next/static/chunks/11hm_next_dist_0m6rgog._.js:2441
[  466340ms] [LOG] [DEBUG] Renderizando celda: {columnId: nombre, isReference: undefined, value: Object} @ http://localhost:3000/_next/static/chunks/11hm_next_dist_0m6rgog._.js:2441
[  466340ms] [LOG] [DEBUG] Renderizando celda: {columnId: email, isReference: undefined, value: Object} @ http://localhost:3000/_next/static/chunks/11hm_next_dist_0m6rgog._.js:2441
[  466341ms] [LOG] [DEBUG] Renderizando celda: {columnId: email, isReference: undefined, value: Object} @ http://localhost:3000/_next/static/chunks/11hm_next_dist_0m6rgog._.js:2441
[  466341ms] [LOG] [DEBUG] Renderizando celda: {columnId: telefono, isReference: undefined, value: Object} @ http://localhost:3000/_next/static/chunks/11hm_next_dist_0m6rgog._.js:2441
[  466341ms] [LOG] [DEBUG] Renderizando celda: {columnId: telefono, isReference: undefined, value: Object} @ http://localhost:3000/_next/static/chunks/11hm_next_dist_0m6rgog._.js:2441
[  466341ms] [LOG] [DEBUG] Renderizando celda: {columnId: ciudad, isReference: undefined, value: Object} @ http://localhost:3000/_next/static/chunks/11hm_next_dist_0m6rgog._.js:2441
[  466341ms] [LOG] [DEBUG] Renderizando celda: {columnId: ciudad, isReference: undefined, value: Object} @ http://localhost:3000/_next/static/chunks/11hm_next_dist_0m6rgog._.js:2441
[  466341ms] [LOG] [DEBUG] Renderizando celda: {columnId: estado, isReference: undefined, value: Object} @ http://localhost:3000/_next/static/chunks/11hm_next_dist_0m6rgog._.js:2441
[  466341ms] [LOG] [DEBUG] Renderizando celda: {columnId: estado, isReference: undefined, value: Object} @ http://localhost:3000/_next/static/chunks/11hm_next_dist_0m6rgog._.js:2441
[  466341ms] [LOG] [DEBUG] Renderizando celda: {columnId: fechaRegistro, isReference: undefined, value: Object} @ http://localhost:3000/_next/static/chunks/11hm_next_dist_0m6rgog._.js:2441
[  466341ms] [LOG] [DEBUG] Renderizando celda: {columnId: fechaRegistro, isReference: undefined, value: Object} @ http://localhost:3000/_next/static/chunks/11hm_next_dist_0m6rgog._.js:2441
[  466341ms] [LOG] [DEBUG] Renderizando celda: {columnId: ultimoContacto, isReference: undefined, value: Object} @ http://localhost:3000/_next/static/chunks/11hm_next_dist_0m6rgog._.js:2441
[  466341ms] [LOG] [DEBUG] Renderizando celda: {columnId: ultimoContacto, isReference: undefined, value: Object} @ http://localhost:3000/_next/static/chunks/11hm_next_dist_0m6rgog._.js:2441
[  466341ms] [LOG] [DEBUG] Renderizando celda: {columnId: valorTotal, isReference: undefined, value: Object} @ http://localhost:3000/_next/static/chunks/11hm_next_dist_0m6rgog._.js:2441
[  466341ms] [LOG] [DEBUG] Renderizando celda: {columnId: valorTotal, isReference: undefined, value: Object} @ http://localhost:3000/_next/static/chunks/11hm_next_dist_0m6rgog._.js:2441
[  466341ms] [LOG] [DEBUG] Tipo corregido: string -> number {originalValue: 3120, originalType: string, detectedType: number} @ http://localhost:3000/_next/static/chunks/11hm_next_dist_0m6rgog._.js:2441
[  466341ms] [LOG] [DEBUG] Tipo corregido: string -> number {originalValue: 3120, originalType: string, detectedType: number} @ http://localhost:3000/_next/static/chunks/11hm_next_dist_0m6rgog._.js:2441
[  466342ms] [LOG] [DEBUG] Renderizando celda: {columnId: satisfaccion, isReference: undefined, value: Object} @ http://localhost:3000/_next/static/chunks/11hm_next_dist_0m6rgog._.js:2441
[  466342ms] [LOG] [DEBUG] Renderizando celda: {columnId: satisfaccion, isReference: undefined, value: Object} @ http://localhost:3000/_next/static/chunks/11hm_next_dist_0m6rgog._.js:2441
[  466342ms] [LOG] [DEBUG] Renderizando celda: {columnId: activo, isReference: undefined, value: Object} @ http://localhost:3000/_next/static/chunks/11hm_next_dist_0m6rgog._.js:2441
[  466342ms] [LOG] [DEBUG] Renderizando celda: {columnId: activo, isReference: undefined, value: Object} @ http://localhost:3000/_next/static/chunks/11hm_next_dist_0m6rgog._.js:2441
[  466342ms] [LOG] [DEBUG] Tipo corregido: boolean -> string {originalValue: true, originalType: boolean, detectedType: string} @ http://localhost:3000/_next/static/chunks/11hm_next_dist_0m6rgog._.js:2441
[  466342ms] [LOG] [DEBUG] Tipo corregido: boolean -> string {originalValue: true, originalType: boolean, detectedType: string} @ http://localhost:3000/_next/static/chunks/11hm_next_dist_0m6rgog._.js:2441
[  466343ms] [LOG] [DEBUG] Renderizando celda: {columnId: id, isReference: undefined, value: Object} @ http://localhost:3000/_next/static/chunks/11hm_next_dist_0m6rgog._.js:2441
[  466343ms] [LOG] [DEBUG] Renderizando celda: {columnId: id, isReference: undefined, value: Object} @ http://localhost:3000/_next/static/chunks/11hm_next_dist_0m6rgog._.js:2441
[  466343ms] [LOG] [DEBUG] Renderizando celda: {columnId: nombre, isReference: undefined, value: Object} @ http://localhost:3000/_next/static/chunks/11hm_next_dist_0m6rgog._.js:2441
[  466343ms] [LOG] [DEBUG] Renderizando celda: {columnId: nombre, isReference: undefined, value: Object} @ http://localhost:3000/_next/static/chunks/11hm_next_dist_0m6rgog._.js:2441
[  466343ms] [LOG] [DEBUG] Renderizando celda: {columnId: email, isReference: undefined, value: Object} @ http://localhost:3000/_next/static/chunks/11hm_next_dist_0m6rgog._.js:2441
[  466343ms] [LOG] [DEBUG] Renderizando celda: {columnId: email, isReference: undefined, value: Object} @ http://localhost:3000/_next/static/chunks/11hm_next_dist_0m6rgog._.js:2441
[  466343ms] [LOG] [DEBUG] Renderizando celda: {columnId: telefono, isReference: undefined, value: Object} @ http://localhost:3000/_next/static/chunks/11hm_next_dist_0m6rgog._.js:2441
[  466343ms] [LOG] [DEBUG] Renderizando celda: {columnId: telefono, isReference: undefined, value: Object} @ http://localhost:3000/_next/static/chunks/11hm_next_dist_0m6rgog._.js:2441
[  466343ms] [LOG] [DEBUG] Renderizando celda: {columnId: ciudad, isReference: undefined, value: Object} @ http://localhost:3000/_next/static/chunks/11hm_next_dist_0m6rgog._.js:2441
[  466343ms] [LOG] [DEBUG] Renderizando celda: {columnId: ciudad, isReference: undefined, value: Object} @ http://localhost:3000/_next/static/chunks/11hm_next_dist_0m6rgog._.js:2441
[  466343ms] [LOG] [DEBUG] Renderizando celda: {columnId: estado, isReference: undefined, value: Object} @ http://localhost:3000/_next/static/chunks/11hm_next_dist_0m6rgog._.js:2441
[  466343ms] [LOG] [DEBUG] Renderizando celda: {columnId: estado, isReference: undefined, value: Object} @ http://localhost:3000/_next/static/chunks/11hm_next_dist_0m6rgog._.js:2441
[  466343ms] [LOG] [DEBUG] Renderizando celda: {columnId: fechaRegistro, isReference: undefined, value: Object} @ http://localhost:3000/_next/static/chunks/11hm_next_dist_0m6rgog._.js:2441
[  466343ms] [LOG] [DEBUG] Renderizando celda: {columnId: fechaRegistro, isReference: undefined, value: Object} @ http://localhost:3000/_next/static/chunks/11hm_next_dist_0m6rgog._.js:2441
[  466344ms] [LOG] [DEBUG] Renderizando celda: {columnId: ultimoContacto, isReference: undefined, value: Object} @ http://localhost:3000/_next/static/chunks/11hm_next_dist_0m6rgog._.js:2441
[  466344ms] [LOG] [DEBUG] Renderizando celda: {columnId: ultimoContacto, isReference: undefined, value: Object} @ http://localhost:3000/_next/static/chunks/11hm_next_dist_0m6rgog._.js:2441
[  466344ms] [LOG] [DEBUG] Renderizando celda: {columnId: valorTotal, isReference: undefined, value: Object} @ http://localhost:3000/_next/static/chunks/11hm_next_dist_0m6rgog._.js:2441
[  466344ms] [LOG] [DEBUG] Renderizando celda: {columnId: valorTotal, isReference: undefined, value: Object} @ http://localhost:3000/_next/static/chunks/11hm_next_dist_0m6rgog._.js:2441
[  466344ms] [LOG] [DEBUG] Tipo corregido: string -> number {originalValue: 1680, originalType: string, detectedType: number} @ http://localhost:3000/_next/static/chunks/11hm_next_dist_0m6rgog._.js:2441
[  466344ms] [LOG] [DEBUG] Tipo corregido: string -> number {originalValue: 1680, originalType: string, detectedType: number} @ http://localhost:3000/_next/static/chunks/11hm_next_dist_0m6rgog._.js:2441
[  466344ms] [LOG] [DEBUG] Renderizando celda: {columnId: satisfaccion, isReference: undefined, value: Object} @ http://localhost:3000/_next/static/chunks/11hm_next_dist_0m6rgog._.js:2441
[  466344ms] [LOG] [DEBUG] Renderizando celda: {columnId: satisfaccion, isReference: undefined, value: Object} @ http://localhost:3000/_next/static/chunks/11hm_next_dist_0m6rgog._.js:2441
[  466344ms] [LOG] [DEBUG] Renderizando celda: {columnId: activo, isReference: undefined, value: Object} @ http://localhost:3000/_next/static/chunks/11hm_next_dist_0m6rgog._.js:2441
[  466344ms] [LOG] [DEBUG] Renderizando celda: {columnId: activo, isReference: undefined, value: Object} @ http://localhost:3000/_next/static/chunks/11hm_next_dist_0m6rgog._.js:2441
[  466344ms] [LOG] [DEBUG] Tipo corregido: boolean -> string {originalValue: false, originalType: boolean, detectedType: string} @ http://localhost:3000/_next/static/chunks/11hm_next_dist_0m6rgog._.js:2441
[  466344ms] [LOG] [DEBUG] Tipo corregido: boolean -> string {originalValue: false, originalType: boolean, detectedType: string} @ http://localhost:3000/_next/static/chunks/11hm_next_dist_0m6rgog._.js:2441
[  466345ms] [LOG] [DEBUG] Renderizando celda: {columnId: id, isReference: undefined, value: Object} @ http://localhost:3000/_next/static/chunks/11hm_next_dist_0m6rgog._.js:2441
[  466345ms] [LOG] [DEBUG] Renderizando celda: {columnId: id, isReference: undefined, value: Object} @ http://localhost:3000/_next/static/chunks/11hm_next_dist_0m6rgog._.js:2441
[  466345ms] [LOG] [DEBUG] Renderizando celda: {columnId: nombre, isReference: undefined, value: Object} @ http://localhost:3000/_next/static/chunks/11hm_next_dist_0m6rgog._.js:2441
[  466345ms] [LOG] [DEBUG] Renderizando celda: {columnId: nombre, isReference: undefined, value: Object} @ http://localhost:3000/_next/static/chunks/11hm_next_dist_0m6rgog._.js:2441
[  466345ms] [LOG] [DEBUG] Renderizando celda: {columnId: email, isReference: undefined, value: Object} @ http://localhost:3000/_next/static/chunks/11hm_next_dist_0m6rgog._.js:2441
[  466345ms] [LOG] [DEBUG] Renderizando celda: {columnId: email, isReference: undefined, value: Object} @ http://localhost:3000/_next/static/chunks/11hm_next_dist_0m6rgog._.js:2441
[  466345ms] [LOG] [DEBUG] Renderizando celda: {columnId: telefono, isReference: undefined, value: Object} @ http://localhost:3000/_next/static/chunks/11hm_next_dist_0m6rgog._.js:2441
[  466345ms] [LOG] [DEBUG] Renderizando celda: {columnId: telefono, isReference: undefined, value: Object} @ http://localhost:3000/_next/static/chunks/11hm_next_dist_0m6rgog._.js:2441
[  466346ms] [LOG] [DEBUG] Renderizando celda: {columnId: ciudad, isReference: undefined, value: Object} @ http://localhost:3000/_next/static/chunks/11hm_next_dist_0m6rgog._.js:2441
[  466346ms] [LOG] [DEBUG] Renderizando celda: {columnId: ciudad, isReference: undefined, value: Object} @ http://localhost:3000/_next/static/chunks/11hm_next_dist_0m6rgog._.js:2441
[  466346ms] [LOG] [DEBUG] Renderizando celda: {columnId: estado, isReference: undefined, value: Object} @ http://localhost:3000/_next/static/chunks/11hm_next_dist_0m6rgog._.js:2441
[  466346ms] [LOG] [DEBUG] Renderizando celda: {columnId: estado, isReference: undefined, value: Object} @ http://localhost:3000/_next/static/chunks/11hm_next_dist_0m6rgog._.js:2441
[  466346ms] [LOG] [DEBUG] Renderizando celda: {columnId: fechaRegistro, isReference: undefined, value: Object} @ http://localhost:3000/_next/static/chunks/11hm_next_dist_0m6rgog._.js:2441
[  466346ms] [LOG] [DEBUG] Renderizando celda: {columnId: fechaRegistro, isReference: undefined, value: Object} @ http://localhost:3000/_next/static/chunks/11hm_next_dist_0m6rgog._.js:2441
[  466346ms] [LOG] [DEBUG] Renderizando celda: {columnId: ultimoContacto, isReference: undefined, value: Object} @ http://localhost:3000/_next/static/chunks/11hm_next_dist_0m6rgog._.js:2441
[  466346ms] [LOG] [DEBUG] Renderizando celda: {columnId: ultimoContacto, isReference: undefined, value: Object} @ http://localhost:3000/_next/static/chunks/11hm_next_dist_0m6rgog._.js:2441
[  466346ms] [LOG] [DEBUG] Renderizando celda: {columnId: valorTotal, isReference: undefined, value: Object} @ http://localhost:3000/_next/static/chunks/11hm_next_dist_0m6rgog._.js:2441
[  466346ms] [LOG] [DEBUG] Renderizando celda: {columnId: valorTotal, isReference: undefined, value: Object} @ http://localhost:3000/_next/static/chunks/11hm_next_dist_0m6rgog._.js:2441
[  466346ms] [LOG] [DEBUG] Tipo corregido: string -> number {originalValue: 480, originalType: string, detectedType: number} @ http://localhost:3000/_next/static/chunks/11hm_next_dist_0m6rgog._.js:2441
[  466346ms] [LOG] [DEBUG] Tipo corregido: string -> number {originalValue: 480, originalType: string, detectedType: number} @ http://localhost:3000/_next/static/chunks/11hm_next_dist_0m6rgog._.js:2441
[  466347ms] [LOG] [DEBUG] Renderizando celda: {columnId: satisfaccion, isReference: undefined, value: Object} @ http://localhost:3000/_next/static/chunks/11hm_next_dist_0m6rgog._.js:2441
[  466347ms] [LOG] [DEBUG] Renderizando celda: {columnId: satisfaccion, isReference: undefined, value: Object} @ http://localhost:3000/_next/static/chunks/11hm_next_dist_0m6rgog._.js:2441
[  466347ms] [LOG] [DEBUG] Renderizando celda: {columnId: activo, isReference: undefined, value: Object} @ http://localhost:3000/_next/static/chunks/11hm_next_dist_0m6rgog._.js:2441
[  466347ms] [LOG] [DEBUG] Renderizando celda: {columnId: activo, isReference: undefined, value: Object} @ http://localhost:3000/_next/static/chunks/11hm_next_dist_0m6rgog._.js:2441
[  466347ms] [LOG] [DEBUG] Tipo corregido: boolean -> string {originalValue: true, originalType: boolean, detectedType: string} @ http://localhost:3000/_next/static/chunks/11hm_next_dist_0m6rgog._.js:2441
[  466347ms] [LOG] [DEBUG] Tipo corregido: boolean -> string {originalValue: true, originalType: boolean, detectedType: string} @ http://localhost:3000/_next/static/chunks/11hm_next_dist_0m6rgog._.js:2441
[  466349ms] [LOG] [DEBUG] Renderizando SecondaryTables: {level: 0, parentId: undefined, isLoading: false, arrayColumnsCount: 0, arrayColumns: Array(0)} @ http://localhost:3000/_next/static/chunks/11hm_next_dist_0m6rgog._.js:2441
[  466349ms] [LOG] [DEBUG] Renderizando SecondaryTables: {level: 0, parentId: undefined, isLoading: false, arrayColumnsCount: 0, arrayColumns: Array(0)} @ http://localhost:3000/_next/static/chunks/11hm_next_dist_0m6rgog._.js:2441
[  466362ms] [LOG] [DEBUG] Effective column order: {baseOrder: Array(14), pinnedColumnId: index, otherColumns: Array(13), hasActions: true, result: Array(15)} @ http://localhost:3000/_next/static/chunks/11hm_next_dist_0m6rgog._.js:2441
[  466362ms] [LOG] [DEBUG] Effective column order: {baseOrder: Array(14), pinnedColumnId: index, otherColumns: Array(13), hasActions: true, result: Array(15)} @ http://localhost:3000/_next/static/chunks/11hm_next_dist_0m6rgog._.js:2441
[  466363ms] [LOG] [DEBUG] Effective column order: {baseOrder: Array(14), pinnedColumnId: index, otherColumns: Array(13), hasActions: true, result: Array(15)} @ http://localhost:3000/_next/static/chunks/11hm_next_dist_0m6rgog._.js:2441
[  466363ms] [LOG] [DEBUG] Effective column order: {baseOrder: Array(14), pinnedColumnId: index, otherColumns: Array(13), hasActions: true, result: Array(15)} @ http://localhost:3000/_next/static/chunks/11hm_next_dist_0m6rgog._.js:2441
[  466368ms] [LOG] [DEBUG] Renderizando celda: {columnId: id, isReference: undefined, value: Object} @ http://localhost:3000/_next/static/chunks/11hm_next_dist_0m6rgog._.js:2441
[  466368ms] [LOG] [DEBUG] Renderizando celda: {columnId: id, isReference: undefined, value: Object} @ http://localhost:3000/_next/static/chunks/11hm_next_dist_0m6rgog._.js:2441
[  466368ms] [LOG] [DEBUG] Renderizando celda: {columnId: nombre, isReference: undefined, value: Object} @ http://localhost:3000/_next/static/chunks/11hm_next_dist_0m6rgog._.js:2441
[  466368ms] [LOG] [DEBUG] Renderizando celda: {columnId: nombre, isReference: undefined, value: Object} @ http://localhost:3000/_next/static/chunks/11hm_next_dist_0m6rgog._.js:2441
[  466368ms] [LOG] [DEBUG] Renderizando celda: {columnId: email, isReference: undefined, value: Object} @ http://localhost:3000/_next/static/chunks/11hm_next_dist_0m6rgog._.js:2441
[  466368ms] [LOG] [DEBUG] Renderizando celda: {columnId: email, isReference: undefined, value: Object} @ http://localhost:3000/_next/static/chunks/11hm_next_dist_0m6rgog._.js:2441
[  466368ms] [LOG] [DEBUG] Renderizando celda: {columnId: telefono, isReference: undefined, value: Object} @ http://localhost:3000/_next/static/chunks/11hm_next_dist_0m6rgog._.js:2441
[  466368ms] [LOG] [DEBUG] Renderizando celda: {columnId: telefono, isReference: undefined, value: Object} @ http://localhost:3000/_next/static/chunks/11hm_next_dist_0m6rgog._.js:2441
[  466369ms] [LOG] [DEBUG] Renderizando celda: {columnId: ciudad, isReference: undefined, value: Object} @ http://localhost:3000/_next/static/chunks/11hm_next_dist_0m6rgog._.js:2441
[  466369ms] [LOG] [DEBUG] Renderizando celda: {columnId: ciudad, isReference: undefined, value: Object} @ http://localhost:3000/_next/static/chunks/11hm_next_dist_0m6rgog._.js:2441
[  466369ms] [LOG] [DEBUG] Renderizando celda: {columnId: estado, isReference: undefined, value: Object} @ http://localhost:3000/_next/static/chunks/11hm_next_dist_0m6rgog._.js:2441
[  466369ms] [LOG] [DEBUG] Renderizando celda: {columnId: estado, isReference: undefined, value: Object} @ http://localhost:3000/_next/static/chunks/11hm_next_dist_0m6rgog._.js:2441
[  466369ms] [LOG] [DEBUG] Renderizando celda: {columnId: fechaRegistro, isReference: undefined, value: Object} @ http://localhost:3000/_next/static/chunks/11hm_next_dist_0m6rgog._.js:2441
[  466369ms] [LOG] [DEBUG] Renderizando celda: {columnId: fechaRegistro, isReference: undefined, value: Object} @ http://localhost:3000/_next/static/chunks/11hm_next_dist_0m6rgog._.js:2441
[  466369ms] [LOG] [DEBUG] Renderizando celda: {columnId: ultimoContacto, isReference: undefined, value: Object} @ http://localhost:3000/_next/static/chunks/11hm_next_dist_0m6rgog._.js:2441
[  466369ms] [LOG] [DEBUG] Renderizando celda: {columnId: ultimoContacto, isReference: undefined, value: Object} @ http://localhost:3000/_next/static/chunks/11hm_next_dist_0m6rgog._.js:2441
[  466369ms] [LOG] [DEBUG] Renderizando celda: {columnId: valorTotal, isReference: undefined, value: Object} @ http://localhost:3000/_next/static/chunks/11hm_next_dist_0m6rgog._.js:2441
[  466369ms] [LOG] [DEBUG] Renderizando celda: {columnId: valorTotal, isReference: undefined, value: Object} @ http://localhost:3000/_next/static/chunks/11hm_next_dist_0m6rgog._.js:2441
[  466369ms] [LOG] [DEBUG] Renderizando celda: {columnId: satisfaccion, isReference: undefined, value: Object} @ http://localhost:3000/_next/static/chunks/11hm_next_dist_0m6rgog._.js:2441
[  466369ms] [LOG] [DEBUG] Renderizando celda: {columnId: satisfaccion, isReference: undefined, value: Object} @ http://localhost:3000/_next/static/chunks/11hm_next_dist_0m6rgog._.js:2441
[  466369ms] [LOG] [DEBUG] Renderizando celda: {columnId: activo, isReference: undefined, value: Object} @ http://localhost:3000/_next/static/chunks/11hm_next_dist_0m6rgog._.js:2441
[  466369ms] [LOG] [DEBUG] Renderizando celda: {columnId: activo, isReference: undefined, value: Object} @ http://localhost:3000/_next/static/chunks/11hm_next_dist_0m6rgog._.js:2441
[  466370ms] [LOG] [DEBUG] Renderizando celda: {columnId: id, isReference: undefined, value: Object} @ http://localhost:3000/_next/static/chunks/11hm_next_dist_0m6rgog._.js:2441
[  466370ms] [LOG] [DEBUG] Renderizando celda: {columnId: id, isReference: undefined, value: Object} @ http://localhost:3000/_next/static/chunks/11hm_next_dist_0m6rgog._.js:2441
[  466370ms] [LOG] [DEBUG] Renderizando celda: {columnId: nombre, isReference: undefined, value: Object} @ http://localhost:3000/_next/static/chunks/11hm_next_dist_0m6rgog._.js:2441
[  466370ms] [LOG] [DEBUG] Renderizando celda: {columnId: nombre, isReference: undefined, value: Object} @ http://localhost:3000/_next/static/chunks/11hm_next_dist_0m6rgog._.js:2441
[  466370ms] [LOG] [DEBUG] Renderizando celda: {columnId: email, isReference: undefined, value: Object} @ http://localhost:3000/_next/static/chunks/11hm_next_dist_0m6rgog._.js:2441
[  466370ms] [LOG] [DEBUG] Renderizando celda: {columnId: email, isReference: undefined, value: Object} @ http://localhost:3000/_next/static/chunks/11hm_next_dist_0m6rgog._.js:2441
[  466370ms] [LOG] [DEBUG] Renderizando celda: {columnId: telefono, isReference: undefined, value: Object} @ http://localhost:3000/_next/static/chunks/11hm_next_dist_0m6rgog._.js:2441
[  466370ms] [LOG] [DEBUG] Renderizando celda: {columnId: telefono, isReference: undefined, value: Object} @ http://localhost:3000/_next/static/chunks/11hm_next_dist_0m6rgog._.js:2441
[  466370ms] [LOG] [DEBUG] Renderizando celda: {columnId: ciudad, isReference: undefined, value: Object} @ http://localhost:3000/_next/static/chunks/11hm_next_dist_0m6rgog._.js:2441
[  466370ms] [LOG] [DEBUG] Renderizando celda: {columnId: ciudad, isReference: undefined, value: Object} @ http://localhost:3000/_next/static/chunks/11hm_next_dist_0m6rgog._.js:2441
[  466370ms] [LOG] [DEBUG] Renderizando celda: {columnId: estado, isReference: undefined, value: Object} @ http://localhost:3000/_next/static/chunks/11hm_next_dist_0m6rgog._.js:2441
[  466370ms] [LOG] [DEBUG] Renderizando celda: {columnId: estado, isReference: undefined, value: Object} @ http://localhost:3000/_next/static/chunks/11hm_next_dist_0m6rgog._.js:2441
[  466370ms] [LOG] [DEBUG] Renderizando celda: {columnId: fechaRegistro, isReference: undefined, value: Object} @ http://localhost:3000/_next/static/chunks/11hm_next_dist_0m6rgog._.js:2441
[  466371ms] [LOG] [DEBUG] Renderizando celda: {columnId: fechaRegistro, isReference: undefined, value: Object} @ http://localhost:3000/_next/static/chunks/11hm_next_dist_0m6rgog._.js:2441
[  466371ms] [LOG] [DEBUG] Renderizando celda: {columnId: ultimoContacto, isReference: undefined, value: Object} @ http://localhost:3000/_next/static/chunks/11hm_next_dist_0m6rgog._.js:2441
[  466371ms] [LOG] [DEBUG] Renderizando celda: {columnId: ultimoContacto, isReference: undefined, value: Object} @ http://localhost:3000/_next/static/chunks/11hm_next_dist_0m6rgog._.js:2441
[  466371ms] [LOG] [DEBUG] Renderizando celda: {columnId: valorTotal, isReference: undefined, value: Object} @ http://localhost:3000/_next/static/chunks/11hm_next_dist_0m6rgog._.js:2441
[  466371ms] [LOG] [DEBUG] Renderizando celda: {columnId: valorTotal, isReference: undefined, value: Object} @ http://localhost:3000/_next/static/chunks/11hm_next_dist_0m6rgog._.js:2441
[  466371ms] [LOG] [DEBUG] Renderizando celda: {columnId: satisfaccion, isReference: undefined, value: Object} @ http://localhost:3000/_next/static/chunks/11hm_next_dist_0m6rgog._.js:2441
[  466371ms] [LOG] [DEBUG] Renderizando celda: {columnId: satisfaccion, isReference: undefined, value: Object} @ http://localhost:3000/_next/static/chunks/11hm_next_dist_0m6rgog._.js:2441
[  466371ms] [LOG] [DEBUG] Renderizando celda: {columnId: activo, isReference: undefined, value: Object} @ http://localhost:3000/_next/static/chunks/11hm_next_dist_0m6rgog._.js:2441
[  466371ms] [LOG] [DEBUG] Renderizando celda: {columnId: activo, isReference: undefined, value: Object} @ http://localhost:3000/_next/static/chunks/11hm_next_dist_0m6rgog._.js:2441
[  466372ms] [LOG] [DEBUG] Renderizando celda: {columnId: id, isReference: undefined, value: Object} @ http://localhost:3000/_next/static/chunks/11hm_next_dist_0m6rgog._.js:2441
[  466372ms] [LOG] [DEBUG] Renderizando celda: {columnId: id, isReference: undefined, value: Object} @ http://localhost:3000/_next/static/chunks/11hm_next_dist_0m6rgog._.js:2441
[  466372ms] [LOG] [DEBUG] Renderizando celda: {columnId: nombre, isReference: undefined, value: Object} @ http://localhost:3000/_next/static/chunks/11hm_next_dist_0m6rgog._.js:2441
[  466372ms] [LOG] [DEBUG] Renderizando celda: {columnId: nombre, isReference: undefined, value: Object} @ http://localhost:3000/_next/static/chunks/11hm_next_dist_0m6rgog._.js:2441
[  466372ms] [LOG] [DEBUG] Renderizando celda: {columnId: email, isReference: undefined, value: Object} @ http://localhost:3000/_next/static/chunks/11hm_next_dist_0m6rgog._.js:2441
[  466372ms] [LOG] [DEBUG] Renderizando celda: {columnId: email, isReference: undefined, value: Object} @ http://localhost:3000/_next/static/chunks/11hm_next_dist_0m6rgog._.js:2441
[  466372ms] [LOG] [DEBUG] Renderizando celda: {columnId: telefono, isReference: undefined, value: Object} @ http://localhost:3000/_next/static/chunks/11hm_next_dist_0m6rgog._.js:2441
[  466372ms] [LOG] [DEBUG] Renderizando celda: {columnId: telefono, isReference: undefined, value: Object} @ http://localhost:3000/_next/static/chunks/11hm_next_dist_0m6rgog._.js:2441
[  466373ms] [LOG] [DEBUG] Renderizando celda: {columnId: ciudad, isReference: undefined, value: Object} @ http://localhost:3000/_next/static/chunks/11hm_next_dist_0m6rgog._.js:2441
[  466373ms] [LOG] [DEBUG] Renderizando celda: {columnId: ciudad, isReference: undefined, value: Object} @ http://localhost:3000/_next/static/chunks/11hm_next_dist_0m6rgog._.js:2441
[  466373ms] [LOG] [DEBUG] Renderizando celda: {columnId: estado, isReference: undefined, value: Object} @ http://localhost:3000/_next/static/chunks/11hm_next_dist_0m6rgog._.js:2441
[  466373ms] [LOG] [DEBUG] Renderizando celda: {columnId: estado, isReference: undefined, value: Object} @ http://localhost:3000/_next/static/chunks/11hm_next_dist_0m6rgog._.js:2441
[  466373ms] [LOG] [DEBUG] Renderizando celda: {columnId: fechaRegistro, isReference: undefined, value: Object} @ http://localhost:3000/_next/static/chunks/11hm_next_dist_0m6rgog._.js:2441
[  466373ms] [LOG] [DEBUG] Renderizando celda: {columnId: fechaRegistro, isReference: undefined, value: Object} @ http://localhost:3000/_next/static/chunks/11hm_next_dist_0m6rgog._.js:2441
[  466373ms] [LOG] [DEBUG] Renderizando celda: {columnId: ultimoContacto, isReference: undefined, value: Object} @ http://localhost:3000/_next/static/chunks/11hm_next_dist_0m6rgog._.js:2441
[  466373ms] [LOG] [DEBUG] Renderizando celda: {columnId: ultimoContacto, isReference: undefined, value: Object} @ http://localhost:3000/_next/static/chunks/11hm_next_dist_0m6rgog._.js:2441
[  466373ms] [LOG] [DEBUG] Renderizando celda: {columnId: valorTotal, isReference: undefined, value: Object} @ http://localhost:3000/_next/static/chunks/11hm_next_dist_0m6rgog._.js:2441
[  466373ms] [LOG] [DEBUG] Renderizando celda: {columnId: valorTotal, isReference: undefined, value: Object} @ http://localhost:3000/_next/static/chunks/11hm_next_dist_0m6rgog._.js:2441
[  466373ms] [LOG] [DEBUG] Renderizando celda: {columnId: satisfaccion, isReference: undefined, value: Object} @ http://localhost:3000/_next/static/chunks/11hm_next_dist_0m6rgog._.js:2441
[  466373ms] [LOG] [DEBUG] Renderizando celda: {columnId: satisfaccion, isReference: undefined, value: Object} @ http://localhost:3000/_next/static/chunks/11hm_next_dist_0m6rgog._.js:2441
[  466373ms] [LOG] [DEBUG] Renderizando celda: {columnId: activo, isReference: undefined, value: Object} @ http://localhost:3000/_next/static/chunks/11hm_next_dist_0m6rgog._.js:2441
[  466373ms] [LOG] [DEBUG] Renderizando celda: {columnId: activo, isReference: undefined, value: Object} @ http://localhost:3000/_next/static/chunks/11hm_next_dist_0m6rgog._.js:2441
[  466374ms] [LOG] [DEBUG] Renderizando celda: {columnId: id, isReference: undefined, value: Object} @ http://localhost:3000/_next/static/chunks/11hm_next_dist_0m6rgog._.js:2441
[  466374ms] [LOG] [DEBUG] Renderizando celda: {columnId: id, isReference: undefined, value: Object} @ http://localhost:3000/_next/static/chunks/11hm_next_dist_0m6rgog._.js:2441
[  466374ms] [LOG] [DEBUG] Renderizando celda: {columnId: nombre, isReference: undefined, value: Object} @ http://localhost:3000/_next/static/chunks/11hm_next_dist_0m6rgog._.js:2441
[  466374ms] [LOG] [DEBUG] Renderizando celda: {columnId: nombre, isReference: undefined, value: Object} @ http://localhost:3000/_next/static/chunks/11hm_next_dist_0m6rgog._.js:2441
[  466374ms] [LOG] [DEBUG] Renderizando celda: {columnId: email, isReference: undefined, value: Object} @ http://localhost:3000/_next/static/chunks/11hm_next_dist_0m6rgog._.js:2441
[  466374ms] [LOG] [DEBUG] Renderizando celda: {columnId: email, isReference: undefined, value: Object} @ http://localhost:3000/_next/static/chunks/11hm_next_dist_0m6rgog._.js:2441
[  466374ms] [LOG] [DEBUG] Renderizando celda: {columnId: telefono, isReference: undefined, value: Object} @ http://localhost:3000/_next/static/chunks/11hm_next_dist_0m6rgog._.js:2441
[  466375ms] [LOG] [DEBUG] Renderizando celda: {columnId: telefono, isReference: undefined, value: Object} @ http://localhost:3000/_next/static/chunks/11hm_next_dist_0m6rgog._.js:2441
[  466375ms] [LOG] [DEBUG] Renderizando celda: {columnId: ciudad, isReference: undefined, value: Object} @ http://localhost:3000/_next/static/chunks/11hm_next_dist_0m6rgog._.js:2441
[  466375ms] [LOG] [DEBUG] Renderizando celda: {columnId: ciudad, isReference: undefined, value: Object} @ http://localhost:3000/_next/static/chunks/11hm_next_dist_0m6rgog._.js:2441
[  466375ms] [LOG] [DEBUG] Renderizando celda: {columnId: estado, isReference: undefined, value: Object} @ http://localhost:3000/_next/static/chunks/11hm_next_dist_0m6rgog._.js:2441
[  466375ms] [LOG] [DEBUG] Renderizando celda: {columnId: estado, isReference: undefined, value: Object} @ http://localhost:3000/_next/static/chunks/11hm_next_dist_0m6rgog._.js:2441
[  466375ms] [LOG] [DEBUG] Renderizando celda: {columnId: fechaRegistro, isReference: undefined, value: Object} @ http://localhost:3000/_next/static/chunks/11hm_next_dist_0m6rgog._.js:2441
[  466375ms] [LOG] [DEBUG] Renderizando celda: {columnId: fechaRegistro, isReference: undefined, value: Object} @ http://localhost:3000/_next/static/chunks/11hm_next_dist_0m6rgog._.js:2441
[  466375ms] [LOG] [DEBUG] Renderizando celda: {columnId: ultimoContacto, isReference: undefined, value: Object} @ http://localhost:3000/_next/static/chunks/11hm_next_dist_0m6rgog._.js:2441
[  466375ms] [LOG] [DEBUG] Renderizando celda: {columnId: ultimoContacto, isReference: undefined, value: Object} @ http://localhost:3000/_next/static/chunks/11hm_next_dist_0m6rgog._.js:2441
[  466375ms] [LOG] [DEBUG] Renderizando celda: {columnId: valorTotal, isReference: undefined, value: Object} @ http://localhost:3000/_next/static/chunks/11hm_next_dist_0m6rgog._.js:2441
[  466375ms] [LOG] [DEBUG] Renderizando celda: {columnId: valorTotal, isReference: undefined, value: Object} @ http://localhost:3000/_next/static/chunks/11hm_next_dist_0m6rgog._.js:2441
[  466375ms] [LOG] [DEBUG] Renderizando celda: {columnId: satisfaccion, isReference: undefined, value: Object} @ http://localhost:3000/_next/static/chunks/11hm_next_dist_0m6rgog._.js:2441
[  466375ms] [LOG] [DEBUG] Renderizando celda: {columnId: satisfaccion, isReference: undefined, value: Object} @ http://localhost:3000/_next/static/chunks/11hm_next_dist_0m6rgog._.js:2441
[  466375ms] [LOG] [DEBUG] Renderizando celda: {columnId: activo, isReference: undefined, value: Object} @ http://localhost:3000/_next/static/chunks/11hm_next_dist_0m6rgog._.js:2441
[  466375ms] [LOG] [DEBUG] Renderizando celda: {columnId: activo, isReference: undefined, value: Object} @ http://localhost:3000/_next/static/chunks/11hm_next_dist_0m6rgog._.js:2441
[  466377ms] [LOG] [DEBUG] Renderizando celda: {columnId: id, isReference: undefined, value: Object} @ http://localhost:3000/_next/static/chunks/11hm_next_dist_0m6rgog._.js:2441
[  466377ms] [LOG] [DEBUG] Renderizando celda: {columnId: id, isReference: undefined, value: Object} @ http://localhost:3000/_next/static/chunks/11hm_next_dist_0m6rgog._.js:2441
[  466377ms] [LOG] [DEBUG] Renderizando celda: {columnId: nombre, isReference: undefined, value: Object} @ http://localhost:3000/_next/static/chunks/11hm_next_dist_0m6rgog._.js:2441
[  466377ms] [LOG] [DEBUG] Renderizando celda: {columnId: nombre, isReference: undefined, value: Object} @ http://localhost:3000/_next/static/chunks/11hm_next_dist_0m6rgog._.js:2441
[  466377ms] [LOG] [DEBUG] Renderizando celda: {columnId: email, isReference: undefined, value: Object} @ http://localhost:3000/_next/static/chunks/11hm_next_dist_0m6rgog._.js:2441
[  466377ms] [LOG] [DEBUG] Renderizando celda: {columnId: email, isReference: undefined, value: Object} @ http://localhost:3000/_next/static/chunks/11hm_next_dist_0m6rgog._.js:2441
[  466378ms] [LOG] [DEBUG] Renderizando celda: {columnId: telefono, isReference: undefined, value: Object} @ http://localhost:3000/_next/static/chunks/11hm_next_dist_0m6rgog._.js:2441
[  466378ms] [LOG] [DEBUG] Renderizando celda: {columnId: telefono, isReference: undefined, value: Object} @ http://localhost:3000/_next/static/chunks/11hm_next_dist_0m6rgog._.js:2441
[  466378ms] [LOG] [DEBUG] Renderizando celda: {columnId: ciudad, isReference: undefined, value: Object} @ http://localhost:3000/_next/static/chunks/11hm_next_dist_0m6rgog._.js:2441
[  466378ms] [LOG] [DEBUG] Renderizando celda: {columnId: ciudad, isReference: undefined, value: Object} @ http://localhost:3000/_next/static/chunks/11hm_next_dist_0m6rgog._.js:2441
[  466378ms] [LOG] [DEBUG] Renderizando celda: {columnId: estado, isReference: undefined, value: Object} @ http://localhost:3000/_next/static/chunks/11hm_next_dist_0m6rgog._.js:2441
[  466378ms] [LOG] [DEBUG] Renderizando celda: {columnId: estado, isReference: undefined, value: Object} @ http://localhost:3000/_next/static/chunks/11hm_next_dist_0m6rgog._.js:2441
[  466378ms] [LOG] [DEBUG] Renderizando celda: {columnId: fechaRegistro, isReference: undefined, value: Object} @ http://localhost:3000/_next/static/chunks/11hm_next_dist_0m6rgog._.js:2441
[  466378ms] [LOG] [DEBUG] Renderizando celda: {columnId: fechaRegistro, isReference: undefined, value: Object} @ http://localhost:3000/_next/static/chunks/11hm_next_dist_0m6rgog._.js:2441
[  466378ms] [LOG] [DEBUG] Renderizando celda: {columnId: ultimoContacto, isReference: undefined, value: Object} @ http://localhost:3000/_next/static/chunks/11hm_next_dist_0m6rgog._.js:2441
[  466378ms] [LOG] [DEBUG] Renderizando celda: {columnId: ultimoContacto, isReference: undefined, value: Object} @ http://localhost:3000/_next/static/chunks/11hm_next_dist_0m6rgog._.js:2441
[  466378ms] [LOG] [DEBUG] Renderizando celda: {columnId: valorTotal, isReference: undefined, value: Object} @ http://localhost:3000/_next/static/chunks/11hm_next_dist_0m6rgog._.js:2441
[  466378ms] [LOG] [DEBUG] Renderizando celda: {columnId: valorTotal, isReference: undefined, value: Object} @ http://localhost:3000/_next/static/chunks/11hm_next_dist_0m6rgog._.js:2441
[  466378ms] [LOG] [DEBUG] Renderizando celda: {columnId: satisfaccion, isReference: undefined, value: Object} @ http://localhost:3000/_next/static/chunks/11hm_next_dist_0m6rgog._.js:2441
[  466378ms] [LOG] [DEBUG] Renderizando celda: {columnId: satisfaccion, isReference: undefined, value: Object} @ http://localhost:3000/_next/static/chunks/11hm_next_dist_0m6rgog._.js:2441
[  466378ms] [LOG] [DEBUG] Renderizando celda: {columnId: activo, isReference: undefined, value: Object} @ http://localhost:3000/_next/static/chunks/11hm_next_dist_0m6rgog._.js:2441
[  466378ms] [LOG] [DEBUG] Renderizando celda: {columnId: activo, isReference: undefined, value: Object} @ http://localhost:3000/_next/static/chunks/11hm_next_dist_0m6rgog._.js:2441
[  466379ms] [LOG] [DEBUG] Renderizando celda: {columnId: id, isReference: undefined, value: Object} @ http://localhost:3000/_next/static/chunks/11hm_next_dist_0m6rgog._.js:2441
[  466379ms] [LOG] [DEBUG] Renderizando celda: {columnId: id, isReference: undefined, value: Object} @ http://localhost:3000/_next/static/chunks/11hm_next_dist_0m6rgog._.js:2441
[  466379ms] [LOG] [DEBUG] Renderizando celda: {columnId: nombre, isReference: undefined, value: Object} @ http://localhost:3000/_next/static/chunks/11hm_next_dist_0m6rgog._.js:2441
[  466379ms] [LOG] [DEBUG] Renderizando celda: {columnId: nombre, isReference: undefined, value: Object} @ http://localhost:3000/_next/static/chunks/11hm_next_dist_0m6rgog._.js:2441
[  466379ms] [LOG] [DEBUG] Renderizando celda: {columnId: email, isReference: undefined, value: Object} @ http://localhost:3000/_next/static/chunks/11hm_next_dist_0m6rgog._.js:2441
[  466379ms] [LOG] [DEBUG] Renderizando celda: {columnId: email, isReference: undefined, value: Object} @ http://localhost:3000/_next/static/chunks/11hm_next_dist_0m6rgog._.js:2441
[  466379ms] [LOG] [DEBUG] Renderizando celda: {columnId: telefono, isReference: undefined, value: Object} @ http://localhost:3000/_next/static/chunks/11hm_next_dist_0m6rgog._.js:2441
[  466379ms] [LOG] [DEBUG] Renderizando celda: {columnId: telefono, isReference: undefined, value: Object} @ http://localhost:3000/_next/static/chunks/11hm_next_dist_0m6rgog._.js:2441
[  466379ms] [LOG] [DEBUG] Renderizando celda: {columnId: ciudad, isReference: undefined, value: Object} @ http://localhost:3000/_next/static/chunks/11hm_next_dist_0m6rgog._.js:2441
[  466379ms] [LOG] [DEBUG] Renderizando celda: {columnId: ciudad, isReference: undefined, value: Object} @ http://localhost:3000/_next/static/chunks/11hm_next_dist_0m6rgog._.js:2441
[  466379ms] [LOG] [DEBUG] Renderizando celda: {columnId: estado, isReference: undefined, value: Object} @ http://localhost:3000/_next/static/chunks/11hm_next_dist_0m6rgog._.js:2441
[  466380ms] [LOG] [DEBUG] Renderizando celda: {columnId: estado, isReference: undefined, value: Object} @ http://localhost:3000/_next/static/chunks/11hm_next_dist_0m6rgog._.js:2441
[  466380ms] [LOG] [DEBUG] Renderizando celda: {columnId: fechaRegistro, isReference: undefined, value: Object} @ http://localhost:3000/_next/static/chunks/11hm_next_dist_0m6rgog._.js:2441
[  466380ms] [LOG] [DEBUG] Renderizando celda: {columnId: fechaRegistro, isReference: undefined, value: Object} @ http://localhost:3000/_next/static/chunks/11hm_next_dist_0m6rgog._.js:2441
[  466380ms] [LOG] [DEBUG] Renderizando celda: {columnId: ultimoContacto, isReference: undefined, value: Object} @ http://localhost:3000/_next/static/chunks/11hm_next_dist_0m6rgog._.js:2441
[  466380ms] [LOG] [DEBUG] Renderizando celda: {columnId: ultimoContacto, isReference: undefined, value: Object} @ http://localhost:3000/_next/static/chunks/11hm_next_dist_0m6rgog._.js:2441
[  466380ms] [LOG] [DEBUG] Renderizando celda: {columnId: valorTotal, isReference: undefined, value: Object} @ http://localhost:3000/_next/static/chunks/11hm_next_dist_0m6rgog._.js:2441
[  466380ms] [LOG] [DEBUG] Renderizando celda: {columnId: valorTotal, isReference: undefined, value: Object} @ http://localhost:3000/_next/static/chunks/11hm_next_dist_0m6rgog._.js:2441
[  466380ms] [LOG] [DEBUG] Renderizando celda: {columnId: satisfaccion, isReference: undefined, value: Object} @ http://localhost:3000/_next/static/chunks/11hm_next_dist_0m6rgog._.js:2441
[  466380ms] [LOG] [DEBUG] Renderizando celda: {columnId: satisfaccion, isReference: undefined, value: Object} @ http://localhost:3000/_next/static/chunks/11hm_next_dist_0m6rgog._.js:2441
[  466380ms] [LOG] [DEBUG] Renderizando celda: {columnId: activo, isReference: undefined, value: Object} @ http://localhost:3000/_next/static/chunks/11hm_next_dist_0m6rgog._.js:2441
[  466380ms] [LOG] [DEBUG] Renderizando celda: {columnId: activo, isReference: undefined, value: Object} @ http://localhost:3000/_next/static/chunks/11hm_next_dist_0m6rgog._.js:2441
[  466381ms] [LOG] [DEBUG] Renderizando celda: {columnId: id, isReference: undefined, value: Object} @ http://localhost:3000/_next/static/chunks/11hm_next_dist_0m6rgog._.js:2441
[  466381ms] [LOG] [DEBUG] Renderizando celda: {columnId: id, isReference: undefined, value: Object} @ http://localhost:3000/_next/static/chunks/11hm_next_dist_0m6rgog._.js:2441
[  466381ms] [LOG] [DEBUG] Renderizando celda: {columnId: nombre, isReference: undefined, value: Object} @ http://localhost:3000/_next/static/chunks/11hm_next_dist_0m6rgog._.js:2441
[  466381ms] [LOG] [DEBUG] Renderizando celda: {columnId: nombre, isReference: undefined, value: Object} @ http://localhost:3000/_next/static/chunks/11hm_next_dist_0m6rgog._.js:2441
[  466381ms] [LOG] [DEBUG] Renderizando celda: {columnId: email, isReference: undefined, value: Object} @ http://localhost:3000/_next/static/chunks/11hm_next_dist_0m6rgog._.js:2441
[  466381ms] [LOG] [DEBUG] Renderizando celda: {columnId: email, isReference: undefined, value: Object} @ http://localhost:3000/_next/static/chunks/11hm_next_dist_0m6rgog._.js:2441
[  466381ms] [LOG] [DEBUG] Renderizando celda: {columnId: telefono, isReference: undefined, value: Object} @ http://localhost:3000/_next/static/chunks/11hm_next_dist_0m6rgog._.js:2441
[  466381ms] [LOG] [DEBUG] Renderizando celda: {columnId: telefono, isReference: undefined, value: Object} @ http://localhost:3000/_next/static/chunks/11hm_next_dist_0m6rgog._.js:2441
[  466381ms] [LOG] [DEBUG] Renderizando celda: {columnId: ciudad, isReference: undefined, value: Object} @ http://localhost:3000/_next/static/chunks/11hm_next_dist_0m6rgog._.js:2441
[  466381ms] [LOG] [DEBUG] Renderizando celda: {columnId: ciudad, isReference: undefined, value: Object} @ http://localhost:3000/_next/static/chunks/11hm_next_dist_0m6rgog._.js:2441
[  466381ms] [LOG] [DEBUG] Renderizando celda: {columnId: estado, isReference: undefined, value: Object} @ http://localhost:3000/_next/static/chunks/11hm_next_dist_0m6rgog._.js:2441
[  466381ms] [LOG] [DEBUG] Renderizando celda: {columnId: estado, isReference: undefined, value: Object} @ http://localhost:3000/_next/static/chunks/11hm_next_dist_0m6rgog._.js:2441
[  466381ms] [LOG] [DEBUG] Renderizando celda: {columnId: fechaRegistro, isReference: undefined, value: Object} @ http://localhost:3000/_next/static/chunks/11hm_next_dist_0m6rgog._.js:2441
[  466381ms] [LOG] [DEBUG] Renderizando celda: {columnId: fechaRegistro, isReference: undefined, value: Object} @ http://localhost:3000/_next/static/chunks/11hm_next_dist_0m6rgog._.js:2441
[  466381ms] [LOG] [DEBUG] Renderizando celda: {columnId: ultimoContacto, isReference: undefined, value: Object} @ http://localhost:3000/_next/static/chunks/11hm_next_dist_0m6rgog._.js:2441
[  466381ms] [LOG] [DEBUG] Renderizando celda: {columnId: ultimoContacto, isReference: undefined, value: Object} @ http://localhost:3000/_next/static/chunks/11hm_next_dist_0m6rgog._.js:2441
[  466381ms] [LOG] [DEBUG] Renderizando celda: {columnId: valorTotal, isReference: undefined, value: Object} @ http://localhost:3000/_next/static/chunks/11hm_next_dist_0m6rgog._.js:2441
[  466381ms] [LOG] [DEBUG] Renderizando celda: {columnId: valorTotal, isReference: undefined, value: Object} @ http://localhost:3000/_next/static/chunks/11hm_next_dist_0m6rgog._.js:2441
[  466382ms] [LOG] [DEBUG] Renderizando celda: {columnId: satisfaccion, isReference: undefined, value: Object} @ http://localhost:3000/_next/static/chunks/11hm_next_dist_0m6rgog._.js:2441
[  466382ms] [LOG] [DEBUG] Renderizando celda: {columnId: satisfaccion, isReference: undefined, value: Object} @ http://localhost:3000/_next/static/chunks/11hm_next_dist_0m6rgog._.js:2441
[  466382ms] [LOG] [DEBUG] Renderizando celda: {columnId: activo, isReference: undefined, value: Object} @ http://localhost:3000/_next/static/chunks/11hm_next_dist_0m6rgog._.js:2441
[  466382ms] [LOG] [DEBUG] Renderizando celda: {columnId: activo, isReference: undefined, value: Object} @ http://localhost:3000/_next/static/chunks/11hm_next_dist_0m6rgog._.js:2441
[  466382ms] [LOG] [DEBUG] Renderizando celda: {columnId: id, isReference: undefined, value: Object} @ http://localhost:3000/_next/static/chunks/11hm_next_dist_0m6rgog._.js:2441
[  466382ms] [LOG] [DEBUG] Renderizando celda: {columnId: id, isReference: undefined, value: Object} @ http://localhost:3000/_next/static/chunks/11hm_next_dist_0m6rgog._.js:2441
[  466382ms] [LOG] [DEBUG] Renderizando celda: {columnId: nombre, isReference: undefined, value: Object} @ http://localhost:3000/_next/static/chunks/11hm_next_dist_0m6rgog._.js:2441
[  466382ms] [LOG] [DEBUG] Renderizando celda: {columnId: nombre, isReference: undefined, value: Object} @ http://localhost:3000/_next/static/chunks/11hm_next_dist_0m6rgog._.js:2441
[  466382ms] [LOG] [DEBUG] Renderizando celda: {columnId: email, isReference: undefined, value: Object} @ http://localhost:3000/_next/static/chunks/11hm_next_dist_0m6rgog._.js:2441
[  466382ms] [LOG] [DEBUG] Renderizando celda: {columnId: email, isReference: undefined, value: Object} @ http://localhost:3000/_next/static/chunks/11hm_next_dist_0m6rgog._.js:2441
[  466382ms] [LOG] [DEBUG] Renderizando celda: {columnId: telefono, isReference: undefined, value: Object} @ http://localhost:3000/_next/static/chunks/11hm_next_dist_0m6rgog._.js:2441
[  466383ms] [LOG] [DEBUG] Renderizando celda: {columnId: telefono, isReference: undefined, value: Object} @ http://localhost:3000/_next/static/chunks/11hm_next_dist_0m6rgog._.js:2441
[  466383ms] [LOG] [DEBUG] Renderizando celda: {columnId: ciudad, isReference: undefined, value: Object} @ http://localhost:3000/_next/static/chunks/11hm_next_dist_0m6rgog._.js:2441
[  466383ms] [LOG] [DEBUG] Renderizando celda: {columnId: ciudad, isReference: undefined, value: Object} @ http://localhost:3000/_next/static/chunks/11hm_next_dist_0m6rgog._.js:2441
[  466383ms] [LOG] [DEBUG] Renderizando celda: {columnId: estado, isReference: undefined, value: Object} @ http://localhost:3000/_next/static/chunks/11hm_next_dist_0m6rgog._.js:2441
[  466383ms] [LOG] [DEBUG] Renderizando celda: {columnId: estado, isReference: undefined, value: Object} @ http://localhost:3000/_next/static/chunks/11hm_next_dist_0m6rgog._.js:2441
[  466383ms] [LOG] [DEBUG] Renderizando celda: {columnId: fechaRegistro, isReference: undefined, value: Object} @ http://localhost:3000/_next/static/chunks/11hm_next_dist_0m6rgog._.js:2441
[  466383ms] [LOG] [DEBUG] Renderizando celda: {columnId: fechaRegistro, isReference: undefined, value: Object} @ http://localhost:3000/_next/static/chunks/11hm_next_dist_0m6rgog._.js:2441
[  466383ms] [LOG] [DEBUG] Renderizando celda: {columnId: ultimoContacto, isReference: undefined, value: Object} @ http://localhost:3000/_next/static/chunks/11hm_next_dist_0m6rgog._.js:2441
[  466383ms] [LOG] [DEBUG] Renderizando celda: {columnId: ultimoContacto, isReference: undefined, value: Object} @ http://localhost:3000/_next/static/chunks/11hm_next_dist_0m6rgog._.js:2441
[  466383ms] [LOG] [DEBUG] Renderizando celda: {columnId: valorTotal, isReference: undefined, value: Object} @ http://localhost:3000/_next/static/chunks/11hm_next_dist_0m6rgog._.js:2441
[  466383ms] [LOG] [DEBUG] Renderizando celda: {columnId: valorTotal, isReference: undefined, value: Object} @ http://localhost:3000/_next/static/chunks/11hm_next_dist_0m6rgog._.js:2441
[  466383ms] [LOG] [DEBUG] Renderizando celda: {columnId: satisfaccion, isReference: undefined, value: Object} @ http://localhost:3000/_next/static/chunks/11hm_next_dist_0m6rgog._.js:2441
[  466383ms] [LOG] [DEBUG] Renderizando celda: {columnId: satisfaccion, isReference: undefined, value: Object} @ http://localhost:3000/_next/static/chunks/11hm_next_dist_0m6rgog._.js:2441
[  466383ms] [LOG] [DEBUG] Renderizando celda: {columnId: activo, isReference: undefined, value: Object} @ http://localhost:3000/_next/static/chunks/11hm_next_dist_0m6rgog._.js:2441
[  466383ms] [LOG] [DEBUG] Renderizando celda: {columnId: activo, isReference: undefined, value: Object} @ http://localhost:3000/_next/static/chunks/11hm_next_dist_0m6rgog._.js:2441
[  466384ms] [LOG] [DEBUG] Renderizando celda: {columnId: id, isReference: undefined, value: Object} @ http://localhost:3000/_next/static/chunks/11hm_next_dist_0m6rgog._.js:2441
[  466384ms] [LOG] [DEBUG] Renderizando celda: {columnId: id, isReference: undefined, value: Object} @ http://localhost:3000/_next/static/chunks/11hm_next_dist_0m6rgog._.js:2441
[  466384ms] [LOG] [DEBUG] Renderizando celda: {columnId: nombre, isReference: undefined, value: Object} @ http://localhost:3000/_next/static/chunks/11hm_next_dist_0m6rgog._.js:2441
[  466384ms] [LOG] [DEBUG] Renderizando celda: {columnId: nombre, isReference: undefined, value: Object} @ http://localhost:3000/_next/static/chunks/11hm_next_dist_0m6rgog._.js:2441
[  466384ms] [LOG] [DEBUG] Renderizando celda: {columnId: email, isReference: undefined, value: Object} @ http://localhost:3000/_next/static/chunks/11hm_next_dist_0m6rgog._.js:2441
[  466384ms] [LOG] [DEBUG] Renderizando celda: {columnId: email, isReference: undefined, value: Object} @ http://localhost:3000/_next/static/chunks/11hm_next_dist_0m6rgog._.js:2441
[  466384ms] [LOG] [DEBUG] Renderizando celda: {columnId: telefono, isReference: undefined, value: Object} @ http://localhost:3000/_next/static/chunks/11hm_next_dist_0m6rgog._.js:2441
[  466384ms] [LOG] [DEBUG] Renderizando celda: {columnId: telefono, isReference: undefined, value: Object} @ http://localhost:3000/_next/static/chunks/11hm_next_dist_0m6rgog._.js:2441
[  466384ms] [LOG] [DEBUG] Renderizando celda: {columnId: ciudad, isReference: undefined, value: Object} @ http://localhost:3000/_next/static/chunks/11hm_next_dist_0m6rgog._.js:2441
[  466384ms] [LOG] [DEBUG] Renderizando celda: {columnId: ciudad, isReference: undefined, value: Object} @ http://localhost:3000/_next/static/chunks/11hm_next_dist_0m6rgog._.js:2441
[  466384ms] [LOG] [DEBUG] Renderizando celda: {columnId: estado, isReference: undefined, value: Object} @ http://localhost:3000/_next/static/chunks/11hm_next_dist_0m6rgog._.js:2441
[  466384ms] [LOG] [DEBUG] Renderizando celda: {columnId: estado, isReference: undefined, value: Object} @ http://localhost:3000/_next/static/chunks/11hm_next_dist_0m6rgog._.js:2441
[  466384ms] [LOG] [DEBUG] Renderizando celda: {columnId: fechaRegistro, isReference: undefined, value: Object} @ http://localhost:3000/_next/static/chunks/11hm_next_dist_0m6rgog._.js:2441
[  466385ms] [LOG] [DEBUG] Renderizando celda: {columnId: fechaRegistro, isReference: undefined, value: Object} @ http://localhost:3000/_next/static/chunks/11hm_next_dist_0m6rgog._.js:2441
[  466385ms] [LOG] [DEBUG] Renderizando celda: {columnId: ultimoContacto, isReference: undefined, value: Object} @ http://localhost:3000/_next/static/chunks/11hm_next_dist_0m6rgog._.js:2441
[  466385ms] [LOG] [DEBUG] Renderizando celda: {columnId: ultimoContacto, isReference: undefined, value: Object} @ http://localhost:3000/_next/static/chunks/11hm_next_dist_0m6rgog._.js:2441
[  466385ms] [LOG] [DEBUG] Renderizando celda: {columnId: valorTotal, isReference: undefined, value: Object} @ http://localhost:3000/_next/static/chunks/11hm_next_dist_0m6rgog._.js:2441
[  466385ms] [LOG] [DEBUG] Renderizando celda: {columnId: valorTotal, isReference: undefined, value: Object} @ http://localhost:3000/_next/static/chunks/11hm_next_dist_0m6rgog._.js:2441
[  466385ms] [LOG] [DEBUG] Renderizando celda: {columnId: satisfaccion, isReference: undefined, value: Object} @ http://localhost:3000/_next/static/chunks/11hm_next_dist_0m6rgog._.js:2441
[  466385ms] [LOG] [DEBUG] Renderizando celda: {columnId: satisfaccion, isReference: undefined, value: Object} @ http://localhost:3000/_next/static/chunks/11hm_next_dist_0m6rgog._.js:2441
[  466385ms] [LOG] [DEBUG] Renderizando celda: {columnId: activo, isReference: undefined, value: Object} @ http://localhost:3000/_next/static/chunks/11hm_next_dist_0m6rgog._.js:2441
[  466385ms] [LOG] [DEBUG] Renderizando celda: {columnId: activo, isReference: undefined, value: Object} @ http://localhost:3000/_next/static/chunks/11hm_next_dist_0m6rgog._.js:2441
[  466385ms] [LOG] [DEBUG] Renderizando celda: {columnId: id, isReference: undefined, value: Object} @ http://localhost:3000/_next/static/chunks/11hm_next_dist_0m6rgog._.js:2441
[  466386ms] [LOG] [DEBUG] Renderizando celda: {columnId: id, isReference: undefined, value: Object} @ http://localhost:3000/_next/static/chunks/11hm_next_dist_0m6rgog._.js:2441
[  466386ms] [LOG] [DEBUG] Renderizando celda: {columnId: nombre, isReference: undefined, value: Object} @ http://localhost:3000/_next/static/chunks/11hm_next_dist_0m6rgog._.js:2441
[  466386ms] [LOG] [DEBUG] Renderizando celda: {columnId: nombre, isReference: undefined, value: Object} @ http://localhost:3000/_next/static/chunks/11hm_next_dist_0m6rgog._.js:2441
[  466386ms] [LOG] [DEBUG] Renderizando celda: {columnId: email, isReference: undefined, value: Object} @ http://localhost:3000/_next/static/chunks/11hm_next_dist_0m6rgog._.js:2441
[  466386ms] [LOG] [DEBUG] Renderizando celda: {columnId: email, isReference: undefined, value: Object} @ http://localhost:3000/_next/static/chunks/11hm_next_dist_0m6rgog._.js:2441
[  466386ms] [LOG] [DEBUG] Renderizando celda: {columnId: telefono, isReference: undefined, value: Object} @ http://localhost:3000/_next/static/chunks/11hm_next_dist_0m6rgog._.js:2441
[  466386ms] [LOG] [DEBUG] Renderizando celda: {columnId: telefono, isReference: undefined, value: Object} @ http://localhost:3000/_next/static/chunks/11hm_next_dist_0m6rgog._.js:2441
[  466386ms] [LOG] [DEBUG] Renderizando celda: {columnId: ciudad, isReference: undefined, value: Object} @ http://localhost:3000/_next/static/chunks/11hm_next_dist_0m6rgog._.js:2441
[  466386ms] [LOG] [DEBUG] Renderizando celda: {columnId: ciudad, isReference: undefined, value: Object} @ http://localhost:3000/_next/static/chunks/11hm_next_dist_0m6rgog._.js:2441
[  466386ms] [LOG] [DEBUG] Renderizando celda: {columnId: estado, isReference: undefined, value: Object} @ http://localhost:3000/_next/static/chunks/11hm_next_dist_0m6rgog._.js:2441
[  466386ms] [LOG] [DEBUG] Renderizando celda: {columnId: estado, isReference: undefined, value: Object} @ http://localhost:3000/_next/static/chunks/11hm_next_dist_0m6rgog._.js:2441
[  466386ms] [LOG] [DEBUG] Renderizando celda: {columnId: fechaRegistro, isReference: undefined, value: Object} @ http://localhost:3000/_next/static/chunks/11hm_next_dist_0m6rgog._.js:2441
[  466386ms] [LOG] [DEBUG] Renderizando celda: {columnId: fechaRegistro, isReference: undefined, value: Object} @ http://localhost:3000/_next/static/chunks/11hm_next_dist_0m6rgog._.js:2441
[  466386ms] [LOG] [DEBUG] Renderizando celda: {columnId: ultimoContacto, isReference: undefined, value: Object} @ http://localhost:3000/_next/static/chunks/11hm_next_dist_0m6rgog._.js:2441
[  466386ms] [LOG] [DEBUG] Renderizando celda: {columnId: ultimoContacto, isReference: undefined, value: Object} @ http://localhost:3000/_next/static/chunks/11hm_next_dist_0m6rgog._.js:2441
[  466386ms] [LOG] [DEBUG] Renderizando celda: {columnId: valorTotal, isReference: undefined, value: Object} @ http://localhost:3000/_next/static/chunks/11hm_next_dist_0m6rgog._.js:2441
[  466387ms] [LOG] [DEBUG] Renderizando celda: {columnId: valorTotal, isReference: undefined, value: Object} @ http://localhost:3000/_next/static/chunks/11hm_next_dist_0m6rgog._.js:2441
[  466387ms] [LOG] [DEBUG] Renderizando celda: {columnId: satisfaccion, isReference: undefined, value: Object} @ http://localhost:3000/_next/static/chunks/11hm_next_dist_0m6rgog._.js:2441
[  466387ms] [LOG] [DEBUG] Renderizando celda: {columnId: satisfaccion, isReference: undefined, value: Object} @ http://localhost:3000/_next/static/chunks/11hm_next_dist_0m6rgog._.js:2441
[  466387ms] [LOG] [DEBUG] Renderizando celda: {columnId: activo, isReference: undefined, value: Object} @ http://localhost:3000/_next/static/chunks/11hm_next_dist_0m6rgog._.js:2441
[  466387ms] [LOG] [DEBUG] Renderizando celda: {columnId: activo, isReference: undefined, value: Object} @ http://localhost:3000/_next/static/chunks/11hm_next_dist_0m6rgog._.js:2441
[  466388ms] [LOG] [DEBUG] Renderizando SecondaryTables: {level: 0, parentId: undefined, isLoading: false, arrayColumnsCount: 0, arrayColumns: Array(0)} @ http://localhost:3000/_next/static/chunks/11hm_next_dist_0m6rgog._.js:2441
[  466388ms] [LOG] [DEBUG] Renderizando SecondaryTables: {level: 0, parentId: undefined, isLoading: false, arrayColumnsCount: 0, arrayColumns: Array(0)} @ http://localhost:3000/_next/static/chunks/11hm_next_dist_0m6rgog._.js:2441
[  466400ms] [LOG] [DEBUG] Renderizando SecondaryTables: {level: 0, parentId: undefined, isLoading: false, arrayColumnsCount: 0, arrayColumns: Array(0)} @ http://localhost:3000/_next/static/chunks/11hm_next_dist_0m6rgog._.js:2441
[  466400ms] [LOG] [DEBUG] Renderizando SecondaryTables: {level: 0, parentId: undefined, isLoading: false, arrayColumnsCount: 0, arrayColumns: Array(0)} @ http://localhost:3000/_next/static/chunks/11hm_next_dist_0m6rgog._.js:2441
[  466401ms] [LOG] [DEBUG] Effective column order: {baseOrder: Array(14), pinnedColumnId: index, otherColumns: Array(13), hasActions: true, result: Array(15)} @ http://localhost:3000/_next/static/chunks/11hm_next_dist_0m6rgog._.js:2441
[  466401ms] [LOG] [DEBUG] Effective column order: {baseOrder: Array(14), pinnedColumnId: index, otherColumns: Array(13), hasActions: true, result: Array(15)} @ http://localhost:3000/_next/static/chunks/11hm_next_dist_0m6rgog._.js:2441
[  466405ms] [LOG] [DEBUG] Effective column order: {baseOrder: Array(14), pinnedColumnId: index, otherColumns: Array(13), hasActions: true, result: Array(15)} @ http://localhost:3000/_next/static/chunks/11hm_next_dist_0m6rgog._.js:2441
[  466405ms] [LOG] [DEBUG] Effective column order: {baseOrder: Array(14), pinnedColumnId: index, otherColumns: Array(13), hasActions: true, result: Array(15)} @ http://localhost:3000/_next/static/chunks/11hm_next_dist_0m6rgog._.js:2441
[  466411ms] [LOG] [DEBUG] Renderizando celda: {columnId: id, isReference: undefined, value: Object} @ http://localhost:3000/_next/static/chunks/11hm_next_dist_0m6rgog._.js:2441
[  466411ms] [LOG] [DEBUG] Renderizando celda: {columnId: id, isReference: undefined, value: Object} @ http://localhost:3000/_next/static/chunks/11hm_next_dist_0m6rgog._.js:2441
[  466411ms] [LOG] [DEBUG] Renderizando celda: {columnId: nombre, isReference: undefined, value: Object} @ http://localhost:3000/_next/static/chunks/11hm_next_dist_0m6rgog._.js:2441
[  466411ms] [LOG] [DEBUG] Renderizando celda: {columnId: nombre, isReference: undefined, value: Object} @ http://localhost:3000/_next/static/chunks/11hm_next_dist_0m6rgog._.js:2441
[  466411ms] [LOG] [DEBUG] Renderizando celda: {columnId: email, isReference: undefined, value: Object} @ http://localhost:3000/_next/static/chunks/11hm_next_dist_0m6rgog._.js:2441
[  466411ms] [LOG] [DEBUG] Renderizando celda: {columnId: email, isReference: undefined, value: Object} @ http://localhost:3000/_next/static/chunks/11hm_next_dist_0m6rgog._.js:2441
[  466411ms] [LOG] [DEBUG] Renderizando celda: {columnId: telefono, isReference: undefined, value: Object} @ http://localhost:3000/_next/static/chunks/11hm_next_dist_0m6rgog._.js:2441
[  466411ms] [LOG] [DEBUG] Renderizando celda: {columnId: telefono, isReference: undefined, value: Object} @ http://localhost:3000/_next/static/chunks/11hm_next_dist_0m6rgog._.js:2441
[  466411ms] [LOG] [DEBUG] Renderizando celda: {columnId: ciudad, isReference: undefined, value: Object} @ http://localhost:3000/_next/static/chunks/11hm_next_dist_0m6rgog._.js:2441
[  466411ms] [LOG] [DEBUG] Renderizando celda: {columnId: ciudad, isReference: undefined, value: Object} @ http://localhost:3000/_next/static/chunks/11hm_next_dist_0m6rgog._.js:2441
[  466411ms] [LOG] [DEBUG] Renderizando celda: {columnId: estado, isReference: undefined, value: Object} @ http://localhost:3000/_next/static/chunks/11hm_next_dist_0m6rgog._.js:2441
[  466411ms] [LOG] [DEBUG] Renderizando celda: {columnId: estado, isReference: undefined, value: Object} @ http://localhost:3000/_next/static/chunks/11hm_next_dist_0m6rgog._.js:2441
[  466411ms] [LOG] [DEBUG] Renderizando celda: {columnId: fechaRegistro, isReference: undefined, value: Object} @ http://localhost:3000/_next/static/chunks/11hm_next_dist_0m6rgog._.js:2441
[  466411ms] [LOG] [DEBUG] Renderizando celda: {columnId: fechaRegistro, isReference: undefined, value: Object} @ http://localhost:3000/_next/static/chunks/11hm_next_dist_0m6rgog._.js:2441
[  466411ms] [LOG] [DEBUG] Renderizando celda: {columnId: ultimoContacto, isReference: undefined, value: Object} @ http://localhost:3000/_next/static/chunks/11hm_next_dist_0m6rgog._.js:2441
[  466411ms] [LOG] [DEBUG] Renderizando celda: {columnId: ultimoContacto, isReference: undefined, value: Object} @ http://localhost:3000/_next/static/chunks/11hm_next_dist_0m6rgog._.js:2441
[  466411ms] [LOG] [DEBUG] Renderizando celda: {columnId: valorTotal, isReference: undefined, value: Object} @ http://localhost:3000/_next/static/chunks/11hm_next_dist_0m6rgog._.js:2441
[  466412ms] [LOG] [DEBUG] Renderizando celda: {columnId: valorTotal, isReference: undefined, value: Object} @ http://localhost:3000/_next/static/chunks/11hm_next_dist_0m6rgog._.js:2441
[  466412ms] [LOG] [DEBUG] Renderizando celda: {columnId: satisfaccion, isReference: undefined, value: Object} @ http://localhost:3000/_next/static/chunks/11hm_next_dist_0m6rgog._.js:2441
[  466412ms] [LOG] [DEBUG] Renderizando celda: {columnId: satisfaccion, isReference: undefined, value: Object} @ http://localhost:3000/_next/static/chunks/11hm_next_dist_0m6rgog._.js:2441
[  466412ms] [LOG] [DEBUG] Renderizando celda: {columnId: activo, isReference: undefined, value: Object} @ http://localhost:3000/_next/static/chunks/11hm_next_dist_0m6rgog._.js:2441
[  466412ms] [LOG] [DEBUG] Renderizando celda: {columnId: activo, isReference: undefined, value: Object} @ http://localhost:3000/_next/static/chunks/11hm_next_dist_0m6rgog._.js:2441
[  466412ms] [LOG] [DEBUG] Renderizando celda: {columnId: id, isReference: undefined, value: Object} @ http://localhost:3000/_next/static/chunks/11hm_next_dist_0m6rgog._.js:2441
[  466412ms] [LOG] [DEBUG] Renderizando celda: {columnId: id, isReference: undefined, value: Object} @ http://localhost:3000/_next/static/chunks/11hm_next_dist_0m6rgog._.js:2441
[  466412ms] [LOG] [DEBUG] Renderizando celda: {columnId: nombre, isReference: undefined, value: Object} @ http://localhost:3000/_next/static/chunks/11hm_next_dist_0m6rgog._.js:2441
[  466412ms] [LOG] [DEBUG] Renderizando celda: {columnId: nombre, isReference: undefined, value: Object} @ http://localhost:3000/_next/static/chunks/11hm_next_dist_0m6rgog._.js:2441
[  466413ms] [LOG] [DEBUG] Renderizando celda: {columnId: email, isReference: undefined, value: Object} @ http://localhost:3000/_next/static/chunks/11hm_next_dist_0m6rgog._.js:2441
[  466413ms] [LOG] [DEBUG] Renderizando celda: {columnId: email, isReference: undefined, value: Object} @ http://localhost:3000/_next/static/chunks/11hm_next_dist_0m6rgog._.js:2441
[  466413ms] [LOG] [DEBUG] Renderizando celda: {columnId: telefono, isReference: undefined, value: Object} @ http://localhost:3000/_next/static/chunks/11hm_next_dist_0m6rgog._.js:2441
[  466413ms] [LOG] [DEBUG] Renderizando celda: {columnId: telefono, isReference: undefined, value: Object} @ http://localhost:3000/_next/static/chunks/11hm_next_dist_0m6rgog._.js:2441
[  466413ms] [LOG] [DEBUG] Renderizando celda: {columnId: ciudad, isReference: undefined, value: Object} @ http://localhost:3000/_next/static/chunks/11hm_next_dist_0m6rgog._.js:2441
[  466413ms] [LOG] [DEBUG] Renderizando celda: {columnId: ciudad, isReference: undefined, value: Object} @ http://localhost:3000/_next/static/chunks/11hm_next_dist_0m6rgog._.js:2441
[  466413ms] [LOG] [DEBUG] Renderizando celda: {columnId: estado, isReference: undefined, value: Object} @ http://localhost:3000/_next/static/chunks/11hm_next_dist_0m6rgog._.js:2441
[  466413ms] [LOG] [DEBUG] Renderizando celda: {columnId: estado, isReference: undefined, value: Object} @ http://localhost:3000/_next/static/chunks/11hm_next_dist_0m6rgog._.js:2441
[  466413ms] [LOG] [DEBUG] Renderizando celda: {columnId: fechaRegistro, isReference: undefined, value: Object} @ http://localhost:3000/_next/static/chunks/11hm_next_dist_0m6rgog._.js:2441
[  466413ms] [LOG] [DEBUG] Renderizando celda: {columnId: fechaRegistro, isReference: undefined, value: Object} @ http://localhost:3000/_next/static/chunks/11hm_next_dist_0m6rgog._.js:2441
[  466413ms] [LOG] [DEBUG] Renderizando celda: {columnId: ultimoContacto, isReference: undefined, value: Object} @ http://localhost:3000/_next/static/chunks/11hm_next_dist_0m6rgog._.js:2441
[  466413ms] [LOG] [DEBUG] Renderizando celda: {columnId: ultimoContacto, isReference: undefined, value: Object} @ http://localhost:3000/_next/static/chunks/11hm_next_dist_0m6rgog._.js:2441
[  466413ms] [LOG] [DEBUG] Renderizando celda: {columnId: valorTotal, isReference: undefined, value: Object} @ http://localhost:3000/_next/static/chunks/11hm_next_dist_0m6rgog._.js:2441
[  466413ms] [LOG] [DEBUG] Renderizando celda: {columnId: valorTotal, isReference: undefined, value: Object} @ http://localhost:3000/_next/static/chunks/11hm_next_dist_0m6rgog._.js:2441
[  466413ms] [LOG] [DEBUG] Renderizando celda: {columnId: satisfaccion, isReference: undefined, value: Object} @ http://localhost:3000/_next/static/chunks/11hm_next_dist_0m6rgog._.js:2441
[  466413ms] [LOG] [DEBUG] Renderizando celda: {columnId: satisfaccion, isReference: undefined, value: Object} @ http://localhost:3000/_next/static/chunks/11hm_next_dist_0m6rgog._.js:2441
[  466413ms] [LOG] [DEBUG] Renderizando celda: {columnId: activo, isReference: undefined, value: Object} @ http://localhost:3000/_next/static/chunks/11hm_next_dist_0m6rgog._.js:2441
[  466413ms] [LOG] [DEBUG] Renderizando celda: {columnId: activo, isReference: undefined, value: Object} @ http://localhost:3000/_next/static/chunks/11hm_next_dist_0m6rgog._.js:2441
[  466414ms] [LOG] [DEBUG] Renderizando celda: {columnId: id, isReference: undefined, value: Object} @ http://localhost:3000/_next/static/chunks/11hm_next_dist_0m6rgog._.js:2441
[  466414ms] [LOG] [DEBUG] Renderizando celda: {columnId: id, isReference: undefined, value: Object} @ http://localhost:3000/_next/static/chunks/11hm_next_dist_0m6rgog._.js:2441
[  466414ms] [LOG] [DEBUG] Renderizando celda: {columnId: nombre, isReference: undefined, value: Object} @ http://localhost:3000/_next/static/chunks/11hm_next_dist_0m6rgog._.js:2441
[  466414ms] [LOG] [DEBUG] Renderizando celda: {columnId: nombre, isReference: undefined, value: Object} @ http://localhost:3000/_next/static/chunks/11hm_next_dist_0m6rgog._.js:2441
[  466414ms] [LOG] [DEBUG] Renderizando celda: {columnId: email, isReference: undefined, value: Object} @ http://localhost:3000/_next/static/chunks/11hm_next_dist_0m6rgog._.js:2441
[  466414ms] [LOG] [DEBUG] Renderizando celda: {columnId: email, isReference: undefined, value: Object} @ http://localhost:3000/_next/static/chunks/11hm_next_dist_0m6rgog._.js:2441
[  466414ms] [LOG] [DEBUG] Renderizando celda: {columnId: telefono, isReference: undefined, value: Object} @ http://localhost:3000/_next/static/chunks/11hm_next_dist_0m6rgog._.js:2441
[  466414ms] [LOG] [DEBUG] Renderizando celda: {columnId: telefono, isReference: undefined, value: Object} @ http://localhost:3000/_next/static/chunks/11hm_next_dist_0m6rgog._.js:2441
[  466414ms] [LOG] [DEBUG] Renderizando celda: {columnId: ciudad, isReference: undefined, value: Object} @ http://localhost:3000/_next/static/chunks/11hm_next_dist_0m6rgog._.js:2441
[  466414ms] [LOG] [DEBUG] Renderizando celda: {columnId: ciudad, isReference: undefined, value: Object} @ http://localhost:3000/_next/static/chunks/11hm_next_dist_0m6rgog._.js:2441
[  466414ms] [LOG] [DEBUG] Renderizando celda: {columnId: estado, isReference: undefined, value: Object} @ http://localhost:3000/_next/static/chunks/11hm_next_dist_0m6rgog._.js:2441
[  466415ms] [LOG] [DEBUG] Renderizando celda: {columnId: estado, isReference: undefined, value: Object} @ http://localhost:3000/_next/static/chunks/11hm_next_dist_0m6rgog._.js:2441
[  466415ms] [LOG] [DEBUG] Renderizando celda: {columnId: fechaRegistro, isReference: undefined, value: Object} @ http://localhost:3000/_next/static/chunks/11hm_next_dist_0m6rgog._.js:2441
[  466415ms] [LOG] [DEBUG] Renderizando celda: {columnId: fechaRegistro, isReference: undefined, value: Object} @ http://localhost:3000/_next/static/chunks/11hm_next_dist_0m6rgog._.js:2441
[  466415ms] [LOG] [DEBUG] Renderizando celda: {columnId: ultimoContacto, isReference: undefined, value: Object} @ http://localhost:3000/_next/static/chunks/11hm_next_dist_0m6rgog._.js:2441
[  466415ms] [LOG] [DEBUG] Renderizando celda: {columnId: ultimoContacto, isReference: undefined, value: Object} @ http://localhost:3000/_next/static/chunks/11hm_next_dist_0m6rgog._.js:2441
[  466415ms] [LOG] [DEBUG] Renderizando celda: {columnId: valorTotal, isReference: undefined, value: Object} @ http://localhost:3000/_next/static/chunks/11hm_next_dist_0m6rgog._.js:2441
[  466415ms] [LOG] [DEBUG] Renderizando celda: {columnId: valorTotal, isReference: undefined, value: Object} @ http://localhost:3000/_next/static/chunks/11hm_next_dist_0m6rgog._.js:2441
[  466415ms] [LOG] [DEBUG] Renderizando celda: {columnId: satisfaccion, isReference: undefined, value: Object} @ http://localhost:3000/_next/static/chunks/11hm_next_dist_0m6rgog._.js:2441
[  466415ms] [LOG] [DEBUG] Renderizando celda: {columnId: satisfaccion, isReference: undefined, value: Object} @ http://localhost:3000/_next/static/chunks/11hm_next_dist_0m6rgog._.js:2441
[  466415ms] [LOG] [DEBUG] Renderizando celda: {columnId: activo, isReference: undefined, value: Object} @ http://localhost:3000/_next/static/chunks/11hm_next_dist_0m6rgog._.js:2441
[  466415ms] [LOG] [DEBUG] Renderizando celda: {columnId: activo, isReference: undefined, value: Object} @ http://localhost:3000/_next/static/chunks/11hm_next_dist_0m6rgog._.js:2441
[  466416ms] [LOG] [DEBUG] Renderizando celda: {columnId: id, isReference: undefined, value: Object} @ http://localhost:3000/_next/static/chunks/11hm_next_dist_0m6rgog._.js:2441
[  466416ms] [LOG] [DEBUG] Renderizando celda: {columnId: id, isReference: undefined, value: Object} @ http://localhost:3000/_next/static/chunks/11hm_next_dist_0m6rgog._.js:2441
[  466416ms] [LOG] [DEBUG] Renderizando celda: {columnId: nombre, isReference: undefined, value: Object} @ http://localhost:3000/_next/static/chunks/11hm_next_dist_0m6rgog._.js:2441
[  466416ms] [LOG] [DEBUG] Renderizando celda: {columnId: nombre, isReference: undefined, value: Object} @ http://localhost:3000/_next/static/chunks/11hm_next_dist_0m6rgog._.js:2441
[  466416ms] [LOG] [DEBUG] Renderizando celda: {columnId: email, isReference: undefined, value: Object} @ http://localhost:3000/_next/static/chunks/11hm_next_dist_0m6rgog._.js:2441
[  466416ms] [LOG] [DEBUG] Renderizando celda: {columnId: email, isReference: undefined, value: Object} @ http://localhost:3000/_next/static/chunks/11hm_next_dist_0m6rgog._.js:2441
[  466416ms] [LOG] [DEBUG] Renderizando celda: {columnId: telefono, isReference: undefined, value: Object} @ http://localhost:3000/_next/static/chunks/11hm_next_dist_0m6rgog._.js:2441
[  466416ms] [LOG] [DEBUG] Renderizando celda: {columnId: telefono, isReference: undefined, value: Object} @ http://localhost:3000/_next/static/chunks/11hm_next_dist_0m6rgog._.js:2441
[  466416ms] [LOG] [DEBUG] Renderizando celda: {columnId: ciudad, isReference: undefined, value: Object} @ http://localhost:3000/_next/static/chunks/11hm_next_dist_0m6rgog._.js:2441
[  466416ms] [LOG] [DEBUG] Renderizando celda: {columnId: ciudad, isReference: undefined, value: Object} @ http://localhost:3000/_next/static/chunks/11hm_next_dist_0m6rgog._.js:2441
[  466416ms] [LOG] [DEBUG] Renderizando celda: {columnId: estado, isReference: undefined, value: Object} @ http://localhost:3000/_next/static/chunks/11hm_next_dist_0m6rgog._.js:2441
[  466416ms] [LOG] [DEBUG] Renderizando celda: {columnId: estado, isReference: undefined, value: Object} @ http://localhost:3000/_next/static/chunks/11hm_next_dist_0m6rgog._.js:2441
[  466416ms] [LOG] [DEBUG] Renderizando celda: {columnId: fechaRegistro, isReference: undefined, value: Object} @ http://localhost:3000/_next/static/chunks/11hm_next_dist_0m6rgog._.js:2441
[  466416ms] [LOG] [DEBUG] Renderizando celda: {columnId: fechaRegistro, isReference: undefined, value: Object} @ http://localhost:3000/_next/static/chunks/11hm_next_dist_0m6rgog._.js:2441
[  466416ms] [LOG] [DEBUG] Renderizando celda: {columnId: ultimoContacto, isReference: undefined, value: Object} @ http://localhost:3000/_next/static/chunks/11hm_next_dist_0m6rgog._.js:2441
[  466416ms] [LOG] [DEBUG] Renderizando celda: {columnId: ultimoContacto, isReference: undefined, value: Object} @ http://localhost:3000/_next/static/chunks/11hm_next_dist_0m6rgog._.js:2441
[  466416ms] [LOG] [DEBUG] Renderizando celda: {columnId: valorTotal, isReference: undefined, value: Object} @ http://localhost:3000/_next/static/chunks/11hm_next_dist_0m6rgog._.js:2441
[  466416ms] [LOG] [DEBUG] Renderizando celda: {columnId: valorTotal, isReference: undefined, value: Object} @ http://localhost:3000/_next/static/chunks/11hm_next_dist_0m6rgog._.js:2441
[  466417ms] [LOG] [DEBUG] Renderizando celda: {columnId: satisfaccion, isReference: undefined, value: Object} @ http://localhost:3000/_next/static/chunks/11hm_next_dist_0m6rgog._.js:2441
[  466417ms] [LOG] [DEBUG] Renderizando celda: {columnId: satisfaccion, isReference: undefined, value: Object} @ http://localhost:3000/_next/static/chunks/11hm_next_dist_0m6rgog._.js:2441
[  466417ms] [LOG] [DEBUG] Renderizando celda: {columnId: activo, isReference: undefined, value: Object} @ http://localhost:3000/_next/static/chunks/11hm_next_dist_0m6rgog._.js:2441
[  466417ms] [LOG] [DEBUG] Renderizando celda: {columnId: activo, isReference: undefined, value: Object} @ http://localhost:3000/_next/static/chunks/11hm_next_dist_0m6rgog._.js:2441
[  466417ms] [LOG] [DEBUG] Renderizando celda: {columnId: id, isReference: undefined, value: Object} @ http://localhost:3000/_next/static/chunks/11hm_next_dist_0m6rgog._.js:2441
[  466417ms] [LOG] [DEBUG] Renderizando celda: {columnId: id, isReference: undefined, value: Object} @ http://localhost:3000/_next/static/chunks/11hm_next_dist_0m6rgog._.js:2441
[  466417ms] [LOG] [DEBUG] Renderizando celda: {columnId: nombre, isReference: undefined, value: Object} @ http://localhost:3000/_next/static/chunks/11hm_next_dist_0m6rgog._.js:2441
[  466417ms] [LOG] [DEBUG] Renderizando celda: {columnId: nombre, isReference: undefined, value: Object} @ http://localhost:3000/_next/static/chunks/11hm_next_dist_0m6rgog._.js:2441
[  466417ms] [LOG] [DEBUG] Renderizando celda: {columnId: email, isReference: undefined, value: Object} @ http://localhost:3000/_next/static/chunks/11hm_next_dist_0m6rgog._.js:2441
[  466417ms] [LOG] [DEBUG] Renderizando celda: {columnId: email, isReference: undefined, value: Object} @ http://localhost:3000/_next/static/chunks/11hm_next_dist_0m6rgog._.js:2441
[  466417ms] [LOG] [DEBUG] Renderizando celda: {columnId: telefono, isReference: undefined, value: Object} @ http://localhost:3000/_next/static/chunks/11hm_next_dist_0m6rgog._.js:2441
[  466418ms] [LOG] [DEBUG] Renderizando celda: {columnId: telefono, isReference: undefined, value: Object} @ http://localhost:3000/_next/static/chunks/11hm_next_dist_0m6rgog._.js:2441
[  466418ms] [LOG] [DEBUG] Renderizando celda: {columnId: ciudad, isReference: undefined, value: Object} @ http://localhost:3000/_next/static/chunks/11hm_next_dist_0m6rgog._.js:2441
[  466418ms] [LOG] [DEBUG] Renderizando celda: {columnId: ciudad, isReference: undefined, value: Object} @ http://localhost:3000/_next/static/chunks/11hm_next_dist_0m6rgog._.js:2441
[  466418ms] [LOG] [DEBUG] Renderizando celda: {columnId: estado, isReference: undefined, value: Object} @ http://localhost:3000/_next/static/chunks/11hm_next_dist_0m6rgog._.js:2441
[  466418ms] [LOG] [DEBUG] Renderizando celda: {columnId: estado, isReference: undefined, value: Object} @ http://localhost:3000/_next/static/chunks/11hm_next_dist_0m6rgog._.js:2441
[  466418ms] [LOG] [DEBUG] Renderizando celda: {columnId: fechaRegistro, isReference: undefined, value: Object} @ http://localhost:3000/_next/static/chunks/11hm_next_dist_0m6rgog._.js:2441
[  466418ms] [LOG] [DEBUG] Renderizando celda: {columnId: fechaRegistro, isReference: undefined, value: Object} @ http://localhost:3000/_next/static/chunks/11hm_next_dist_0m6rgog._.js:2441
[  466418ms] [LOG] [DEBUG] Renderizando celda: {columnId: ultimoContacto, isReference: undefined, value: Object} @ http://localhost:3000/_next/static/chunks/11hm_next_dist_0m6rgog._.js:2441
[  466418ms] [LOG] [DEBUG] Renderizando celda: {columnId: ultimoContacto, isReference: undefined, value: Object} @ http://localhost:3000/_next/static/chunks/11hm_next_dist_0m6rgog._.js:2441
[  466418ms] [LOG] [DEBUG] Renderizando celda: {columnId: valorTotal, isReference: undefined, value: Object} @ http://localhost:3000/_next/static/chunks/11hm_next_dist_0m6rgog._.js:2441
[  466418ms] [LOG] [DEBUG] Renderizando celda: {columnId: valorTotal, isReference: undefined, value: Object} @ http://localhost:3000/_next/static/chunks/11hm_next_dist_0m6rgog._.js:2441
[  466418ms] [LOG] [DEBUG] Renderizando celda: {columnId: satisfaccion, isReference: undefined, value: Object} @ http://localhost:3000/_next/static/chunks/11hm_next_dist_0m6rgog._.js:2441
[  466418ms] [LOG] [DEBUG] Renderizando celda: {columnId: satisfaccion, isReference: undefined, value: Object} @ http://localhost:3000/_next/static/chunks/11hm_next_dist_0m6rgog._.js:2441
[  466418ms] [LOG] [DEBUG] Renderizando celda: {columnId: activo, isReference: undefined, value: Object} @ http://localhost:3000/_next/static/chunks/11hm_next_dist_0m6rgog._.js:2441
[  466418ms] [LOG] [DEBUG] Renderizando celda: {columnId: activo, isReference: undefined, value: Object} @ http://localhost:3000/_next/static/chunks/11hm_next_dist_0m6rgog._.js:2441
[  466419ms] [LOG] [DEBUG] Renderizando celda: {columnId: id, isReference: undefined, value: Object} @ http://localhost:3000/_next/static/chunks/11hm_next_dist_0m6rgog._.js:2441
[  466419ms] [LOG] [DEBUG] Renderizando celda: {columnId: id, isReference: undefined, value: Object} @ http://localhost:3000/_next/static/chunks/11hm_next_dist_0m6rgog._.js:2441
[  466419ms] [LOG] [DEBUG] Renderizando celda: {columnId: nombre, isReference: undefined, value: Object} @ http://localhost:3000/_next/static/chunks/11hm_next_dist_0m6rgog._.js:2441
[  466419ms] [LOG] [DEBUG] Renderizando celda: {columnId: nombre, isReference: undefined, value: Object} @ http://localhost:3000/_next/static/chunks/11hm_next_dist_0m6rgog._.js:2441
[  466419ms] [LOG] [DEBUG] Renderizando celda: {columnId: email, isReference: undefined, value: Object} @ http://localhost:3000/_next/static/chunks/11hm_next_dist_0m6rgog._.js:2441
[  466419ms] [LOG] [DEBUG] Renderizando celda: {columnId: email, isReference: undefined, value: Object} @ http://localhost:3000/_next/static/chunks/11hm_next_dist_0m6rgog._.js:2441
[  466419ms] [LOG] [DEBUG] Renderizando celda: {columnId: telefono, isReference: undefined, value: Object} @ http://localhost:3000/_next/static/chunks/11hm_next_dist_0m6rgog._.js:2441
[  466419ms] [LOG] [DEBUG] Renderizando celda: {columnId: telefono, isReference: undefined, value: Object} @ http://localhost:3000/_next/static/chunks/11hm_next_dist_0m6rgog._.js:2441
[  466419ms] [LOG] [DEBUG] Renderizando celda: {columnId: ciudad, isReference: undefined, value: Object} @ http://localhost:3000/_next/static/chunks/11hm_next_dist_0m6rgog._.js:2441
[  466419ms] [LOG] [DEBUG] Renderizando celda: {columnId: ciudad, isReference: undefined, value: Object} @ http://localhost:3000/_next/static/chunks/11hm_next_dist_0m6rgog._.js:2441
[  466419ms] [LOG] [DEBUG] Renderizando celda: {columnId: estado, isReference: undefined, value: Object} @ http://localhost:3000/_next/static/chunks/11hm_next_dist_0m6rgog._.js:2441
[  466419ms] [LOG] [DEBUG] Renderizando celda: {columnId: estado, isReference: undefined, value: Object} @ http://localhost:3000/_next/static/chunks/11hm_next_dist_0m6rgog._.js:2441
[  466420ms] [LOG] [DEBUG] Renderizando celda: {columnId: fechaRegistro, isReference: undefined, value: Object} @ http://localhost:3000/_next/static/chunks/11hm_next_dist_0m6rgog._.js:2441
[  466420ms] [LOG] [DEBUG] Renderizando celda: {columnId: fechaRegistro, isReference: undefined, value: Object} @ http://localhost:3000/_next/static/chunks/11hm_next_dist_0m6rgog._.js:2441
[  466420ms] [LOG] [DEBUG] Renderizando celda: {columnId: ultimoContacto, isReference: undefined, value: Object} @ http://localhost:3000/_next/static/chunks/11hm_next_dist_0m6rgog._.js:2441
[  466420ms] [LOG] [DEBUG] Renderizando celda: {columnId: ultimoContacto, isReference: undefined, value: Object} @ http://localhost:3000/_next/static/chunks/11hm_next_dist_0m6rgog._.js:2441
[  466420ms] [LOG] [DEBUG] Renderizando celda: {columnId: valorTotal, isReference: undefined, value: Object} @ http://localhost:3000/_next/static/chunks/11hm_next_dist_0m6rgog._.js:2441
[  466420ms] [LOG] [DEBUG] Renderizando celda: {columnId: valorTotal, isReference: undefined, value: Object} @ http://localhost:3000/_next/static/chunks/11hm_next_dist_0m6rgog._.js:2441
[  466420ms] [LOG] [DEBUG] Renderizando celda: {columnId: satisfaccion, isReference: undefined, value: Object} @ http://localhost:3000/_next/static/chunks/11hm_next_dist_0m6rgog._.js:2441
[  466420ms] [LOG] [DEBUG] Renderizando celda: {columnId: satisfaccion, isReference: undefined, value: Object} @ http://localhost:3000/_next/static/chunks/11hm_next_dist_0m6rgog._.js:2441
[  466420ms] [LOG] [DEBUG] Renderizando celda: {columnId: activo, isReference: undefined, value: Object} @ http://localhost:3000/_next/static/chunks/11hm_next_dist_0m6rgog._.js:2441
[  466420ms] [LOG] [DEBUG] Renderizando celda: {columnId: activo, isReference: undefined, value: Object} @ http://localhost:3000/_next/static/chunks/11hm_next_dist_0m6rgog._.js:2441
[  466421ms] [LOG] [DEBUG] Renderizando celda: {columnId: id, isReference: undefined, value: Object} @ http://localhost:3000/_next/static/chunks/11hm_next_dist_0m6rgog._.js:2441
[  466421ms] [LOG] [DEBUG] Renderizando celda: {columnId: id, isReference: undefined, value: Object} @ http://localhost:3000/_next/static/chunks/11hm_next_dist_0m6rgog._.js:2441
[  466421ms] [LOG] [DEBUG] Renderizando celda: {columnId: nombre, isReference: undefined, value: Object} @ http://localhost:3000/_next/static/chunks/11hm_next_dist_0m6rgog._.js:2441
[  466421ms] [LOG] [DEBUG] Renderizando celda: {columnId: nombre, isReference: undefined, value: Object} @ http://localhost:3000/_next/static/chunks/11hm_next_dist_0m6rgog._.js:2441
[  466421ms] [LOG] [DEBUG] Renderizando celda: {columnId: email, isReference: undefined, value: Object} @ http://localhost:3000/_next/static/chunks/11hm_next_dist_0m6rgog._.js:2441
[  466421ms] [LOG] [DEBUG] Renderizando celda: {columnId: email, isReference: undefined, value: Object} @ http://localhost:3000/_next/static/chunks/11hm_next_dist_0m6rgog._.js:2441
[  466421ms] [LOG] [DEBUG] Renderizando celda: {columnId: telefono, isReference: undefined, value: Object} @ http://localhost:3000/_next/static/chunks/11hm_next_dist_0m6rgog._.js:2441
[  466421ms] [LOG] [DEBUG] Renderizando celda: {columnId: telefono, isReference: undefined, value: Object} @ http://localhost:3000/_next/static/chunks/11hm_next_dist_0m6rgog._.js:2441
[  466421ms] [LOG] [DEBUG] Renderizando celda: {columnId: ciudad, isReference: undefined, value: Object} @ http://localhost:3000/_next/static/chunks/11hm_next_dist_0m6rgog._.js:2441
[  466421ms] [LOG] [DEBUG] Renderizando celda: {columnId: ciudad, isReference: undefined, value: Object} @ http://localhost:3000/_next/static/chunks/11hm_next_dist_0m6rgog._.js:2441
[  466421ms] [LOG] [DEBUG] Renderizando celda: {columnId: estado, isReference: undefined, value: Object} @ http://localhost:3000/_next/static/chunks/11hm_next_dist_0m6rgog._.js:2441
[  466421ms] [LOG] [DEBUG] Renderizando celda: {columnId: estado, isReference: undefined, value: Object} @ http://localhost:3000/_next/static/chunks/11hm_next_dist_0m6rgog._.js:2441
[  466422ms] [LOG] [DEBUG] Renderizando celda: {columnId: fechaRegistro, isReference: undefined, value: Object} @ http://localhost:3000/_next/static/chunks/11hm_next_dist_0m6rgog._.js:2441
[  466422ms] [LOG] [DEBUG] Renderizando celda: {columnId: fechaRegistro, isReference: undefined, value: Object} @ http://localhost:3000/_next/static/chunks/11hm_next_dist_0m6rgog._.js:2441
[  466422ms] [LOG] [DEBUG] Renderizando celda: {columnId: ultimoContacto, isReference: undefined, value: Object} @ http://localhost:3000/_next/static/chunks/11hm_next_dist_0m6rgog._.js:2441
[  466422ms] [LOG] [DEBUG] Renderizando celda: {columnId: ultimoContacto, isReference: undefined, value: Object} @ http://localhost:3000/_next/static/chunks/11hm_next_dist_0m6rgog._.js:2441
[  466422ms] [LOG] [DEBUG] Renderizando celda: {columnId: valorTotal, isReference: undefined, value: Object} @ http://localhost:3000/_next/static/chunks/11hm_next_dist_0m6rgog._.js:2441
[  466422ms] [LOG] [DEBUG] Renderizando celda: {columnId: valorTotal, isReference: undefined, value: Object} @ http://localhost:3000/_next/static/chunks/11hm_next_dist_0m6rgog._.js:2441
[  466422ms] [LOG] [DEBUG] Renderizando celda: {columnId: satisfaccion, isReference: undefined, value: Object} @ http://localhost:3000/_next/static/chunks/11hm_next_dist_0m6rgog._.js:2441
[  466422ms] [LOG] [DEBUG] Renderizando celda: {columnId: satisfaccion, isReference: undefined, value: Object} @ http://localhost:3000/_next/static/chunks/11hm_next_dist_0m6rgog._.js:2441
[  466422ms] [LOG] [DEBUG] Renderizando celda: {columnId: activo, isReference: undefined, value: Object} @ http://localhost:3000/_next/static/chunks/11hm_next_dist_0m6rgog._.js:2441
[  466422ms] [LOG] [DEBUG] Renderizando celda: {columnId: activo, isReference: undefined, value: Object} @ http://localhost:3000/_next/static/chunks/11hm_next_dist_0m6rgog._.js:2441
[  466423ms] [LOG] [DEBUG] Renderizando celda: {columnId: id, isReference: undefined, value: Object} @ http://localhost:3000/_next/static/chunks/11hm_next_dist_0m6rgog._.js:2441
[  466423ms] [LOG] [DEBUG] Renderizando celda: {columnId: id, isReference: undefined, value: Object} @ http://localhost:3000/_next/static/chunks/11hm_next_dist_0m6rgog._.js:2441
[  466423ms] [LOG] [DEBUG] Renderizando celda: {columnId: nombre, isReference: undefined, value: Object} @ http://localhost:3000/_next/static/chunks/11hm_next_dist_0m6rgog._.js:2441
[  466423ms] [LOG] [DEBUG] Renderizando celda: {columnId: nombre, isReference: undefined, value: Object} @ http://localhost:3000/_next/static/chunks/11hm_next_dist_0m6rgog._.js:2441
[  466423ms] [LOG] [DEBUG] Renderizando celda: {columnId: email, isReference: undefined, value: Object} @ http://localhost:3000/_next/static/chunks/11hm_next_dist_0m6rgog._.js:2441
[  466423ms] [LOG] [DEBUG] Renderizando celda: {columnId: email, isReference: undefined, value: Object} @ http://localhost:3000/_next/static/chunks/11hm_next_dist_0m6rgog._.js:2441
[  466423ms] [LOG] [DEBUG] Renderizando celda: {columnId: telefono, isReference: undefined, value: Object} @ http://localhost:3000/_next/static/chunks/11hm_next_dist_0m6rgog._.js:2441
[  466423ms] [LOG] [DEBUG] Renderizando celda: {columnId: telefono, isReference: undefined, value: Object} @ http://localhost:3000/_next/static/chunks/11hm_next_dist_0m6rgog._.js:2441
[  466423ms] [LOG] [DEBUG] Renderizando celda: {columnId: ciudad, isReference: undefined, value: Object} @ http://localhost:3000/_next/static/chunks/11hm_next_dist_0m6rgog._.js:2441
[  466423ms] [LOG] [DEBUG] Renderizando celda: {columnId: ciudad, isReference: undefined, value: Object} @ http://localhost:3000/_next/static/chunks/11hm_next_dist_0m6rgog._.js:2441
[  466423ms] [LOG] [DEBUG] Renderizando celda: {columnId: estado, isReference: undefined, value: Object} @ http://localhost:3000/_next/static/chunks/11hm_next_dist_0m6rgog._.js:2441
[  466423ms] [LOG] [DEBUG] Renderizando celda: {columnId: estado, isReference: undefined, value: Object} @ http://localhost:3000/_next/static/chunks/11hm_next_dist_0m6rgog._.js:2441
[  466423ms] [LOG] [DEBUG] Renderizando celda: {columnId: fechaRegistro, isReference: undefined, value: Object} @ http://localhost:3000/_next/static/chunks/11hm_next_dist_0m6rgog._.js:2441
[  466423ms] [LOG] [DEBUG] Renderizando celda: {columnId: fechaRegistro, isReference: undefined, value: Object} @ http://localhost:3000/_next/static/chunks/11hm_next_dist_0m6rgog._.js:2441
[  466424ms] [LOG] [DEBUG] Renderizando celda: {columnId: ultimoContacto, isReference: undefined, value: Object} @ http://localhost:3000/_next/static/chunks/11hm_next_dist_0m6rgog._.js:2441
[  466424ms] [LOG] [DEBUG] Renderizando celda: {columnId: ultimoContacto, isReference: undefined, value: Object} @ http://localhost:3000/_next/static/chunks/11hm_next_dist_0m6rgog._.js:2441
[  466424ms] [LOG] [DEBUG] Renderizando celda: {columnId: valorTotal, isReference: undefined, value: Object} @ http://localhost:3000/_next/static/chunks/11hm_next_dist_0m6rgog._.js:2441
[  466424ms] [LOG] [DEBUG] Renderizando celda: {columnId: valorTotal, isReference: undefined, value: Object} @ http://localhost:3000/_next/static/chunks/11hm_next_dist_0m6rgog._.js:2441
[  466424ms] [LOG] [DEBUG] Renderizando celda: {columnId: satisfaccion, isReference: undefined, value: Object} @ http://localhost:3000/_next/static/chunks/11hm_next_dist_0m6rgog._.js:2441
[  466424ms] [LOG] [DEBUG] Renderizando celda: {columnId: satisfaccion, isReference: undefined, value: Object} @ http://localhost:3000/_next/static/chunks/11hm_next_dist_0m6rgog._.js:2441
[  466424ms] [LOG] [DEBUG] Renderizando celda: {columnId: activo, isReference: undefined, value: Object} @ http://localhost:3000/_next/static/chunks/11hm_next_dist_0m6rgog._.js:2441
[  466424ms] [LOG] [DEBUG] Renderizando celda: {columnId: activo, isReference: undefined, value: Object} @ http://localhost:3000/_next/static/chunks/11hm_next_dist_0m6rgog._.js:2441
[  466424ms] [LOG] [DEBUG] Renderizando celda: {columnId: id, isReference: undefined, value: Object} @ http://localhost:3000/_next/static/chunks/11hm_next_dist_0m6rgog._.js:2441
[  466425ms] [LOG] [DEBUG] Renderizando celda: {columnId: id, isReference: undefined, value: Object} @ http://localhost:3000/_next/static/chunks/11hm_next_dist_0m6rgog._.js:2441
[  466425ms] [LOG] [DEBUG] Renderizando celda: {columnId: nombre, isReference: undefined, value: Object} @ http://localhost:3000/_next/static/chunks/11hm_next_dist_0m6rgog._.js:2441
[  466425ms] [LOG] [DEBUG] Renderizando celda: {columnId: nombre, isReference: undefined, value: Object} @ http://localhost:3000/_next/static/chunks/11hm_next_dist_0m6rgog._.js:2441
[  466425ms] [LOG] [DEBUG] Renderizando celda: {columnId: email, isReference: undefined, value: Object} @ http://localhost:3000/_next/static/chunks/11hm_next_dist_0m6rgog._.js:2441
[  466425ms] [LOG] [DEBUG] Renderizando celda: {columnId: email, isReference: undefined, value: Object} @ http://localhost:3000/_next/static/chunks/11hm_next_dist_0m6rgog._.js:2441
[  466425ms] [LOG] [DEBUG] Renderizando celda: {columnId: telefono, isReference: undefined, value: Object} @ http://localhost:3000/_next/static/chunks/11hm_next_dist_0m6rgog._.js:2441
[  466425ms] [LOG] [DEBUG] Renderizando celda: {columnId: telefono, isReference: undefined, value: Object} @ http://localhost:3000/_next/static/chunks/11hm_next_dist_0m6rgog._.js:2441
[  466425ms] [LOG] [DEBUG] Renderizando celda: {columnId: ciudad, isReference: undefined, value: Object} @ http://localhost:3000/_next/static/chunks/11hm_next_dist_0m6rgog._.js:2441
[  466425ms] [LOG] [DEBUG] Renderizando celda: {columnId: ciudad, isReference: undefined, value: Object} @ http://localhost:3000/_next/static/chunks/11hm_next_dist_0m6rgog._.js:2441
[  466425ms] [LOG] [DEBUG] Renderizando celda: {columnId: estado, isReference: undefined, value: Object} @ http://localhost:3000/_next/static/chunks/11hm_next_dist_0m6rgog._.js:2441
[  466425ms] [LOG] [DEBUG] Renderizando celda: {columnId: estado, isReference: undefined, value: Object} @ http://localhost:3000/_next/static/chunks/11hm_next_dist_0m6rgog._.js:2441
[  466425ms] [LOG] [DEBUG] Renderizando celda: {columnId: fechaRegistro, isReference: undefined, value: Object} @ http://localhost:3000/_next/static/chunks/11hm_next_dist_0m6rgog._.js:2441
[  466425ms] [LOG] [DEBUG] Renderizando celda: {columnId: fechaRegistro, isReference: undefined, value: Object} @ http://localhost:3000/_next/static/chunks/11hm_next_dist_0m6rgog._.js:2441
[  466425ms] [LOG] [DEBUG] Renderizando celda: {columnId: ultimoContacto, isReference: undefined, value: Object} @ http://localhost:3000/_next/static/chunks/11hm_next_dist_0m6rgog._.js:2441
[  466425ms] [LOG] [DEBUG] Renderizando celda: {columnId: ultimoContacto, isReference: undefined, value: Object} @ http://localhost:3000/_next/static/chunks/11hm_next_dist_0m6rgog._.js:2441
[  466425ms] [LOG] [DEBUG] Renderizando celda: {columnId: valorTotal, isReference: undefined, value: Object} @ http://localhost:3000/_next/static/chunks/11hm_next_dist_0m6rgog._.js:2441
[  466425ms] [LOG] [DEBUG] Renderizando celda: {columnId: valorTotal, isReference: undefined, value: Object} @ http://localhost:3000/_next/static/chunks/11hm_next_dist_0m6rgog._.js:2441
[  466426ms] [LOG] [DEBUG] Renderizando celda: {columnId: satisfaccion, isReference: undefined, value: Object} @ http://localhost:3000/_next/static/chunks/11hm_next_dist_0m6rgog._.js:2441
[  466426ms] [LOG] [DEBUG] Renderizando celda: {columnId: satisfaccion, isReference: undefined, value: Object} @ http://localhost:3000/_next/static/chunks/11hm_next_dist_0m6rgog._.js:2441
[  466426ms] [LOG] [DEBUG] Renderizando celda: {columnId: activo, isReference: undefined, value: Object} @ http://localhost:3000/_next/static/chunks/11hm_next_dist_0m6rgog._.js:2441
[  466426ms] [LOG] [DEBUG] Renderizando celda: {columnId: activo, isReference: undefined, value: Object} @ http://localhost:3000/_next/static/chunks/11hm_next_dist_0m6rgog._.js:2441
[  466426ms] [LOG] [DEBUG] Renderizando celda: {columnId: id, isReference: undefined, value: Object} @ http://localhost:3000/_next/static/chunks/11hm_next_dist_0m6rgog._.js:2441
[  466426ms] [LOG] [DEBUG] Renderizando celda: {columnId: id, isReference: undefined, value: Object} @ http://localhost:3000/_next/static/chunks/11hm_next_dist_0m6rgog._.js:2441
[  466426ms] [LOG] [DEBUG] Renderizando celda: {columnId: nombre, isReference: undefined, value: Object} @ http://localhost:3000/_next/static/chunks/11hm_next_dist_0m6rgog._.js:2441
[  466426ms] [LOG] [DEBUG] Renderizando celda: {columnId: nombre, isReference: undefined, value: Object} @ http://localhost:3000/_next/static/chunks/11hm_next_dist_0m6rgog._.js:2441
[  466426ms] [LOG] [DEBUG] Renderizando celda: {columnId: email, isReference: undefined, value: Object} @ http://localhost:3000/_next/static/chunks/11hm_next_dist_0m6rgog._.js:2441
[  466427ms] [LOG] [DEBUG] Renderizando celda: {columnId: email, isReference: undefined, value: Object} @ http://localhost:3000/_next/static/chunks/11hm_next_dist_0m6rgog._.js:2441
[  466427ms] [LOG] [DEBUG] Renderizando celda: {columnId: telefono, isReference: undefined, value: Object} @ http://localhost:3000/_next/static/chunks/11hm_next_dist_0m6rgog._.js:2441
[  466427ms] [LOG] [DEBUG] Renderizando celda: {columnId: telefono, isReference: undefined, value: Object} @ http://localhost:3000/_next/static/chunks/11hm_next_dist_0m6rgog._.js:2441
[  466427ms] [LOG] [DEBUG] Renderizando celda: {columnId: ciudad, isReference: undefined, value: Object} @ http://localhost:3000/_next/static/chunks/11hm_next_dist_0m6rgog._.js:2441
[  466427ms] [LOG] [DEBUG] Renderizando celda: {columnId: ciudad, isReference: undefined, value: Object} @ http://localhost:3000/_next/static/chunks/11hm_next_dist_0m6rgog._.js:2441
[  466427ms] [LOG] [DEBUG] Renderizando celda: {columnId: estado, isReference: undefined, value: Object} @ http://localhost:3000/_next/static/chunks/11hm_next_dist_0m6rgog._.js:2441
[  466427ms] [LOG] [DEBUG] Renderizando celda: {columnId: estado, isReference: undefined, value: Object} @ http://localhost:3000/_next/static/chunks/11hm_next_dist_0m6rgog._.js:2441
[  466427ms] [LOG] [DEBUG] Renderizando celda: {columnId: fechaRegistro, isReference: undefined, value: Object} @ http://localhost:3000/_next/static/chunks/11hm_next_dist_0m6rgog._.js:2441
[  466427ms] [LOG] [DEBUG] Renderizando celda: {columnId: fechaRegistro, isReference: undefined, value: Object} @ http://localhost:3000/_next/static/chunks/11hm_next_dist_0m6rgog._.js:2441
[  466427ms] [LOG] [DEBUG] Renderizando celda: {columnId: ultimoContacto, isReference: undefined, value: Object} @ http://localhost:3000/_next/static/chunks/11hm_next_dist_0m6rgog._.js:2441
[  466427ms] [LOG] [DEBUG] Renderizando celda: {columnId: ultimoContacto, isReference: undefined, value: Object} @ http://localhost:3000/_next/static/chunks/11hm_next_dist_0m6rgog._.js:2441
[  466427ms] [LOG] [DEBUG] Renderizando celda: {columnId: valorTotal, isReference: undefined, value: Object} @ http://localhost:3000/_next/static/chunks/11hm_next_dist_0m6rgog._.js:2441
[  466427ms] [LOG] [DEBUG] Renderizando celda: {columnId: valorTotal, isReference: undefined, value: Object} @ http://localhost:3000/_next/static/chunks/11hm_next_dist_0m6rgog._.js:2441
[  466427ms] [LOG] [DEBUG] Renderizando celda: {columnId: satisfaccion, isReference: undefined, value: Object} @ http://localhost:3000/_next/static/chunks/11hm_next_dist_0m6rgog._.js:2441
[  466427ms] [LOG] [DEBUG] Renderizando celda: {columnId: satisfaccion, isReference: undefined, value: Object} @ http://localhost:3000/_next/static/chunks/11hm_next_dist_0m6rgog._.js:2441
[  466427ms] [LOG] [DEBUG] Renderizando celda: {columnId: activo, isReference: undefined, value: Object} @ http://localhost:3000/_next/static/chunks/11hm_next_dist_0m6rgog._.js:2441
[  466428ms] [LOG] [DEBUG] Renderizando celda: {columnId: activo, isReference: undefined, value: Object} @ http://localhost:3000/_next/static/chunks/11hm_next_dist_0m6rgog._.js:2441
[  466429ms] [LOG] [DEBUG] Renderizando SecondaryTables: {level: 0, parentId: undefined, isLoading: false, arrayColumnsCount: 0, arrayColumns: Array(0)} @ http://localhost:3000/_next/static/chunks/11hm_next_dist_0m6rgog._.js:2441
[  466429ms] [LOG] [DEBUG] Renderizando SecondaryTables: {level: 0, parentId: undefined, isLoading: false, arrayColumnsCount: 0, arrayColumns: Array(0)} @ http://localhost:3000/_next/static/chunks/11hm_next_dist_0m6rgog._.js:2441
[  466663ms] [LOG] [DEBUG] Effective column order: {baseOrder: Array(14), pinnedColumnId: index, otherColumns: Array(13), hasActions: true, result: Array(15)} @ http://localhost:3000/_next/static/chunks/11hm_next_dist_0m6rgog._.js:2441
[  466664ms] [LOG] [DEBUG] Effective column order: {baseOrder: Array(14), pinnedColumnId: index, otherColumns: Array(13), hasActions: true, result: Array(15)} @ http://localhost:3000/_next/static/chunks/11hm_next_dist_0m6rgog._.js:2441
[  466667ms] [LOG] [DEBUG] Effective column order: {baseOrder: Array(14), pinnedColumnId: index, otherColumns: Array(13), hasActions: true, result: Array(15)} @ http://localhost:3000/_next/static/chunks/11hm_next_dist_0m6rgog._.js:2441
[  466667ms] [LOG] [DEBUG] Effective column order: {baseOrder: Array(14), pinnedColumnId: index, otherColumns: Array(13), hasActions: true, result: Array(15)} @ http://localhost:3000/_next/static/chunks/11hm_next_dist_0m6rgog._.js:2441
[  466677ms] [LOG] [DEBUG] Renderizando celda: {columnId: id, isReference: undefined, value: Object} @ http://localhost:3000/_next/static/chunks/11hm_next_dist_0m6rgog._.js:2441
[  466677ms] [LOG] [DEBUG] Renderizando celda: {columnId: id, isReference: undefined, value: Object} @ http://localhost:3000/_next/static/chunks/11hm_next_dist_0m6rgog._.js:2441
[  466677ms] [LOG] [DEBUG] Renderizando celda: {columnId: nombre, isReference: undefined, value: Object} @ http://localhost:3000/_next/static/chunks/11hm_next_dist_0m6rgog._.js:2441
[  466677ms] [LOG] [DEBUG] Renderizando celda: {columnId: nombre, isReference: undefined, value: Object} @ http://localhost:3000/_next/static/chunks/11hm_next_dist_0m6rgog._.js:2441
[  466677ms] [LOG] [DEBUG] Renderizando celda: {columnId: email, isReference: undefined, value: Object} @ http://localhost:3000/_next/static/chunks/11hm_next_dist_0m6rgog._.js:2441
[  466677ms] [LOG] [DEBUG] Renderizando celda: {columnId: email, isReference: undefined, value: Object} @ http://localhost:3000/_next/static/chunks/11hm_next_dist_0m6rgog._.js:2441
[  466677ms] [LOG] [DEBUG] Renderizando celda: {columnId: telefono, isReference: undefined, value: Object} @ http://localhost:3000/_next/static/chunks/11hm_next_dist_0m6rgog._.js:2441
[  466677ms] [LOG] [DEBUG] Renderizando celda: {columnId: telefono, isReference: undefined, value: Object} @ http://localhost:3000/_next/static/chunks/11hm_next_dist_0m6rgog._.js:2441
[  466678ms] [LOG] [DEBUG] Renderizando celda: {columnId: ciudad, isReference: undefined, value: Object} @ http://localhost:3000/_next/static/chunks/11hm_next_dist_0m6rgog._.js:2441
[  466678ms] [LOG] [DEBUG] Renderizando celda: {columnId: ciudad, isReference: undefined, value: Object} @ http://localhost:3000/_next/static/chunks/11hm_next_dist_0m6rgog._.js:2441
[  466678ms] [LOG] [DEBUG] Renderizando celda: {columnId: estado, isReference: undefined, value: Object} @ http://localhost:3000/_next/static/chunks/11hm_next_dist_0m6rgog._.js:2441
[  466678ms] [LOG] [DEBUG] Renderizando celda: {columnId: estado, isReference: undefined, value: Object} @ http://localhost:3000/_next/static/chunks/11hm_next_dist_0m6rgog._.js:2441
[  466678ms] [LOG] [DEBUG] Renderizando celda: {columnId: fechaRegistro, isReference: undefined, value: Object} @ http://localhost:3000/_next/static/chunks/11hm_next_dist_0m6rgog._.js:2441
[  466678ms] [LOG] [DEBUG] Renderizando celda: {columnId: fechaRegistro, isReference: undefined, value: Object} @ http://localhost:3000/_next/static/chunks/11hm_next_dist_0m6rgog._.js:2441
[  466678ms] [LOG] [DEBUG] Renderizando celda: {columnId: ultimoContacto, isReference: undefined, value: Object} @ http://localhost:3000/_next/static/chunks/11hm_next_dist_0m6rgog._.js:2441
[  466678ms] [LOG] [DEBUG] Renderizando celda: {columnId: ultimoContacto, isReference: undefined, value: Object} @ http://localhost:3000/_next/static/chunks/11hm_next_dist_0m6rgog._.js:2441
[  466678ms] [LOG] [DEBUG] Renderizando celda: {columnId: valorTotal, isReference: undefined, value: Object} @ http://localhost:3000/_next/static/chunks/11hm_next_dist_0m6rgog._.js:2441
[  466678ms] [LOG] [DEBUG] Renderizando celda: {columnId: valorTotal, isReference: undefined, value: Object} @ http://localhost:3000/_next/static/chunks/11hm_next_dist_0m6rgog._.js:2441
[  466678ms] [LOG] [DEBUG] Renderizando celda: {columnId: satisfaccion, isReference: undefined, value: Object} @ http://localhost:3000/_next/static/chunks/11hm_next_dist_0m6rgog._.js:2441
[  466678ms] [LOG] [DEBUG] Renderizando celda: {columnId: satisfaccion, isReference: undefined, value: Object} @ http://localhost:3000/_next/static/chunks/11hm_next_dist_0m6rgog._.js:2441
[  466678ms] [LOG] [DEBUG] Renderizando celda: {columnId: activo, isReference: undefined, value: Object} @ http://localhost:3000/_next/static/chunks/11hm_next_dist_0m6rgog._.js:2441
[  466678ms] [LOG] [DEBUG] Renderizando celda: {columnId: activo, isReference: undefined, value: Object} @ http://localhost:3000/_next/static/chunks/11hm_next_dist_0m6rgog._.js:2441
[  466679ms] [LOG] [DEBUG] Renderizando celda: {columnId: id, isReference: undefined, value: Object} @ http://localhost:3000/_next/static/chunks/11hm_next_dist_0m6rgog._.js:2441
[  466679ms] [LOG] [DEBUG] Renderizando celda: {columnId: id, isReference: undefined, value: Object} @ http://localhost:3000/_next/static/chunks/11hm_next_dist_0m6rgog._.js:2441
[  466679ms] [LOG] [DEBUG] Renderizando celda: {columnId: nombre, isReference: undefined, value: Object} @ http://localhost:3000/_next/static/chunks/11hm_next_dist_0m6rgog._.js:2441
[  466679ms] [LOG] [DEBUG] Renderizando celda: {columnId: nombre, isReference: undefined, value: Object} @ http://localhost:3000/_next/static/chunks/11hm_next_dist_0m6rgog._.js:2441
[  466679ms] [LOG] [DEBUG] Renderizando celda: {columnId: email, isReference: undefined, value: Object} @ http://localhost:3000/_next/static/chunks/11hm_next_dist_0m6rgog._.js:2441
[  466680ms] [LOG] [DEBUG] Renderizando celda: {columnId: email, isReference: undefined, value: Object} @ http://localhost:3000/_next/static/chunks/11hm_next_dist_0m6rgog._.js:2441
[  466681ms] [LOG] [DEBUG] Renderizando celda: {columnId: telefono, isReference: undefined, value: Object} @ http://localhost:3000/_next/static/chunks/11hm_next_dist_0m6rgog._.js:2441
[  466681ms] [LOG] [DEBUG] Renderizando celda: {columnId: telefono, isReference: undefined, value: Object} @ http://localhost:3000/_next/static/chunks/11hm_next_dist_0m6rgog._.js:2441
[  466681ms] [LOG] [DEBUG] Renderizando celda: {columnId: ciudad, isReference: undefined, value: Object} @ http://localhost:3000/_next/static/chunks/11hm_next_dist_0m6rgog._.js:2441
[  466681ms] [LOG] [DEBUG] Renderizando celda: {columnId: ciudad, isReference: undefined, value: Object} @ http://localhost:3000/_next/static/chunks/11hm_next_dist_0m6rgog._.js:2441
[  466681ms] [LOG] [DEBUG] Renderizando celda: {columnId: estado, isReference: undefined, value: Object} @ http://localhost:3000/_next/static/chunks/11hm_next_dist_0m6rgog._.js:2441
[  466681ms] [LOG] [DEBUG] Renderizando celda: {columnId: estado, isReference: undefined, value: Object} @ http://localhost:3000/_next/static/chunks/11hm_next_dist_0m6rgog._.js:2441
[  466681ms] [LOG] [DEBUG] Renderizando celda: {columnId: fechaRegistro, isReference: undefined, value: Object} @ http://localhost:3000/_next/static/chunks/11hm_next_dist_0m6rgog._.js:2441
[  466681ms] [LOG] [DEBUG] Renderizando celda: {columnId: fechaRegistro, isReference: undefined, value: Object} @ http://localhost:3000/_next/static/chunks/11hm_next_dist_0m6rgog._.js:2441
[  466681ms] [LOG] [DEBUG] Renderizando celda: {columnId: ultimoContacto, isReference: undefined, value: Object} @ http://localhost:3000/_next/static/chunks/11hm_next_dist_0m6rgog._.js:2441
[  466681ms] [LOG] [DEBUG] Renderizando celda: {columnId: ultimoContacto, isReference: undefined, value: Object} @ http://localhost:3000/_next/static/chunks/11hm_next_dist_0m6rgog._.js:2441
[  466681ms] [LOG] [DEBUG] Renderizando celda: {columnId: valorTotal, isReference: undefined, value: Object} @ http://localhost:3000/_next/static/chunks/11hm_next_dist_0m6rgog._.js:2441
[  466681ms] [LOG] [DEBUG] Renderizando celda: {columnId: valorTotal, isReference: undefined, value: Object} @ http://localhost:3000/_next/static/chunks/11hm_next_dist_0m6rgog._.js:2441
[  466681ms] [LOG] [DEBUG] Renderizando celda: {columnId: satisfaccion, isReference: undefined, value: Object} @ http://localhost:3000/_next/static/chunks/11hm_next_dist_0m6rgog._.js:2441
[  466682ms] [LOG] [DEBUG] Renderizando celda: {columnId: satisfaccion, isReference: undefined, value: Object} @ http://localhost:3000/_next/static/chunks/11hm_next_dist_0m6rgog._.js:2441
[  466682ms] [LOG] [DEBUG] Renderizando celda: {columnId: activo, isReference: undefined, value: Object} @ http://localhost:3000/_next/static/chunks/11hm_next_dist_0m6rgog._.js:2441
[  466682ms] [LOG] [DEBUG] Renderizando celda: {columnId: activo, isReference: undefined, value: Object} @ http://localhost:3000/_next/static/chunks/11hm_next_dist_0m6rgog._.js:2441
[  466682ms] [LOG] [DEBUG] Renderizando celda: {columnId: id, isReference: undefined, value: Object} @ http://localhost:3000/_next/static/chunks/11hm_next_dist_0m6rgog._.js:2441
[  466682ms] [LOG] [DEBUG] Renderizando celda: {columnId: id, isReference: undefined, value: Object} @ http://localhost:3000/_next/static/chunks/11hm_next_dist_0m6rgog._.js:2441
[  466683ms] [LOG] [DEBUG] Renderizando celda: {columnId: nombre, isReference: undefined, value: Object} @ http://localhost:3000/_next/static/chunks/11hm_next_dist_0m6rgog._.js:2441
[  466683ms] [LOG] [DEBUG] Renderizando celda: {columnId: nombre, isReference: undefined, value: Object} @ http://localhost:3000/_next/static/chunks/11hm_next_dist_0m6rgog._.js:2441
[  466683ms] [LOG] [DEBUG] Renderizando celda: {columnId: email, isReference: undefined, value: Object} @ http://localhost:3000/_next/static/chunks/11hm_next_dist_0m6rgog._.js:2441
[  466683ms] [LOG] [DEBUG] Renderizando celda: {columnId: email, isReference: undefined, value: Object} @ http://localhost:3000/_next/static/chunks/11hm_next_dist_0m6rgog._.js:2441
[  466683ms] [LOG] [DEBUG] Renderizando celda: {columnId: telefono, isReference: undefined, value: Object} @ http://localhost:3000/_next/static/chunks/11hm_next_dist_0m6rgog._.js:2441
[  466683ms] [LOG] [DEBUG] Renderizando celda: {columnId: telefono, isReference: undefined, value: Object} @ http://localhost:3000/_next/static/chunks/11hm_next_dist_0m6rgog._.js:2441
[  466683ms] [LOG] [DEBUG] Renderizando celda: {columnId: ciudad, isReference: undefined, value: Object} @ http://localhost:3000/_next/static/chunks/11hm_next_dist_0m6rgog._.js:2441
[  466683ms] [LOG] [DEBUG] Renderizando celda: {columnId: ciudad, isReference: undefined, value: Object} @ http://localhost:3000/_next/static/chunks/11hm_next_dist_0m6rgog._.js:2441
[  466683ms] [LOG] [DEBUG] Renderizando celda: {columnId: estado, isReference: undefined, value: Object} @ http://localhost:3000/_next/static/chunks/11hm_next_dist_0m6rgog._.js:2441
[  466683ms] [LOG] [DEBUG] Renderizando celda: {columnId: estado, isReference: undefined, value: Object} @ http://localhost:3000/_next/static/chunks/11hm_next_dist_0m6rgog._.js:2441
[  466683ms] [LOG] [DEBUG] Renderizando celda: {columnId: fechaRegistro, isReference: undefined, value: Object} @ http://localhost:3000/_next/static/chunks/11hm_next_dist_0m6rgog._.js:2441
[  466683ms] [LOG] [DEBUG] Renderizando celda: {columnId: fechaRegistro, isReference: undefined, value: Object} @ http://localhost:3000/_next/static/chunks/11hm_next_dist_0m6rgog._.js:2441
[  466683ms] [LOG] [DEBUG] Renderizando celda: {columnId: ultimoContacto, isReference: undefined, value: Object} @ http://localhost:3000/_next/static/chunks/11hm_next_dist_0m6rgog._.js:2441
[  466683ms] [LOG] [DEBUG] Renderizando celda: {columnId: ultimoContacto, isReference: undefined, value: Object} @ http://localhost:3000/_next/static/chunks/11hm_next_dist_0m6rgog._.js:2441
[  466683ms] [LOG] [DEBUG] Renderizando celda: {columnId: valorTotal, isReference: undefined, value: Object} @ http://localhost:3000/_next/static/chunks/11hm_next_dist_0m6rgog._.js:2441
[  466684ms] [LOG] [DEBUG] Renderizando celda: {columnId: valorTotal, isReference: undefined, value: Object} @ http://localhost:3000/_next/static/chunks/11hm_next_dist_0m6rgog._.js:2441
[  466684ms] [LOG] [DEBUG] Renderizando celda: {columnId: satisfaccion, isReference: undefined, value: Object} @ http://localhost:3000/_next/static/chunks/11hm_next_dist_0m6rgog._.js:2441
[  466684ms] [LOG] [DEBUG] Renderizando celda: {columnId: satisfaccion, isReference: undefined, value: Object} @ http://localhost:3000/_next/static/chunks/11hm_next_dist_0m6rgog._.js:2441
[  466684ms] [LOG] [DEBUG] Renderizando celda: {columnId: activo, isReference: undefined, value: Object} @ http://localhost:3000/_next/static/chunks/11hm_next_dist_0m6rgog._.js:2441
[  466684ms] [LOG] [DEBUG] Renderizando celda: {columnId: activo, isReference: undefined, value: Object} @ http://localhost:3000/_next/static/chunks/11hm_next_dist_0m6rgog._.js:2441
[  466684ms] [LOG] [DEBUG] Renderizando celda: {columnId: id, isReference: undefined, value: Object} @ http://localhost:3000/_next/static/chunks/11hm_next_dist_0m6rgog._.js:2441
[  466685ms] [LOG] [DEBUG] Renderizando celda: {columnId: id, isReference: undefined, value: Object} @ http://localhost:3000/_next/static/chunks/11hm_next_dist_0m6rgog._.js:2441
[  466685ms] [LOG] [DEBUG] Renderizando celda: {columnId: nombre, isReference: undefined, value: Object} @ http://localhost:3000/_next/static/chunks/11hm_next_dist_0m6rgog._.js:2441
[  466685ms] [LOG] [DEBUG] Renderizando celda: {columnId: nombre, isReference: undefined, value: Object} @ http://localhost:3000/_next/static/chunks/11hm_next_dist_0m6rgog._.js:2441
[  466685ms] [LOG] [DEBUG] Renderizando celda: {columnId: email, isReference: undefined, value: Object} @ http://localhost:3000/_next/static/chunks/11hm_next_dist_0m6rgog._.js:2441
[  466685ms] [LOG] [DEBUG] Renderizando celda: {columnId: email, isReference: undefined, value: Object} @ http://localhost:3000/_next/static/chunks/11hm_next_dist_0m6rgog._.js:2441
[  466685ms] [LOG] [DEBUG] Renderizando celda: {columnId: telefono, isReference: undefined, value: Object} @ http://localhost:3000/_next/static/chunks/11hm_next_dist_0m6rgog._.js:2441
[  466685ms] [LOG] [DEBUG] Renderizando celda: {columnId: telefono, isReference: undefined, value: Object} @ http://localhost:3000/_next/static/chunks/11hm_next_dist_0m6rgog._.js:2441
[  466685ms] [LOG] [DEBUG] Renderizando celda: {columnId: ciudad, isReference: undefined, value: Object} @ http://localhost:3000/_next/static/chunks/11hm_next_dist_0m6rgog._.js:2441
[  466685ms] [LOG] [DEBUG] Renderizando celda: {columnId: ciudad, isReference: undefined, value: Object} @ http://localhost:3000/_next/static/chunks/11hm_next_dist_0m6rgog._.js:2441
[  466685ms] [LOG] [DEBUG] Renderizando celda: {columnId: estado, isReference: undefined, value: Object} @ http://localhost:3000/_next/static/chunks/11hm_next_dist_0m6rgog._.js:2441
[  466685ms] [LOG] [DEBUG] Renderizando celda: {columnId: estado, isReference: undefined, value: Object} @ http://localhost:3000/_next/static/chunks/11hm_next_dist_0m6rgog._.js:2441
[  466685ms] [LOG] [DEBUG] Renderizando celda: {columnId: fechaRegistro, isReference: undefined, value: Object} @ http://localhost:3000/_next/static/chunks/11hm_next_dist_0m6rgog._.js:2441
[  466685ms] [LOG] [DEBUG] Renderizando celda: {columnId: fechaRegistro, isReference: undefined, value: Object} @ http://localhost:3000/_next/static/chunks/11hm_next_dist_0m6rgog._.js:2441
[  466685ms] [LOG] [DEBUG] Renderizando celda: {columnId: ultimoContacto, isReference: undefined, value: Object} @ http://localhost:3000/_next/static/chunks/11hm_next_dist_0m6rgog._.js:2441
[  466685ms] [LOG] [DEBUG] Renderizando celda: {columnId: ultimoContacto, isReference: undefined, value: Object} @ http://localhost:3000/_next/static/chunks/11hm_next_dist_0m6rgog._.js:2441
[  466685ms] [LOG] [DEBUG] Renderizando celda: {columnId: valorTotal, isReference: undefined, value: Object} @ http://localhost:3000/_next/static/chunks/11hm_next_dist_0m6rgog._.js:2441
[  466686ms] [LOG] [DEBUG] Renderizando celda: {columnId: valorTotal, isReference: undefined, value: Object} @ http://localhost:3000/_next/static/chunks/11hm_next_dist_0m6rgog._.js:2441
[  466686ms] [LOG] [DEBUG] Renderizando celda: {columnId: satisfaccion, isReference: undefined, value: Object} @ http://localhost:3000/_next/static/chunks/11hm_next_dist_0m6rgog._.js:2441
[  466686ms] [LOG] [DEBUG] Renderizando celda: {columnId: satisfaccion, isReference: undefined, value: Object} @ http://localhost:3000/_next/static/chunks/11hm_next_dist_0m6rgog._.js:2441
[  466686ms] [LOG] [DEBUG] Renderizando celda: {columnId: activo, isReference: undefined, value: Object} @ http://localhost:3000/_next/static/chunks/11hm_next_dist_0m6rgog._.js:2441
[  466686ms] [LOG] [DEBUG] Renderizando celda: {columnId: activo, isReference: undefined, value: Object} @ http://localhost:3000/_next/static/chunks/11hm_next_dist_0m6rgog._.js:2441
[  466686ms] [LOG] [DEBUG] Renderizando celda: {columnId: id, isReference: undefined, value: Object} @ http://localhost:3000/_next/static/chunks/11hm_next_dist_0m6rgog._.js:2441
[  466686ms] [LOG] [DEBUG] Renderizando celda: {columnId: id, isReference: undefined, value: Object} @ http://localhost:3000/_next/static/chunks/11hm_next_dist_0m6rgog._.js:2441
[  466686ms] [LOG] [DEBUG] Renderizando celda: {columnId: nombre, isReference: undefined, value: Object} @ http://localhost:3000/_next/static/chunks/11hm_next_dist_0m6rgog._.js:2441
[  466687ms] [LOG] [DEBUG] Renderizando celda: {columnId: nombre, isReference: undefined, value: Object} @ http://localhost:3000/_next/static/chunks/11hm_next_dist_0m6rgog._.js:2441
[  466687ms] [LOG] [DEBUG] Renderizando celda: {columnId: email, isReference: undefined, value: Object} @ http://localhost:3000/_next/static/chunks/11hm_next_dist_0m6rgog._.js:2441
[  466687ms] [LOG] [DEBUG] Renderizando celda: {columnId: email, isReference: undefined, value: Object} @ http://localhost:3000/_next/static/chunks/11hm_next_dist_0m6rgog._.js:2441
[  466687ms] [LOG] [DEBUG] Renderizando celda: {columnId: telefono, isReference: undefined, value: Object} @ http://localhost:3000/_next/static/chunks/11hm_next_dist_0m6rgog._.js:2441
[  466687ms] [LOG] [DEBUG] Renderizando celda: {columnId: telefono, isReference: undefined, value: Object} @ http://localhost:3000/_next/static/chunks/11hm_next_dist_0m6rgog._.js:2441
[  466687ms] [LOG] [DEBUG] Renderizando celda: {columnId: ciudad, isReference: undefined, value: Object} @ http://localhost:3000/_next/static/chunks/11hm_next_dist_0m6rgog._.js:2441
[  466687ms] [LOG] [DEBUG] Renderizando celda: {columnId: ciudad, isReference: undefined, value: Object} @ http://localhost:3000/_next/static/chunks/11hm_next_dist_0m6rgog._.js:2441
[  466687ms] [LOG] [DEBUG] Renderizando celda: {columnId: estado, isReference: undefined, value: Object} @ http://localhost:3000/_next/static/chunks/11hm_next_dist_0m6rgog._.js:2441
[  466687ms] [LOG] [DEBUG] Renderizando celda: {columnId: estado, isReference: undefined, value: Object} @ http://localhost:3000/_next/static/chunks/11hm_next_dist_0m6rgog._.js:2441
[  466687ms] [LOG] [DEBUG] Renderizando celda: {columnId: fechaRegistro, isReference: undefined, value: Object} @ http://localhost:3000/_next/static/chunks/11hm_next_dist_0m6rgog._.js:2441
[  466687ms] [LOG] [DEBUG] Renderizando celda: {columnId: fechaRegistro, isReference: undefined, value: Object} @ http://localhost:3000/_next/static/chunks/11hm_next_dist_0m6rgog._.js:2441
[  466687ms] [LOG] [DEBUG] Renderizando celda: {columnId: ultimoContacto, isReference: undefined, value: Object} @ http://localhost:3000/_next/static/chunks/11hm_next_dist_0m6rgog._.js:2441
[  466687ms] [LOG] [DEBUG] Renderizando celda: {columnId: ultimoContacto, isReference: undefined, value: Object} @ http://localhost:3000/_next/static/chunks/11hm_next_dist_0m6rgog._.js:2441
[  466687ms] [LOG] [DEBUG] Renderizando celda: {columnId: valorTotal, isReference: undefined, value: Object} @ http://localhost:3000/_next/static/chunks/11hm_next_dist_0m6rgog._.js:2441
[  466687ms] [LOG] [DEBUG] Renderizando celda: {columnId: valorTotal, isReference: undefined, value: Object} @ http://localhost:3000/_next/static/chunks/11hm_next_dist_0m6rgog._.js:2441
[  466687ms] [LOG] [DEBUG] Renderizando celda: {columnId: satisfaccion, isReference: undefined, value: Object} @ http://localhost:3000/_next/static/chunks/11hm_next_dist_0m6rgog._.js:2441
[  466688ms] [LOG] [DEBUG] Renderizando celda: {columnId: satisfaccion, isReference: undefined, value: Object} @ http://localhost:3000/_next/static/chunks/11hm_next_dist_0m6rgog._.js:2441
[  466688ms] [LOG] [DEBUG] Renderizando celda: {columnId: activo, isReference: undefined, value: Object} @ http://localhost:3000/_next/static/chunks/11hm_next_dist_0m6rgog._.js:2441
[  466688ms] [LOG] [DEBUG] Renderizando celda: {columnId: activo, isReference: undefined, value: Object} @ http://localhost:3000/_next/static/chunks/11hm_next_dist_0m6rgog._.js:2441
[  466688ms] [LOG] [DEBUG] Renderizando celda: {columnId: id, isReference: undefined, value: Object} @ http://localhost:3000/_next/static/chunks/11hm_next_dist_0m6rgog._.js:2441
[  466688ms] [LOG] [DEBUG] Renderizando celda: {columnId: id, isReference: undefined, value: Object} @ http://localhost:3000/_next/static/chunks/11hm_next_dist_0m6rgog._.js:2441
[  466688ms] [LOG] [DEBUG] Renderizando celda: {columnId: nombre, isReference: undefined, value: Object} @ http://localhost:3000/_next/static/chunks/11hm_next_dist_0m6rgog._.js:2441
[  466688ms] [LOG] [DEBUG] Renderizando celda: {columnId: nombre, isReference: undefined, value: Object} @ http://localhost:3000/_next/static/chunks/11hm_next_dist_0m6rgog._.js:2441
[  466688ms] [LOG] [DEBUG] Renderizando celda: {columnId: email, isReference: undefined, value: Object} @ http://localhost:3000/_next/static/chunks/11hm_next_dist_0m6rgog._.js:2441
[  466689ms] [LOG] [DEBUG] Renderizando celda: {columnId: email, isReference: undefined, value: Object} @ http://localhost:3000/_next/static/chunks/11hm_next_dist_0m6rgog._.js:2441
[  466689ms] [LOG] [DEBUG] Renderizando celda: {columnId: telefono, isReference: undefined, value: Object} @ http://localhost:3000/_next/static/chunks/11hm_next_dist_0m6rgog._.js:2441
[  466689ms] [LOG] [DEBUG] Renderizando celda: {columnId: telefono, isReference: undefined, value: Object} @ http://localhost:3000/_next/static/chunks/11hm_next_dist_0m6rgog._.js:2441
[  466689ms] [LOG] [DEBUG] Renderizando celda: {columnId: ciudad, isReference: undefined, value: Object} @ http://localhost:3000/_next/static/chunks/11hm_next_dist_0m6rgog._.js:2441
[  466689ms] [LOG] [DEBUG] Renderizando celda: {columnId: ciudad, isReference: undefined, value: Object} @ http://localhost:3000/_next/static/chunks/11hm_next_dist_0m6rgog._.js:2441
[  466689ms] [LOG] [DEBUG] Renderizando celda: {columnId: estado, isReference: undefined, value: Object} @ http://localhost:3000/_next/static/chunks/11hm_next_dist_0m6rgog._.js:2441
[  466689ms] [LOG] [DEBUG] Renderizando celda: {columnId: estado, isReference: undefined, value: Object} @ http://localhost:3000/_next/static/chunks/11hm_next_dist_0m6rgog._.js:2441
[  466689ms] [LOG] [DEBUG] Renderizando celda: {columnId: fechaRegistro, isReference: undefined, value: Object} @ http://localhost:3000/_next/static/chunks/11hm_next_dist_0m6rgog._.js:2441
[  466689ms] [LOG] [DEBUG] Renderizando celda: {columnId: fechaRegistro, isReference: undefined, value: Object} @ http://localhost:3000/_next/static/chunks/11hm_next_dist_0m6rgog._.js:2441
[  466689ms] [LOG] [DEBUG] Renderizando celda: {columnId: ultimoContacto, isReference: undefined, value: Object} @ http://localhost:3000/_next/static/chunks/11hm_next_dist_0m6rgog._.js:2441
[  466689ms] [LOG] [DEBUG] Renderizando celda: {columnId: ultimoContacto, isReference: undefined, value: Object} @ http://localhost:3000/_next/static/chunks/11hm_next_dist_0m6rgog._.js:2441
[  466689ms] [LOG] [DEBUG] Renderizando celda: {columnId: valorTotal, isReference: undefined, value: Object} @ http://localhost:3000/_next/static/chunks/11hm_next_dist_0m6rgog._.js:2441
[  466689ms] [LOG] [DEBUG] Renderizando celda: {columnId: valorTotal, isReference: undefined, value: Object} @ http://localhost:3000/_next/static/chunks/11hm_next_dist_0m6rgog._.js:2441
[  466689ms] [LOG] [DEBUG] Renderizando celda: {columnId: satisfaccion, isReference: undefined, value: Object} @ http://localhost:3000/_next/static/chunks/11hm_next_dist_0m6rgog._.js:2441
[  466689ms] [LOG] [DEBUG] Renderizando celda: {columnId: satisfaccion, isReference: undefined, value: Object} @ http://localhost:3000/_next/static/chunks/11hm_next_dist_0m6rgog._.js:2441
[  466689ms] [LOG] [DEBUG] Renderizando celda: {columnId: activo, isReference: undefined, value: Object} @ http://localhost:3000/_next/static/chunks/11hm_next_dist_0m6rgog._.js:2441
[  466689ms] [LOG] [DEBUG] Renderizando celda: {columnId: activo, isReference: undefined, value: Object} @ http://localhost:3000/_next/static/chunks/11hm_next_dist_0m6rgog._.js:2441
[  466690ms] [LOG] [DEBUG] Renderizando celda: {columnId: id, isReference: undefined, value: Object} @ http://localhost:3000/_next/static/chunks/11hm_next_dist_0m6rgog._.js:2441
[  466690ms] [LOG] [DEBUG] Renderizando celda: {columnId: id, isReference: undefined, value: Object} @ http://localhost:3000/_next/static/chunks/11hm_next_dist_0m6rgog._.js:2441
[  466690ms] [LOG] [DEBUG] Renderizando celda: {columnId: nombre, isReference: undefined, value: Object} @ http://localhost:3000/_next/static/chunks/11hm_next_dist_0m6rgog._.js:2441
[  466690ms] [LOG] [DEBUG] Renderizando celda: {columnId: nombre, isReference: undefined, value: Object} @ http://localhost:3000/_next/static/chunks/11hm_next_dist_0m6rgog._.js:2441
[  466690ms] [LOG] [DEBUG] Renderizando celda: {columnId: email, isReference: undefined, value: Object} @ http://localhost:3000/_next/static/chunks/11hm_next_dist_0m6rgog._.js:2441
[  466690ms] [LOG] [DEBUG] Renderizando celda: {columnId: email, isReference: undefined, value: Object} @ http://localhost:3000/_next/static/chunks/11hm_next_dist_0m6rgog._.js:2441
[  466690ms] [LOG] [DEBUG] Renderizando celda: {columnId: telefono, isReference: undefined, value: Object} @ http://localhost:3000/_next/static/chunks/11hm_next_dist_0m6rgog._.js:2441
[  466690ms] [LOG] [DEBUG] Renderizando celda: {columnId: telefono, isReference: undefined, value: Object} @ http://localhost:3000/_next/static/chunks/11hm_next_dist_0m6rgog._.js:2441
[  466690ms] [LOG] [DEBUG] Renderizando celda: {columnId: ciudad, isReference: undefined, value: Object} @ http://localhost:3000/_next/static/chunks/11hm_next_dist_0m6rgog._.js:2441
[  466691ms] [LOG] [DEBUG] Renderizando celda: {columnId: ciudad, isReference: undefined, value: Object} @ http://localhost:3000/_next/static/chunks/11hm_next_dist_0m6rgog._.js:2441
[  466691ms] [LOG] [DEBUG] Renderizando celda: {columnId: estado, isReference: undefined, value: Object} @ http://localhost:3000/_next/static/chunks/11hm_next_dist_0m6rgog._.js:2441
[  466691ms] [LOG] [DEBUG] Renderizando celda: {columnId: estado, isReference: undefined, value: Object} @ http://localhost:3000/_next/static/chunks/11hm_next_dist_0m6rgog._.js:2441
[  466691ms] [LOG] [DEBUG] Renderizando celda: {columnId: fechaRegistro, isReference: undefined, value: Object} @ http://localhost:3000/_next/static/chunks/11hm_next_dist_0m6rgog._.js:2441
[  466691ms] [LOG] [DEBUG] Renderizando celda: {columnId: fechaRegistro, isReference: undefined, value: Object} @ http://localhost:3000/_next/static/chunks/11hm_next_dist_0m6rgog._.js:2441
[  466691ms] [LOG] [DEBUG] Renderizando celda: {columnId: ultimoContacto, isReference: undefined, value: Object} @ http://localhost:3000/_next/static/chunks/11hm_next_dist_0m6rgog._.js:2441
[  466691ms] [LOG] [DEBUG] Renderizando celda: {columnId: ultimoContacto, isReference: undefined, value: Object} @ http://localhost:3000/_next/static/chunks/11hm_next_dist_0m6rgog._.js:2441
[  466691ms] [LOG] [DEBUG] Renderizando celda: {columnId: valorTotal, isReference: undefined, value: Object} @ http://localhost:3000/_next/static/chunks/11hm_next_dist_0m6rgog._.js:2441
[  466691ms] [LOG] [DEBUG] Renderizando celda: {columnId: valorTotal, isReference: undefined, value: Object} @ http://localhost:3000/_next/static/chunks/11hm_next_dist_0m6rgog._.js:2441
[  466691ms] [LOG] [DEBUG] Renderizando celda: {columnId: satisfaccion, isReference: undefined, value: Object} @ http://localhost:3000/_next/static/chunks/11hm_next_dist_0m6rgog._.js:2441
[  466691ms] [LOG] [DEBUG] Renderizando celda: {columnId: satisfaccion, isReference: undefined, value: Object} @ http://localhost:3000/_next/static/chunks/11hm_next_dist_0m6rgog._.js:2441
[  466691ms] [LOG] [DEBUG] Renderizando celda: {columnId: activo, isReference: undefined, value: Object} @ http://localhost:3000/_next/static/chunks/11hm_next_dist_0m6rgog._.js:2441
[  466691ms] [LOG] [DEBUG] Renderizando celda: {columnId: activo, isReference: undefined, value: Object} @ http://localhost:3000/_next/static/chunks/11hm_next_dist_0m6rgog._.js:2441
[  466692ms] [LOG] [DEBUG] Renderizando celda: {columnId: id, isReference: undefined, value: Object} @ http://localhost:3000/_next/static/chunks/11hm_next_dist_0m6rgog._.js:2441
[  466692ms] [LOG] [DEBUG] Renderizando celda: {columnId: id, isReference: undefined, value: Object} @ http://localhost:3000/_next/static/chunks/11hm_next_dist_0m6rgog._.js:2441
[  466692ms] [LOG] [DEBUG] Renderizando celda: {columnId: nombre, isReference: undefined, value: Object} @ http://localhost:3000/_next/static/chunks/11hm_next_dist_0m6rgog._.js:2441
[  466692ms] [LOG] [DEBUG] Renderizando celda: {columnId: nombre, isReference: undefined, value: Object} @ http://localhost:3000/_next/static/chunks/11hm_next_dist_0m6rgog._.js:2441
[  466692ms] [LOG] [DEBUG] Renderizando celda: {columnId: email, isReference: undefined, value: Object} @ http://localhost:3000/_next/static/chunks/11hm_next_dist_0m6rgog._.js:2441
[  466692ms] [LOG] [DEBUG] Renderizando celda: {columnId: email, isReference: undefined, value: Object} @ http://localhost:3000/_next/static/chunks/11hm_next_dist_0m6rgog._.js:2441
[  466692ms] [LOG] [DEBUG] Renderizando celda: {columnId: telefono, isReference: undefined, value: Object} @ http://localhost:3000/_next/static/chunks/11hm_next_dist_0m6rgog._.js:2441
[  466692ms] [LOG] [DEBUG] Renderizando celda: {columnId: telefono, isReference: undefined, value: Object} @ http://localhost:3000/_next/static/chunks/11hm_next_dist_0m6rgog._.js:2441
[  466692ms] [LOG] [DEBUG] Renderizando celda: {columnId: ciudad, isReference: undefined, value: Object} @ http://localhost:3000/_next/static/chunks/11hm_next_dist_0m6rgog._.js:2441
[  466692ms] [LOG] [DEBUG] Renderizando celda: {columnId: ciudad, isReference: undefined, value: Object} @ http://localhost:3000/_next/static/chunks/11hm_next_dist_0m6rgog._.js:2441
[  466692ms] [LOG] [DEBUG] Renderizando celda: {columnId: estado, isReference: undefined, value: Object} @ http://localhost:3000/_next/static/chunks/11hm_next_dist_0m6rgog._.js:2441
[  466692ms] [LOG] [DEBUG] Renderizando celda: {columnId: estado, isReference: undefined, value: Object} @ http://localhost:3000/_next/static/chunks/11hm_next_dist_0m6rgog._.js:2441
[  466692ms] [LOG] [DEBUG] Renderizando celda: {columnId: fechaRegistro, isReference: undefined, value: Object} @ http://localhost:3000/_next/static/chunks/11hm_next_dist_0m6rgog._.js:2441
[  466692ms] [LOG] [DEBUG] Renderizando celda: {columnId: fechaRegistro, isReference: undefined, value: Object} @ http://localhost:3000/_next/static/chunks/11hm_next_dist_0m6rgog._.js:2441
[  466693ms] [LOG] [DEBUG] Renderizando celda: {columnId: ultimoContacto, isReference: undefined, value: Object} @ http://localhost:3000/_next/static/chunks/11hm_next_dist_0m6rgog._.js:2441
[  466693ms] [LOG] [DEBUG] Renderizando celda: {columnId: ultimoContacto, isReference: undefined, value: Object} @ http://localhost:3000/_next/static/chunks/11hm_next_dist_0m6rgog._.js:2441
[  466693ms] [LOG] [DEBUG] Renderizando celda: {columnId: valorTotal, isReference: undefined, value: Object} @ http://localhost:3000/_next/static/chunks/11hm_next_dist_0m6rgog._.js:2441
[  466693ms] [LOG] [DEBUG] Renderizando celda: {columnId: valorTotal, isReference: undefined, value: Object} @ http://localhost:3000/_next/static/chunks/11hm_next_dist_0m6rgog._.js:2441
[  466693ms] [LOG] [DEBUG] Renderizando celda: {columnId: satisfaccion, isReference: undefined, value: Object} @ http://localhost:3000/_next/static/chunks/11hm_next_dist_0m6rgog._.js:2441
[  466693ms] [LOG] [DEBUG] Renderizando celda: {columnId: satisfaccion, isReference: undefined, value: Object} @ http://localhost:3000/_next/static/chunks/11hm_next_dist_0m6rgog._.js:2441
[  466693ms] [LOG] [DEBUG] Renderizando celda: {columnId: activo, isReference: undefined, value: Object} @ http://localhost:3000/_next/static/chunks/11hm_next_dist_0m6rgog._.js:2441
[  466693ms] [LOG] [DEBUG] Renderizando celda: {columnId: activo, isReference: undefined, value: Object} @ http://localhost:3000/_next/static/chunks/11hm_next_dist_0m6rgog._.js:2441
[  466693ms] [LOG] [DEBUG] Renderizando celda: {columnId: id, isReference: undefined, value: Object} @ http://localhost:3000/_next/static/chunks/11hm_next_dist_0m6rgog._.js:2441
[  466694ms] [LOG] [DEBUG] Renderizando celda: {columnId: id, isReference: undefined, value: Object} @ http://localhost:3000/_next/static/chunks/11hm_next_dist_0m6rgog._.js:2441
[  466694ms] [LOG] [DEBUG] Renderizando celda: {columnId: nombre, isReference: undefined, value: Object} @ http://localhost:3000/_next/static/chunks/11hm_next_dist_0m6rgog._.js:2441
[  466694ms] [LOG] [DEBUG] Renderizando celda: {columnId: nombre, isReference: undefined, value: Object} @ http://localhost:3000/_next/static/chunks/11hm_next_dist_0m6rgog._.js:2441
[  466694ms] [LOG] [DEBUG] Renderizando celda: {columnId: email, isReference: undefined, value: Object} @ http://localhost:3000/_next/static/chunks/11hm_next_dist_0m6rgog._.js:2441
[  466694ms] [LOG] [DEBUG] Renderizando celda: {columnId: email, isReference: undefined, value: Object} @ http://localhost:3000/_next/static/chunks/11hm_next_dist_0m6rgog._.js:2441
[  466694ms] [LOG] [DEBUG] Renderizando celda: {columnId: telefono, isReference: undefined, value: Object} @ http://localhost:3000/_next/static/chunks/11hm_next_dist_0m6rgog._.js:2441
[  466694ms] [LOG] [DEBUG] Renderizando celda: {columnId: telefono, isReference: undefined, value: Object} @ http://localhost:3000/_next/static/chunks/11hm_next_dist_0m6rgog._.js:2441
[  466694ms] [LOG] [DEBUG] Renderizando celda: {columnId: ciudad, isReference: undefined, value: Object} @ http://localhost:3000/_next/static/chunks/11hm_next_dist_0m6rgog._.js:2441
[  466694ms] [LOG] [DEBUG] Renderizando celda: {columnId: ciudad, isReference: undefined, value: Object} @ http://localhost:3000/_next/static/chunks/11hm_next_dist_0m6rgog._.js:2441
[  466694ms] [LOG] [DEBUG] Renderizando celda: {columnId: estado, isReference: undefined, value: Object} @ http://localhost:3000/_next/static/chunks/11hm_next_dist_0m6rgog._.js:2441
[  466694ms] [LOG] [DEBUG] Renderizando celda: {columnId: estado, isReference: undefined, value: Object} @ http://localhost:3000/_next/static/chunks/11hm_next_dist_0m6rgog._.js:2441
[  466694ms] [LOG] [DEBUG] Renderizando celda: {columnId: fechaRegistro, isReference: undefined, value: Object} @ http://localhost:3000/_next/static/chunks/11hm_next_dist_0m6rgog._.js:2441
[  466694ms] [LOG] [DEBUG] Renderizando celda: {columnId: fechaRegistro, isReference: undefined, value: Object} @ http://localhost:3000/_next/static/chunks/11hm_next_dist_0m6rgog._.js:2441
[  466694ms] [LOG] [DEBUG] Renderizando celda: {columnId: ultimoContacto, isReference: undefined, value: Object} @ http://localhost:3000/_next/static/chunks/11hm_next_dist_0m6rgog._.js:2441
[  466694ms] [LOG] [DEBUG] Renderizando celda: {columnId: ultimoContacto, isReference: undefined, value: Object} @ http://localhost:3000/_next/static/chunks/11hm_next_dist_0m6rgog._.js:2441
[  466694ms] [LOG] [DEBUG] Renderizando celda: {columnId: valorTotal, isReference: undefined, value: Object} @ http://localhost:3000/_next/static/chunks/11hm_next_dist_0m6rgog._.js:2441
[  466694ms] [LOG] [DEBUG] Renderizando celda: {columnId: valorTotal, isReference: undefined, value: Object} @ http://localhost:3000/_next/static/chunks/11hm_next_dist_0m6rgog._.js:2441
[  466695ms] [LOG] [DEBUG] Renderizando celda: {columnId: satisfaccion, isReference: undefined, value: Object} @ http://localhost:3000/_next/static/chunks/11hm_next_dist_0m6rgog._.js:2441
[  466695ms] [LOG] [DEBUG] Renderizando celda: {columnId: satisfaccion, isReference: undefined, value: Object} @ http://localhost:3000/_next/static/chunks/11hm_next_dist_0m6rgog._.js:2441
[  466695ms] [LOG] [DEBUG] Renderizando celda: {columnId: activo, isReference: undefined, value: Object} @ http://localhost:3000/_next/static/chunks/11hm_next_dist_0m6rgog._.js:2441
[  466695ms] [LOG] [DEBUG] Renderizando celda: {columnId: activo, isReference: undefined, value: Object} @ http://localhost:3000/_next/static/chunks/11hm_next_dist_0m6rgog._.js:2441
[  466695ms] [LOG] [DEBUG] Renderizando celda: {columnId: id, isReference: undefined, value: Object} @ http://localhost:3000/_next/static/chunks/11hm_next_dist_0m6rgog._.js:2441
[  466695ms] [LOG] [DEBUG] Renderizando celda: {columnId: id, isReference: undefined, value: Object} @ http://localhost:3000/_next/static/chunks/11hm_next_dist_0m6rgog._.js:2441
[  466695ms] [LOG] [DEBUG] Renderizando celda: {columnId: nombre, isReference: undefined, value: Object} @ http://localhost:3000/_next/static/chunks/11hm_next_dist_0m6rgog._.js:2441
[  466695ms] [LOG] [DEBUG] Renderizando celda: {columnId: nombre, isReference: undefined, value: Object} @ http://localhost:3000/_next/static/chunks/11hm_next_dist_0m6rgog._.js:2441
[  466695ms] [LOG] [DEBUG] Renderizando celda: {columnId: email, isReference: undefined, value: Object} @ http://localhost:3000/_next/static/chunks/11hm_next_dist_0m6rgog._.js:2441
[  466695ms] [LOG] [DEBUG] Renderizando celda: {columnId: email, isReference: undefined, value: Object} @ http://localhost:3000/_next/static/chunks/11hm_next_dist_0m6rgog._.js:2441
[  466696ms] [LOG] [DEBUG] Renderizando celda: {columnId: telefono, isReference: undefined, value: Object} @ http://localhost:3000/_next/static/chunks/11hm_next_dist_0m6rgog._.js:2441
[  466696ms] [LOG] [DEBUG] Renderizando celda: {columnId: telefono, isReference: undefined, value: Object} @ http://localhost:3000/_next/static/chunks/11hm_next_dist_0m6rgog._.js:2441
[  466696ms] [LOG] [DEBUG] Renderizando celda: {columnId: ciudad, isReference: undefined, value: Object} @ http://localhost:3000/_next/static/chunks/11hm_next_dist_0m6rgog._.js:2441
[  466696ms] [LOG] [DEBUG] Renderizando celda: {columnId: ciudad, isReference: undefined, value: Object} @ http://localhost:3000/_next/static/chunks/11hm_next_dist_0m6rgog._.js:2441
[  466696ms] [LOG] [DEBUG] Renderizando celda: {columnId: estado, isReference: undefined, value: Object} @ http://localhost:3000/_next/static/chunks/11hm_next_dist_0m6rgog._.js:2441
[  466696ms] [LOG] [DEBUG] Renderizando celda: {columnId: estado, isReference: undefined, value: Object} @ http://localhost:3000/_next/static/chunks/11hm_next_dist_0m6rgog._.js:2441
[  466696ms] [LOG] [DEBUG] Renderizando celda: {columnId: fechaRegistro, isReference: undefined, value: Object} @ http://localhost:3000/_next/static/chunks/11hm_next_dist_0m6rgog._.js:2441
[  466696ms] [LOG] [DEBUG] Renderizando celda: {columnId: fechaRegistro, isReference: undefined, value: Object} @ http://localhost:3000/_next/static/chunks/11hm_next_dist_0m6rgog._.js:2441
[  466696ms] [LOG] [DEBUG] Renderizando celda: {columnId: ultimoContacto, isReference: undefined, value: Object} @ http://localhost:3000/_next/static/chunks/11hm_next_dist_0m6rgog._.js:2441
[  466696ms] [LOG] [DEBUG] Renderizando celda: {columnId: ultimoContacto, isReference: undefined, value: Object} @ http://localhost:3000/_next/static/chunks/11hm_next_dist_0m6rgog._.js:2441
[  466696ms] [LOG] [DEBUG] Renderizando celda: {columnId: valorTotal, isReference: undefined, value: Object} @ http://localhost:3000/_next/static/chunks/11hm_next_dist_0m6rgog._.js:2441
[  466696ms] [LOG] [DEBUG] Renderizando celda: {columnId: valorTotal, isReference: undefined, value: Object} @ http://localhost:3000/_next/static/chunks/11hm_next_dist_0m6rgog._.js:2441
[  466696ms] [LOG] [DEBUG] Renderizando celda: {columnId: satisfaccion, isReference: undefined, value: Object} @ http://localhost:3000/_next/static/chunks/11hm_next_dist_0m6rgog._.js:2441
[  466696ms] [LOG] [DEBUG] Renderizando celda: {columnId: satisfaccion, isReference: undefined, value: Object} @ http://localhost:3000/_next/static/chunks/11hm_next_dist_0m6rgog._.js:2441
[  466696ms] [LOG] [DEBUG] Renderizando celda: {columnId: activo, isReference: undefined, value: Object} @ http://localhost:3000/_next/static/chunks/11hm_next_dist_0m6rgog._.js:2441
[  466696ms] [LOG] [DEBUG] Renderizando celda: {columnId: activo, isReference: undefined, value: Object} @ http://localhost:3000/_next/static/chunks/11hm_next_dist_0m6rgog._.js:2441
[  466698ms] [LOG] [DEBUG] Renderizando SecondaryTables: {level: 0, parentId: undefined, isLoading: false, arrayColumnsCount: 0, arrayColumns: Array(0)} @ http://localhost:3000/_next/static/chunks/11hm_next_dist_0m6rgog._.js:2441
[  466698ms] [LOG] [DEBUG] Renderizando SecondaryTables: {level: 0, parentId: undefined, isLoading: false, arrayColumnsCount: 0, arrayColumns: Array(0)} @ http://localhost:3000/_next/static/chunks/11hm_next_dist_0m6rgog._.js:2441
[  466706ms] [LOG] [DEBUG] Effective column order: {baseOrder: Array(14), pinnedColumnId: index, otherColumns: Array(13), hasActions: true, result: Array(15)} @ http://localhost:3000/_next/static/chunks/11hm_next_dist_0m6rgog._.js:2441
[  466707ms] [LOG] [DEBUG] Effective column order: {baseOrder: Array(14), pinnedColumnId: index, otherColumns: Array(13), hasActions: true, result: Array(15)} @ http://localhost:3000/_next/static/chunks/11hm_next_dist_0m6rgog._.js:2441
[  466708ms] [LOG] [DEBUG] Effective column order: {baseOrder: Array(14), pinnedColumnId: index, otherColumns: Array(13), hasActions: true, result: Array(15)} @ http://localhost:3000/_next/static/chunks/11hm_next_dist_0m6rgog._.js:2441
[  466709ms] [LOG] [DEBUG] Effective column order: {baseOrder: Array(14), pinnedColumnId: index, otherColumns: Array(13), hasActions: true, result: Array(15)} @ http://localhost:3000/_next/static/chunks/11hm_next_dist_0m6rgog._.js:2441
[  466715ms] [LOG] [DEBUG] Renderizando celda: {columnId: id, isReference: undefined, value: Object} @ http://localhost:3000/_next/static/chunks/11hm_next_dist_0m6rgog._.js:2441
[  466715ms] [LOG] [DEBUG] Renderizando celda: {columnId: id, isReference: undefined, value: Object} @ http://localhost:3000/_next/static/chunks/11hm_next_dist_0m6rgog._.js:2441
[  466715ms] [LOG] [DEBUG] Renderizando celda: {columnId: nombre, isReference: undefined, value: Object} @ http://localhost:3000/_next/static/chunks/11hm_next_dist_0m6rgog._.js:2441
[  466715ms] [LOG] [DEBUG] Renderizando celda: {columnId: nombre, isReference: undefined, value: Object} @ http://localhost:3000/_next/static/chunks/11hm_next_dist_0m6rgog._.js:2441
[  466716ms] [LOG] [DEBUG] Renderizando celda: {columnId: email, isReference: undefined, value: Object} @ http://localhost:3000/_next/static/chunks/11hm_next_dist_0m6rgog._.js:2441
[  466716ms] [LOG] [DEBUG] Renderizando celda: {columnId: email, isReference: undefined, value: Object} @ http://localhost:3000/_next/static/chunks/11hm_next_dist_0m6rgog._.js:2441
[  466716ms] [LOG] [DEBUG] Renderizando celda: {columnId: telefono, isReference: undefined, value: Object} @ http://localhost:3000/_next/static/chunks/11hm_next_dist_0m6rgog._.js:2441
[  466716ms] [LOG] [DEBUG] Renderizando celda: {columnId: telefono, isReference: undefined, value: Object} @ http://localhost:3000/_next/static/chunks/11hm_next_dist_0m6rgog._.js:2441
[  466716ms] [LOG] [DEBUG] Renderizando celda: {columnId: ciudad, isReference: undefined, value: Object} @ http://localhost:3000/_next/static/chunks/11hm_next_dist_0m6rgog._.js:2441
[  466716ms] [LOG] [DEBUG] Renderizando celda: {columnId: ciudad, isReference: undefined, value: Object} @ http://localhost:3000/_next/static/chunks/11hm_next_dist_0m6rgog._.js:2441
[  466716ms] [LOG] [DEBUG] Renderizando celda: {columnId: estado, isReference: undefined, value: Object} @ http://localhost:3000/_next/static/chunks/11hm_next_dist_0m6rgog._.js:2441
[  466716ms] [LOG] [DEBUG] Renderizando celda: {columnId: estado, isReference: undefined, value: Object} @ http://localhost:3000/_next/static/chunks/11hm_next_dist_0m6rgog._.js:2441
[  466716ms] [LOG] [DEBUG] Renderizando celda: {columnId: fechaRegistro, isReference: undefined, value: Object} @ http://localhost:3000/_next/static/chunks/11hm_next_dist_0m6rgog._.js:2441
[  466716ms] [LOG] [DEBUG] Renderizando celda: {columnId: fechaRegistro, isReference: undefined, value: Object} @ http://localhost:3000/_next/static/chunks/11hm_next_dist_0m6rgog._.js:2441
[  466716ms] [LOG] [DEBUG] Renderizando celda: {columnId: ultimoContacto, isReference: undefined, value: Object} @ http://localhost:3000/_next/static/chunks/11hm_next_dist_0m6rgog._.js:2441
[  466716ms] [LOG] [DEBUG] Renderizando celda: {columnId: ultimoContacto, isReference: undefined, value: Object} @ http://localhost:3000/_next/static/chunks/11hm_next_dist_0m6rgog._.js:2441
[  466716ms] [LOG] [DEBUG] Renderizando celda: {columnId: valorTotal, isReference: undefined, value: Object} @ http://localhost:3000/_next/static/chunks/11hm_next_dist_0m6rgog._.js:2441
[  466717ms] [LOG] [DEBUG] Renderizando celda: {columnId: valorTotal, isReference: undefined, value: Object} @ http://localhost:3000/_next/static/chunks/11hm_next_dist_0m6rgog._.js:2441
[  466717ms] [LOG] [DEBUG] Renderizando celda: {columnId: satisfaccion, isReference: undefined, value: Object} @ http://localhost:3000/_next/static/chunks/11hm_next_dist_0m6rgog._.js:2441
[  466717ms] [LOG] [DEBUG] Renderizando celda: {columnId: satisfaccion, isReference: undefined, value: Object} @ http://localhost:3000/_next/static/chunks/11hm_next_dist_0m6rgog._.js:2441
[  466717ms] [LOG] [DEBUG] Renderizando celda: {columnId: activo, isReference: undefined, value: Object} @ http://localhost:3000/_next/static/chunks/11hm_next_dist_0m6rgog._.js:2441
[  466717ms] [LOG] [DEBUG] Renderizando celda: {columnId: activo, isReference: undefined, value: Object} @ http://localhost:3000/_next/static/chunks/11hm_next_dist_0m6rgog._.js:2441
[  466717ms] [LOG] [DEBUG] Renderizando celda: {columnId: id, isReference: undefined, value: Object} @ http://localhost:3000/_next/static/chunks/11hm_next_dist_0m6rgog._.js:2441
[  466718ms] [LOG] [DEBUG] Renderizando celda: {columnId: id, isReference: undefined, value: Object} @ http://localhost:3000/_next/static/chunks/11hm_next_dist_0m6rgog._.js:2441
[  466718ms] [LOG] [DEBUG] Renderizando celda: {columnId: nombre, isReference: undefined, value: Object} @ http://localhost:3000/_next/static/chunks/11hm_next_dist_0m6rgog._.js:2441
[  466718ms] [LOG] [DEBUG] Renderizando celda: {columnId: nombre, isReference: undefined, value: Object} @ http://localhost:3000/_next/static/chunks/11hm_next_dist_0m6rgog._.js:2441
[  466718ms] [LOG] [DEBUG] Renderizando celda: {columnId: email, isReference: undefined, value: Object} @ http://localhost:3000/_next/static/chunks/11hm_next_dist_0m6rgog._.js:2441
[  466718ms] [LOG] [DEBUG] Renderizando celda: {columnId: email, isReference: undefined, value: Object} @ http://localhost:3000/_next/static/chunks/11hm_next_dist_0m6rgog._.js:2441
[  466718ms] [LOG] [DEBUG] Renderizando celda: {columnId: telefono, isReference: undefined, value: Object} @ http://localhost:3000/_next/static/chunks/11hm_next_dist_0m6rgog._.js:2441
[  466718ms] [LOG] [DEBUG] Renderizando celda: {columnId: telefono, isReference: undefined, value: Object} @ http://localhost:3000/_next/static/chunks/11hm_next_dist_0m6rgog._.js:2441
[  466718ms] [LOG] [DEBUG] Renderizando celda: {columnId: ciudad, isReference: undefined, value: Object} @ http://localhost:3000/_next/static/chunks/11hm_next_dist_0m6rgog._.js:2441
[  466718ms] [LOG] [DEBUG] Renderizando celda: {columnId: ciudad, isReference: undefined, value: Object} @ http://localhost:3000/_next/static/chunks/11hm_next_dist_0m6rgog._.js:2441
[  466718ms] [LOG] [DEBUG] Renderizando celda: {columnId: estado, isReference: undefined, value: Object} @ http://localhost:3000/_next/static/chunks/11hm_next_dist_0m6rgog._.js:2441
[  466718ms] [LOG] [DEBUG] Renderizando celda: {columnId: estado, isReference: undefined, value: Object} @ http://localhost:3000/_next/static/chunks/11hm_next_dist_0m6rgog._.js:2441
[  466718ms] [LOG] [DEBUG] Renderizando celda: {columnId: fechaRegistro, isReference: undefined, value: Object} @ http://localhost:3000/_next/static/chunks/11hm_next_dist_0m6rgog._.js:2441
[  466718ms] [LOG] [DEBUG] Renderizando celda: {columnId: fechaRegistro, isReference: undefined, value: Object} @ http://localhost:3000/_next/static/chunks/11hm_next_dist_0m6rgog._.js:2441
[  466719ms] [LOG] [DEBUG] Renderizando celda: {columnId: ultimoContacto, isReference: undefined, value: Object} @ http://localhost:3000/_next/static/chunks/11hm_next_dist_0m6rgog._.js:2441
[  466719ms] [LOG] [DEBUG] Renderizando celda: {columnId: ultimoContacto, isReference: undefined, value: Object} @ http://localhost:3000/_next/static/chunks/11hm_next_dist_0m6rgog._.js:2441
[  466719ms] [LOG] [DEBUG] Renderizando celda: {columnId: valorTotal, isReference: undefined, value: Object} @ http://localhost:3000/_next/static/chunks/11hm_next_dist_0m6rgog._.js:2441
[  466719ms] [LOG] [DEBUG] Renderizando celda: {columnId: valorTotal, isReference: undefined, value: Object} @ http://localhost:3000/_next/static/chunks/11hm_next_dist_0m6rgog._.js:2441
[  466719ms] [LOG] [DEBUG] Renderizando celda: {columnId: satisfaccion, isReference: undefined, value: Object} @ http://localhost:3000/_next/static/chunks/11hm_next_dist_0m6rgog._.js:2441
[  466719ms] [LOG] [DEBUG] Renderizando celda: {columnId: satisfaccion, isReference: undefined, value: Object} @ http://localhost:3000/_next/static/chunks/11hm_next_dist_0m6rgog._.js:2441
[  466719ms] [LOG] [DEBUG] Renderizando celda: {columnId: activo, isReference: undefined, value: Object} @ http://localhost:3000/_next/static/chunks/11hm_next_dist_0m6rgog._.js:2441
[  466719ms] [LOG] [DEBUG] Renderizando celda: {columnId: activo, isReference: undefined, value: Object} @ http://localhost:3000/_next/static/chunks/11hm_next_dist_0m6rgog._.js:2441
[  466720ms] [LOG] [DEBUG] Renderizando celda: {columnId: id, isReference: undefined, value: Object} @ http://localhost:3000/_next/static/chunks/11hm_next_dist_0m6rgog._.js:2441
[  466720ms] [LOG] [DEBUG] Renderizando celda: {columnId: id, isReference: undefined, value: Object} @ http://localhost:3000/_next/static/chunks/11hm_next_dist_0m6rgog._.js:2441
[  466721ms] [LOG] [DEBUG] Renderizando celda: {columnId: nombre, isReference: undefined, value: Object} @ http://localhost:3000/_next/static/chunks/11hm_next_dist_0m6rgog._.js:2441
[  466721ms] [LOG] [DEBUG] Renderizando celda: {columnId: nombre, isReference: undefined, value: Object} @ http://localhost:3000/_next/static/chunks/11hm_next_dist_0m6rgog._.js:2441
[  466721ms] [LOG] [DEBUG] Renderizando celda: {columnId: email, isReference: undefined, value: Object} @ http://localhost:3000/_next/static/chunks/11hm_next_dist_0m6rgog._.js:2441
[  466721ms] [LOG] [DEBUG] Renderizando celda: {columnId: email, isReference: undefined, value: Object} @ http://localhost:3000/_next/static/chunks/11hm_next_dist_0m6rgog._.js:2441
[  466721ms] [LOG] [DEBUG] Renderizando celda: {columnId: telefono, isReference: undefined, value: Object} @ http://localhost:3000/_next/static/chunks/11hm_next_dist_0m6rgog._.js:2441
[  466721ms] [LOG] [DEBUG] Renderizando celda: {columnId: telefono, isReference: undefined, value: Object} @ http://localhost:3000/_next/static/chunks/11hm_next_dist_0m6rgog._.js:2441
[  466721ms] [LOG] [DEBUG] Renderizando celda: {columnId: ciudad, isReference: undefined, value: Object} @ http://localhost:3000/_next/static/chunks/11hm_next_dist_0m6rgog._.js:2441
[  466721ms] [LOG] [DEBUG] Renderizando celda: {columnId: ciudad, isReference: undefined, value: Object} @ http://localhost:3000/_next/static/chunks/11hm_next_dist_0m6rgog._.js:2441
[  466721ms] [LOG] [DEBUG] Renderizando celda: {columnId: estado, isReference: undefined, value: Object} @ http://localhost:3000/_next/static/chunks/11hm_next_dist_0m6rgog._.js:2441
[  466721ms] [LOG] [DEBUG] Renderizando celda: {columnId: estado, isReference: undefined, value: Object} @ http://localhost:3000/_next/static/chunks/11hm_next_dist_0m6rgog._.js:2441
[  466721ms] [LOG] [DEBUG] Renderizando celda: {columnId: fechaRegistro, isReference: undefined, value: Object} @ http://localhost:3000/_next/static/chunks/11hm_next_dist_0m6rgog._.js:2441
[  466722ms] [LOG] [DEBUG] Renderizando celda: {columnId: fechaRegistro, isReference: undefined, value: Object} @ http://localhost:3000/_next/static/chunks/11hm_next_dist_0m6rgog._.js:2441
[  466722ms] [LOG] [DEBUG] Renderizando celda: {columnId: ultimoContacto, isReference: undefined, value: Object} @ http://localhost:3000/_next/static/chunks/11hm_next_dist_0m6rgog._.js:2441
[  466722ms] [LOG] [DEBUG] Renderizando celda: {columnId: ultimoContacto, isReference: undefined, value: Object} @ http://localhost:3000/_next/static/chunks/11hm_next_dist_0m6rgog._.js:2441
[  466722ms] [LOG] [DEBUG] Renderizando celda: {columnId: valorTotal, isReference: undefined, value: Object} @ http://localhost:3000/_next/static/chunks/11hm_next_dist_0m6rgog._.js:2441
[  466722ms] [LOG] [DEBUG] Renderizando celda: {columnId: valorTotal, isReference: undefined, value: Object} @ http://localhost:3000/_next/static/chunks/11hm_next_dist_0m6rgog._.js:2441
[  466722ms] [LOG] [DEBUG] Renderizando celda: {columnId: satisfaccion, isReference: undefined, value: Object} @ http://localhost:3000/_next/static/chunks/11hm_next_dist_0m6rgog._.js:2441
[  466722ms] [LOG] [DEBUG] Renderizando celda: {columnId: satisfaccion, isReference: undefined, value: Object} @ http://localhost:3000/_next/static/chunks/11hm_next_dist_0m6rgog._.js:2441
[  466722ms] [LOG] [DEBUG] Renderizando celda: {columnId: activo, isReference: undefined, value: Object} @ http://localhost:3000/_next/static/chunks/11hm_next_dist_0m6rgog._.js:2441
[  466722ms] [LOG] [DEBUG] Renderizando celda: {columnId: activo, isReference: undefined, value: Object} @ http://localhost:3000/_next/static/chunks/11hm_next_dist_0m6rgog._.js:2441
[  466723ms] [LOG] [DEBUG] Renderizando celda: {columnId: id, isReference: undefined, value: Object} @ http://localhost:3000/_next/static/chunks/11hm_next_dist_0m6rgog._.js:2441
[  466723ms] [LOG] [DEBUG] Renderizando celda: {columnId: id, isReference: undefined, value: Object} @ http://localhost:3000/_next/static/chunks/11hm_next_dist_0m6rgog._.js:2441
[  466723ms] [LOG] [DEBUG] Renderizando celda: {columnId: nombre, isReference: undefined, value: Object} @ http://localhost:3000/_next/static/chunks/11hm_next_dist_0m6rgog._.js:2441
[  466723ms] [LOG] [DEBUG] Renderizando celda: {columnId: nombre, isReference: undefined, value: Object} @ http://localhost:3000/_next/static/chunks/11hm_next_dist_0m6rgog._.js:2441
[  466723ms] [LOG] [DEBUG] Renderizando celda: {columnId: email, isReference: undefined, value: Object} @ http://localhost:3000/_next/static/chunks/11hm_next_dist_0m6rgog._.js:2441
[  466723ms] [LOG] [DEBUG] Renderizando celda: {columnId: email, isReference: undefined, value: Object} @ http://localhost:3000/_next/static/chunks/11hm_next_dist_0m6rgog._.js:2441
[  466723ms] [LOG] [DEBUG] Renderizando celda: {columnId: telefono, isReference: undefined, value: Object} @ http://localhost:3000/_next/static/chunks/11hm_next_dist_0m6rgog._.js:2441
[  466723ms] [LOG] [DEBUG] Renderizando celda: {columnId: telefono, isReference: undefined, value: Object} @ http://localhost:3000/_next/static/chunks/11hm_next_dist_0m6rgog._.js:2441
[  466723ms] [LOG] [DEBUG] Renderizando celda: {columnId: ciudad, isReference: undefined, value: Object} @ http://localhost:3000/_next/static/chunks/11hm_next_dist_0m6rgog._.js:2441
[  466724ms] [LOG] [DEBUG] Renderizando celda: {columnId: ciudad, isReference: undefined, value: Object} @ http://localhost:3000/_next/static/chunks/11hm_next_dist_0m6rgog._.js:2441
[  466724ms] [LOG] [DEBUG] Renderizando celda: {columnId: estado, isReference: undefined, value: Object} @ http://localhost:3000/_next/static/chunks/11hm_next_dist_0m6rgog._.js:2441
[  466724ms] [LOG] [DEBUG] Renderizando celda: {columnId: estado, isReference: undefined, value: Object} @ http://localhost:3000/_next/static/chunks/11hm_next_dist_0m6rgog._.js:2441
[  466724ms] [LOG] [DEBUG] Renderizando celda: {columnId: fechaRegistro, isReference: undefined, value: Object} @ http://localhost:3000/_next/static/chunks/11hm_next_dist_0m6rgog._.js:2441
[  466724ms] [LOG] [DEBUG] Renderizando celda: {columnId: fechaRegistro, isReference: undefined, value: Object} @ http://localhost:3000/_next/static/chunks/11hm_next_dist_0m6rgog._.js:2441
[  466724ms] [LOG] [DEBUG] Renderizando celda: {columnId: ultimoContacto, isReference: undefined, value: Object} @ http://localhost:3000/_next/static/chunks/11hm_next_dist_0m6rgog._.js:2441
[  466724ms] [LOG] [DEBUG] Renderizando celda: {columnId: ultimoContacto, isReference: undefined, value: Object} @ http://localhost:3000/_next/static/chunks/11hm_next_dist_0m6rgog._.js:2441
[  466724ms] [LOG] [DEBUG] Renderizando celda: {columnId: valorTotal, isReference: undefined, value: Object} @ http://localhost:3000/_next/static/chunks/11hm_next_dist_0m6rgog._.js:2441
[  466724ms] [LOG] [DEBUG] Renderizando celda: {columnId: valorTotal, isReference: undefined, value: Object} @ http://localhost:3000/_next/static/chunks/11hm_next_dist_0m6rgog._.js:2441
[  466724ms] [LOG] [DEBUG] Renderizando celda: {columnId: satisfaccion, isReference: undefined, value: Object} @ http://localhost:3000/_next/static/chunks/11hm_next_dist_0m6rgog._.js:2441
[  466724ms] [LOG] [DEBUG] Renderizando celda: {columnId: satisfaccion, isReference: undefined, value: Object} @ http://localhost:3000/_next/static/chunks/11hm_next_dist_0m6rgog._.js:2441
[  466724ms] [LOG] [DEBUG] Renderizando celda: {columnId: activo, isReference: undefined, value: Object} @ http://localhost:3000/_next/static/chunks/11hm_next_dist_0m6rgog._.js:2441
[  466725ms] [LOG] [DEBUG] Renderizando celda: {columnId: activo, isReference: undefined, value: Object} @ http://localhost:3000/_next/static/chunks/11hm_next_dist_0m6rgog._.js:2441
[  466725ms] [LOG] [DEBUG] Renderizando celda: {columnId: id, isReference: undefined, value: Object} @ http://localhost:3000/_next/static/chunks/11hm_next_dist_0m6rgog._.js:2441
[  466725ms] [LOG] [DEBUG] Renderizando celda: {columnId: id, isReference: undefined, value: Object} @ http://localhost:3000/_next/static/chunks/11hm_next_dist_0m6rgog._.js:2441
[  466725ms] [LOG] [DEBUG] Renderizando celda: {columnId: nombre, isReference: undefined, value: Object} @ http://localhost:3000/_next/static/chunks/11hm_next_dist_0m6rgog._.js:2441
[  466725ms] [LOG] [DEBUG] Renderizando celda: {columnId: nombre, isReference: undefined, value: Object} @ http://localhost:3000/_next/static/chunks/11hm_next_dist_0m6rgog._.js:2441
[  466726ms] [LOG] [DEBUG] Renderizando celda: {columnId: email, isReference: undefined, value: Object} @ http://localhost:3000/_next/static/chunks/11hm_next_dist_0m6rgog._.js:2441
[  466726ms] [LOG] [DEBUG] Renderizando celda: {columnId: email, isReference: undefined, value: Object} @ http://localhost:3000/_next/static/chunks/11hm_next_dist_0m6rgog._.js:2441
[  466726ms] [LOG] [DEBUG] Renderizando celda: {columnId: telefono, isReference: undefined, value: Object} @ http://localhost:3000/_next/static/chunks/11hm_next_dist_0m6rgog._.js:2441
[  466726ms] [LOG] [DEBUG] Renderizando celda: {columnId: telefono, isReference: undefined, value: Object} @ http://localhost:3000/_next/static/chunks/11hm_next_dist_0m6rgog._.js:2441
[  466726ms] [LOG] [DEBUG] Renderizando celda: {columnId: ciudad, isReference: undefined, value: Object} @ http://localhost:3000/_next/static/chunks/11hm_next_dist_0m6rgog._.js:2441
[  466726ms] [LOG] [DEBUG] Renderizando celda: {columnId: ciudad, isReference: undefined, value: Object} @ http://localhost:3000/_next/static/chunks/11hm_next_dist_0m6rgog._.js:2441
[  466726ms] [LOG] [DEBUG] Renderizando celda: {columnId: estado, isReference: undefined, value: Object} @ http://localhost:3000/_next/static/chunks/11hm_next_dist_0m6rgog._.js:2441
[  466726ms] [LOG] [DEBUG] Renderizando celda: {columnId: estado, isReference: undefined, value: Object} @ http://localhost:3000/_next/static/chunks/11hm_next_dist_0m6rgog._.js:2441
[  466726ms] [LOG] [DEBUG] Renderizando celda: {columnId: fechaRegistro, isReference: undefined, value: Object} @ http://localhost:3000/_next/static/chunks/11hm_next_dist_0m6rgog._.js:2441
[  466726ms] [LOG] [DEBUG] Renderizando celda: {columnId: fechaRegistro, isReference: undefined, value: Object} @ http://localhost:3000/_next/static/chunks/11hm_next_dist_0m6rgog._.js:2441
[  466726ms] [LOG] [DEBUG] Renderizando celda: {columnId: ultimoContacto, isReference: undefined, value: Object} @ http://localhost:3000/_next/static/chunks/11hm_next_dist_0m6rgog._.js:2441
[  466726ms] [LOG] [DEBUG] Renderizando celda: {columnId: ultimoContacto, isReference: undefined, value: Object} @ http://localhost:3000/_next/static/chunks/11hm_next_dist_0m6rgog._.js:2441
[  466727ms] [LOG] [DEBUG] Renderizando celda: {columnId: valorTotal, isReference: undefined, value: Object} @ http://localhost:3000/_next/static/chunks/11hm_next_dist_0m6rgog._.js:2441
[  466727ms] [LOG] [DEBUG] Renderizando celda: {columnId: valorTotal, isReference: undefined, value: Object} @ http://localhost:3000/_next/static/chunks/11hm_next_dist_0m6rgog._.js:2441
[  466727ms] [LOG] [DEBUG] Renderizando celda: {columnId: satisfaccion, isReference: undefined, value: Object} @ http://localhost:3000/_next/static/chunks/11hm_next_dist_0m6rgog._.js:2441
[  466727ms] [LOG] [DEBUG] Renderizando celda: {columnId: satisfaccion, isReference: undefined, value: Object} @ http://localhost:3000/_next/static/chunks/11hm_next_dist_0m6rgog._.js:2441
[  466727ms] [LOG] [DEBUG] Renderizando celda: {columnId: activo, isReference: undefined, value: Object} @ http://localhost:3000/_next/static/chunks/11hm_next_dist_0m6rgog._.js:2441
[  466727ms] [LOG] [DEBUG] Renderizando celda: {columnId: activo, isReference: undefined, value: Object} @ http://localhost:3000/_next/static/chunks/11hm_next_dist_0m6rgog._.js:2441
[  466727ms] [LOG] [DEBUG] Renderizando celda: {columnId: id, isReference: undefined, value: Object} @ http://localhost:3000/_next/static/chunks/11hm_next_dist_0m6rgog._.js:2441
[  466728ms] [LOG] [DEBUG] Renderizando celda: {columnId: id, isReference: undefined, value: Object} @ http://localhost:3000/_next/static/chunks/11hm_next_dist_0m6rgog._.js:2441
[  466728ms] [LOG] [DEBUG] Renderizando celda: {columnId: nombre, isReference: undefined, value: Object} @ http://localhost:3000/_next/static/chunks/11hm_next_dist_0m6rgog._.js:2441
[  466728ms] [LOG] [DEBUG] Renderizando celda: {columnId: nombre, isReference: undefined, value: Object} @ http://localhost:3000/_next/static/chunks/11hm_next_dist_0m6rgog._.js:2441
[  466728ms] [LOG] [DEBUG] Renderizando celda: {columnId: email, isReference: undefined, value: Object} @ http://localhost:3000/_next/static/chunks/11hm_next_dist_0m6rgog._.js:2441
[  466728ms] [LOG] [DEBUG] Renderizando celda: {columnId: email, isReference: undefined, value: Object} @ http://localhost:3000/_next/static/chunks/11hm_next_dist_0m6rgog._.js:2441
[  466728ms] [LOG] [DEBUG] Renderizando celda: {columnId: telefono, isReference: undefined, value: Object} @ http://localhost:3000/_next/static/chunks/11hm_next_dist_0m6rgog._.js:2441
[  466728ms] [LOG] [DEBUG] Renderizando celda: {columnId: telefono, isReference: undefined, value: Object} @ http://localhost:3000/_next/static/chunks/11hm_next_dist_0m6rgog._.js:2441
[  466728ms] [LOG] [DEBUG] Renderizando celda: {columnId: ciudad, isReference: undefined, value: Object} @ http://localhost:3000/_next/static/chunks/11hm_next_dist_0m6rgog._.js:2441
[  466728ms] [LOG] [DEBUG] Renderizando celda: {columnId: ciudad, isReference: undefined, value: Object} @ http://localhost:3000/_next/static/chunks/11hm_next_dist_0m6rgog._.js:2441
[  466728ms] [LOG] [DEBUG] Renderizando celda: {columnId: estado, isReference: undefined, value: Object} @ http://localhost:3000/_next/static/chunks/11hm_next_dist_0m6rgog._.js:2441
[  466728ms] [LOG] [DEBUG] Renderizando celda: {columnId: estado, isReference: undefined, value: Object} @ http://localhost:3000/_next/static/chunks/11hm_next_dist_0m6rgog._.js:2441
[  466728ms] [LOG] [DEBUG] Renderizando celda: {columnId: fechaRegistro, isReference: undefined, value: Object} @ http://localhost:3000/_next/static/chunks/11hm_next_dist_0m6rgog._.js:2441
[  466728ms] [LOG] [DEBUG] Renderizando celda: {columnId: fechaRegistro, isReference: undefined, value: Object} @ http://localhost:3000/_next/static/chunks/11hm_next_dist_0m6rgog._.js:2441
[  466729ms] [LOG] [DEBUG] Renderizando celda: {columnId: ultimoContacto, isReference: undefined, value: Object} @ http://localhost:3000/_next/static/chunks/11hm_next_dist_0m6rgog._.js:2441
[  466729ms] [LOG] [DEBUG] Renderizando celda: {columnId: ultimoContacto, isReference: undefined, value: Object} @ http://localhost:3000/_next/static/chunks/11hm_next_dist_0m6rgog._.js:2441
[  466729ms] [LOG] [DEBUG] Renderizando celda: {columnId: valorTotal, isReference: undefined, value: Object} @ http://localhost:3000/_next/static/chunks/11hm_next_dist_0m6rgog._.js:2441
[  466729ms] [LOG] [DEBUG] Renderizando celda: {columnId: valorTotal, isReference: undefined, value: Object} @ http://localhost:3000/_next/static/chunks/11hm_next_dist_0m6rgog._.js:2441
[  466729ms] [LOG] [DEBUG] Renderizando celda: {columnId: satisfaccion, isReference: undefined, value: Object} @ http://localhost:3000/_next/static/chunks/11hm_next_dist_0m6rgog._.js:2441
[  466729ms] [LOG] [DEBUG] Renderizando celda: {columnId: satisfaccion, isReference: undefined, value: Object} @ http://localhost:3000/_next/static/chunks/11hm_next_dist_0m6rgog._.js:2441
[  466729ms] [LOG] [DEBUG] Renderizando celda: {columnId: activo, isReference: undefined, value: Object} @ http://localhost:3000/_next/static/chunks/11hm_next_dist_0m6rgog._.js:2441
[  466729ms] [LOG] [DEBUG] Renderizando celda: {columnId: activo, isReference: undefined, value: Object} @ http://localhost:3000/_next/static/chunks/11hm_next_dist_0m6rgog._.js:2441
[  466730ms] [LOG] [DEBUG] Renderizando celda: {columnId: id, isReference: undefined, value: Object} @ http://localhost:3000/_next/static/chunks/11hm_next_dist_0m6rgog._.js:2441
[  466730ms] [LOG] [DEBUG] Renderizando celda: {columnId: id, isReference: undefined, value: Object} @ http://localhost:3000/_next/static/chunks/11hm_next_dist_0m6rgog._.js:2441
[  466730ms] [LOG] [DEBUG] Renderizando celda: {columnId: nombre, isReference: undefined, value: Object} @ http://localhost:3000/_next/static/chunks/11hm_next_dist_0m6rgog._.js:2441
[  466730ms] [LOG] [DEBUG] Renderizando celda: {columnId: nombre, isReference: undefined, value: Object} @ http://localhost:3000/_next/static/chunks/11hm_next_dist_0m6rgog._.js:2441
[  466731ms] [LOG] [DEBUG] Renderizando celda: {columnId: email, isReference: undefined, value: Object} @ http://localhost:3000/_next/static/chunks/11hm_next_dist_0m6rgog._.js:2441
[  466731ms] [LOG] [DEBUG] Renderizando celda: {columnId: email, isReference: undefined, value: Object} @ http://localhost:3000/_next/static/chunks/11hm_next_dist_0m6rgog._.js:2441
[  466731ms] [LOG] [DEBUG] Renderizando celda: {columnId: telefono, isReference: undefined, value: Object} @ http://localhost:3000/_next/static/chunks/11hm_next_dist_0m6rgog._.js:2441
[  466731ms] [LOG] [DEBUG] Renderizando celda: {columnId: telefono, isReference: undefined, value: Object} @ http://localhost:3000/_next/static/chunks/11hm_next_dist_0m6rgog._.js:2441
[  466731ms] [LOG] [DEBUG] Renderizando celda: {columnId: ciudad, isReference: undefined, value: Object} @ http://localhost:3000/_next/static/chunks/11hm_next_dist_0m6rgog._.js:2441
[  466731ms] [LOG] [DEBUG] Renderizando celda: {columnId: ciudad, isReference: undefined, value: Object} @ http://localhost:3000/_next/static/chunks/11hm_next_dist_0m6rgog._.js:2441
[  466731ms] [LOG] [DEBUG] Renderizando celda: {columnId: estado, isReference: undefined, value: Object} @ http://localhost:3000/_next/static/chunks/11hm_next_dist_0m6rgog._.js:2441
[  466731ms] [LOG] [DEBUG] Renderizando celda: {columnId: estado, isReference: undefined, value: Object} @ http://localhost:3000/_next/static/chunks/11hm_next_dist_0m6rgog._.js:2441
[  466732ms] [LOG] [DEBUG] Renderizando celda: {columnId: fechaRegistro, isReference: undefined, value: Object} @ http://localhost:3000/_next/static/chunks/11hm_next_dist_0m6rgog._.js:2441
[  466732ms] [LOG] [DEBUG] Renderizando celda: {columnId: fechaRegistro, isReference: undefined, value: Object} @ http://localhost:3000/_next/static/chunks/11hm_next_dist_0m6rgog._.js:2441
[  466732ms] [LOG] [DEBUG] Renderizando celda: {columnId: ultimoContacto, isReference: undefined, value: Object} @ http://localhost:3000/_next/static/chunks/11hm_next_dist_0m6rgog._.js:2441
[  466732ms] [LOG] [DEBUG] Renderizando celda: {columnId: ultimoContacto, isReference: undefined, value: Object} @ http://localhost:3000/_next/static/chunks/11hm_next_dist_0m6rgog._.js:2441
[  466732ms] [LOG] [DEBUG] Renderizando celda: {columnId: valorTotal, isReference: undefined, value: Object} @ http://localhost:3000/_next/static/chunks/11hm_next_dist_0m6rgog._.js:2441
[  466732ms] [LOG] [DEBUG] Renderizando celda: {columnId: valorTotal, isReference: undefined, value: Object} @ http://localhost:3000/_next/static/chunks/11hm_next_dist_0m6rgog._.js:2441
[  466732ms] [LOG] [DEBUG] Renderizando celda: {columnId: satisfaccion, isReference: undefined, value: Object} @ http://localhost:3000/_next/static/chunks/11hm_next_dist_0m6rgog._.js:2441
[  466732ms] [LOG] [DEBUG] Renderizando celda: {columnId: satisfaccion, isReference: undefined, value: Object} @ http://localhost:3000/_next/static/chunks/11hm_next_dist_0m6rgog._.js:2441
[  466732ms] [LOG] [DEBUG] Renderizando celda: {columnId: activo, isReference: undefined, value: Object} @ http://localhost:3000/_next/static/chunks/11hm_next_dist_0m6rgog._.js:2441
[  466732ms] [LOG] [DEBUG] Renderizando celda: {columnId: activo, isReference: undefined, value: Object} @ http://localhost:3000/_next/static/chunks/11hm_next_dist_0m6rgog._.js:2441
[  466735ms] [LOG] [DEBUG] Renderizando celda: {columnId: id, isReference: undefined, value: Object} @ http://localhost:3000/_next/static/chunks/11hm_next_dist_0m6rgog._.js:2441
[  466735ms] [LOG] [DEBUG] Renderizando celda: {columnId: id, isReference: undefined, value: Object} @ http://localhost:3000/_next/static/chunks/11hm_next_dist_0m6rgog._.js:2441
[  466736ms] [LOG] [DEBUG] Renderizando celda: {columnId: nombre, isReference: undefined, value: Object} @ http://localhost:3000/_next/static/chunks/11hm_next_dist_0m6rgog._.js:2441
[  466736ms] [LOG] [DEBUG] Renderizando celda: {columnId: nombre, isReference: undefined, value: Object} @ http://localhost:3000/_next/static/chunks/11hm_next_dist_0m6rgog._.js:2441
[  466736ms] [LOG] [DEBUG] Renderizando celda: {columnId: email, isReference: undefined, value: Object} @ http://localhost:3000/_next/static/chunks/11hm_next_dist_0m6rgog._.js:2441
[  466736ms] [LOG] [DEBUG] Renderizando celda: {columnId: email, isReference: undefined, value: Object} @ http://localhost:3000/_next/static/chunks/11hm_next_dist_0m6rgog._.js:2441
[  466736ms] [LOG] [DEBUG] Renderizando celda: {columnId: telefono, isReference: undefined, value: Object} @ http://localhost:3000/_next/static/chunks/11hm_next_dist_0m6rgog._.js:2441
[  466736ms] [LOG] [DEBUG] Renderizando celda: {columnId: telefono, isReference: undefined, value: Object} @ http://localhost:3000/_next/static/chunks/11hm_next_dist_0m6rgog._.js:2441
[  466736ms] [LOG] [DEBUG] Renderizando celda: {columnId: ciudad, isReference: undefined, value: Object} @ http://localhost:3000/_next/static/chunks/11hm_next_dist_0m6rgog._.js:2441
[  466736ms] [LOG] [DEBUG] Renderizando celda: {columnId: ciudad, isReference: undefined, value: Object} @ http://localhost:3000/_next/static/chunks/11hm_next_dist_0m6rgog._.js:2441
[  466736ms] [LOG] [DEBUG] Renderizando celda: {columnId: estado, isReference: undefined, value: Object} @ http://localhost:3000/_next/static/chunks/11hm_next_dist_0m6rgog._.js:2441
[  466736ms] [LOG] [DEBUG] Renderizando celda: {columnId: estado, isReference: undefined, value: Object} @ http://localhost:3000/_next/static/chunks/11hm_next_dist_0m6rgog._.js:2441
[  466736ms] [LOG] [DEBUG] Renderizando celda: {columnId: fechaRegistro, isReference: undefined, value: Object} @ http://localhost:3000/_next/static/chunks/11hm_next_dist_0m6rgog._.js:2441
[  466736ms] [LOG] [DEBUG] Renderizando celda: {columnId: fechaRegistro, isReference: undefined, value: Object} @ http://localhost:3000/_next/static/chunks/11hm_next_dist_0m6rgog._.js:2441
[  466736ms] [LOG] [DEBUG] Renderizando celda: {columnId: ultimoContacto, isReference: undefined, value: Object} @ http://localhost:3000/_next/static/chunks/11hm_next_dist_0m6rgog._.js:2441
[  466736ms] [LOG] [DEBUG] Renderizando celda: {columnId: ultimoContacto, isReference: undefined, value: Object} @ http://localhost:3000/_next/static/chunks/11hm_next_dist_0m6rgog._.js:2441
[  466737ms] [LOG] [DEBUG] Renderizando celda: {columnId: valorTotal, isReference: undefined, value: Object} @ http://localhost:3000/_next/static/chunks/11hm_next_dist_0m6rgog._.js:2441
[  466737ms] [LOG] [DEBUG] Renderizando celda: {columnId: valorTotal, isReference: undefined, value: Object} @ http://localhost:3000/_next/static/chunks/11hm_next_dist_0m6rgog._.js:2441
[  466737ms] [LOG] [DEBUG] Renderizando celda: {columnId: satisfaccion, isReference: undefined, value: Object} @ http://localhost:3000/_next/static/chunks/11hm_next_dist_0m6rgog._.js:2441
[  466737ms] [LOG] [DEBUG] Renderizando celda: {columnId: satisfaccion, isReference: undefined, value: Object} @ http://localhost:3000/_next/static/chunks/11hm_next_dist_0m6rgog._.js:2441
[  466737ms] [LOG] [DEBUG] Renderizando celda: {columnId: activo, isReference: undefined, value: Object} @ http://localhost:3000/_next/static/chunks/11hm_next_dist_0m6rgog._.js:2441
[  466737ms] [LOG] [DEBUG] Renderizando celda: {columnId: activo, isReference: undefined, value: Object} @ http://localhost:3000/_next/static/chunks/11hm_next_dist_0m6rgog._.js:2441
[  466738ms] [LOG] [DEBUG] Renderizando celda: {columnId: id, isReference: undefined, value: Object} @ http://localhost:3000/_next/static/chunks/11hm_next_dist_0m6rgog._.js:2441
[  466738ms] [LOG] [DEBUG] Renderizando celda: {columnId: id, isReference: undefined, value: Object} @ http://localhost:3000/_next/static/chunks/11hm_next_dist_0m6rgog._.js:2441
[  466738ms] [LOG] [DEBUG] Renderizando celda: {columnId: nombre, isReference: undefined, value: Object} @ http://localhost:3000/_next/static/chunks/11hm_next_dist_0m6rgog._.js:2441
[  466738ms] [LOG] [DEBUG] Renderizando celda: {columnId: nombre, isReference: undefined, value: Object} @ http://localhost:3000/_next/static/chunks/11hm_next_dist_0m6rgog._.js:2441
[  466738ms] [LOG] [DEBUG] Renderizando celda: {columnId: email, isReference: undefined, value: Object} @ http://localhost:3000/_next/static/chunks/11hm_next_dist_0m6rgog._.js:2441
[  466738ms] [LOG] [DEBUG] Renderizando celda: {columnId: email, isReference: undefined, value: Object} @ http://localhost:3000/_next/static/chunks/11hm_next_dist_0m6rgog._.js:2441
[  466738ms] [LOG] [DEBUG] Renderizando celda: {columnId: telefono, isReference: undefined, value: Object} @ http://localhost:3000/_next/static/chunks/11hm_next_dist_0m6rgog._.js:2441
[  466738ms] [LOG] [DEBUG] Renderizando celda: {columnId: telefono, isReference: undefined, value: Object} @ http://localhost:3000/_next/static/chunks/11hm_next_dist_0m6rgog._.js:2441
[  466738ms] [LOG] [DEBUG] Renderizando celda: {columnId: ciudad, isReference: undefined, value: Object} @ http://localhost:3000/_next/static/chunks/11hm_next_dist_0m6rgog._.js:2441
[  466738ms] [LOG] [DEBUG] Renderizando celda: {columnId: ciudad, isReference: undefined, value: Object} @ http://localhost:3000/_next/static/chunks/11hm_next_dist_0m6rgog._.js:2441
[  466738ms] [LOG] [DEBUG] Renderizando celda: {columnId: estado, isReference: undefined, value: Object} @ http://localhost:3000/_next/static/chunks/11hm_next_dist_0m6rgog._.js:2441
[  466738ms] [LOG] [DEBUG] Renderizando celda: {columnId: estado, isReference: undefined, value: Object} @ http://localhost:3000/_next/static/chunks/11hm_next_dist_0m6rgog._.js:2441
[  466738ms] [LOG] [DEBUG] Renderizando celda: {columnId: fechaRegistro, isReference: undefined, value: Object} @ http://localhost:3000/_next/static/chunks/11hm_next_dist_0m6rgog._.js:2441
[  466738ms] [LOG] [DEBUG] Renderizando celda: {columnId: fechaRegistro, isReference: undefined, value: Object} @ http://localhost:3000/_next/static/chunks/11hm_next_dist_0m6rgog._.js:2441
[  466738ms] [LOG] [DEBUG] Renderizando celda: {columnId: ultimoContacto, isReference: undefined, value: Object} @ http://localhost:3000/_next/static/chunks/11hm_next_dist_0m6rgog._.js:2441
[  466739ms] [LOG] [DEBUG] Renderizando celda: {columnId: ultimoContacto, isReference: undefined, value: Object} @ http://localhost:3000/_next/static/chunks/11hm_next_dist_0m6rgog._.js:2441
[  466739ms] [LOG] [DEBUG] Renderizando celda: {columnId: valorTotal, isReference: undefined, value: Object} @ http://localhost:3000/_next/static/chunks/11hm_next_dist_0m6rgog._.js:2441
[  466739ms] [LOG] [DEBUG] Renderizando celda: {columnId: valorTotal, isReference: undefined, value: Object} @ http://localhost:3000/_next/static/chunks/11hm_next_dist_0m6rgog._.js:2441
[  466739ms] [LOG] [DEBUG] Renderizando celda: {columnId: satisfaccion, isReference: undefined, value: Object} @ http://localhost:3000/_next/static/chunks/11hm_next_dist_0m6rgog._.js:2441
[  466739ms] [LOG] [DEBUG] Renderizando celda: {columnId: satisfaccion, isReference: undefined, value: Object} @ http://localhost:3000/_next/static/chunks/11hm_next_dist_0m6rgog._.js:2441
[  466739ms] [LOG] [DEBUG] Renderizando celda: {columnId: activo, isReference: undefined, value: Object} @ http://localhost:3000/_next/static/chunks/11hm_next_dist_0m6rgog._.js:2441
[  466739ms] [LOG] [DEBUG] Renderizando celda: {columnId: activo, isReference: undefined, value: Object} @ http://localhost:3000/_next/static/chunks/11hm_next_dist_0m6rgog._.js:2441
[  466740ms] [LOG] [DEBUG] Renderizando celda: {columnId: id, isReference: undefined, value: Object} @ http://localhost:3000/_next/static/chunks/11hm_next_dist_0m6rgog._.js:2441
[  466740ms] [LOG] [DEBUG] Renderizando celda: {columnId: id, isReference: undefined, value: Object} @ http://localhost:3000/_next/static/chunks/11hm_next_dist_0m6rgog._.js:2441
[  466740ms] [LOG] [DEBUG] Renderizando celda: {columnId: nombre, isReference: undefined, value: Object} @ http://localhost:3000/_next/static/chunks/11hm_next_dist_0m6rgog._.js:2441
[  466740ms] [LOG] [DEBUG] Renderizando celda: {columnId: nombre, isReference: undefined, value: Object} @ http://localhost:3000/_next/static/chunks/11hm_next_dist_0m6rgog._.js:2441
[  466740ms] [LOG] [DEBUG] Renderizando celda: {columnId: email, isReference: undefined, value: Object} @ http://localhost:3000/_next/static/chunks/11hm_next_dist_0m6rgog._.js:2441
[  466740ms] [LOG] [DEBUG] Renderizando celda: {columnId: email, isReference: undefined, value: Object} @ http://localhost:3000/_next/static/chunks/11hm_next_dist_0m6rgog._.js:2441
[  466740ms] [LOG] [DEBUG] Renderizando celda: {columnId: telefono, isReference: undefined, value: Object} @ http://localhost:3000/_next/static/chunks/11hm_next_dist_0m6rgog._.js:2441
[  466740ms] [LOG] [DEBUG] Renderizando celda: {columnId: telefono, isReference: undefined, value: Object} @ http://localhost:3000/_next/static/chunks/11hm_next_dist_0m6rgog._.js:2441
[  466740ms] [LOG] [DEBUG] Renderizando celda: {columnId: ciudad, isReference: undefined, value: Object} @ http://localhost:3000/_next/static/chunks/11hm_next_dist_0m6rgog._.js:2441
[  466740ms] [LOG] [DEBUG] Renderizando celda: {columnId: ciudad, isReference: undefined, value: Object} @ http://localhost:3000/_next/static/chunks/11hm_next_dist_0m6rgog._.js:2441
[  466740ms] [LOG] [DEBUG] Renderizando celda: {columnId: estado, isReference: undefined, value: Object} @ http://localhost:3000/_next/static/chunks/11hm_next_dist_0m6rgog._.js:2441
[  466740ms] [LOG] [DEBUG] Renderizando celda: {columnId: estado, isReference: undefined, value: Object} @ http://localhost:3000/_next/static/chunks/11hm_next_dist_0m6rgog._.js:2441
[  466740ms] [LOG] [DEBUG] Renderizando celda: {columnId: fechaRegistro, isReference: undefined, value: Object} @ http://localhost:3000/_next/static/chunks/11hm_next_dist_0m6rgog._.js:2441
[  466740ms] [LOG] [DEBUG] Renderizando celda: {columnId: fechaRegistro, isReference: undefined, value: Object} @ http://localhost:3000/_next/static/chunks/11hm_next_dist_0m6rgog._.js:2441
[  466741ms] [LOG] [DEBUG] Renderizando celda: {columnId: ultimoContacto, isReference: undefined, value: Object} @ http://localhost:3000/_next/static/chunks/11hm_next_dist_0m6rgog._.js:2441
[  466741ms] [LOG] [DEBUG] Renderizando celda: {columnId: ultimoContacto, isReference: undefined, value: Object} @ http://localhost:3000/_next/static/chunks/11hm_next_dist_0m6rgog._.js:2441
[  466741ms] [LOG] [DEBUG] Renderizando celda: {columnId: valorTotal, isReference: undefined, value: Object} @ http://localhost:3000/_next/static/chunks/11hm_next_dist_0m6rgog._.js:2441
[  466741ms] [LOG] [DEBUG] Renderizando celda: {columnId: valorTotal, isReference: undefined, value: Object} @ http://localhost:3000/_next/static/chunks/11hm_next_dist_0m6rgog._.js:2441
[  466741ms] [LOG] [DEBUG] Renderizando celda: {columnId: satisfaccion, isReference: undefined, value: Object} @ http://localhost:3000/_next/static/chunks/11hm_next_dist_0m6rgog._.js:2441
[  466741ms] [LOG] [DEBUG] Renderizando celda: {columnId: satisfaccion, isReference: undefined, value: Object} @ http://localhost:3000/_next/static/chunks/11hm_next_dist_0m6rgog._.js:2441
[  466741ms] [LOG] [DEBUG] Renderizando celda: {columnId: activo, isReference: undefined, value: Object} @ http://localhost:3000/_next/static/chunks/11hm_next_dist_0m6rgog._.js:2441
[  466741ms] [LOG] [DEBUG] Renderizando celda: {columnId: activo, isReference: undefined, value: Object} @ http://localhost:3000/_next/static/chunks/11hm_next_dist_0m6rgog._.js:2441
[  466743ms] [LOG] [DEBUG] Renderizando SecondaryTables: {level: 0, parentId: undefined, isLoading: true, arrayColumnsCount: 0, arrayColumns: Array(0)} @ http://localhost:3000/_next/static/chunks/11hm_next_dist_0m6rgog._.js:2441
[  466743ms] [LOG] [DEBUG] Renderizando SecondaryTables: {level: 0, parentId: undefined, isLoading: true, arrayColumnsCount: 0, arrayColumns: Array(0)} @ http://localhost:3000/_next/static/chunks/11hm_next_dist_0m6rgog._.js:2441
[  467007ms] [LOG] [DEBUG] Effective column order: {baseOrder: Array(14), pinnedColumnId: index, otherColumns: Array(13), hasActions: true, result: Array(15)} @ http://localhost:3000/_next/static/chunks/11hm_next_dist_0m6rgog._.js:2441
[  467007ms] [LOG] [DEBUG] Effective column order: {baseOrder: Array(14), pinnedColumnId: index, otherColumns: Array(13), hasActions: true, result: Array(15)} @ http://localhost:3000/_next/static/chunks/11hm_next_dist_0m6rgog._.js:2441
[  467013ms] [LOG] [DEBUG] Effective column order: {baseOrder: Array(14), pinnedColumnId: index, otherColumns: Array(13), hasActions: true, result: Array(15)} @ http://localhost:3000/_next/static/chunks/11hm_next_dist_0m6rgog._.js:2441
[  467013ms] [LOG] [DEBUG] Effective column order: {baseOrder: Array(14), pinnedColumnId: index, otherColumns: Array(13), hasActions: true, result: Array(15)} @ http://localhost:3000/_next/static/chunks/11hm_next_dist_0m6rgog._.js:2441
[  467049ms] [LOG] [DEBUG] Renderizando celda: {columnId: id, isReference: undefined, value: Object} @ http://localhost:3000/_next/static/chunks/11hm_next_dist_0m6rgog._.js:2441
[  467049ms] [LOG] [DEBUG] Renderizando celda: {columnId: id, isReference: undefined, value: Object} @ http://localhost:3000/_next/static/chunks/11hm_next_dist_0m6rgog._.js:2441
[  467050ms] [LOG] [DEBUG] Renderizando celda: {columnId: nombre, isReference: undefined, value: Object} @ http://localhost:3000/_next/static/chunks/11hm_next_dist_0m6rgog._.js:2441
[  467050ms] [LOG] [DEBUG] Renderizando celda: {columnId: nombre, isReference: undefined, value: Object} @ http://localhost:3000/_next/static/chunks/11hm_next_dist_0m6rgog._.js:2441
[  467050ms] [LOG] [DEBUG] Renderizando celda: {columnId: email, isReference: undefined, value: Object} @ http://localhost:3000/_next/static/chunks/11hm_next_dist_0m6rgog._.js:2441
[  467050ms] [LOG] [DEBUG] Renderizando celda: {columnId: email, isReference: undefined, value: Object} @ http://localhost:3000/_next/static/chunks/11hm_next_dist_0m6rgog._.js:2441
[  467050ms] [LOG] [DEBUG] Renderizando celda: {columnId: telefono, isReference: undefined, value: Object} @ http://localhost:3000/_next/static/chunks/11hm_next_dist_0m6rgog._.js:2441
[  467050ms] [LOG] [DEBUG] Renderizando celda: {columnId: telefono, isReference: undefined, value: Object} @ http://localhost:3000/_next/static/chunks/11hm_next_dist_0m6rgog._.js:2441
[  467050ms] [LOG] [DEBUG] Renderizando celda: {columnId: ciudad, isReference: undefined, value: Object} @ http://localhost:3000/_next/static/chunks/11hm_next_dist_0m6rgog._.js:2441
[  467050ms] [LOG] [DEBUG] Renderizando celda: {columnId: ciudad, isReference: undefined, value: Object} @ http://localhost:3000/_next/static/chunks/11hm_next_dist_0m6rgog._.js:2441
[  467050ms] [LOG] [DEBUG] Renderizando celda: {columnId: estado, isReference: undefined, value: Object} @ http://localhost:3000/_next/static/chunks/11hm_next_dist_0m6rgog._.js:2441
[  467050ms] [LOG] [DEBUG] Renderizando celda: {columnId: estado, isReference: undefined, value: Object} @ http://localhost:3000/_next/static/chunks/11hm_next_dist_0m6rgog._.js:2441
[  467050ms] [LOG] [DEBUG] Renderizando celda: {columnId: fechaRegistro, isReference: undefined, value: Object} @ http://localhost:3000/_next/static/chunks/11hm_next_dist_0m6rgog._.js:2441
[  467050ms] [LOG] [DEBUG] Renderizando celda: {columnId: fechaRegistro, isReference: undefined, value: Object} @ http://localhost:3000/_next/static/chunks/11hm_next_dist_0m6rgog._.js:2441
[  467050ms] [LOG] [DEBUG] Renderizando celda: {columnId: ultimoContacto, isReference: undefined, value: Object} @ http://localhost:3000/_next/static/chunks/11hm_next_dist_0m6rgog._.js:2441
[  467050ms] [LOG] [DEBUG] Renderizando celda: {columnId: ultimoContacto, isReference: undefined, value: Object} @ http://localhost:3000/_next/static/chunks/11hm_next_dist_0m6rgog._.js:2441
[  467050ms] [LOG] [DEBUG] Renderizando celda: {columnId: valorTotal, isReference: undefined, value: Object} @ http://localhost:3000/_next/static/chunks/11hm_next_dist_0m6rgog._.js:2441
[  467051ms] [LOG] [DEBUG] Renderizando celda: {columnId: valorTotal, isReference: undefined, value: Object} @ http://localhost:3000/_next/static/chunks/11hm_next_dist_0m6rgog._.js:2441
[  467051ms] [LOG] [DEBUG] Renderizando celda: {columnId: satisfaccion, isReference: undefined, value: Object} @ http://localhost:3000/_next/static/chunks/11hm_next_dist_0m6rgog._.js:2441
[  467051ms] [LOG] [DEBUG] Renderizando celda: {columnId: satisfaccion, isReference: undefined, value: Object} @ http://localhost:3000/_next/static/chunks/11hm_next_dist_0m6rgog._.js:2441
[  467051ms] [LOG] [DEBUG] Renderizando celda: {columnId: activo, isReference: undefined, value: Object} @ http://localhost:3000/_next/static/chunks/11hm_next_dist_0m6rgog._.js:2441
[  467051ms] [LOG] [DEBUG] Renderizando celda: {columnId: activo, isReference: undefined, value: Object} @ http://localhost:3000/_next/static/chunks/11hm_next_dist_0m6rgog._.js:2441
[  467055ms] [LOG] [DEBUG] Renderizando celda: {columnId: id, isReference: undefined, value: Object} @ http://localhost:3000/_next/static/chunks/11hm_next_dist_0m6rgog._.js:2441
[  467055ms] [LOG] [DEBUG] Renderizando celda: {columnId: id, isReference: undefined, value: Object} @ http://localhost:3000/_next/static/chunks/11hm_next_dist_0m6rgog._.js:2441
[  467057ms] [LOG] [DEBUG] Renderizando celda: {columnId: nombre, isReference: undefined, value: Object} @ http://localhost:3000/_next/static/chunks/11hm_next_dist_0m6rgog._.js:2441
[  467057ms] [LOG] [DEBUG] Renderizando celda: {columnId: nombre, isReference: undefined, value: Object} @ http://localhost:3000/_next/static/chunks/11hm_next_dist_0m6rgog._.js:2441
[  467057ms] [LOG] [DEBUG] Renderizando celda: {columnId: email, isReference: undefined, value: Object} @ http://localhost:3000/_next/static/chunks/11hm_next_dist_0m6rgog._.js:2441
[  467057ms] [LOG] [DEBUG] Renderizando celda: {columnId: email, isReference: undefined, value: Object} @ http://localhost:3000/_next/static/chunks/11hm_next_dist_0m6rgog._.js:2441
[  467057ms] [LOG] [DEBUG] Renderizando celda: {columnId: telefono, isReference: undefined, value: Object} @ http://localhost:3000/_next/static/chunks/11hm_next_dist_0m6rgog._.js:2441
[  467057ms] [LOG] [DEBUG] Renderizando celda: {columnId: telefono, isReference: undefined, value: Object} @ http://localhost:3000/_next/static/chunks/11hm_next_dist_0m6rgog._.js:2441
[  467058ms] [LOG] [DEBUG] Renderizando celda: {columnId: ciudad, isReference: undefined, value: Object} @ http://localhost:3000/_next/static/chunks/11hm_next_dist_0m6rgog._.js:2441
[  467058ms] [LOG] [DEBUG] Renderizando celda: {columnId: ciudad, isReference: undefined, value: Object} @ http://localhost:3000/_next/static/chunks/11hm_next_dist_0m6rgog._.js:2441
[  467058ms] [LOG] [DEBUG] Renderizando celda: {columnId: estado, isReference: undefined, value: Object} @ http://localhost:3000/_next/static/chunks/11hm_next_dist_0m6rgog._.js:2441
[  467058ms] [LOG] [DEBUG] Renderizando celda: {columnId: estado, isReference: undefined, value: Object} @ http://localhost:3000/_next/static/chunks/11hm_next_dist_0m6rgog._.js:2441
[  467058ms] [LOG] [DEBUG] Renderizando celda: {columnId: fechaRegistro, isReference: undefined, value: Object} @ http://localhost:3000/_next/static/chunks/11hm_next_dist_0m6rgog._.js:2441
[  467058ms] [LOG] [DEBUG] Renderizando celda: {columnId: fechaRegistro, isReference: undefined, value: Object} @ http://localhost:3000/_next/static/chunks/11hm_next_dist_0m6rgog._.js:2441
[  467058ms] [LOG] [DEBUG] Renderizando celda: {columnId: ultimoContacto, isReference: undefined, value: Object} @ http://localhost:3000/_next/static/chunks/11hm_next_dist_0m6rgog._.js:2441
[  467058ms] [LOG] [DEBUG] Renderizando celda: {columnId: ultimoContacto, isReference: undefined, value: Object} @ http://localhost:3000/_next/static/chunks/11hm_next_dist_0m6rgog._.js:2441
[  467058ms] [LOG] [DEBUG] Renderizando celda: {columnId: valorTotal, isReference: undefined, value: Object} @ http://localhost:3000/_next/static/chunks/11hm_next_dist_0m6rgog._.js:2441
[  467058ms] [LOG] [DEBUG] Renderizando celda: {columnId: valorTotal, isReference: undefined, value: Object} @ http://localhost:3000/_next/static/chunks/11hm_next_dist_0m6rgog._.js:2441
[  467058ms] [LOG] [DEBUG] Renderizando celda: {columnId: satisfaccion, isReference: undefined, value: Object} @ http://localhost:3000/_next/static/chunks/11hm_next_dist_0m6rgog._.js:2441
[  467058ms] [LOG] [DEBUG] Renderizando celda: {columnId: satisfaccion, isReference: undefined, value: Object} @ http://localhost:3000/_next/static/chunks/11hm_next_dist_0m6rgog._.js:2441
[  467058ms] [LOG] [DEBUG] Renderizando celda: {columnId: activo, isReference: undefined, value: Object} @ http://localhost:3000/_next/static/chunks/11hm_next_dist_0m6rgog._.js:2441
[  467058ms] [LOG] [DEBUG] Renderizando celda: {columnId: activo, isReference: undefined, value: Object} @ http://localhost:3000/_next/static/chunks/11hm_next_dist_0m6rgog._.js:2441
[  467063ms] [LOG] [DEBUG] Renderizando celda: {columnId: id, isReference: undefined, value: Object} @ http://localhost:3000/_next/static/chunks/11hm_next_dist_0m6rgog._.js:2441
[  467063ms] [LOG] [DEBUG] Renderizando celda: {columnId: id, isReference: undefined, value: Object} @ http://localhost:3000/_next/static/chunks/11hm_next_dist_0m6rgog._.js:2441
[  467063ms] [LOG] [DEBUG] Renderizando celda: {columnId: nombre, isReference: undefined, value: Object} @ http://localhost:3000/_next/static/chunks/11hm_next_dist_0m6rgog._.js:2441
[  467063ms] [LOG] [DEBUG] Renderizando celda: {columnId: nombre, isReference: undefined, value: Object} @ http://localhost:3000/_next/static/chunks/11hm_next_dist_0m6rgog._.js:2441
[  467063ms] [LOG] [DEBUG] Renderizando celda: {columnId: email, isReference: undefined, value: Object} @ http://localhost:3000/_next/static/chunks/11hm_next_dist_0m6rgog._.js:2441
[  467063ms] [LOG] [DEBUG] Renderizando celda: {columnId: email, isReference: undefined, value: Object} @ http://localhost:3000/_next/static/chunks/11hm_next_dist_0m6rgog._.js:2441
[  467063ms] [LOG] [DEBUG] Renderizando celda: {columnId: telefono, isReference: undefined, value: Object} @ http://localhost:3000/_next/static/chunks/11hm_next_dist_0m6rgog._.js:2441
[  467063ms] [LOG] [DEBUG] Renderizando celda: {columnId: telefono, isReference: undefined, value: Object} @ http://localhost:3000/_next/static/chunks/11hm_next_dist_0m6rgog._.js:2441
[  467063ms] [LOG] [DEBUG] Renderizando celda: {columnId: ciudad, isReference: undefined, value: Object} @ http://localhost:3000/_next/static/chunks/11hm_next_dist_0m6rgog._.js:2441
[  467063ms] [LOG] [DEBUG] Renderizando celda: {columnId: ciudad, isReference: undefined, value: Object} @ http://localhost:3000/_next/static/chunks/11hm_next_dist_0m6rgog._.js:2441
[  467063ms] [LOG] [DEBUG] Renderizando celda: {columnId: estado, isReference: undefined, value: Object} @ http://localhost:3000/_next/static/chunks/11hm_next_dist_0m6rgog._.js:2441
[  467063ms] [LOG] [DEBUG] Renderizando celda: {columnId: estado, isReference: undefined, value: Object} @ http://localhost:3000/_next/static/chunks/11hm_next_dist_0m6rgog._.js:2441
[  467064ms] [LOG] [DEBUG] Renderizando celda: {columnId: fechaRegistro, isReference: undefined, value: Object} @ http://localhost:3000/_next/static/chunks/11hm_next_dist_0m6rgog._.js:2441
[  467064ms] [LOG] [DEBUG] Renderizando celda: {columnId: fechaRegistro, isReference: undefined, value: Object} @ http://localhost:3000/_next/static/chunks/11hm_next_dist_0m6rgog._.js:2441
[  467064ms] [LOG] [DEBUG] Renderizando celda: {columnId: ultimoContacto, isReference: undefined, value: Object} @ http://localhost:3000/_next/static/chunks/11hm_next_dist_0m6rgog._.js:2441
[  467064ms] [LOG] [DEBUG] Renderizando celda: {columnId: ultimoContacto, isReference: undefined, value: Object} @ http://localhost:3000/_next/static/chunks/11hm_next_dist_0m6rgog._.js:2441
[  467064ms] [LOG] [DEBUG] Renderizando celda: {columnId: valorTotal, isReference: undefined, value: Object} @ http://localhost:3000/_next/static/chunks/11hm_next_dist_0m6rgog._.js:2441
[  467064ms] [LOG] [DEBUG] Renderizando celda: {columnId: valorTotal, isReference: undefined, value: Object} @ http://localhost:3000/_next/static/chunks/11hm_next_dist_0m6rgog._.js:2441
[  467064ms] [LOG] [DEBUG] Renderizando celda: {columnId: satisfaccion, isReference: undefined, value: Object} @ http://localhost:3000/_next/static/chunks/11hm_next_dist_0m6rgog._.js:2441
[  467064ms] [LOG] [DEBUG] Renderizando celda: {columnId: satisfaccion, isReference: undefined, value: Object} @ http://localhost:3000/_next/static/chunks/11hm_next_dist_0m6rgog._.js:2441
[  467064ms] [LOG] [DEBUG] Renderizando celda: {columnId: activo, isReference: undefined, value: Object} @ http://localhost:3000/_next/static/chunks/11hm_next_dist_0m6rgog._.js:2441
[  467064ms] [LOG] [DEBUG] Renderizando celda: {columnId: activo, isReference: undefined, value: Object} @ http://localhost:3000/_next/static/chunks/11hm_next_dist_0m6rgog._.js:2441
[  467068ms] [LOG] [DEBUG] Renderizando celda: {columnId: id, isReference: undefined, value: Object} @ http://localhost:3000/_next/static/chunks/11hm_next_dist_0m6rgog._.js:2441
[  467068ms] [LOG] [DEBUG] Renderizando celda: {columnId: id, isReference: undefined, value: Object} @ http://localhost:3000/_next/static/chunks/11hm_next_dist_0m6rgog._.js:2441
[  467069ms] [LOG] [DEBUG] Renderizando celda: {columnId: nombre, isReference: undefined, value: Object} @ http://localhost:3000/_next/static/chunks/11hm_next_dist_0m6rgog._.js:2441
[  467069ms] [LOG] [DEBUG] Renderizando celda: {columnId: nombre, isReference: undefined, value: Object} @ http://localhost:3000/_next/static/chunks/11hm_next_dist_0m6rgog._.js:2441
[  467069ms] [LOG] [DEBUG] Renderizando celda: {columnId: email, isReference: undefined, value: Object} @ http://localhost:3000/_next/static/chunks/11hm_next_dist_0m6rgog._.js:2441
[  467069ms] [LOG] [DEBUG] Renderizando celda: {columnId: email, isReference: undefined, value: Object} @ http://localhost:3000/_next/static/chunks/11hm_next_dist_0m6rgog._.js:2441
[  467069ms] [LOG] [DEBUG] Renderizando celda: {columnId: telefono, isReference: undefined, value: Object} @ http://localhost:3000/_next/static/chunks/11hm_next_dist_0m6rgog._.js:2441
[  467069ms] [LOG] [DEBUG] Renderizando celda: {columnId: telefono, isReference: undefined, value: Object} @ http://localhost:3000/_next/static/chunks/11hm_next_dist_0m6rgog._.js:2441
[  467069ms] [LOG] [DEBUG] Renderizando celda: {columnId: ciudad, isReference: undefined, value: Object} @ http://localhost:3000/_next/static/chunks/11hm_next_dist_0m6rgog._.js:2441
[  467069ms] [LOG] [DEBUG] Renderizando celda: {columnId: ciudad, isReference: undefined, value: Object} @ http://localhost:3000/_next/static/chunks/11hm_next_dist_0m6rgog._.js:2441
[  467069ms] [LOG] [DEBUG] Renderizando celda: {columnId: estado, isReference: undefined, value: Object} @ http://localhost:3000/_next/static/chunks/11hm_next_dist_0m6rgog._.js:2441
[  467069ms] [LOG] [DEBUG] Renderizando celda: {columnId: estado, isReference: undefined, value: Object} @ http://localhost:3000/_next/static/chunks/11hm_next_dist_0m6rgog._.js:2441
[  467069ms] [LOG] [DEBUG] Renderizando celda: {columnId: fechaRegistro, isReference: undefined, value: Object} @ http://localhost:3000/_next/static/chunks/11hm_next_dist_0m6rgog._.js:2441
[  467069ms] [LOG] [DEBUG] Renderizando celda: {columnId: fechaRegistro, isReference: undefined, value: Object} @ http://localhost:3000/_next/static/chunks/11hm_next_dist_0m6rgog._.js:2441
[  467069ms] [LOG] [DEBUG] Renderizando celda: {columnId: ultimoContacto, isReference: undefined, value: Object} @ http://localhost:3000/_next/static/chunks/11hm_next_dist_0m6rgog._.js:2441
[  467069ms] [LOG] [DEBUG] Renderizando celda: {columnId: ultimoContacto, isReference: undefined, value: Object} @ http://localhost:3000/_next/static/chunks/11hm_next_dist_0m6rgog._.js:2441
[  467070ms] [LOG] [DEBUG] Renderizando celda: {columnId: valorTotal, isReference: undefined, value: Object} @ http://localhost:3000/_next/static/chunks/11hm_next_dist_0m6rgog._.js:2441
[  467070ms] [LOG] [DEBUG] Renderizando celda: {columnId: valorTotal, isReference: undefined, value: Object} @ http://localhost:3000/_next/static/chunks/11hm_next_dist_0m6rgog._.js:2441
[  467070ms] [LOG] [DEBUG] Renderizando celda: {columnId: satisfaccion, isReference: undefined, value: Object} @ http://localhost:3000/_next/static/chunks/11hm_next_dist_0m6rgog._.js:2441
[  467070ms] [LOG] [DEBUG] Renderizando celda: {columnId: satisfaccion, isReference: undefined, value: Object} @ http://localhost:3000/_next/static/chunks/11hm_next_dist_0m6rgog._.js:2441
[  467070ms] [LOG] [DEBUG] Renderizando celda: {columnId: activo, isReference: undefined, value: Object} @ http://localhost:3000/_next/static/chunks/11hm_next_dist_0m6rgog._.js:2441
[  467070ms] [LOG] [DEBUG] Renderizando celda: {columnId: activo, isReference: undefined, value: Object} @ http://localhost:3000/_next/static/chunks/11hm_next_dist_0m6rgog._.js:2441
[  467074ms] [LOG] [DEBUG] Renderizando celda: {columnId: id, isReference: undefined, value: Object} @ http://localhost:3000/_next/static/chunks/11hm_next_dist_0m6rgog._.js:2441
[  467074ms] [LOG] [DEBUG] Renderizando celda: {columnId: id, isReference: undefined, value: Object} @ http://localhost:3000/_next/static/chunks/11hm_next_dist_0m6rgog._.js:2441
[  467074ms] [LOG] [DEBUG] Renderizando celda: {columnId: nombre, isReference: undefined, value: Object} @ http://localhost:3000/_next/static/chunks/11hm_next_dist_0m6rgog._.js:2441
[  467074ms] [LOG] [DEBUG] Renderizando celda: {columnId: nombre, isReference: undefined, value: Object} @ http://localhost:3000/_next/static/chunks/11hm_next_dist_0m6rgog._.js:2441
[  467074ms] [LOG] [DEBUG] Renderizando celda: {columnId: email, isReference: undefined, value: Object} @ http://localhost:3000/_next/static/chunks/11hm_next_dist_0m6rgog._.js:2441
[  467074ms] [LOG] [DEBUG] Renderizando celda: {columnId: email, isReference: undefined, value: Object} @ http://localhost:3000/_next/static/chunks/11hm_next_dist_0m6rgog._.js:2441
[  467074ms] [LOG] [DEBUG] Renderizando celda: {columnId: telefono, isReference: undefined, value: Object} @ http://localhost:3000/_next/static/chunks/11hm_next_dist_0m6rgog._.js:2441
[  467075ms] [LOG] [DEBUG] Renderizando celda: {columnId: telefono, isReference: undefined, value: Object} @ http://localhost:3000/_next/static/chunks/11hm_next_dist_0m6rgog._.js:2441
[  467075ms] [LOG] [DEBUG] Renderizando celda: {columnId: ciudad, isReference: undefined, value: Object} @ http://localhost:3000/_next/static/chunks/11hm_next_dist_0m6rgog._.js:2441
[  467075ms] [LOG] [DEBUG] Renderizando celda: {columnId: ciudad, isReference: undefined, value: Object} @ http://localhost:3000/_next/static/chunks/11hm_next_dist_0m6rgog._.js:2441
[  467075ms] [LOG] [DEBUG] Renderizando celda: {columnId: estado, isReference: undefined, value: Object} @ http://localhost:3000/_next/static/chunks/11hm_next_dist_0m6rgog._.js:2441
[  467075ms] [LOG] [DEBUG] Renderizando celda: {columnId: estado, isReference: undefined, value: Object} @ http://localhost:3000/_next/static/chunks/11hm_next_dist_0m6rgog._.js:2441
[  467075ms] [LOG] [DEBUG] Renderizando celda: {columnId: fechaRegistro, isReference: undefined, value: Object} @ http://localhost:3000/_next/static/chunks/11hm_next_dist_0m6rgog._.js:2441
[  467075ms] [LOG] [DEBUG] Renderizando celda: {columnId: fechaRegistro, isReference: undefined, value: Object} @ http://localhost:3000/_next/static/chunks/11hm_next_dist_0m6rgog._.js:2441
[  467075ms] [LOG] [DEBUG] Renderizando celda: {columnId: ultimoContacto, isReference: undefined, value: Object} @ http://localhost:3000/_next/static/chunks/11hm_next_dist_0m6rgog._.js:2441
[  467075ms] [LOG] [DEBUG] Renderizando celda: {columnId: ultimoContacto, isReference: undefined, value: Object} @ http://localhost:3000/_next/static/chunks/11hm_next_dist_0m6rgog._.js:2441
[  467075ms] [LOG] [DEBUG] Renderizando celda: {columnId: valorTotal, isReference: undefined, value: Object} @ http://localhost:3000/_next/static/chunks/11hm_next_dist_0m6rgog._.js:2441
[  467075ms] [LOG] [DEBUG] Renderizando celda: {columnId: valorTotal, isReference: undefined, value: Object} @ http://localhost:3000/_next/static/chunks/11hm_next_dist_0m6rgog._.js:2441
[  467075ms] [LOG] [DEBUG] Renderizando celda: {columnId: satisfaccion, isReference: undefined, value: Object} @ http://localhost:3000/_next/static/chunks/11hm_next_dist_0m6rgog._.js:2441
[  467075ms] [LOG] [DEBUG] Renderizando celda: {columnId: satisfaccion, isReference: undefined, value: Object} @ http://localhost:3000/_next/static/chunks/11hm_next_dist_0m6rgog._.js:2441
[  467075ms] [LOG] [DEBUG] Renderizando celda: {columnId: activo, isReference: undefined, value: Object} @ http://localhost:3000/_next/static/chunks/11hm_next_dist_0m6rgog._.js:2441
[  467075ms] [LOG] [DEBUG] Renderizando celda: {columnId: activo, isReference: undefined, value: Object} @ http://localhost:3000/_next/static/chunks/11hm_next_dist_0m6rgog._.js:2441
[  467080ms] [LOG] [DEBUG] Renderizando celda: {columnId: id, isReference: undefined, value: Object} @ http://localhost:3000/_next/static/chunks/11hm_next_dist_0m6rgog._.js:2441
[  467080ms] [LOG] [DEBUG] Renderizando celda: {columnId: id, isReference: undefined, value: Object} @ http://localhost:3000/_next/static/chunks/11hm_next_dist_0m6rgog._.js:2441
[  467080ms] [LOG] [DEBUG] Renderizando celda: {columnId: nombre, isReference: undefined, value: Object} @ http://localhost:3000/_next/static/chunks/11hm_next_dist_0m6rgog._.js:2441
[  467080ms] [LOG] [DEBUG] Renderizando celda: {columnId: nombre, isReference: undefined, value: Object} @ http://localhost:3000/_next/static/chunks/11hm_next_dist_0m6rgog._.js:2441
[  467080ms] [LOG] [DEBUG] Renderizando celda: {columnId: email, isReference: undefined, value: Object} @ http://localhost:3000/_next/static/chunks/11hm_next_dist_0m6rgog._.js:2441
[  467080ms] [LOG] [DEBUG] Renderizando celda: {columnId: email, isReference: undefined, value: Object} @ http://localhost:3000/_next/static/chunks/11hm_next_dist_0m6rgog._.js:2441
[  467080ms] [LOG] [DEBUG] Renderizando celda: {columnId: telefono, isReference: undefined, value: Object} @ http://localhost:3000/_next/static/chunks/11hm_next_dist_0m6rgog._.js:2441
[  467080ms] [LOG] [DEBUG] Renderizando celda: {columnId: telefono, isReference: undefined, value: Object} @ http://localhost:3000/_next/static/chunks/11hm_next_dist_0m6rgog._.js:2441
[  467080ms] [LOG] [DEBUG] Renderizando celda: {columnId: ciudad, isReference: undefined, value: Object} @ http://localhost:3000/_next/static/chunks/11hm_next_dist_0m6rgog._.js:2441
[  467080ms] [LOG] [DEBUG] Renderizando celda: {columnId: ciudad, isReference: undefined, value: Object} @ http://localhost:3000/_next/static/chunks/11hm_next_dist_0m6rgog._.js:2441
[  467080ms] [LOG] [DEBUG] Renderizando celda: {columnId: estado, isReference: undefined, value: Object} @ http://localhost:3000/_next/static/chunks/11hm_next_dist_0m6rgog._.js:2441
[  467080ms] [LOG] [DEBUG] Renderizando celda: {columnId: estado, isReference: undefined, value: Object} @ http://localhost:3000/_next/static/chunks/11hm_next_dist_0m6rgog._.js:2441
[  467080ms] [LOG] [DEBUG] Renderizando celda: {columnId: fechaRegistro, isReference: undefined, value: Object} @ http://localhost:3000/_next/static/chunks/11hm_next_dist_0m6rgog._.js:2441
[  467080ms] [LOG] [DEBUG] Renderizando celda: {columnId: fechaRegistro, isReference: undefined, value: Object} @ http://localhost:3000/_next/static/chunks/11hm_next_dist_0m6rgog._.js:2441
[  467081ms] [LOG] [DEBUG] Renderizando celda: {columnId: ultimoContacto, isReference: undefined, value: Object} @ http://localhost:3000/_next/static/chunks/11hm_next_dist_0m6rgog._.js:2441
[  467081ms] [LOG] [DEBUG] Renderizando celda: {columnId: ultimoContacto, isReference: undefined, value: Object} @ http://localhost:3000/_next/static/chunks/11hm_next_dist_0m6rgog._.js:2441
[  467081ms] [LOG] [DEBUG] Renderizando celda: {columnId: valorTotal, isReference: undefined, value: Object} @ http://localhost:3000/_next/static/chunks/11hm_next_dist_0m6rgog._.js:2441
[  467081ms] [LOG] [DEBUG] Renderizando celda: {columnId: valorTotal, isReference: undefined, value: Object} @ http://localhost:3000/_next/static/chunks/11hm_next_dist_0m6rgog._.js:2441
[  467081ms] [LOG] [DEBUG] Renderizando celda: {columnId: satisfaccion, isReference: undefined, value: Object} @ http://localhost:3000/_next/static/chunks/11hm_next_dist_0m6rgog._.js:2441
[  467081ms] [LOG] [DEBUG] Renderizando celda: {columnId: satisfaccion, isReference: undefined, value: Object} @ http://localhost:3000/_next/static/chunks/11hm_next_dist_0m6rgog._.js:2441
[  467081ms] [LOG] [DEBUG] Renderizando celda: {columnId: activo, isReference: undefined, value: Object} @ http://localhost:3000/_next/static/chunks/11hm_next_dist_0m6rgog._.js:2441
[  467081ms] [LOG] [DEBUG] Renderizando celda: {columnId: activo, isReference: undefined, value: Object} @ http://localhost:3000/_next/static/chunks/11hm_next_dist_0m6rgog._.js:2441
[  467085ms] [LOG] [DEBUG] Renderizando celda: {columnId: id, isReference: undefined, value: Object} @ http://localhost:3000/_next/static/chunks/11hm_next_dist_0m6rgog._.js:2441
[  467086ms] [LOG] [DEBUG] Renderizando celda: {columnId: id, isReference: undefined, value: Object} @ http://localhost:3000/_next/static/chunks/11hm_next_dist_0m6rgog._.js:2441
[  467086ms] [LOG] [DEBUG] Renderizando celda: {columnId: nombre, isReference: undefined, value: Object} @ http://localhost:3000/_next/static/chunks/11hm_next_dist_0m6rgog._.js:2441
[  467086ms] [LOG] [DEBUG] Renderizando celda: {columnId: nombre, isReference: undefined, value: Object} @ http://localhost:3000/_next/static/chunks/11hm_next_dist_0m6rgog._.js:2441
[  467086ms] [LOG] [DEBUG] Renderizando celda: {columnId: email, isReference: undefined, value: Object} @ http://localhost:3000/_next/static/chunks/11hm_next_dist_0m6rgog._.js:2441
[  467086ms] [LOG] [DEBUG] Renderizando celda: {columnId: email, isReference: undefined, value: Object} @ http://localhost:3000/_next/static/chunks/11hm_next_dist_0m6rgog._.js:2441
[  467086ms] [LOG] [DEBUG] Renderizando celda: {columnId: telefono, isReference: undefined, value: Object} @ http://localhost:3000/_next/static/chunks/11hm_next_dist_0m6rgog._.js:2441
[  467086ms] [LOG] [DEBUG] Renderizando celda: {columnId: telefono, isReference: undefined, value: Object} @ http://localhost:3000/_next/static/chunks/11hm_next_dist_0m6rgog._.js:2441
[  467086ms] [LOG] [DEBUG] Renderizando celda: {columnId: ciudad, isReference: undefined, value: Object} @ http://localhost:3000/_next/static/chunks/11hm_next_dist_0m6rgog._.js:2441
[  467086ms] [LOG] [DEBUG] Renderizando celda: {columnId: ciudad, isReference: undefined, value: Object} @ http://localhost:3000/_next/static/chunks/11hm_next_dist_0m6rgog._.js:2441
[  467086ms] [LOG] [DEBUG] Renderizando celda: {columnId: estado, isReference: undefined, value: Object} @ http://localhost:3000/_next/static/chunks/11hm_next_dist_0m6rgog._.js:2441
[  467086ms] [LOG] [DEBUG] Renderizando celda: {columnId: estado, isReference: undefined, value: Object} @ http://localhost:3000/_next/static/chunks/11hm_next_dist_0m6rgog._.js:2441
[  467086ms] [LOG] [DEBUG] Renderizando celda: {columnId: fechaRegistro, isReference: undefined, value: Object} @ http://localhost:3000/_next/static/chunks/11hm_next_dist_0m6rgog._.js:2441
[  467086ms] [LOG] [DEBUG] Renderizando celda: {columnId: fechaRegistro, isReference: undefined, value: Object} @ http://localhost:3000/_next/static/chunks/11hm_next_dist_0m6rgog._.js:2441
[  467086ms] [LOG] [DEBUG] Renderizando celda: {columnId: ultimoContacto, isReference: undefined, value: Object} @ http://localhost:3000/_next/static/chunks/11hm_next_dist_0m6rgog._.js:2441
[  467087ms] [LOG] [DEBUG] Renderizando celda: {columnId: ultimoContacto, isReference: undefined, value: Object} @ http://localhost:3000/_next/static/chunks/11hm_next_dist_0m6rgog._.js:2441
[  467087ms] [LOG] [DEBUG] Renderizando celda: {columnId: valorTotal, isReference: undefined, value: Object} @ http://localhost:3000/_next/static/chunks/11hm_next_dist_0m6rgog._.js:2441
[  467087ms] [LOG] [DEBUG] Renderizando celda: {columnId: valorTotal, isReference: undefined, value: Object} @ http://localhost:3000/_next/static/chunks/11hm_next_dist_0m6rgog._.js:2441
[  467087ms] [LOG] [DEBUG] Renderizando celda: {columnId: satisfaccion, isReference: undefined, value: Object} @ http://localhost:3000/_next/static/chunks/11hm_next_dist_0m6rgog._.js:2441
[  467087ms] [LOG] [DEBUG] Renderizando celda: {columnId: satisfaccion, isReference: undefined, value: Object} @ http://localhost:3000/_next/static/chunks/11hm_next_dist_0m6rgog._.js:2441
[  467087ms] [LOG] [DEBUG] Renderizando celda: {columnId: activo, isReference: undefined, value: Object} @ http://localhost:3000/_next/static/chunks/11hm_next_dist_0m6rgog._.js:2441
[  467087ms] [LOG] [DEBUG] Renderizando celda: {columnId: activo, isReference: undefined, value: Object} @ http://localhost:3000/_next/static/chunks/11hm_next_dist_0m6rgog._.js:2441
[  467091ms] [LOG] [DEBUG] Renderizando celda: {columnId: id, isReference: undefined, value: Object} @ http://localhost:3000/_next/static/chunks/11hm_next_dist_0m6rgog._.js:2441
[  467091ms] [LOG] [DEBUG] Renderizando celda: {columnId: id, isReference: undefined, value: Object} @ http://localhost:3000/_next/static/chunks/11hm_next_dist_0m6rgog._.js:2441
[  467091ms] [LOG] [DEBUG] Renderizando celda: {columnId: nombre, isReference: undefined, value: Object} @ http://localhost:3000/_next/static/chunks/11hm_next_dist_0m6rgog._.js:2441
[  467091ms] [LOG] [DEBUG] Renderizando celda: {columnId: nombre, isReference: undefined, value: Object} @ http://localhost:3000/_next/static/chunks/11hm_next_dist_0m6rgog._.js:2441
[  467092ms] [LOG] [DEBUG] Renderizando celda: {columnId: email, isReference: undefined, value: Object} @ http://localhost:3000/_next/static/chunks/11hm_next_dist_0m6rgog._.js:2441
[  467092ms] [LOG] [DEBUG] Renderizando celda: {columnId: email, isReference: undefined, value: Object} @ http://localhost:3000/_next/static/chunks/11hm_next_dist_0m6rgog._.js:2441
[  467092ms] [LOG] [DEBUG] Renderizando celda: {columnId: telefono, isReference: undefined, value: Object} @ http://localhost:3000/_next/static/chunks/11hm_next_dist_0m6rgog._.js:2441
[  467092ms] [LOG] [DEBUG] Renderizando celda: {columnId: telefono, isReference: undefined, value: Object} @ http://localhost:3000/_next/static/chunks/11hm_next_dist_0m6rgog._.js:2441
[  467092ms] [LOG] [DEBUG] Renderizando celda: {columnId: ciudad, isReference: undefined, value: Object} @ http://localhost:3000/_next/static/chunks/11hm_next_dist_0m6rgog._.js:2441
[  467092ms] [LOG] [DEBUG] Renderizando celda: {columnId: ciudad, isReference: undefined, value: Object} @ http://localhost:3000/_next/static/chunks/11hm_next_dist_0m6rgog._.js:2441
[  467092ms] [LOG] [DEBUG] Renderizando celda: {columnId: estado, isReference: undefined, value: Object} @ http://localhost:3000/_next/static/chunks/11hm_next_dist_0m6rgog._.js:2441
[  467092ms] [LOG] [DEBUG] Renderizando celda: {columnId: estado, isReference: undefined, value: Object} @ http://localhost:3000/_next/static/chunks/11hm_next_dist_0m6rgog._.js:2441
[  467092ms] [LOG] [DEBUG] Renderizando celda: {columnId: fechaRegistro, isReference: undefined, value: Object} @ http://localhost:3000/_next/static/chunks/11hm_next_dist_0m6rgog._.js:2441
[  467092ms] [LOG] [DEBUG] Renderizando celda: {columnId: fechaRegistro, isReference: undefined, value: Object} @ http://localhost:3000/_next/static/chunks/11hm_next_dist_0m6rgog._.js:2441
[  467092ms] [LOG] [DEBUG] Renderizando celda: {columnId: ultimoContacto, isReference: undefined, value: Object} @ http://localhost:3000/_next/static/chunks/11hm_next_dist_0m6rgog._.js:2441
[  467092ms] [LOG] [DEBUG] Renderizando celda: {columnId: ultimoContacto, isReference: undefined, value: Object} @ http://localhost:3000/_next/static/chunks/11hm_next_dist_0m6rgog._.js:2441
[  467092ms] [LOG] [DEBUG] Renderizando celda: {columnId: valorTotal, isReference: undefined, value: Object} @ http://localhost:3000/_next/static/chunks/11hm_next_dist_0m6rgog._.js:2441
[  467092ms] [LOG] [DEBUG] Renderizando celda: {columnId: valorTotal, isReference: undefined, value: Object} @ http://localhost:3000/_next/static/chunks/11hm_next_dist_0m6rgog._.js:2441
[  467092ms] [LOG] [DEBUG] Renderizando celda: {columnId: satisfaccion, isReference: undefined, value: Object} @ http://localhost:3000/_next/static/chunks/11hm_next_dist_0m6rgog._.js:2441
[  467093ms] [LOG] [DEBUG] Renderizando celda: {columnId: satisfaccion, isReference: undefined, value: Object} @ http://localhost:3000/_next/static/chunks/11hm_next_dist_0m6rgog._.js:2441
[  467093ms] [LOG] [DEBUG] Renderizando celda: {columnId: activo, isReference: undefined, value: Object} @ http://localhost:3000/_next/static/chunks/11hm_next_dist_0m6rgog._.js:2441
[  467093ms] [LOG] [DEBUG] Renderizando celda: {columnId: activo, isReference: undefined, value: Object} @ http://localhost:3000/_next/static/chunks/11hm_next_dist_0m6rgog._.js:2441
[  467097ms] [LOG] [DEBUG] Renderizando celda: {columnId: id, isReference: undefined, value: Object} @ http://localhost:3000/_next/static/chunks/11hm_next_dist_0m6rgog._.js:2441
[  467097ms] [LOG] [DEBUG] Renderizando celda: {columnId: id, isReference: undefined, value: Object} @ http://localhost:3000/_next/static/chunks/11hm_next_dist_0m6rgog._.js:2441
[  467097ms] [LOG] [DEBUG] Renderizando celda: {columnId: nombre, isReference: undefined, value: Object} @ http://localhost:3000/_next/static/chunks/11hm_next_dist_0m6rgog._.js:2441
[  467097ms] [LOG] [DEBUG] Renderizando celda: {columnId: nombre, isReference: undefined, value: Object} @ http://localhost:3000/_next/static/chunks/11hm_next_dist_0m6rgog._.js:2441
[  467097ms] [LOG] [DEBUG] Renderizando celda: {columnId: email, isReference: undefined, value: Object} @ http://localhost:3000/_next/static/chunks/11hm_next_dist_0m6rgog._.js:2441
[  467097ms] [LOG] [DEBUG] Renderizando celda: {columnId: email, isReference: undefined, value: Object} @ http://localhost:3000/_next/static/chunks/11hm_next_dist_0m6rgog._.js:2441
[  467097ms] [LOG] [DEBUG] Renderizando celda: {columnId: telefono, isReference: undefined, value: Object} @ http://localhost:3000/_next/static/chunks/11hm_next_dist_0m6rgog._.js:2441
[  467097ms] [LOG] [DEBUG] Renderizando celda: {columnId: telefono, isReference: undefined, value: Object} @ http://localhost:3000/_next/static/chunks/11hm_next_dist_0m6rgog._.js:2441
[  467098ms] [LOG] [DEBUG] Renderizando celda: {columnId: ciudad, isReference: undefined, value: Object} @ http://localhost:3000/_next/static/chunks/11hm_next_dist_0m6rgog._.js:2441
[  467098ms] [LOG] [DEBUG] Renderizando celda: {columnId: ciudad, isReference: undefined, value: Object} @ http://localhost:3000/_next/static/chunks/11hm_next_dist_0m6rgog._.js:2441
[  467098ms] [LOG] [DEBUG] Renderizando celda: {columnId: estado, isReference: undefined, value: Object} @ http://localhost:3000/_next/static/chunks/11hm_next_dist_0m6rgog._.js:2441
[  467098ms] [LOG] [DEBUG] Renderizando celda: {columnId: estado, isReference: undefined, value: Object} @ http://localhost:3000/_next/static/chunks/11hm_next_dist_0m6rgog._.js:2441
[  467098ms] [LOG] [DEBUG] Renderizando celda: {columnId: fechaRegistro, isReference: undefined, value: Object} @ http://localhost:3000/_next/static/chunks/11hm_next_dist_0m6rgog._.js:2441
[  467098ms] [LOG] [DEBUG] Renderizando celda: {columnId: fechaRegistro, isReference: undefined, value: Object} @ http://localhost:3000/_next/static/chunks/11hm_next_dist_0m6rgog._.js:2441
[  467098ms] [LOG] [DEBUG] Renderizando celda: {columnId: ultimoContacto, isReference: undefined, value: Object} @ http://localhost:3000/_next/static/chunks/11hm_next_dist_0m6rgog._.js:2441
[  467098ms] [LOG] [DEBUG] Renderizando celda: {columnId: ultimoContacto, isReference: undefined, value: Object} @ http://localhost:3000/_next/static/chunks/11hm_next_dist_0m6rgog._.js:2441
[  467098ms] [LOG] [DEBUG] Renderizando celda: {columnId: valorTotal, isReference: undefined, value: Object} @ http://localhost:3000/_next/static/chunks/11hm_next_dist_0m6rgog._.js:2441
[  467098ms] [LOG] [DEBUG] Renderizando celda: {columnId: valorTotal, isReference: undefined, value: Object} @ http://localhost:3000/_next/static/chunks/11hm_next_dist_0m6rgog._.js:2441
[  467098ms] [LOG] [DEBUG] Renderizando celda: {columnId: satisfaccion, isReference: undefined, value: Object} @ http://localhost:3000/_next/static/chunks/11hm_next_dist_0m6rgog._.js:2441
[  467098ms] [LOG] [DEBUG] Renderizando celda: {columnId: satisfaccion, isReference: undefined, value: Object} @ http://localhost:3000/_next/static/chunks/11hm_next_dist_0m6rgog._.js:2441
[  467098ms] [LOG] [DEBUG] Renderizando celda: {columnId: activo, isReference: undefined, value: Object} @ http://localhost:3000/_next/static/chunks/11hm_next_dist_0m6rgog._.js:2441
[  467098ms] [LOG] [DEBUG] Renderizando celda: {columnId: activo, isReference: undefined, value: Object} @ http://localhost:3000/_next/static/chunks/11hm_next_dist_0m6rgog._.js:2441
[  467103ms] [LOG] [DEBUG] Renderizando celda: {columnId: id, isReference: undefined, value: Object} @ http://localhost:3000/_next/static/chunks/11hm_next_dist_0m6rgog._.js:2441
[  467103ms] [LOG] [DEBUG] Renderizando celda: {columnId: id, isReference: undefined, value: Object} @ http://localhost:3000/_next/static/chunks/11hm_next_dist_0m6rgog._.js:2441
[  467103ms] [LOG] [DEBUG] Renderizando celda: {columnId: nombre, isReference: undefined, value: Object} @ http://localhost:3000/_next/static/chunks/11hm_next_dist_0m6rgog._.js:2441
[  467103ms] [LOG] [DEBUG] Renderizando celda: {columnId: nombre, isReference: undefined, value: Object} @ http://localhost:3000/_next/static/chunks/11hm_next_dist_0m6rgog._.js:2441
[  467103ms] [LOG] [DEBUG] Renderizando celda: {columnId: email, isReference: undefined, value: Object} @ http://localhost:3000/_next/static/chunks/11hm_next_dist_0m6rgog._.js:2441
[  467103ms] [LOG] [DEBUG] Renderizando celda: {columnId: email, isReference: undefined, value: Object} @ http://localhost:3000/_next/static/chunks/11hm_next_dist_0m6rgog._.js:2441
[  467103ms] [LOG] [DEBUG] Renderizando celda: {columnId: telefono, isReference: undefined, value: Object} @ http://localhost:3000/_next/static/chunks/11hm_next_dist_0m6rgog._.js:2441
[  467103ms] [LOG] [DEBUG] Renderizando celda: {columnId: telefono, isReference: undefined, value: Object} @ http://localhost:3000/_next/static/chunks/11hm_next_dist_0m6rgog._.js:2441
[  467103ms] [LOG] [DEBUG] Renderizando celda: {columnId: ciudad, isReference: undefined, value: Object} @ http://localhost:3000/_next/static/chunks/11hm_next_dist_0m6rgog._.js:2441
[  467103ms] [LOG] [DEBUG] Renderizando celda: {columnId: ciudad, isReference: undefined, value: Object} @ http://localhost:3000/_next/static/chunks/11hm_next_dist_0m6rgog._.js:2441
[  467104ms] [LOG] [DEBUG] Renderizando celda: {columnId: estado, isReference: undefined, value: Object} @ http://localhost:3000/_next/static/chunks/11hm_next_dist_0m6rgog._.js:2441
[  467104ms] [LOG] [DEBUG] Renderizando celda: {columnId: estado, isReference: undefined, value: Object} @ http://localhost:3000/_next/static/chunks/11hm_next_dist_0m6rgog._.js:2441
[  467104ms] [LOG] [DEBUG] Renderizando celda: {columnId: fechaRegistro, isReference: undefined, value: Object} @ http://localhost:3000/_next/static/chunks/11hm_next_dist_0m6rgog._.js:2441
[  467104ms] [LOG] [DEBUG] Renderizando celda: {columnId: fechaRegistro, isReference: undefined, value: Object} @ http://localhost:3000/_next/static/chunks/11hm_next_dist_0m6rgog._.js:2441
[  467104ms] [LOG] [DEBUG] Renderizando celda: {columnId: ultimoContacto, isReference: undefined, value: Object} @ http://localhost:3000/_next/static/chunks/11hm_next_dist_0m6rgog._.js:2441
[  467104ms] [LOG] [DEBUG] Renderizando celda: {columnId: ultimoContacto, isReference: undefined, value: Object} @ http://localhost:3000/_next/static/chunks/11hm_next_dist_0m6rgog._.js:2441
[  467104ms] [LOG] [DEBUG] Renderizando celda: {columnId: valorTotal, isReference: undefined, value: Object} @ http://localhost:3000/_next/static/chunks/11hm_next_dist_0m6rgog._.js:2441
[  467104ms] [LOG] [DEBUG] Renderizando celda: {columnId: valorTotal, isReference: undefined, value: Object} @ http://localhost:3000/_next/static/chunks/11hm_next_dist_0m6rgog._.js:2441
[  467104ms] [LOG] [DEBUG] Renderizando celda: {columnId: satisfaccion, isReference: undefined, value: Object} @ http://localhost:3000/_next/static/chunks/11hm_next_dist_0m6rgog._.js:2441
[  467104ms] [LOG] [DEBUG] Renderizando celda: {columnId: satisfaccion, isReference: undefined, value: Object} @ http://localhost:3000/_next/static/chunks/11hm_next_dist_0m6rgog._.js:2441
[  467104ms] [LOG] [DEBUG] Renderizando celda: {columnId: activo, isReference: undefined, value: Object} @ http://localhost:3000/_next/static/chunks/11hm_next_dist_0m6rgog._.js:2441
[  467104ms] [LOG] [DEBUG] Renderizando celda: {columnId: activo, isReference: undefined, value: Object} @ http://localhost:3000/_next/static/chunks/11hm_next_dist_0m6rgog._.js:2441
[  467114ms] [LOG] [DEBUG] Renderizando SecondaryTables: {level: 0, parentId: undefined, isLoading: false, arrayColumnsCount: 0, arrayColumns: Array(0)} @ http://localhost:3000/_next/static/chunks/11hm_next_dist_0m6rgog._.js:2441
[  467114ms] [LOG] [DEBUG] Renderizando SecondaryTables: {level: 0, parentId: undefined, isLoading: false, arrayColumnsCount: 0, arrayColumns: Array(0)} @ http://localhost:3000/_next/static/chunks/11hm_next_dist_0m6rgog._.js:2441
