[     756ms] [LOG] %c Console Ninja extension is connected to Next.js browser, background: rgb(30,30,30); color: rgb(255,213,92) see https://tinyurl.com/2vt8jxzw for more info. @ :0
[     762ms] [INFO] %cDownload the React DevTools for a better development experience: https://react.dev/link/react-devtools font-weight:bold @ http://localhost:3000/_next/static/chunks/11hm_next_dist_0m6rgog._.js:2441
[     787ms] [LOG] [HMR] connected @ http://localhost:3000/_next/static/chunks/11hm_next_dist_0m6rgog._.js:2441
[     872ms] [LOG] [DEBUG] Iniciando procesamiento por lotes: {totalRows: 25, sampleSize: 100} @ http://localhost:3000/_next/static/chunks/11hm_next_dist_0m6rgog._.js:2441
[     873ms] [LOG] [DEBUG] Iniciando análisis de tipos por columna... @ http://localhost:3000/_next/static/chunks/11hm_next_dist_0m6rgog._.js:2441
[     873ms] [LOG] [DEBUG] Analizando columna: id {totalValores: 25, sampleSize: 25} @ http://localhost:3000/_next/static/chunks/11hm_next_dist_0m6rgog._.js:2441
[     874ms] [LOG] [DEBUG] Tipo inferido para id: {type: number, normalizer: } @ http://localhost:3000/_next/static/chunks/11hm_next_dist_0m6rgog._.js:2441
[     874ms] [LOG] [DEBUG] Analizando columna: nombre {totalValores: 25, sampleSize: 25} @ http://localhost:3000/_next/static/chunks/11hm_next_dist_0m6rgog._.js:2441
[     875ms] [LOG] [DEBUG] Columna nombre: Tratando como string por defecto @ http://localhost:3000/_next/static/chunks/11hm_next_dist_0m6rgog._.js:2441
[     875ms] [LOG] [DEBUG] Tipo inferido para nombre: {type: string, normalizer: } @ http://localhost:3000/_next/static/chunks/11hm_next_dist_0m6rgog._.js:2441
[     875ms] [LOG] [DEBUG] Analizando columna: email {totalValores: 25, sampleSize: 25} @ http://localhost:3000/_next/static/chunks/11hm_next_dist_0m6rgog._.js:2441
[     875ms] [LOG] [DEBUG] Columna email: Tratando como string por defecto @ http://localhost:3000/_next/static/chunks/11hm_next_dist_0m6rgog._.js:2441
[     875ms] [LOG] [DEBUG] Tipo inferido para email: {type: string, normalizer: } @ http://localhost:3000/_next/static/chunks/11hm_next_dist_0m6rgog._.js:2441
[     875ms] [LOG] [DEBUG] Analizando columna: telefono {totalValores: 25, sampleSize: 25} @ http://localhost:3000/_next/static/chunks/11hm_next_dist_0m6rgog._.js:2441
[     875ms] [LOG] [DEBUG] Tipo inferido para telefono: {type: number, normalizer: } @ http://localhost:3000/_next/static/chunks/11hm_next_dist_0m6rgog._.js:2441
[     876ms] [LOG] [DEBUG] Analizando columna: ciudad {totalValores: 25, sampleSize: 25} @ http://localhost:3000/_next/static/chunks/11hm_next_dist_0m6rgog._.js:2441
[     876ms] [LOG] [DEBUG] Columna ciudad: Tratando como string por defecto @ http://localhost:3000/_next/static/chunks/11hm_next_dist_0m6rgog._.js:2441
[     876ms] [LOG] [DEBUG] Tipo inferido para ciudad: {type: string, normalizer: } @ http://localhost:3000/_next/static/chunks/11hm_next_dist_0m6rgog._.js:2441
[     876ms] [LOG] [DEBUG] Analizando columna: rol {totalValores: 25, sampleSize: 25} @ http://localhost:3000/_next/static/chunks/11hm_next_dist_0m6rgog._.js:2441
[     876ms] [LOG] [DEBUG] Columna rol: Tratando como string por defecto @ http://localhost:3000/_next/static/chunks/11hm_next_dist_0m6rgog._.js:2441
[     876ms] [LOG] [DEBUG] Tipo inferido para rol: {type: string, normalizer: } @ http://localhost:3000/_next/static/chunks/11hm_next_dist_0m6rgog._.js:2441
[     876ms] [LOG] [DEBUG] Analizando columna: estado {totalValores: 25, sampleSize: 25} @ http://localhost:3000/_next/static/chunks/11hm_next_dist_0m6rgog._.js:2441
[     876ms] [LOG] [DEBUG] Columna estado: Tratando como string por defecto @ http://localhost:3000/_next/static/chunks/11hm_next_dist_0m6rgog._.js:2441
[     876ms] [LOG] [DEBUG] Tipo inferido para estado: {type: string, normalizer: } @ http://localhost:3000/_next/static/chunks/11hm_next_dist_0m6rgog._.js:2441
[     876ms] [LOG] [DEBUG] Analizando columna: fechaRegistro {totalValores: 25, sampleSize: 25} @ http://localhost:3000/_next/static/chunks/11hm_next_dist_0m6rgog._.js:2441
[     876ms] [LOG] [DEBUG] Análisis de fechas para fechaRegistro: {total: 25, compatibles: 25, porcentaje: 100.00%, umbral: 30.00%} @ http://localhost:3000/_next/static/chunks/11hm_next_dist_0m6rgog._.js:2441
[     876ms] [LOG] [DEBUG] Columna fechaRegistro: Detectado tipo fecha (confidence: 1.00) @ http://localhost:3000/_next/static/chunks/11hm_next_dist_0m6rgog._.js:2441
[     876ms] [LOG] [DEBUG] Tipo inferido para fechaRegistro: {type: date, normalizer: } @ http://localhost:3000/_next/static/chunks/11hm_next_dist_0m6rgog._.js:2441
[     876ms] [LOG] [DEBUG] Analizando columna: ultimoContacto {totalValores: 25, sampleSize: 25} @ http://localhost:3000/_next/static/chunks/11hm_next_dist_0m6rgog._.js:2441
[     876ms] [LOG] [DEBUG] Análisis de fechas para ultimoContacto: {total: 25, compatibles: 25, porcentaje: 100.00%, umbral: 70.00%} @ http://localhost:3000/_next/static/chunks/11hm_next_dist_0m6rgog._.js:2441
[     877ms] [LOG] [DEBUG] Columna ultimoContacto: Detectado tipo fecha (confidence: 1.00) @ http://localhost:3000/_next/static/chunks/11hm_next_dist_0m6rgog._.js:2441
[     877ms] [LOG] [DEBUG] Tipo inferido para ultimoContacto: {type: date, normalizer: } @ http://localhost:3000/_next/static/chunks/11hm_next_dist_0m6rgog._.js:2441
[     877ms] [LOG] [DEBUG] Analizando columna: valorTotal {totalValores: 25, sampleSize: 25} @ http://localhost:3000/_next/static/chunks/11hm_next_dist_0m6rgog._.js:2441
[     877ms] [LOG] [DEBUG] Columna valorTotal: Tratando como string para valores numéricos específicos @ http://localhost:3000/_next/static/chunks/11hm_next_dist_0m6rgog._.js:2441
[     877ms] [LOG] [DEBUG] Tipo inferido para valorTotal: {type: string, normalizer: } @ http://localhost:3000/_next/static/chunks/11hm_next_dist_0m6rgog._.js:2441
[     877ms] [LOG] [DEBUG] Analizando columna: satisfaccion {totalValores: 25, sampleSize: 25} @ http://localhost:3000/_next/static/chunks/11hm_next_dist_0m6rgog._.js:2441
[     877ms] [LOG] [DEBUG] Tipo inferido para satisfaccion: {type: number, normalizer: } @ http://localhost:3000/_next/static/chunks/11hm_next_dist_0m6rgog._.js:2441
[     877ms] [LOG] [DEBUG] Analizando columna: activo {totalValores: 25, sampleSize: 25} @ http://localhost:3000/_next/static/chunks/11hm_next_dist_0m6rgog._.js:2441
[     877ms] [LOG] [DEBUG] Tipo inferido para activo: {type: boolean, normalizer: } @ http://localhost:3000/_next/static/chunks/11hm_next_dist_0m6rgog._.js:2441
[     877ms] [LOG] [DEBUG] Procesando fila 0/25 @ http://localhost:3000/_next/static/chunks/11hm_next_dist_0m6rgog._.js:2441
[     880ms] [LOG] [DEBUG] Iniciando procesamiento por lotes: {totalRows: 25, sampleSize: 100} @ http://localhost:3000/_next/static/chunks/11hm_next_dist_0m6rgog._.js:2441
[     880ms] [LOG] [DEBUG] Iniciando análisis de tipos por columna... @ http://localhost:3000/_next/static/chunks/11hm_next_dist_0m6rgog._.js:2441
[     880ms] [LOG] [DEBUG] Analizando columna: id {totalValores: 25, sampleSize: 25} @ http://localhost:3000/_next/static/chunks/11hm_next_dist_0m6rgog._.js:2441
[     880ms] [LOG] [DEBUG] Tipo inferido para id: {type: number, normalizer: } @ http://localhost:3000/_next/static/chunks/11hm_next_dist_0m6rgog._.js:2441
[     880ms] [LOG] [DEBUG] Analizando columna: nombre {totalValores: 25, sampleSize: 25} @ http://localhost:3000/_next/static/chunks/11hm_next_dist_0m6rgog._.js:2441
[     880ms] [LOG] [DEBUG] Tipo inferido para nombre: {type: string, normalizer: } @ http://localhost:3000/_next/static/chunks/11hm_next_dist_0m6rgog._.js:2441
[     880ms] [LOG] [DEBUG] Analizando columna: email {totalValores: 25, sampleSize: 25} @ http://localhost:3000/_next/static/chunks/11hm_next_dist_0m6rgog._.js:2441
[     881ms] [LOG] [DEBUG] Tipo inferido para email: {type: string, normalizer: } @ http://localhost:3000/_next/static/chunks/11hm_next_dist_0m6rgog._.js:2441
[     881ms] [LOG] [DEBUG] Analizando columna: telefono {totalValores: 25, sampleSize: 25} @ http://localhost:3000/_next/static/chunks/11hm_next_dist_0m6rgog._.js:2441
[     881ms] [LOG] [DEBUG] Tipo inferido para telefono: {type: number, normalizer: } @ http://localhost:3000/_next/static/chunks/11hm_next_dist_0m6rgog._.js:2441
[     881ms] [LOG] [DEBUG] Analizando columna: ciudad {totalValores: 25, sampleSize: 25} @ http://localhost:3000/_next/static/chunks/11hm_next_dist_0m6rgog._.js:2441
[     881ms] [LOG] [DEBUG] Tipo inferido para ciudad: {type: string, normalizer: } @ http://localhost:3000/_next/static/chunks/11hm_next_dist_0m6rgog._.js:2441
[     881ms] [LOG] [DEBUG] Analizando columna: rol {totalValores: 25, sampleSize: 25} @ http://localhost:3000/_next/static/chunks/11hm_next_dist_0m6rgog._.js:2441
[     881ms] [LOG] [DEBUG] Tipo inferido para rol: {type: string, normalizer: } @ http://localhost:3000/_next/static/chunks/11hm_next_dist_0m6rgog._.js:2441
[     881ms] [LOG] [DEBUG] Analizando columna: estado {totalValores: 25, sampleSize: 25} @ http://localhost:3000/_next/static/chunks/11hm_next_dist_0m6rgog._.js:2441
[     881ms] [LOG] [DEBUG] Tipo inferido para estado: {type: string, normalizer: } @ http://localhost:3000/_next/static/chunks/11hm_next_dist_0m6rgog._.js:2441
[     881ms] [LOG] [DEBUG] Analizando columna: fechaRegistro {totalValores: 25, sampleSize: 25} @ http://localhost:3000/_next/static/chunks/11hm_next_dist_0m6rgog._.js:2441
[     881ms] [LOG] [DEBUG] Tipo inferido para fechaRegistro: {type: date, normalizer: } @ http://localhost:3000/_next/static/chunks/11hm_next_dist_0m6rgog._.js:2441
[     881ms] [LOG] [DEBUG] Analizando columna: ultimoContacto {totalValores: 25, sampleSize: 25} @ http://localhost:3000/_next/static/chunks/11hm_next_dist_0m6rgog._.js:2441
[     881ms] [LOG] [DEBUG] Tipo inferido para ultimoContacto: {type: date, normalizer: } @ http://localhost:3000/_next/static/chunks/11hm_next_dist_0m6rgog._.js:2441
[     881ms] [LOG] [DEBUG] Analizando columna: valorTotal {totalValores: 25, sampleSize: 25} @ http://localhost:3000/_next/static/chunks/11hm_next_dist_0m6rgog._.js:2441
[     881ms] [LOG] [DEBUG] Tipo inferido para valorTotal: {type: string, normalizer: } @ http://localhost:3000/_next/static/chunks/11hm_next_dist_0m6rgog._.js:2441
[     881ms] [LOG] [DEBUG] Analizando columna: satisfaccion {totalValores: 25, sampleSize: 25} @ http://localhost:3000/_next/static/chunks/11hm_next_dist_0m6rgog._.js:2441
[     882ms] [LOG] [DEBUG] Tipo inferido para satisfaccion: {type: number, normalizer: } @ http://localhost:3000/_next/static/chunks/11hm_next_dist_0m6rgog._.js:2441
[     882ms] [LOG] [DEBUG] Analizando columna: activo {totalValores: 25, sampleSize: 25} @ http://localhost:3000/_next/static/chunks/11hm_next_dist_0m6rgog._.js:2441
[     882ms] [LOG] [DEBUG] Tipo inferido para activo: {type: boolean, normalizer: } @ http://localhost:3000/_next/static/chunks/11hm_next_dist_0m6rgog._.js:2441
[     882ms] [LOG] [DEBUG] Procesando fila 0/25 @ http://localhost:3000/_next/static/chunks/11hm_next_dist_0m6rgog._.js:2441
[     887ms] [LOG] [DEBUG] Creando definicion de columna: {columnId: id, isReference: false, type: number, path: Array(1)} @ http://localhost:3000/_next/static/chunks/11hm_next_dist_0m6rgog._.js:2441
[     887ms] [LOG] [DEBUG] Creando definicion de columna: {columnId: nombre, isReference: false, type: string, path: Array(1)} @ http://localhost:3000/_next/static/chunks/11hm_next_dist_0m6rgog._.js:2441
[     887ms] [LOG] [DEBUG] Creando definicion de columna: {columnId: email, isReference: false, type: string, path: Array(1)} @ http://localhost:3000/_next/static/chunks/11hm_next_dist_0m6rgog._.js:2441
[     887ms] [LOG] [DEBUG] Creando definicion de columna: {columnId: telefono, isReference: false, type: number, path: Array(1)} @ http://localhost:3000/_next/static/chunks/11hm_next_dist_0m6rgog._.js:2441
[     887ms] [LOG] [DEBUG] Creando definicion de columna: {columnId: ciudad, isReference: false, type: string, path: Array(1)} @ http://localhost:3000/_next/static/chunks/11hm_next_dist_0m6rgog._.js:2441
[     887ms] [LOG] [DEBUG] Creando definicion de columna: {columnId: rol, isReference: false, type: string, path: Array(1)} @ http://localhost:3000/_next/static/chunks/11hm_next_dist_0m6rgog._.js:2441
[     887ms] [LOG] [DEBUG] Creando definicion de columna: {columnId: estado, isReference: false, type: string, path: Array(1)} @ http://localhost:3000/_next/static/chunks/11hm_next_dist_0m6rgog._.js:2441
[     887ms] [LOG] [DEBUG] Creando definicion de columna: {columnId: fechaRegistro, isReference: false, type: date, path: Array(1)} @ http://localhost:3000/_next/static/chunks/11hm_next_dist_0m6rgog._.js:2441
[     887ms] [LOG] [DEBUG] Creando definicion de columna: {columnId: ultimoContacto, isReference: false, type: date, path: Array(1)} @ http://localhost:3000/_next/static/chunks/11hm_next_dist_0m6rgog._.js:2441
[     887ms] [LOG] [DEBUG] Creando definicion de columna: {columnId: valorTotal, isReference: false, type: string, path: Array(1)} @ http://localhost:3000/_next/static/chunks/11hm_next_dist_0m6rgog._.js:2441
[     887ms] [LOG] [DEBUG] Creando definicion de columna: {columnId: satisfaccion, isReference: false, type: number, path: Array(1)} @ http://localhost:3000/_next/static/chunks/11hm_next_dist_0m6rgog._.js:2441
[     888ms] [LOG] [DEBUG] Creando definicion de columna: {columnId: activo, isReference: false, type: boolean, path: Array(1)} @ http://localhost:3000/_next/static/chunks/11hm_next_dist_0m6rgog._.js:2441
[     888ms] [LOG] [DEBUG] Creando definicion de columna: {columnId: id, isReference: false, type: number, path: Array(1)} @ http://localhost:3000/_next/static/chunks/11hm_next_dist_0m6rgog._.js:2441
[     888ms] [LOG] [DEBUG] Creando definicion de columna: {columnId: nombre, isReference: false, type: string, path: Array(1)} @ http://localhost:3000/_next/static/chunks/11hm_next_dist_0m6rgog._.js:2441
[     888ms] [LOG] [DEBUG] Creando definicion de columna: {columnId: email, isReference: false, type: string, path: Array(1)} @ http://localhost:3000/_next/static/chunks/11hm_next_dist_0m6rgog._.js:2441
[     888ms] [LOG] [DEBUG] Creando definicion de columna: {columnId: telefono, isReference: false, type: number, path: Array(1)} @ http://localhost:3000/_next/static/chunks/11hm_next_dist_0m6rgog._.js:2441
[     888ms] [LOG] [DEBUG] Creando definicion de columna: {columnId: ciudad, isReference: false, type: string, path: Array(1)} @ http://localhost:3000/_next/static/chunks/11hm_next_dist_0m6rgog._.js:2441
[     888ms] [LOG] [DEBUG] Creando definicion de columna: {columnId: rol, isReference: false, type: string, path: Array(1)} @ http://localhost:3000/_next/static/chunks/11hm_next_dist_0m6rgog._.js:2441
[     888ms] [LOG] [DEBUG] Creando definicion de columna: {columnId: estado, isReference: false, type: string, path: Array(1)} @ http://localhost:3000/_next/static/chunks/11hm_next_dist_0m6rgog._.js:2441
[     888ms] [LOG] [DEBUG] Creando definicion de columna: {columnId: fechaRegistro, isReference: false, type: date, path: Array(1)} @ http://localhost:3000/_next/static/chunks/11hm_next_dist_0m6rgog._.js:2441
[     888ms] [LOG] [DEBUG] Creando definicion de columna: {columnId: ultimoContacto, isReference: false, type: date, path: Array(1)} @ http://localhost:3000/_next/static/chunks/11hm_next_dist_0m6rgog._.js:2441
[     888ms] [LOG] [DEBUG] Creando definicion de columna: {columnId: valorTotal, isReference: false, type: string, path: Array(1)} @ http://localhost:3000/_next/static/chunks/11hm_next_dist_0m6rgog._.js:2441
[     888ms] [LOG] [DEBUG] Creando definicion de columna: {columnId: satisfaccion, isReference: false, type: number, path: Array(1)} @ http://localhost:3000/_next/static/chunks/11hm_next_dist_0m6rgog._.js:2441
[     888ms] [LOG] [DEBUG] Creando definicion de columna: {columnId: activo, isReference: false, type: boolean, path: Array(1)} @ http://localhost:3000/_next/static/chunks/11hm_next_dist_0m6rgog._.js:2441
[     889ms] [LOG] [DEBUG] Pinned column not in base order, adding: {pinnedColumnId: index, baseOrder: Array(0), result: Array(1)} @ http://localhost:3000/_next/static/chunks/11hm_next_dist_0m6rgog._.js:2441
[     889ms] [LOG] [DEBUG] Pinned column not in base order, adding: {pinnedColumnId: index, baseOrder: Array(0), result: Array(1)} @ http://localhost:3000/_next/static/chunks/11hm_next_dist_0m6rgog._.js:2441
[     895ms] [LOG] [DEBUG] Pinned column not in base order, adding: {pinnedColumnId: index, baseOrder: Array(0), result: Array(1)} @ http://localhost:3000/_next/static/chunks/11hm_next_dist_0m6rgog._.js:2441
[     895ms] [LOG] [DEBUG] Pinned column not in base order, adding: {pinnedColumnId: index, baseOrder: Array(0), result: Array(1)} @ http://localhost:3000/_next/static/chunks/11hm_next_dist_0m6rgog._.js:2441
[     958ms] [ERROR] Encountered a script tag while rendering React component. Scripts inside React components are never executed when rendering on the client. Consider using template tag instead (https://developer.mozilla.org/en-US/docs/Web/HTML/Element/template). @ :0
[     962ms] [LOG] [DEBUG] Iniciando procesamiento por lotes: {totalRows: 25, sampleSize: 100} @ http://localhost:3000/_next/static/chunks/11hm_next_dist_0m6rgog._.js:2441
[     962ms] [LOG] [DEBUG] Iniciando análisis de tipos por columna... @ http://localhost:3000/_next/static/chunks/11hm_next_dist_0m6rgog._.js:2441
[     962ms] [LOG] [DEBUG] Analizando columna: id {totalValores: 25, sampleSize: 25} @ http://localhost:3000/_next/static/chunks/11hm_next_dist_0m6rgog._.js:2441
[     963ms] [LOG] [DEBUG] Tipo inferido para id: {type: number, normalizer: } @ http://localhost:3000/_next/static/chunks/11hm_next_dist_0m6rgog._.js:2441
[     963ms] [LOG] [DEBUG] Analizando columna: nombre {totalValores: 25, sampleSize: 25} @ http://localhost:3000/_next/static/chunks/11hm_next_dist_0m6rgog._.js:2441
[     963ms] [LOG] [DEBUG] Tipo inferido para nombre: {type: string, normalizer: } @ http://localhost:3000/_next/static/chunks/11hm_next_dist_0m6rgog._.js:2441
[     963ms] [LOG] [DEBUG] Analizando columna: email {totalValores: 25, sampleSize: 25} @ http://localhost:3000/_next/static/chunks/11hm_next_dist_0m6rgog._.js:2441
[     963ms] [LOG] [DEBUG] Tipo inferido para email: {type: string, normalizer: } @ http://localhost:3000/_next/static/chunks/11hm_next_dist_0m6rgog._.js:2441
[     963ms] [LOG] [DEBUG] Analizando columna: telefono {totalValores: 25, sampleSize: 25} @ http://localhost:3000/_next/static/chunks/11hm_next_dist_0m6rgog._.js:2441
[     963ms] [LOG] [DEBUG] Tipo inferido para telefono: {type: number, normalizer: } @ http://localhost:3000/_next/static/chunks/11hm_next_dist_0m6rgog._.js:2441
[     963ms] [LOG] [DEBUG] Analizando columna: ciudad {totalValores: 25, sampleSize: 25} @ http://localhost:3000/_next/static/chunks/11hm_next_dist_0m6rgog._.js:2441
[     963ms] [LOG] [DEBUG] Tipo inferido para ciudad: {type: string, normalizer: } @ http://localhost:3000/_next/static/chunks/11hm_next_dist_0m6rgog._.js:2441
[     963ms] [LOG] [DEBUG] Analizando columna: rol {totalValores: 25, sampleSize: 25} @ http://localhost:3000/_next/static/chunks/11hm_next_dist_0m6rgog._.js:2441
[     963ms] [LOG] [DEBUG] Tipo inferido para rol: {type: string, normalizer: } @ http://localhost:3000/_next/static/chunks/11hm_next_dist_0m6rgog._.js:2441
[     963ms] [LOG] [DEBUG] Analizando columna: estado {totalValores: 25, sampleSize: 25} @ http://localhost:3000/_next/static/chunks/11hm_next_dist_0m6rgog._.js:2441
[     964ms] [LOG] [DEBUG] Tipo inferido para estado: {type: string, normalizer: } @ http://localhost:3000/_next/static/chunks/11hm_next_dist_0m6rgog._.js:2441
[     964ms] [LOG] [DEBUG] Analizando columna: fechaRegistro {totalValores: 25, sampleSize: 25} @ http://localhost:3000/_next/static/chunks/11hm_next_dist_0m6rgog._.js:2441
[     964ms] [LOG] [DEBUG] Tipo inferido para fechaRegistro: {type: date, normalizer: } @ http://localhost:3000/_next/static/chunks/11hm_next_dist_0m6rgog._.js:2441
[     964ms] [LOG] [DEBUG] Analizando columna: ultimoContacto {totalValores: 25, sampleSize: 25} @ http://localhost:3000/_next/static/chunks/11hm_next_dist_0m6rgog._.js:2441
[     964ms] [LOG] [DEBUG] Tipo inferido para ultimoContacto: {type: date, normalizer: } @ http://localhost:3000/_next/static/chunks/11hm_next_dist_0m6rgog._.js:2441
[     964ms] [LOG] [DEBUG] Analizando columna: valorTotal {totalValores: 25, sampleSize: 25} @ http://localhost:3000/_next/static/chunks/11hm_next_dist_0m6rgog._.js:2441
[     964ms] [LOG] [DEBUG] Tipo inferido para valorTotal: {type: string, normalizer: } @ http://localhost:3000/_next/static/chunks/11hm_next_dist_0m6rgog._.js:2441
[     964ms] [LOG] [DEBUG] Analizando columna: satisfaccion {totalValores: 25, sampleSize: 25} @ http://localhost:3000/_next/static/chunks/11hm_next_dist_0m6rgog._.js:2441
[     964ms] [LOG] [DEBUG] Tipo inferido para satisfaccion: {type: number, normalizer: } @ http://localhost:3000/_next/static/chunks/11hm_next_dist_0m6rgog._.js:2441
[     964ms] [LOG] [DEBUG] Analizando columna: activo {totalValores: 25, sampleSize: 25} @ http://localhost:3000/_next/static/chunks/11hm_next_dist_0m6rgog._.js:2441
[     964ms] [LOG] [DEBUG] Tipo inferido para activo: {type: boolean, normalizer: } @ http://localhost:3000/_next/static/chunks/11hm_next_dist_0m6rgog._.js:2441
[     964ms] [LOG] [DEBUG] Procesando fila 0/25 @ http://localhost:3000/_next/static/chunks/11hm_next_dist_0m6rgog._.js:2441
[     966ms] [LOG] [DEBUG] Iniciando procesamiento por lotes: {totalRows: 25, sampleSize: 100} @ http://localhost:3000/_next/static/chunks/11hm_next_dist_0m6rgog._.js:2441
[     967ms] [LOG] [DEBUG] Iniciando análisis de tipos por columna... @ http://localhost:3000/_next/static/chunks/11hm_next_dist_0m6rgog._.js:2441
[     967ms] [LOG] [DEBUG] Analizando columna: id {totalValores: 25, sampleSize: 25} @ http://localhost:3000/_next/static/chunks/11hm_next_dist_0m6rgog._.js:2441
[     967ms] [LOG] [DEBUG] Tipo inferido para id: {type: number, normalizer: } @ http://localhost:3000/_next/static/chunks/11hm_next_dist_0m6rgog._.js:2441
[     967ms] [LOG] [DEBUG] Analizando columna: nombre {totalValores: 25, sampleSize: 25} @ http://localhost:3000/_next/static/chunks/11hm_next_dist_0m6rgog._.js:2441
[     967ms] [LOG] [DEBUG] Tipo inferido para nombre: {type: string, normalizer: } @ http://localhost:3000/_next/static/chunks/11hm_next_dist_0m6rgog._.js:2441
[     967ms] [LOG] [DEBUG] Analizando columna: email {totalValores: 25, sampleSize: 25} @ http://localhost:3000/_next/static/chunks/11hm_next_dist_0m6rgog._.js:2441
[     967ms] [LOG] [DEBUG] Tipo inferido para email: {type: string, normalizer: } @ http://localhost:3000/_next/static/chunks/11hm_next_dist_0m6rgog._.js:2441
[     967ms] [LOG] [DEBUG] Analizando columna: telefono {totalValores: 25, sampleSize: 25} @ http://localhost:3000/_next/static/chunks/11hm_next_dist_0m6rgog._.js:2441
[     967ms] [LOG] [DEBUG] Tipo inferido para telefono: {type: number, normalizer: } @ http://localhost:3000/_next/static/chunks/11hm_next_dist_0m6rgog._.js:2441
[     967ms] [LOG] [DEBUG] Analizando columna: ciudad {totalValores: 25, sampleSize: 25} @ http://localhost:3000/_next/static/chunks/11hm_next_dist_0m6rgog._.js:2441
[     967ms] [LOG] [DEBUG] Tipo inferido para ciudad: {type: string, normalizer: } @ http://localhost:3000/_next/static/chunks/11hm_next_dist_0m6rgog._.js:2441
[     967ms] [LOG] [DEBUG] Analizando columna: rol {totalValores: 25, sampleSize: 25} @ http://localhost:3000/_next/static/chunks/11hm_next_dist_0m6rgog._.js:2441
[     968ms] [LOG] [DEBUG] Tipo inferido para rol: {type: string, normalizer: } @ http://localhost:3000/_next/static/chunks/11hm_next_dist_0m6rgog._.js:2441
[     968ms] [LOG] [DEBUG] Analizando columna: estado {totalValores: 25, sampleSize: 25} @ http://localhost:3000/_next/static/chunks/11hm_next_dist_0m6rgog._.js:2441
[     968ms] [LOG] [DEBUG] Tipo inferido para estado: {type: string, normalizer: } @ http://localhost:3000/_next/static/chunks/11hm_next_dist_0m6rgog._.js:2441
[     968ms] [LOG] [DEBUG] Analizando columna: fechaRegistro {totalValores: 25, sampleSize: 25} @ http://localhost:3000/_next/static/chunks/11hm_next_dist_0m6rgog._.js:2441
[     968ms] [LOG] [DEBUG] Tipo inferido para fechaRegistro: {type: date, normalizer: } @ http://localhost:3000/_next/static/chunks/11hm_next_dist_0m6rgog._.js:2441
[     968ms] [LOG] [DEBUG] Analizando columna: ultimoContacto {totalValores: 25, sampleSize: 25} @ http://localhost:3000/_next/static/chunks/11hm_next_dist_0m6rgog._.js:2441
[     968ms] [LOG] [DEBUG] Tipo inferido para ultimoContacto: {type: date, normalizer: } @ http://localhost:3000/_next/static/chunks/11hm_next_dist_0m6rgog._.js:2441
[     968ms] [LOG] [DEBUG] Analizando columna: valorTotal {totalValores: 25, sampleSize: 25} @ http://localhost:3000/_next/static/chunks/11hm_next_dist_0m6rgog._.js:2441
[     968ms] [LOG] [DEBUG] Tipo inferido para valorTotal: {type: string, normalizer: } @ http://localhost:3000/_next/static/chunks/11hm_next_dist_0m6rgog._.js:2441
[     968ms] [LOG] [DEBUG] Analizando columna: satisfaccion {totalValores: 25, sampleSize: 25} @ http://localhost:3000/_next/static/chunks/11hm_next_dist_0m6rgog._.js:2441
[     969ms] [LOG] [DEBUG] Tipo inferido para satisfaccion: {type: number, normalizer: } @ http://localhost:3000/_next/static/chunks/11hm_next_dist_0m6rgog._.js:2441
[     969ms] [LOG] [DEBUG] Analizando columna: activo {totalValores: 25, sampleSize: 25} @ http://localhost:3000/_next/static/chunks/11hm_next_dist_0m6rgog._.js:2441
[     969ms] [LOG] [DEBUG] Tipo inferido para activo: {type: boolean, normalizer: } @ http://localhost:3000/_next/static/chunks/11hm_next_dist_0m6rgog._.js:2441
[     969ms] [LOG] [DEBUG] Procesando fila 0/25 @ http://localhost:3000/_next/static/chunks/11hm_next_dist_0m6rgog._.js:2441
[     971ms] [LOG] [DEBUG] Creando definicion de columna: {columnId: id, isReference: false, type: number, path: Array(1)} @ http://localhost:3000/_next/static/chunks/11hm_next_dist_0m6rgog._.js:2441
[     971ms] [LOG] [DEBUG] Creando definicion de columna: {columnId: nombre, isReference: false, type: string, path: Array(1)} @ http://localhost:3000/_next/static/chunks/11hm_next_dist_0m6rgog._.js:2441
[     971ms] [LOG] [DEBUG] Creando definicion de columna: {columnId: email, isReference: false, type: string, path: Array(1)} @ http://localhost:3000/_next/static/chunks/11hm_next_dist_0m6rgog._.js:2441
[     971ms] [LOG] [DEBUG] Creando definicion de columna: {columnId: telefono, isReference: false, type: number, path: Array(1)} @ http://localhost:3000/_next/static/chunks/11hm_next_dist_0m6rgog._.js:2441
[     971ms] [LOG] [DEBUG] Creando definicion de columna: {columnId: ciudad, isReference: false, type: string, path: Array(1)} @ http://localhost:3000/_next/static/chunks/11hm_next_dist_0m6rgog._.js:2441
[     971ms] [LOG] [DEBUG] Creando definicion de columna: {columnId: rol, isReference: false, type: string, path: Array(1)} @ http://localhost:3000/_next/static/chunks/11hm_next_dist_0m6rgog._.js:2441
[     971ms] [LOG] [DEBUG] Creando definicion de columna: {columnId: estado, isReference: false, type: string, path: Array(1)} @ http://localhost:3000/_next/static/chunks/11hm_next_dist_0m6rgog._.js:2441
[     971ms] [LOG] [DEBUG] Creando definicion de columna: {columnId: fechaRegistro, isReference: false, type: date, path: Array(1)} @ http://localhost:3000/_next/static/chunks/11hm_next_dist_0m6rgog._.js:2441
[     971ms] [LOG] [DEBUG] Creando definicion de columna: {columnId: ultimoContacto, isReference: false, type: date, path: Array(1)} @ http://localhost:3000/_next/static/chunks/11hm_next_dist_0m6rgog._.js:2441
[     971ms] [LOG] [DEBUG] Creando definicion de columna: {columnId: valorTotal, isReference: false, type: string, path: Array(1)} @ http://localhost:3000/_next/static/chunks/11hm_next_dist_0m6rgog._.js:2441
[     972ms] [LOG] [DEBUG] Creando definicion de columna: {columnId: satisfaccion, isReference: false, type: number, path: Array(1)} @ http://localhost:3000/_next/static/chunks/11hm_next_dist_0m6rgog._.js:2441
[     972ms] [LOG] [DEBUG] Creando definicion de columna: {columnId: activo, isReference: false, type: boolean, path: Array(1)} @ http://localhost:3000/_next/static/chunks/11hm_next_dist_0m6rgog._.js:2441
[     972ms] [LOG] [DEBUG] Creando definicion de columna: {columnId: id, isReference: false, type: number, path: Array(1)} @ http://localhost:3000/_next/static/chunks/11hm_next_dist_0m6rgog._.js:2441
[     972ms] [LOG] [DEBUG] Creando definicion de columna: {columnId: nombre, isReference: false, type: string, path: Array(1)} @ http://localhost:3000/_next/static/chunks/11hm_next_dist_0m6rgog._.js:2441
[     972ms] [LOG] [DEBUG] Creando definicion de columna: {columnId: email, isReference: false, type: string, path: Array(1)} @ http://localhost:3000/_next/static/chunks/11hm_next_dist_0m6rgog._.js:2441
[     972ms] [LOG] [DEBUG] Creando definicion de columna: {columnId: telefono, isReference: false, type: number, path: Array(1)} @ http://localhost:3000/_next/static/chunks/11hm_next_dist_0m6rgog._.js:2441
[     972ms] [LOG] [DEBUG] Creando definicion de columna: {columnId: ciudad, isReference: false, type: string, path: Array(1)} @ http://localhost:3000/_next/static/chunks/11hm_next_dist_0m6rgog._.js:2441
[     972ms] [LOG] [DEBUG] Creando definicion de columna: {columnId: rol, isReference: false, type: string, path: Array(1)} @ http://localhost:3000/_next/static/chunks/11hm_next_dist_0m6rgog._.js:2441
[     972ms] [LOG] [DEBUG] Creando definicion de columna: {columnId: estado, isReference: false, type: string, path: Array(1)} @ http://localhost:3000/_next/static/chunks/11hm_next_dist_0m6rgog._.js:2441
[     972ms] [LOG] [DEBUG] Creando definicion de columna: {columnId: fechaRegistro, isReference: false, type: date, path: Array(1)} @ http://localhost:3000/_next/static/chunks/11hm_next_dist_0m6rgog._.js:2441
[     972ms] [LOG] [DEBUG] Creando definicion de columna: {columnId: ultimoContacto, isReference: false, type: date, path: Array(1)} @ http://localhost:3000/_next/static/chunks/11hm_next_dist_0m6rgog._.js:2441
[     972ms] [LOG] [DEBUG] Creando definicion de columna: {columnId: valorTotal, isReference: false, type: string, path: Array(1)} @ http://localhost:3000/_next/static/chunks/11hm_next_dist_0m6rgog._.js:2441
[     972ms] [LOG] [DEBUG] Creando definicion de columna: {columnId: satisfaccion, isReference: false, type: number, path: Array(1)} @ http://localhost:3000/_next/static/chunks/11hm_next_dist_0m6rgog._.js:2441
[     972ms] [LOG] [DEBUG] Creando definicion de columna: {columnId: activo, isReference: false, type: boolean, path: Array(1)} @ http://localhost:3000/_next/static/chunks/11hm_next_dist_0m6rgog._.js:2441
[     973ms] [LOG] [DEBUG] Pinned column not in base order, adding: {pinnedColumnId: index, baseOrder: Array(0), result: Array(1)} @ http://localhost:3000/_next/static/chunks/11hm_next_dist_0m6rgog._.js:2441
[     974ms] [LOG] [DEBUG] Pinned column not in base order, adding: {pinnedColumnId: index, baseOrder: Array(0), result: Array(1)} @ http://localhost:3000/_next/static/chunks/11hm_next_dist_0m6rgog._.js:2441
[     981ms] [LOG] [DEBUG] Pinned column not in base order, adding: {pinnedColumnId: index, baseOrder: Array(0), result: Array(1)} @ http://localhost:3000/_next/static/chunks/11hm_next_dist_0m6rgog._.js:2441
[     981ms] [LOG] [DEBUG] Pinned column not in base order, adding: {pinnedColumnId: index, baseOrder: Array(0), result: Array(1)} @ http://localhost:3000/_next/static/chunks/11hm_next_dist_0m6rgog._.js:2441
[    1062ms] [LOG] [DEBUG] Renderizando celda: {columnId: id, isReference: undefined, value: Object} @ http://localhost:3000/_next/static/chunks/11hm_next_dist_0m6rgog._.js:2441
[    1062ms] [LOG] [DEBUG] Renderizando celda: {columnId: id, isReference: undefined, value: Object} @ http://localhost:3000/_next/static/chunks/11hm_next_dist_0m6rgog._.js:2441
[    1062ms] [LOG] [DEBUG] Renderizando celda: {columnId: nombre, isReference: undefined, value: Object} @ http://localhost:3000/_next/static/chunks/11hm_next_dist_0m6rgog._.js:2441
[    1062ms] [LOG] [DEBUG] Renderizando celda: {columnId: nombre, isReference: undefined, value: Object} @ http://localhost:3000/_next/static/chunks/11hm_next_dist_0m6rgog._.js:2441
[    1063ms] [LOG] [DEBUG] Renderizando celda: {columnId: email, isReference: undefined, value: Object} @ http://localhost:3000/_next/static/chunks/11hm_next_dist_0m6rgog._.js:2441
[    1063ms] [LOG] [DEBUG] Renderizando celda: {columnId: email, isReference: undefined, value: Object} @ http://localhost:3000/_next/static/chunks/11hm_next_dist_0m6rgog._.js:2441
[    1063ms] [LOG] [DEBUG] Renderizando celda: {columnId: telefono, isReference: undefined, value: Object} @ http://localhost:3000/_next/static/chunks/11hm_next_dist_0m6rgog._.js:2441
[    1063ms] [LOG] [DEBUG] Renderizando celda: {columnId: telefono, isReference: undefined, value: Object} @ http://localhost:3000/_next/static/chunks/11hm_next_dist_0m6rgog._.js:2441
[    1063ms] [LOG] [DEBUG] Tipo corregido: number -> date {originalValue: 34612345678, originalType: number, detectedType: date} @ http://localhost:3000/_next/static/chunks/11hm_next_dist_0m6rgog._.js:2441
[    1064ms] [LOG] [DEBUG] Tipo corregido: number -> date {originalValue: 34612345678, originalType: number, detectedType: date} @ http://localhost:3000/_next/static/chunks/11hm_next_dist_0m6rgog._.js:2441
[    1064ms] [LOG] [DEBUG] Renderizando celda: {columnId: ciudad, isReference: undefined, value: Object} @ http://localhost:3000/_next/static/chunks/11hm_next_dist_0m6rgog._.js:2441
[    1064ms] [LOG] [DEBUG] Renderizando celda: {columnId: ciudad, isReference: undefined, value: Object} @ http://localhost:3000/_next/static/chunks/11hm_next_dist_0m6rgog._.js:2441
[    1064ms] [LOG] [DEBUG] Renderizando celda: {columnId: rol, isReference: undefined, value: Object} @ http://localhost:3000/_next/static/chunks/11hm_next_dist_0m6rgog._.js:2441
[    1064ms] [LOG] [DEBUG] Renderizando celda: {columnId: rol, isReference: undefined, value: Object} @ http://localhost:3000/_next/static/chunks/11hm_next_dist_0m6rgog._.js:2441
[    1064ms] [LOG] [DEBUG] Renderizando celda: {columnId: estado, isReference: undefined, value: Object} @ http://localhost:3000/_next/static/chunks/11hm_next_dist_0m6rgog._.js:2441
[    1064ms] [LOG] [DEBUG] Renderizando celda: {columnId: estado, isReference: undefined, value: Object} @ http://localhost:3000/_next/static/chunks/11hm_next_dist_0m6rgog._.js:2441
[    1064ms] [LOG] [DEBUG] Renderizando celda: {columnId: fechaRegistro, isReference: undefined, value: Object} @ http://localhost:3000/_next/static/chunks/11hm_next_dist_0m6rgog._.js:2441
[    1065ms] [LOG] [DEBUG] Renderizando celda: {columnId: fechaRegistro, isReference: undefined, value: Object} @ http://localhost:3000/_next/static/chunks/11hm_next_dist_0m6rgog._.js:2441
[    1065ms] [LOG] [DEBUG] Renderizando celda: {columnId: ultimoContacto, isReference: undefined, value: Object} @ http://localhost:3000/_next/static/chunks/11hm_next_dist_0m6rgog._.js:2441
[    1065ms] [LOG] [DEBUG] Renderizando celda: {columnId: ultimoContacto, isReference: undefined, value: Object} @ http://localhost:3000/_next/static/chunks/11hm_next_dist_0m6rgog._.js:2441
[    1065ms] [LOG] [DEBUG] Renderizando celda: {columnId: valorTotal, isReference: undefined, value: Object} @ http://localhost:3000/_next/static/chunks/11hm_next_dist_0m6rgog._.js:2441
[    1065ms] [LOG] [DEBUG] Renderizando celda: {columnId: valorTotal, isReference: undefined, value: Object} @ http://localhost:3000/_next/static/chunks/11hm_next_dist_0m6rgog._.js:2441
[    1065ms] [LOG] [DEBUG] Tipo corregido: string -> number {originalValue: 3840, originalType: string, detectedType: number} @ http://localhost:3000/_next/static/chunks/11hm_next_dist_0m6rgog._.js:2441
[    1066ms] [LOG] [DEBUG] Tipo corregido: string -> number {originalValue: 3840, originalType: string, detectedType: number} @ http://localhost:3000/_next/static/chunks/11hm_next_dist_0m6rgog._.js:2441
[    1066ms] [LOG] [DEBUG] Renderizando celda: {columnId: satisfaccion, isReference: undefined, value: Object} @ http://localhost:3000/_next/static/chunks/11hm_next_dist_0m6rgog._.js:2441
[    1066ms] [LOG] [DEBUG] Renderizando celda: {columnId: satisfaccion, isReference: undefined, value: Object} @ http://localhost:3000/_next/static/chunks/11hm_next_dist_0m6rgog._.js:2441
[    1066ms] [LOG] [DEBUG] Renderizando celda: {columnId: activo, isReference: undefined, value: Object} @ http://localhost:3000/_next/static/chunks/11hm_next_dist_0m6rgog._.js:2441
[    1066ms] [LOG] [DEBUG] Renderizando celda: {columnId: activo, isReference: undefined, value: Object} @ http://localhost:3000/_next/static/chunks/11hm_next_dist_0m6rgog._.js:2441
[    1066ms] [LOG] [DEBUG] Tipo corregido: boolean -> string {originalValue: true, originalType: boolean, detectedType: string} @ http://localhost:3000/_next/static/chunks/11hm_next_dist_0m6rgog._.js:2441
[    1066ms] [LOG] [DEBUG] Tipo corregido: boolean -> string {originalValue: true, originalType: boolean, detectedType: string} @ http://localhost:3000/_next/static/chunks/11hm_next_dist_0m6rgog._.js:2441
[    1073ms] [LOG] [DEBUG] Renderizando celda: {columnId: id, isReference: undefined, value: Object} @ http://localhost:3000/_next/static/chunks/11hm_next_dist_0m6rgog._.js:2441
[    1073ms] [LOG] [DEBUG] Renderizando celda: {columnId: id, isReference: undefined, value: Object} @ http://localhost:3000/_next/static/chunks/11hm_next_dist_0m6rgog._.js:2441
[    1073ms] [LOG] [DEBUG] Renderizando celda: {columnId: nombre, isReference: undefined, value: Object} @ http://localhost:3000/_next/static/chunks/11hm_next_dist_0m6rgog._.js:2441
[    1073ms] [LOG] [DEBUG] Renderizando celda: {columnId: nombre, isReference: undefined, value: Object} @ http://localhost:3000/_next/static/chunks/11hm_next_dist_0m6rgog._.js:2441
[    1073ms] [LOG] [DEBUG] Renderizando celda: {columnId: email, isReference: undefined, value: Object} @ http://localhost:3000/_next/static/chunks/11hm_next_dist_0m6rgog._.js:2441
[    1073ms] [LOG] [DEBUG] Renderizando celda: {columnId: email, isReference: undefined, value: Object} @ http://localhost:3000/_next/static/chunks/11hm_next_dist_0m6rgog._.js:2441
[    1073ms] [LOG] [DEBUG] Renderizando celda: {columnId: telefono, isReference: undefined, value: Object} @ http://localhost:3000/_next/static/chunks/11hm_next_dist_0m6rgog._.js:2441
[    1074ms] [LOG] [DEBUG] Renderizando celda: {columnId: telefono, isReference: undefined, value: Object} @ http://localhost:3000/_next/static/chunks/11hm_next_dist_0m6rgog._.js:2441
[    1074ms] [LOG] [DEBUG] Tipo corregido: number -> date {originalValue: 34634567890, originalType: number, detectedType: date} @ http://localhost:3000/_next/static/chunks/11hm_next_dist_0m6rgog._.js:2441
[    1074ms] [LOG] [DEBUG] Tipo corregido: number -> date {originalValue: 34634567890, originalType: number, detectedType: date} @ http://localhost:3000/_next/static/chunks/11hm_next_dist_0m6rgog._.js:2441
[    1074ms] [LOG] [DEBUG] Renderizando celda: {columnId: ciudad, isReference: undefined, value: Object} @ http://localhost:3000/_next/static/chunks/11hm_next_dist_0m6rgog._.js:2441
[    1074ms] [LOG] [DEBUG] Renderizando celda: {columnId: ciudad, isReference: undefined, value: Object} @ http://localhost:3000/_next/static/chunks/11hm_next_dist_0m6rgog._.js:2441
[    1074ms] [LOG] [DEBUG] Renderizando celda: {columnId: rol, isReference: undefined, value: Object} @ http://localhost:3000/_next/static/chunks/11hm_next_dist_0m6rgog._.js:2441
[    1074ms] [LOG] [DEBUG] Renderizando celda: {columnId: rol, isReference: undefined, value: Object} @ http://localhost:3000/_next/static/chunks/11hm_next_dist_0m6rgog._.js:2441
[    1074ms] [LOG] [DEBUG] Renderizando celda: {columnId: estado, isReference: undefined, value: Object} @ http://localhost:3000/_next/static/chunks/11hm_next_dist_0m6rgog._.js:2441
[    1074ms] [LOG] [DEBUG] Renderizando celda: {columnId: estado, isReference: undefined, value: Object} @ http://localhost:3000/_next/static/chunks/11hm_next_dist_0m6rgog._.js:2441
[    1075ms] [LOG] [DEBUG] Renderizando celda: {columnId: fechaRegistro, isReference: undefined, value: Object} @ http://localhost:3000/_next/static/chunks/11hm_next_dist_0m6rgog._.js:2441
[    1075ms] [LOG] [DEBUG] Renderizando celda: {columnId: fechaRegistro, isReference: undefined, value: Object} @ http://localhost:3000/_next/static/chunks/11hm_next_dist_0m6rgog._.js:2441
[    1075ms] [LOG] [DEBUG] Renderizando celda: {columnId: ultimoContacto, isReference: undefined, value: Object} @ http://localhost:3000/_next/static/chunks/11hm_next_dist_0m6rgog._.js:2441
[    1075ms] [LOG] [DEBUG] Renderizando celda: {columnId: ultimoContacto, isReference: undefined, value: Object} @ http://localhost:3000/_next/static/chunks/11hm_next_dist_0m6rgog._.js:2441
[    1075ms] [LOG] [DEBUG] Renderizando celda: {columnId: valorTotal, isReference: undefined, value: Object} @ http://localhost:3000/_next/static/chunks/11hm_next_dist_0m6rgog._.js:2441
[    1075ms] [LOG] [DEBUG] Renderizando celda: {columnId: valorTotal, isReference: undefined, value: Object} @ http://localhost:3000/_next/static/chunks/11hm_next_dist_0m6rgog._.js:2441
[    1075ms] [LOG] [DEBUG] Tipo corregido: string -> number {originalValue: 6120, originalType: string, detectedType: number} @ http://localhost:3000/_next/static/chunks/11hm_next_dist_0m6rgog._.js:2441
[    1075ms] [LOG] [DEBUG] Tipo corregido: string -> number {originalValue: 6120, originalType: string, detectedType: number} @ http://localhost:3000/_next/static/chunks/11hm_next_dist_0m6rgog._.js:2441
[    1075ms] [LOG] [DEBUG] Renderizando celda: {columnId: satisfaccion, isReference: undefined, value: Object} @ http://localhost:3000/_next/static/chunks/11hm_next_dist_0m6rgog._.js:2441
[    1075ms] [LOG] [DEBUG] Renderizando celda: {columnId: satisfaccion, isReference: undefined, value: Object} @ http://localhost:3000/_next/static/chunks/11hm_next_dist_0m6rgog._.js:2441
[    1076ms] [LOG] [DEBUG] Renderizando celda: {columnId: activo, isReference: undefined, value: Object} @ http://localhost:3000/_next/static/chunks/11hm_next_dist_0m6rgog._.js:2441
[    1076ms] [LOG] [DEBUG] Renderizando celda: {columnId: activo, isReference: undefined, value: Object} @ http://localhost:3000/_next/static/chunks/11hm_next_dist_0m6rgog._.js:2441
[    1076ms] [LOG] [DEBUG] Tipo corregido: boolean -> string {originalValue: true, originalType: boolean, detectedType: string} @ http://localhost:3000/_next/static/chunks/11hm_next_dist_0m6rgog._.js:2441
[    1076ms] [LOG] [DEBUG] Tipo corregido: boolean -> string {originalValue: true, originalType: boolean, detectedType: string} @ http://localhost:3000/_next/static/chunks/11hm_next_dist_0m6rgog._.js:2441
[    1081ms] [LOG] [DEBUG] Renderizando celda: {columnId: id, isReference: undefined, value: Object} @ http://localhost:3000/_next/static/chunks/11hm_next_dist_0m6rgog._.js:2441
[    1082ms] [LOG] [DEBUG] Renderizando celda: {columnId: id, isReference: undefined, value: Object} @ http://localhost:3000/_next/static/chunks/11hm_next_dist_0m6rgog._.js:2441
[    1082ms] [LOG] [DEBUG] Renderizando celda: {columnId: nombre, isReference: undefined, value: Object} @ http://localhost:3000/_next/static/chunks/11hm_next_dist_0m6rgog._.js:2441
[    1082ms] [LOG] [DEBUG] Renderizando celda: {columnId: nombre, isReference: undefined, value: Object} @ http://localhost:3000/_next/static/chunks/11hm_next_dist_0m6rgog._.js:2441
[    1082ms] [LOG] [DEBUG] Renderizando celda: {columnId: email, isReference: undefined, value: Object} @ http://localhost:3000/_next/static/chunks/11hm_next_dist_0m6rgog._.js:2441
[    1082ms] [LOG] [DEBUG] Renderizando celda: {columnId: email, isReference: undefined, value: Object} @ http://localhost:3000/_next/static/chunks/11hm_next_dist_0m6rgog._.js:2441
[    1082ms] [LOG] [DEBUG] Renderizando celda: {columnId: telefono, isReference: undefined, value: Object} @ http://localhost:3000/_next/static/chunks/11hm_next_dist_0m6rgog._.js:2441
[    1082ms] [LOG] [DEBUG] Renderizando celda: {columnId: telefono, isReference: undefined, value: Object} @ http://localhost:3000/_next/static/chunks/11hm_next_dist_0m6rgog._.js:2441
[    1082ms] [LOG] [DEBUG] Tipo corregido: number -> date {originalValue: 34655678901, originalType: number, detectedType: date} @ http://localhost:3000/_next/static/chunks/11hm_next_dist_0m6rgog._.js:2441
[    1082ms] [LOG] [DEBUG] Tipo corregido: number -> date {originalValue: 34655678901, originalType: number, detectedType: date} @ http://localhost:3000/_next/static/chunks/11hm_next_dist_0m6rgog._.js:2441
[    1083ms] [LOG] [DEBUG] Renderizando celda: {columnId: ciudad, isReference: undefined, value: Object} @ http://localhost:3000/_next/static/chunks/11hm_next_dist_0m6rgog._.js:2441
[    1083ms] [LOG] [DEBUG] Renderizando celda: {columnId: ciudad, isReference: undefined, value: Object} @ http://localhost:3000/_next/static/chunks/11hm_next_dist_0m6rgog._.js:2441
[    1083ms] [LOG] [DEBUG] Renderizando celda: {columnId: rol, isReference: undefined, value: Object} @ http://localhost:3000/_next/static/chunks/11hm_next_dist_0m6rgog._.js:2441
[    1084ms] [LOG] [DEBUG] Renderizando celda: {columnId: rol, isReference: undefined, value: Object} @ http://localhost:3000/_next/static/chunks/11hm_next_dist_0m6rgog._.js:2441
[    1084ms] [LOG] [DEBUG] Renderizando celda: {columnId: estado, isReference: undefined, value: Object} @ http://localhost:3000/_next/static/chunks/11hm_next_dist_0m6rgog._.js:2441
[    1084ms] [LOG] [DEBUG] Renderizando celda: {columnId: estado, isReference: undefined, value: Object} @ http://localhost:3000/_next/static/chunks/11hm_next_dist_0m6rgog._.js:2441
[    1085ms] [LOG] [DEBUG] Renderizando celda: {columnId: fechaRegistro, isReference: undefined, value: Object} @ http://localhost:3000/_next/static/chunks/11hm_next_dist_0m6rgog._.js:2441
[    1085ms] [LOG] [DEBUG] Renderizando celda: {columnId: fechaRegistro, isReference: undefined, value: Object} @ http://localhost:3000/_next/static/chunks/11hm_next_dist_0m6rgog._.js:2441
[    1085ms] [LOG] [DEBUG] Renderizando celda: {columnId: ultimoContacto, isReference: undefined, value: Object} @ http://localhost:3000/_next/static/chunks/11hm_next_dist_0m6rgog._.js:2441
[    1085ms] [LOG] [DEBUG] Renderizando celda: {columnId: ultimoContacto, isReference: undefined, value: Object} @ http://localhost:3000/_next/static/chunks/11hm_next_dist_0m6rgog._.js:2441
[    1085ms] [LOG] [DEBUG] Renderizando celda: {columnId: valorTotal, isReference: undefined, value: Object} @ http://localhost:3000/_next/static/chunks/11hm_next_dist_0m6rgog._.js:2441
[    1085ms] [LOG] [DEBUG] Renderizando celda: {columnId: valorTotal, isReference: undefined, value: Object} @ http://localhost:3000/_next/static/chunks/11hm_next_dist_0m6rgog._.js:2441
[    1085ms] [LOG] [DEBUG] Tipo corregido: string -> number {originalValue: 0, originalType: string, detectedType: number} @ http://localhost:3000/_next/static/chunks/11hm_next_dist_0m6rgog._.js:2441
[    1085ms] [LOG] [DEBUG] Tipo corregido: string -> number {originalValue: 0, originalType: string, detectedType: number} @ http://localhost:3000/_next/static/chunks/11hm_next_dist_0m6rgog._.js:2441
[    1085ms] [LOG] [DEBUG] Renderizando celda: {columnId: satisfaccion, isReference: undefined, value: Object} @ http://localhost:3000/_next/static/chunks/11hm_next_dist_0m6rgog._.js:2441
[    1085ms] [LOG] [DEBUG] Renderizando celda: {columnId: satisfaccion, isReference: undefined, value: Object} @ http://localhost:3000/_next/static/chunks/11hm_next_dist_0m6rgog._.js:2441
[    1086ms] [LOG] [DEBUG] Renderizando celda: {columnId: activo, isReference: undefined, value: Object} @ http://localhost:3000/_next/static/chunks/11hm_next_dist_0m6rgog._.js:2441
[    1086ms] [LOG] [DEBUG] Renderizando celda: {columnId: activo, isReference: undefined, value: Object} @ http://localhost:3000/_next/static/chunks/11hm_next_dist_0m6rgog._.js:2441
[    1086ms] [LOG] [DEBUG] Tipo corregido: boolean -> string {originalValue: false, originalType: boolean, detectedType: string} @ http://localhost:3000/_next/static/chunks/11hm_next_dist_0m6rgog._.js:2441
[    1086ms] [LOG] [DEBUG] Tipo corregido: boolean -> string {originalValue: false, originalType: boolean, detectedType: string} @ http://localhost:3000/_next/static/chunks/11hm_next_dist_0m6rgog._.js:2441
[    1091ms] [LOG] [DEBUG] Renderizando celda: {columnId: id, isReference: undefined, value: Object} @ http://localhost:3000/_next/static/chunks/11hm_next_dist_0m6rgog._.js:2441
[    1091ms] [LOG] [DEBUG] Renderizando celda: {columnId: id, isReference: undefined, value: Object} @ http://localhost:3000/_next/static/chunks/11hm_next_dist_0m6rgog._.js:2441
[    1092ms] [LOG] [DEBUG] Renderizando celda: {columnId: nombre, isReference: undefined, value: Object} @ http://localhost:3000/_next/static/chunks/11hm_next_dist_0m6rgog._.js:2441
[    1092ms] [LOG] [DEBUG] Renderizando celda: {columnId: nombre, isReference: undefined, value: Object} @ http://localhost:3000/_next/static/chunks/11hm_next_dist_0m6rgog._.js:2441
[    1092ms] [LOG] [DEBUG] Renderizando celda: {columnId: email, isReference: undefined, value: Object} @ http://localhost:3000/_next/static/chunks/11hm_next_dist_0m6rgog._.js:2441
[    1092ms] [LOG] [DEBUG] Renderizando celda: {columnId: email, isReference: undefined, value: Object} @ http://localhost:3000/_next/static/chunks/11hm_next_dist_0m6rgog._.js:2441
[    1092ms] [LOG] [DEBUG] Renderizando celda: {columnId: telefono, isReference: undefined, value: Object} @ http://localhost:3000/_next/static/chunks/11hm_next_dist_0m6rgog._.js:2441
[    1092ms] [LOG] [DEBUG] Renderizando celda: {columnId: telefono, isReference: undefined, value: Object} @ http://localhost:3000/_next/static/chunks/11hm_next_dist_0m6rgog._.js:2441
[    1092ms] [LOG] [DEBUG] Tipo corregido: number -> date {originalValue: 34676789012, originalType: number, detectedType: date} @ http://localhost:3000/_next/static/chunks/11hm_next_dist_0m6rgog._.js:2441
[    1092ms] [LOG] [DEBUG] Tipo corregido: number -> date {originalValue: 34676789012, originalType: number, detectedType: date} @ http://localhost:3000/_next/static/chunks/11hm_next_dist_0m6rgog._.js:2441
[    1092ms] [LOG] [DEBUG] Renderizando celda: {columnId: ciudad, isReference: undefined, value: Object} @ http://localhost:3000/_next/static/chunks/11hm_next_dist_0m6rgog._.js:2441
[    1092ms] [LOG] [DEBUG] Renderizando celda: {columnId: ciudad, isReference: undefined, value: Object} @ http://localhost:3000/_next/static/chunks/11hm_next_dist_0m6rgog._.js:2441
[    1092ms] [LOG] [DEBUG] Renderizando celda: {columnId: rol, isReference: undefined, value: Object} @ http://localhost:3000/_next/static/chunks/11hm_next_dist_0m6rgog._.js:2441
[    1092ms] [LOG] [DEBUG] Renderizando celda: {columnId: rol, isReference: undefined, value: Object} @ http://localhost:3000/_next/static/chunks/11hm_next_dist_0m6rgog._.js:2441
[    1092ms] [LOG] [DEBUG] Renderizando celda: {columnId: estado, isReference: undefined, value: Object} @ http://localhost:3000/_next/static/chunks/11hm_next_dist_0m6rgog._.js:2441
[    1092ms] [LOG] [DEBUG] Renderizando celda: {columnId: estado, isReference: undefined, value: Object} @ http://localhost:3000/_next/static/chunks/11hm_next_dist_0m6rgog._.js:2441
[    1092ms] [LOG] [DEBUG] Renderizando celda: {columnId: fechaRegistro, isReference: undefined, value: Object} @ http://localhost:3000/_next/static/chunks/11hm_next_dist_0m6rgog._.js:2441
[    1093ms] [LOG] [DEBUG] Renderizando celda: {columnId: fechaRegistro, isReference: undefined, value: Object} @ http://localhost:3000/_next/static/chunks/11hm_next_dist_0m6rgog._.js:2441
[    1093ms] [LOG] [DEBUG] Renderizando celda: {columnId: ultimoContacto, isReference: undefined, value: Object} @ http://localhost:3000/_next/static/chunks/11hm_next_dist_0m6rgog._.js:2441
[    1093ms] [LOG] [DEBUG] Renderizando celda: {columnId: ultimoContacto, isReference: undefined, value: Object} @ http://localhost:3000/_next/static/chunks/11hm_next_dist_0m6rgog._.js:2441
[    1093ms] [LOG] [DEBUG] Renderizando celda: {columnId: valorTotal, isReference: undefined, value: Object} @ http://localhost:3000/_next/static/chunks/11hm_next_dist_0m6rgog._.js:2441
[    1093ms] [LOG] [DEBUG] Renderizando celda: {columnId: valorTotal, isReference: undefined, value: Object} @ http://localhost:3000/_next/static/chunks/11hm_next_dist_0m6rgog._.js:2441
[    1093ms] [LOG] [DEBUG] Tipo corregido: string -> number {originalValue: 2280, originalType: string, detectedType: number} @ http://localhost:3000/_next/static/chunks/11hm_next_dist_0m6rgog._.js:2441
[    1093ms] [LOG] [DEBUG] Tipo corregido: string -> number {originalValue: 2280, originalType: string, detectedType: number} @ http://localhost:3000/_next/static/chunks/11hm_next_dist_0m6rgog._.js:2441
[    1093ms] [LOG] [DEBUG] Renderizando celda: {columnId: satisfaccion, isReference: undefined, value: Object} @ http://localhost:3000/_next/static/chunks/11hm_next_dist_0m6rgog._.js:2441
[    1093ms] [LOG] [DEBUG] Renderizando celda: {columnId: satisfaccion, isReference: undefined, value: Object} @ http://localhost:3000/_next/static/chunks/11hm_next_dist_0m6rgog._.js:2441
[    1093ms] [LOG] [DEBUG] Renderizando celda: {columnId: activo, isReference: undefined, value: Object} @ http://localhost:3000/_next/static/chunks/11hm_next_dist_0m6rgog._.js:2441
[    1093ms] [LOG] [DEBUG] Renderizando celda: {columnId: activo, isReference: undefined, value: Object} @ http://localhost:3000/_next/static/chunks/11hm_next_dist_0m6rgog._.js:2441
[    1093ms] [LOG] [DEBUG] Tipo corregido: boolean -> string {originalValue: false, originalType: boolean, detectedType: string} @ http://localhost:3000/_next/static/chunks/11hm_next_dist_0m6rgog._.js:2441
[    1093ms] [LOG] [DEBUG] Tipo corregido: boolean -> string {originalValue: false, originalType: boolean, detectedType: string} @ http://localhost:3000/_next/static/chunks/11hm_next_dist_0m6rgog._.js:2441
[    1094ms] [LOG] [DEBUG] Renderizando celda: {columnId: id, isReference: undefined, value: Object} @ http://localhost:3000/_next/static/chunks/11hm_next_dist_0m6rgog._.js:2441
[    1095ms] [LOG] [DEBUG] Renderizando celda: {columnId: id, isReference: undefined, value: Object} @ http://localhost:3000/_next/static/chunks/11hm_next_dist_0m6rgog._.js:2441
[    1095ms] [LOG] [DEBUG] Renderizando celda: {columnId: nombre, isReference: undefined, value: Object} @ http://localhost:3000/_next/static/chunks/11hm_next_dist_0m6rgog._.js:2441
[    1095ms] [LOG] [DEBUG] Renderizando celda: {columnId: nombre, isReference: undefined, value: Object} @ http://localhost:3000/_next/static/chunks/11hm_next_dist_0m6rgog._.js:2441
[    1095ms] [LOG] [DEBUG] Renderizando celda: {columnId: email, isReference: undefined, value: Object} @ http://localhost:3000/_next/static/chunks/11hm_next_dist_0m6rgog._.js:2441
[    1095ms] [LOG] [DEBUG] Renderizando celda: {columnId: email, isReference: undefined, value: Object} @ http://localhost:3000/_next/static/chunks/11hm_next_dist_0m6rgog._.js:2441
[    1095ms] [LOG] [DEBUG] Renderizando celda: {columnId: telefono, isReference: undefined, value: Object} @ http://localhost:3000/_next/static/chunks/11hm_next_dist_0m6rgog._.js:2441
[    1095ms] [LOG] [DEBUG] Renderizando celda: {columnId: telefono, isReference: undefined, value: Object} @ http://localhost:3000/_next/static/chunks/11hm_next_dist_0m6rgog._.js:2441
[    1095ms] [LOG] [DEBUG] Tipo corregido: number -> date {originalValue: 34697890123, originalType: number, detectedType: date} @ http://localhost:3000/_next/static/chunks/11hm_next_dist_0m6rgog._.js:2441
[    1095ms] [LOG] [DEBUG] Tipo corregido: number -> date {originalValue: 34697890123, originalType: number, detectedType: date} @ http://localhost:3000/_next/static/chunks/11hm_next_dist_0m6rgog._.js:2441
[    1095ms] [LOG] [DEBUG] Renderizando celda: {columnId: ciudad, isReference: undefined, value: Object} @ http://localhost:3000/_next/static/chunks/11hm_next_dist_0m6rgog._.js:2441
[    1095ms] [LOG] [DEBUG] Renderizando celda: {columnId: ciudad, isReference: undefined, value: Object} @ http://localhost:3000/_next/static/chunks/11hm_next_dist_0m6rgog._.js:2441
[    1095ms] [LOG] [DEBUG] Renderizando celda: {columnId: rol, isReference: undefined, value: Object} @ http://localhost:3000/_next/static/chunks/11hm_next_dist_0m6rgog._.js:2441
[    1095ms] [LOG] [DEBUG] Renderizando celda: {columnId: rol, isReference: undefined, value: Object} @ http://localhost:3000/_next/static/chunks/11hm_next_dist_0m6rgog._.js:2441
[    1095ms] [LOG] [DEBUG] Renderizando celda: {columnId: estado, isReference: undefined, value: Object} @ http://localhost:3000/_next/static/chunks/11hm_next_dist_0m6rgog._.js:2441
[    1096ms] [LOG] [DEBUG] Renderizando celda: {columnId: estado, isReference: undefined, value: Object} @ http://localhost:3000/_next/static/chunks/11hm_next_dist_0m6rgog._.js:2441
[    1096ms] [LOG] [DEBUG] Renderizando celda: {columnId: fechaRegistro, isReference: undefined, value: Object} @ http://localhost:3000/_next/static/chunks/11hm_next_dist_0m6rgog._.js:2441
[    1096ms] [LOG] [DEBUG] Renderizando celda: {columnId: fechaRegistro, isReference: undefined, value: Object} @ http://localhost:3000/_next/static/chunks/11hm_next_dist_0m6rgog._.js:2441
[    1096ms] [LOG] [DEBUG] Renderizando celda: {columnId: ultimoContacto, isReference: undefined, value: Object} @ http://localhost:3000/_next/static/chunks/11hm_next_dist_0m6rgog._.js:2441
[    1096ms] [LOG] [DEBUG] Renderizando celda: {columnId: ultimoContacto, isReference: undefined, value: Object} @ http://localhost:3000/_next/static/chunks/11hm_next_dist_0m6rgog._.js:2441
[    1096ms] [LOG] [DEBUG] Renderizando celda: {columnId: valorTotal, isReference: undefined, value: Object} @ http://localhost:3000/_next/static/chunks/11hm_next_dist_0m6rgog._.js:2441
[    1096ms] [LOG] [DEBUG] Renderizando celda: {columnId: valorTotal, isReference: undefined, value: Object} @ http://localhost:3000/_next/static/chunks/11hm_next_dist_0m6rgog._.js:2441
[    1096ms] [LOG] [DEBUG] Tipo corregido: string -> number {originalValue: 4560, originalType: string, detectedType: number} @ http://localhost:3000/_next/static/chunks/11hm_next_dist_0m6rgog._.js:2441
[    1096ms] [LOG] [DEBUG] Tipo corregido: string -> number {originalValue: 4560, originalType: string, detectedType: number} @ http://localhost:3000/_next/static/chunks/11hm_next_dist_0m6rgog._.js:2441
[    1096ms] [LOG] [DEBUG] Renderizando celda: {columnId: satisfaccion, isReference: undefined, value: Object} @ http://localhost:3000/_next/static/chunks/11hm_next_dist_0m6rgog._.js:2441
[    1096ms] [LOG] [DEBUG] Renderizando celda: {columnId: satisfaccion, isReference: undefined, value: Object} @ http://localhost:3000/_next/static/chunks/11hm_next_dist_0m6rgog._.js:2441
[    1097ms] [LOG] [DEBUG] Renderizando celda: {columnId: activo, isReference: undefined, value: Object} @ http://localhost:3000/_next/static/chunks/11hm_next_dist_0m6rgog._.js:2441
[    1097ms] [LOG] [DEBUG] Renderizando celda: {columnId: activo, isReference: undefined, value: Object} @ http://localhost:3000/_next/static/chunks/11hm_next_dist_0m6rgog._.js:2441
[    1097ms] [LOG] [DEBUG] Tipo corregido: boolean -> string {originalValue: true, originalType: boolean, detectedType: string} @ http://localhost:3000/_next/static/chunks/11hm_next_dist_0m6rgog._.js:2441
[    1097ms] [LOG] [DEBUG] Tipo corregido: boolean -> string {originalValue: true, originalType: boolean, detectedType: string} @ http://localhost:3000/_next/static/chunks/11hm_next_dist_0m6rgog._.js:2441
[    1104ms] [LOG] [DEBUG] Renderizando celda: {columnId: id, isReference: undefined, value: Object} @ http://localhost:3000/_next/static/chunks/11hm_next_dist_0m6rgog._.js:2441
[    1104ms] [LOG] [DEBUG] Renderizando celda: {columnId: id, isReference: undefined, value: Object} @ http://localhost:3000/_next/static/chunks/11hm_next_dist_0m6rgog._.js:2441
[    1104ms] [LOG] [DEBUG] Renderizando celda: {columnId: nombre, isReference: undefined, value: Object} @ http://localhost:3000/_next/static/chunks/11hm_next_dist_0m6rgog._.js:2441
[    1104ms] [LOG] [DEBUG] Renderizando celda: {columnId: nombre, isReference: undefined, value: Object} @ http://localhost:3000/_next/static/chunks/11hm_next_dist_0m6rgog._.js:2441
[    1104ms] [LOG] [DEBUG] Renderizando celda: {columnId: email, isReference: undefined, value: Object} @ http://localhost:3000/_next/static/chunks/11hm_next_dist_0m6rgog._.js:2441
[    1104ms] [LOG] [DEBUG] Renderizando celda: {columnId: email, isReference: undefined, value: Object} @ http://localhost:3000/_next/static/chunks/11hm_next_dist_0m6rgog._.js:2441
[    1104ms] [LOG] [DEBUG] Renderizando celda: {columnId: telefono, isReference: undefined, value: Object} @ http://localhost:3000/_next/static/chunks/11hm_next_dist_0m6rgog._.js:2441
[    1104ms] [LOG] [DEBUG] Renderizando celda: {columnId: telefono, isReference: undefined, value: Object} @ http://localhost:3000/_next/static/chunks/11hm_next_dist_0m6rgog._.js:2441
[    1104ms] [LOG] [DEBUG] Tipo corregido: number -> date {originalValue: 34900123456, originalType: number, detectedType: date} @ http://localhost:3000/_next/static/chunks/11hm_next_dist_0m6rgog._.js:2441
[    1105ms] [LOG] [DEBUG] Tipo corregido: number -> date {originalValue: 34900123456, originalType: number, detectedType: date} @ http://localhost:3000/_next/static/chunks/11hm_next_dist_0m6rgog._.js:2441
[    1105ms] [LOG] [DEBUG] Renderizando celda: {columnId: ciudad, isReference: undefined, value: Object} @ http://localhost:3000/_next/static/chunks/11hm_next_dist_0m6rgog._.js:2441
[    1105ms] [LOG] [DEBUG] Renderizando celda: {columnId: ciudad, isReference: undefined, value: Object} @ http://localhost:3000/_next/static/chunks/11hm_next_dist_0m6rgog._.js:2441
[    1105ms] [LOG] [DEBUG] Renderizando celda: {columnId: rol, isReference: undefined, value: Object} @ http://localhost:3000/_next/static/chunks/11hm_next_dist_0m6rgog._.js:2441
[    1105ms] [LOG] [DEBUG] Renderizando celda: {columnId: rol, isReference: undefined, value: Object} @ http://localhost:3000/_next/static/chunks/11hm_next_dist_0m6rgog._.js:2441
[    1105ms] [LOG] [DEBUG] Renderizando celda: {columnId: estado, isReference: undefined, value: Object} @ http://localhost:3000/_next/static/chunks/11hm_next_dist_0m6rgog._.js:2441
[    1105ms] [LOG] [DEBUG] Renderizando celda: {columnId: estado, isReference: undefined, value: Object} @ http://localhost:3000/_next/static/chunks/11hm_next_dist_0m6rgog._.js:2441
[    1105ms] [LOG] [DEBUG] Renderizando celda: {columnId: fechaRegistro, isReference: undefined, value: Object} @ http://localhost:3000/_next/static/chunks/11hm_next_dist_0m6rgog._.js:2441
[    1106ms] [LOG] [DEBUG] Renderizando celda: {columnId: fechaRegistro, isReference: undefined, value: Object} @ http://localhost:3000/_next/static/chunks/11hm_next_dist_0m6rgog._.js:2441
[    1106ms] [LOG] [DEBUG] Renderizando celda: {columnId: ultimoContacto, isReference: undefined, value: Object} @ http://localhost:3000/_next/static/chunks/11hm_next_dist_0m6rgog._.js:2441
[    1106ms] [LOG] [DEBUG] Renderizando celda: {columnId: ultimoContacto, isReference: undefined, value: Object} @ http://localhost:3000/_next/static/chunks/11hm_next_dist_0m6rgog._.js:2441
[    1106ms] [LOG] [DEBUG] Renderizando celda: {columnId: valorTotal, isReference: undefined, value: Object} @ http://localhost:3000/_next/static/chunks/11hm_next_dist_0m6rgog._.js:2441
[    1106ms] [LOG] [DEBUG] Renderizando celda: {columnId: valorTotal, isReference: undefined, value: Object} @ http://localhost:3000/_next/static/chunks/11hm_next_dist_0m6rgog._.js:2441
[    1106ms] [LOG] [DEBUG] Renderizando celda: {columnId: satisfaccion, isReference: undefined, value: Object} @ http://localhost:3000/_next/static/chunks/11hm_next_dist_0m6rgog._.js:2441
[    1106ms] [LOG] [DEBUG] Renderizando celda: {columnId: satisfaccion, isReference: undefined, value: Object} @ http://localhost:3000/_next/static/chunks/11hm_next_dist_0m6rgog._.js:2441
[    1106ms] [LOG] [DEBUG] Renderizando celda: {columnId: activo, isReference: undefined, value: Object} @ http://localhost:3000/_next/static/chunks/11hm_next_dist_0m6rgog._.js:2441
[    1106ms] [LOG] [DEBUG] Renderizando celda: {columnId: activo, isReference: undefined, value: Object} @ http://localhost:3000/_next/static/chunks/11hm_next_dist_0m6rgog._.js:2441
[    1106ms] [LOG] [DEBUG] Tipo corregido: boolean -> string {originalValue: true, originalType: boolean, detectedType: string} @ http://localhost:3000/_next/static/chunks/11hm_next_dist_0m6rgog._.js:2441
[    1106ms] [LOG] [DEBUG] Tipo corregido: boolean -> string {originalValue: true, originalType: boolean, detectedType: string} @ http://localhost:3000/_next/static/chunks/11hm_next_dist_0m6rgog._.js:2441
[    1108ms] [LOG] [DEBUG] Renderizando celda: {columnId: id, isReference: undefined, value: Object} @ http://localhost:3000/_next/static/chunks/11hm_next_dist_0m6rgog._.js:2441
[    1108ms] [LOG] [DEBUG] Renderizando celda: {columnId: id, isReference: undefined, value: Object} @ http://localhost:3000/_next/static/chunks/11hm_next_dist_0m6rgog._.js:2441
[    1108ms] [LOG] [DEBUG] Renderizando celda: {columnId: nombre, isReference: undefined, value: Object} @ http://localhost:3000/_next/static/chunks/11hm_next_dist_0m6rgog._.js:2441
[    1108ms] [LOG] [DEBUG] Renderizando celda: {columnId: nombre, isReference: undefined, value: Object} @ http://localhost:3000/_next/static/chunks/11hm_next_dist_0m6rgog._.js:2441
[    1108ms] [LOG] [DEBUG] Renderizando celda: {columnId: email, isReference: undefined, value: Object} @ http://localhost:3000/_next/static/chunks/11hm_next_dist_0m6rgog._.js:2441
[    1108ms] [LOG] [DEBUG] Renderizando celda: {columnId: email, isReference: undefined, value: Object} @ http://localhost:3000/_next/static/chunks/11hm_next_dist_0m6rgog._.js:2441
[    1108ms] [LOG] [DEBUG] Renderizando celda: {columnId: telefono, isReference: undefined, value: Object} @ http://localhost:3000/_next/static/chunks/11hm_next_dist_0m6rgog._.js:2441
[    1108ms] [LOG] [DEBUG] Renderizando celda: {columnId: telefono, isReference: undefined, value: Object} @ http://localhost:3000/_next/static/chunks/11hm_next_dist_0m6rgog._.js:2441
[    1108ms] [LOG] [DEBUG] Tipo corregido: number -> date {originalValue: 34618234567, originalType: number, detectedType: date} @ http://localhost:3000/_next/static/chunks/11hm_next_dist_0m6rgog._.js:2441
[    1108ms] [LOG] [DEBUG] Tipo corregido: number -> date {originalValue: 34618234567, originalType: number, detectedType: date} @ http://localhost:3000/_next/static/chunks/11hm_next_dist_0m6rgog._.js:2441
[    1108ms] [LOG] [DEBUG] Renderizando celda: {columnId: ciudad, isReference: undefined, value: Object} @ http://localhost:3000/_next/static/chunks/11hm_next_dist_0m6rgog._.js:2441
[    1108ms] [LOG] [DEBUG] Renderizando celda: {columnId: ciudad, isReference: undefined, value: Object} @ http://localhost:3000/_next/static/chunks/11hm_next_dist_0m6rgog._.js:2441
[    1108ms] [LOG] [DEBUG] Renderizando celda: {columnId: rol, isReference: undefined, value: Object} @ http://localhost:3000/_next/static/chunks/11hm_next_dist_0m6rgog._.js:2441
[    1108ms] [LOG] [DEBUG] Renderizando celda: {columnId: rol, isReference: undefined, value: Object} @ http://localhost:3000/_next/static/chunks/11hm_next_dist_0m6rgog._.js:2441
[    1109ms] [LOG] [DEBUG] Renderizando celda: {columnId: estado, isReference: undefined, value: Object} @ http://localhost:3000/_next/static/chunks/11hm_next_dist_0m6rgog._.js:2441
[    1109ms] [LOG] [DEBUG] Renderizando celda: {columnId: estado, isReference: undefined, value: Object} @ http://localhost:3000/_next/static/chunks/11hm_next_dist_0m6rgog._.js:2441
[    1109ms] [LOG] [DEBUG] Renderizando celda: {columnId: fechaRegistro, isReference: undefined, value: Object} @ http://localhost:3000/_next/static/chunks/11hm_next_dist_0m6rgog._.js:2441
[    1109ms] [LOG] [DEBUG] Renderizando celda: {columnId: fechaRegistro, isReference: undefined, value: Object} @ http://localhost:3000/_next/static/chunks/11hm_next_dist_0m6rgog._.js:2441
[    1109ms] [LOG] [DEBUG] Renderizando celda: {columnId: ultimoContacto, isReference: undefined, value: Object} @ http://localhost:3000/_next/static/chunks/11hm_next_dist_0m6rgog._.js:2441
[    1109ms] [LOG] [DEBUG] Renderizando celda: {columnId: ultimoContacto, isReference: undefined, value: Object} @ http://localhost:3000/_next/static/chunks/11hm_next_dist_0m6rgog._.js:2441
[    1109ms] [LOG] [DEBUG] Renderizando celda: {columnId: valorTotal, isReference: undefined, value: Object} @ http://localhost:3000/_next/static/chunks/11hm_next_dist_0m6rgog._.js:2441
[    1109ms] [LOG] [DEBUG] Renderizando celda: {columnId: valorTotal, isReference: undefined, value: Object} @ http://localhost:3000/_next/static/chunks/11hm_next_dist_0m6rgog._.js:2441
[    1109ms] [LOG] [DEBUG] Tipo corregido: string -> number {originalValue: 0, originalType: string, detectedType: number} @ http://localhost:3000/_next/static/chunks/11hm_next_dist_0m6rgog._.js:2441
[    1109ms] [LOG] [DEBUG] Tipo corregido: string -> number {originalValue: 0, originalType: string, detectedType: number} @ http://localhost:3000/_next/static/chunks/11hm_next_dist_0m6rgog._.js:2441
[    1109ms] [LOG] [DEBUG] Renderizando celda: {columnId: satisfaccion, isReference: undefined, value: Object} @ http://localhost:3000/_next/static/chunks/11hm_next_dist_0m6rgog._.js:2441
[    1110ms] [LOG] [DEBUG] Renderizando celda: {columnId: satisfaccion, isReference: undefined, value: Object} @ http://localhost:3000/_next/static/chunks/11hm_next_dist_0m6rgog._.js:2441
[    1110ms] [LOG] [DEBUG] Renderizando celda: {columnId: activo, isReference: undefined, value: Object} @ http://localhost:3000/_next/static/chunks/11hm_next_dist_0m6rgog._.js:2441
[    1110ms] [LOG] [DEBUG] Renderizando celda: {columnId: activo, isReference: undefined, value: Object} @ http://localhost:3000/_next/static/chunks/11hm_next_dist_0m6rgog._.js:2441
[    1110ms] [LOG] [DEBUG] Tipo corregido: boolean -> string {originalValue: false, originalType: boolean, detectedType: string} @ http://localhost:3000/_next/static/chunks/11hm_next_dist_0m6rgog._.js:2441
[    1110ms] [LOG] [DEBUG] Tipo corregido: boolean -> string {originalValue: false, originalType: boolean, detectedType: string} @ http://localhost:3000/_next/static/chunks/11hm_next_dist_0m6rgog._.js:2441
[    1111ms] [LOG] [DEBUG] Renderizando celda: {columnId: id, isReference: undefined, value: Object} @ http://localhost:3000/_next/static/chunks/11hm_next_dist_0m6rgog._.js:2441
[    1111ms] [LOG] [DEBUG] Renderizando celda: {columnId: id, isReference: undefined, value: Object} @ http://localhost:3000/_next/static/chunks/11hm_next_dist_0m6rgog._.js:2441
[    1111ms] [LOG] [DEBUG] Renderizando celda: {columnId: nombre, isReference: undefined, value: Object} @ http://localhost:3000/_next/static/chunks/11hm_next_dist_0m6rgog._.js:2441
[    1111ms] [LOG] [DEBUG] Renderizando celda: {columnId: nombre, isReference: undefined, value: Object} @ http://localhost:3000/_next/static/chunks/11hm_next_dist_0m6rgog._.js:2441
[    1111ms] [LOG] [DEBUG] Renderizando celda: {columnId: email, isReference: undefined, value: Object} @ http://localhost:3000/_next/static/chunks/11hm_next_dist_0m6rgog._.js:2441
[    1111ms] [LOG] [DEBUG] Renderizando celda: {columnId: email, isReference: undefined, value: Object} @ http://localhost:3000/_next/static/chunks/11hm_next_dist_0m6rgog._.js:2441
[    1111ms] [LOG] [DEBUG] Renderizando celda: {columnId: telefono, isReference: undefined, value: Object} @ http://localhost:3000/_next/static/chunks/11hm_next_dist_0m6rgog._.js:2441
[    1111ms] [LOG] [DEBUG] Renderizando celda: {columnId: telefono, isReference: undefined, value: Object} @ http://localhost:3000/_next/static/chunks/11hm_next_dist_0m6rgog._.js:2441
[    1111ms] [LOG] [DEBUG] Tipo corregido: number -> date {originalValue: 34639345678, originalType: number, detectedType: date} @ http://localhost:3000/_next/static/chunks/11hm_next_dist_0m6rgog._.js:2441
[    1111ms] [LOG] [DEBUG] Tipo corregido: number -> date {originalValue: 34639345678, originalType: number, detectedType: date} @ http://localhost:3000/_next/static/chunks/11hm_next_dist_0m6rgog._.js:2441
[    1111ms] [LOG] [DEBUG] Renderizando celda: {columnId: ciudad, isReference: undefined, value: Object} @ http://localhost:3000/_next/static/chunks/11hm_next_dist_0m6rgog._.js:2441
[    1111ms] [LOG] [DEBUG] Renderizando celda: {columnId: ciudad, isReference: undefined, value: Object} @ http://localhost:3000/_next/static/chunks/11hm_next_dist_0m6rgog._.js:2441
[    1112ms] [LOG] [DEBUG] Renderizando celda: {columnId: rol, isReference: undefined, value: Object} @ http://localhost:3000/_next/static/chunks/11hm_next_dist_0m6rgog._.js:2441
[    1112ms] [LOG] [DEBUG] Renderizando celda: {columnId: rol, isReference: undefined, value: Object} @ http://localhost:3000/_next/static/chunks/11hm_next_dist_0m6rgog._.js:2441
[    1112ms] [LOG] [DEBUG] Renderizando celda: {columnId: estado, isReference: undefined, value: Object} @ http://localhost:3000/_next/static/chunks/11hm_next_dist_0m6rgog._.js:2441
[    1112ms] [LOG] [DEBUG] Renderizando celda: {columnId: estado, isReference: undefined, value: Object} @ http://localhost:3000/_next/static/chunks/11hm_next_dist_0m6rgog._.js:2441
[    1112ms] [LOG] [DEBUG] Renderizando celda: {columnId: fechaRegistro, isReference: undefined, value: Object} @ http://localhost:3000/_next/static/chunks/11hm_next_dist_0m6rgog._.js:2441
[    1112ms] [LOG] [DEBUG] Renderizando celda: {columnId: fechaRegistro, isReference: undefined, value: Object} @ http://localhost:3000/_next/static/chunks/11hm_next_dist_0m6rgog._.js:2441
[    1112ms] [LOG] [DEBUG] Renderizando celda: {columnId: ultimoContacto, isReference: undefined, value: Object} @ http://localhost:3000/_next/static/chunks/11hm_next_dist_0m6rgog._.js:2441
[    1112ms] [LOG] [DEBUG] Renderizando celda: {columnId: ultimoContacto, isReference: undefined, value: Object} @ http://localhost:3000/_next/static/chunks/11hm_next_dist_0m6rgog._.js:2441
[    1112ms] [LOG] [DEBUG] Renderizando celda: {columnId: valorTotal, isReference: undefined, value: Object} @ http://localhost:3000/_next/static/chunks/11hm_next_dist_0m6rgog._.js:2441
[    1112ms] [LOG] [DEBUG] Renderizando celda: {columnId: valorTotal, isReference: undefined, value: Object} @ http://localhost:3000/_next/static/chunks/11hm_next_dist_0m6rgog._.js:2441
[    1112ms] [LOG] [DEBUG] Tipo corregido: string -> number {originalValue: 3120, originalType: string, detectedType: number} @ http://localhost:3000/_next/static/chunks/11hm_next_dist_0m6rgog._.js:2441
[    1112ms] [LOG] [DEBUG] Tipo corregido: string -> number {originalValue: 3120, originalType: string, detectedType: number} @ http://localhost:3000/_next/static/chunks/11hm_next_dist_0m6rgog._.js:2441
[    1112ms] [LOG] [DEBUG] Renderizando celda: {columnId: satisfaccion, isReference: undefined, value: Object} @ http://localhost:3000/_next/static/chunks/11hm_next_dist_0m6rgog._.js:2441
[    1112ms] [LOG] [DEBUG] Renderizando celda: {columnId: satisfaccion, isReference: undefined, value: Object} @ http://localhost:3000/_next/static/chunks/11hm_next_dist_0m6rgog._.js:2441
[    1112ms] [LOG] [DEBUG] Renderizando celda: {columnId: activo, isReference: undefined, value: Object} @ http://localhost:3000/_next/static/chunks/11hm_next_dist_0m6rgog._.js:2441
[    1113ms] [LOG] [DEBUG] Renderizando celda: {columnId: activo, isReference: undefined, value: Object} @ http://localhost:3000/_next/static/chunks/11hm_next_dist_0m6rgog._.js:2441
[    1113ms] [LOG] [DEBUG] Tipo corregido: boolean -> string {originalValue: true, originalType: boolean, detectedType: string} @ http://localhost:3000/_next/static/chunks/11hm_next_dist_0m6rgog._.js:2441
[    1113ms] [LOG] [DEBUG] Tipo corregido: boolean -> string {originalValue: true, originalType: boolean, detectedType: string} @ http://localhost:3000/_next/static/chunks/11hm_next_dist_0m6rgog._.js:2441
[    1113ms] [LOG] [DEBUG] Renderizando celda: {columnId: id, isReference: undefined, value: Object} @ http://localhost:3000/_next/static/chunks/11hm_next_dist_0m6rgog._.js:2441
[    1113ms] [LOG] [DEBUG] Renderizando celda: {columnId: id, isReference: undefined, value: Object} @ http://localhost:3000/_next/static/chunks/11hm_next_dist_0m6rgog._.js:2441
[    1114ms] [LOG] [DEBUG] Renderizando celda: {columnId: nombre, isReference: undefined, value: Object} @ http://localhost:3000/_next/static/chunks/11hm_next_dist_0m6rgog._.js:2441
[    1114ms] [LOG] [DEBUG] Renderizando celda: {columnId: nombre, isReference: undefined, value: Object} @ http://localhost:3000/_next/static/chunks/11hm_next_dist_0m6rgog._.js:2441
[    1114ms] [LOG] [DEBUG] Renderizando celda: {columnId: email, isReference: undefined, value: Object} @ http://localhost:3000/_next/static/chunks/11hm_next_dist_0m6rgog._.js:2441
[    1114ms] [LOG] [DEBUG] Renderizando celda: {columnId: email, isReference: undefined, value: Object} @ http://localhost:3000/_next/static/chunks/11hm_next_dist_0m6rgog._.js:2441
[    1114ms] [LOG] [DEBUG] Renderizando celda: {columnId: telefono, isReference: undefined, value: Object} @ http://localhost:3000/_next/static/chunks/11hm_next_dist_0m6rgog._.js:2441
[    1114ms] [LOG] [DEBUG] Renderizando celda: {columnId: telefono, isReference: undefined, value: Object} @ http://localhost:3000/_next/static/chunks/11hm_next_dist_0m6rgog._.js:2441
[    1114ms] [LOG] [DEBUG] Tipo corregido: number -> date {originalValue: 34660456789, originalType: number, detectedType: date} @ http://localhost:3000/_next/static/chunks/11hm_next_dist_0m6rgog._.js:2441
[    1114ms] [LOG] [DEBUG] Tipo corregido: number -> date {originalValue: 34660456789, originalType: number, detectedType: date} @ http://localhost:3000/_next/static/chunks/11hm_next_dist_0m6rgog._.js:2441
[    1114ms] [LOG] [DEBUG] Renderizando celda: {columnId: ciudad, isReference: undefined, value: Object} @ http://localhost:3000/_next/static/chunks/11hm_next_dist_0m6rgog._.js:2441
[    1114ms] [LOG] [DEBUG] Renderizando celda: {columnId: ciudad, isReference: undefined, value: Object} @ http://localhost:3000/_next/static/chunks/11hm_next_dist_0m6rgog._.js:2441
[    1114ms] [LOG] [DEBUG] Renderizando celda: {columnId: rol, isReference: undefined, value: Object} @ http://localhost:3000/_next/static/chunks/11hm_next_dist_0m6rgog._.js:2441
[    1114ms] [LOG] [DEBUG] Renderizando celda: {columnId: rol, isReference: undefined, value: Object} @ http://localhost:3000/_next/static/chunks/11hm_next_dist_0m6rgog._.js:2441
[    1114ms] [LOG] [DEBUG] Renderizando celda: {columnId: estado, isReference: undefined, value: Object} @ http://localhost:3000/_next/static/chunks/11hm_next_dist_0m6rgog._.js:2441
[    1114ms] [LOG] [DEBUG] Renderizando celda: {columnId: estado, isReference: undefined, value: Object} @ http://localhost:3000/_next/static/chunks/11hm_next_dist_0m6rgog._.js:2441
[    1115ms] [LOG] [DEBUG] Renderizando celda: {columnId: fechaRegistro, isReference: undefined, value: Object} @ http://localhost:3000/_next/static/chunks/11hm_next_dist_0m6rgog._.js:2441
[    1115ms] [LOG] [DEBUG] Renderizando celda: {columnId: fechaRegistro, isReference: undefined, value: Object} @ http://localhost:3000/_next/static/chunks/11hm_next_dist_0m6rgog._.js:2441
[    1115ms] [LOG] [DEBUG] Renderizando celda: {columnId: ultimoContacto, isReference: undefined, value: Object} @ http://localhost:3000/_next/static/chunks/11hm_next_dist_0m6rgog._.js:2441
[    1115ms] [LOG] [DEBUG] Renderizando celda: {columnId: ultimoContacto, isReference: undefined, value: Object} @ http://localhost:3000/_next/static/chunks/11hm_next_dist_0m6rgog._.js:2441
[    1115ms] [LOG] [DEBUG] Renderizando celda: {columnId: valorTotal, isReference: undefined, value: Object} @ http://localhost:3000/_next/static/chunks/11hm_next_dist_0m6rgog._.js:2441
[    1115ms] [LOG] [DEBUG] Renderizando celda: {columnId: valorTotal, isReference: undefined, value: Object} @ http://localhost:3000/_next/static/chunks/11hm_next_dist_0m6rgog._.js:2441
[    1115ms] [LOG] [DEBUG] Tipo corregido: string -> number {originalValue: 1680, originalType: string, detectedType: number} @ http://localhost:3000/_next/static/chunks/11hm_next_dist_0m6rgog._.js:2441
[    1115ms] [LOG] [DEBUG] Tipo corregido: string -> number {originalValue: 1680, originalType: string, detectedType: number} @ http://localhost:3000/_next/static/chunks/11hm_next_dist_0m6rgog._.js:2441
[    1115ms] [LOG] [DEBUG] Renderizando celda: {columnId: satisfaccion, isReference: undefined, value: Object} @ http://localhost:3000/_next/static/chunks/11hm_next_dist_0m6rgog._.js:2441
[    1115ms] [LOG] [DEBUG] Renderizando celda: {columnId: satisfaccion, isReference: undefined, value: Object} @ http://localhost:3000/_next/static/chunks/11hm_next_dist_0m6rgog._.js:2441
[    1115ms] [LOG] [DEBUG] Renderizando celda: {columnId: activo, isReference: undefined, value: Object} @ http://localhost:3000/_next/static/chunks/11hm_next_dist_0m6rgog._.js:2441
[    1115ms] [LOG] [DEBUG] Renderizando celda: {columnId: activo, isReference: undefined, value: Object} @ http://localhost:3000/_next/static/chunks/11hm_next_dist_0m6rgog._.js:2441
[    1115ms] [LOG] [DEBUG] Tipo corregido: boolean -> string {originalValue: false, originalType: boolean, detectedType: string} @ http://localhost:3000/_next/static/chunks/11hm_next_dist_0m6rgog._.js:2441
[    1115ms] [LOG] [DEBUG] Tipo corregido: boolean -> string {originalValue: false, originalType: boolean, detectedType: string} @ http://localhost:3000/_next/static/chunks/11hm_next_dist_0m6rgog._.js:2441
[    1116ms] [LOG] [DEBUG] Renderizando celda: {columnId: id, isReference: undefined, value: Object} @ http://localhost:3000/_next/static/chunks/11hm_next_dist_0m6rgog._.js:2441
[    1116ms] [LOG] [DEBUG] Renderizando celda: {columnId: id, isReference: undefined, value: Object} @ http://localhost:3000/_next/static/chunks/11hm_next_dist_0m6rgog._.js:2441
[    1116ms] [LOG] [DEBUG] Renderizando celda: {columnId: nombre, isReference: undefined, value: Object} @ http://localhost:3000/_next/static/chunks/11hm_next_dist_0m6rgog._.js:2441
[    1116ms] [LOG] [DEBUG] Renderizando celda: {columnId: nombre, isReference: undefined, value: Object} @ http://localhost:3000/_next/static/chunks/11hm_next_dist_0m6rgog._.js:2441
[    1116ms] [LOG] [DEBUG] Renderizando celda: {columnId: email, isReference: undefined, value: Object} @ http://localhost:3000/_next/static/chunks/11hm_next_dist_0m6rgog._.js:2441
[    1116ms] [LOG] [DEBUG] Renderizando celda: {columnId: email, isReference: undefined, value: Object} @ http://localhost:3000/_next/static/chunks/11hm_next_dist_0m6rgog._.js:2441
[    1116ms] [LOG] [DEBUG] Renderizando celda: {columnId: telefono, isReference: undefined, value: Object} @ http://localhost:3000/_next/static/chunks/11hm_next_dist_0m6rgog._.js:2441
[    1117ms] [LOG] [DEBUG] Renderizando celda: {columnId: telefono, isReference: undefined, value: Object} @ http://localhost:3000/_next/static/chunks/11hm_next_dist_0m6rgog._.js:2441
[    1117ms] [LOG] [DEBUG] Tipo corregido: number -> date {originalValue: 34681567890, originalType: number, detectedType: date} @ http://localhost:3000/_next/static/chunks/11hm_next_dist_0m6rgog._.js:2441
[    1117ms] [LOG] [DEBUG] Tipo corregido: number -> date {originalValue: 34681567890, originalType: number, detectedType: date} @ http://localhost:3000/_next/static/chunks/11hm_next_dist_0m6rgog._.js:2441
[    1117ms] [LOG] [DEBUG] Renderizando celda: {columnId: ciudad, isReference: undefined, value: Object} @ http://localhost:3000/_next/static/chunks/11hm_next_dist_0m6rgog._.js:2441
[    1117ms] [LOG] [DEBUG] Renderizando celda: {columnId: ciudad, isReference: undefined, value: Object} @ http://localhost:3000/_next/static/chunks/11hm_next_dist_0m6rgog._.js:2441
[    1117ms] [LOG] [DEBUG] Renderizando celda: {columnId: rol, isReference: undefined, value: Object} @ http://localhost:3000/_next/static/chunks/11hm_next_dist_0m6rgog._.js:2441
[    1117ms] [LOG] [DEBUG] Renderizando celda: {columnId: rol, isReference: undefined, value: Object} @ http://localhost:3000/_next/static/chunks/11hm_next_dist_0m6rgog._.js:2441
[    1117ms] [LOG] [DEBUG] Renderizando celda: {columnId: estado, isReference: undefined, value: Object} @ http://localhost:3000/_next/static/chunks/11hm_next_dist_0m6rgog._.js:2441
[    1117ms] [LOG] [DEBUG] Renderizando celda: {columnId: estado, isReference: undefined, value: Object} @ http://localhost:3000/_next/static/chunks/11hm_next_dist_0m6rgog._.js:2441
[    1117ms] [LOG] [DEBUG] Renderizando celda: {columnId: fechaRegistro, isReference: undefined, value: Object} @ http://localhost:3000/_next/static/chunks/11hm_next_dist_0m6rgog._.js:2441
[    1117ms] [LOG] [DEBUG] Renderizando celda: {columnId: fechaRegistro, isReference: undefined, value: Object} @ http://localhost:3000/_next/static/chunks/11hm_next_dist_0m6rgog._.js:2441
[    1117ms] [LOG] [DEBUG] Renderizando celda: {columnId: ultimoContacto, isReference: undefined, value: Object} @ http://localhost:3000/_next/static/chunks/11hm_next_dist_0m6rgog._.js:2441
[    1117ms] [LOG] [DEBUG] Renderizando celda: {columnId: ultimoContacto, isReference: undefined, value: Object} @ http://localhost:3000/_next/static/chunks/11hm_next_dist_0m6rgog._.js:2441
[    1117ms] [LOG] [DEBUG] Renderizando celda: {columnId: valorTotal, isReference: undefined, value: Object} @ http://localhost:3000/_next/static/chunks/11hm_next_dist_0m6rgog._.js:2441
[    1117ms] [LOG] [DEBUG] Renderizando celda: {columnId: valorTotal, isReference: undefined, value: Object} @ http://localhost:3000/_next/static/chunks/11hm_next_dist_0m6rgog._.js:2441
[    1117ms] [LOG] [DEBUG] Tipo corregido: string -> number {originalValue: 480, originalType: string, detectedType: number} @ http://localhost:3000/_next/static/chunks/11hm_next_dist_0m6rgog._.js:2441
[    1118ms] [LOG] [DEBUG] Tipo corregido: string -> number {originalValue: 480, originalType: string, detectedType: number} @ http://localhost:3000/_next/static/chunks/11hm_next_dist_0m6rgog._.js:2441
[    1118ms] [LOG] [DEBUG] Renderizando celda: {columnId: satisfaccion, isReference: undefined, value: Object} @ http://localhost:3000/_next/static/chunks/11hm_next_dist_0m6rgog._.js:2441
[    1118ms] [LOG] [DEBUG] Renderizando celda: {columnId: satisfaccion, isReference: undefined, value: Object} @ http://localhost:3000/_next/static/chunks/11hm_next_dist_0m6rgog._.js:2441
[    1118ms] [LOG] [DEBUG] Renderizando celda: {columnId: activo, isReference: undefined, value: Object} @ http://localhost:3000/_next/static/chunks/11hm_next_dist_0m6rgog._.js:2441
[    1118ms] [LOG] [DEBUG] Renderizando celda: {columnId: activo, isReference: undefined, value: Object} @ http://localhost:3000/_next/static/chunks/11hm_next_dist_0m6rgog._.js:2441
[    1118ms] [LOG] [DEBUG] Tipo corregido: boolean -> string {originalValue: true, originalType: boolean, detectedType: string} @ http://localhost:3000/_next/static/chunks/11hm_next_dist_0m6rgog._.js:2441
[    1118ms] [LOG] [DEBUG] Tipo corregido: boolean -> string {originalValue: true, originalType: boolean, detectedType: string} @ http://localhost:3000/_next/static/chunks/11hm_next_dist_0m6rgog._.js:2441
[    1121ms] [LOG] [DEBUG] Renderizando SecondaryTables: {level: 0, parentId: undefined, isLoading: false, arrayColumnsCount: 0, arrayColumns: Array(0)} @ http://localhost:3000/_next/static/chunks/11hm_next_dist_0m6rgog._.js:2441
[    1122ms] [LOG] [DEBUG] Renderizando SecondaryTables: {level: 0, parentId: undefined, isLoading: false, arrayColumnsCount: 0, arrayColumns: Array(0)} @ http://localhost:3000/_next/static/chunks/11hm_next_dist_0m6rgog._.js:2441
[    1481ms] Error: Hydration failed because the server rendered HTML didn't match the client. As a result this tree will be regenerated on the client. This can happen if a SSR-ed Client Component used:

- A server/client branch `if (typeof window !== 'undefined')`.
- Variable input such as `Date.now()` or `Math.random()` which changes each time it's called.
- Date formatting in a user's locale which doesn't match the server.
- External changing data without sending a snapshot of it along with the HTML.
- Invalid HTML tag nesting.

It can also happen if the client has a browser extension installed which messes with the HTML before React loaded.

https://react.dev/link/hydration-mismatch

  ...
    <RedirectBoundary>
      <RedirectErrorBoundary router={{...}}>
        <InnerLayoutRouter url="/es/demo/t..." tree={[...]} params={{lang:"es"}} cacheNode={{rsc:{...}, ...}} ...>
          <SegmentViewNode type="page" pagePath="[lang]/(pu...">
            <SegmentTrieNode>
            <ClientPageRoot Component={function DemoTablePage} serverProvidedParams={{...}}>
              <DemoTablePage params={Promise} searchParams={Promise}>
                <div className="container ...">
                  <div>
                  <div>
                  <JsonTable data={[...]}>
                    <TableErrorBoundary>
                      <CardContent className="relative">
                        <div ref={undefined} data-slot="card-content" className="pb-6 relative" style={{...}}>
                          <div>
                          <TableToolbar>
                          <div>
                          <div className="rounded-md...">
                            <div
+                             className="alkitu-table-scroll overflow-auto"
-                             className="overflow-auto"
                              style={{height:"calc(100vh...",minHeight:"300px",maxHeight:"800px"}}
                            >
+                             <style>
-                             <div data-slot="table-container" className="relative w-full overflow-x-auto">
                              ...
                          ...
          ...
        ...

    at throwOnHydrationMismatch (http://localhost:3000/_next/static/chunks/11hm_next_dist_compiled_react-dom_003uc._._.js:3318:56)
    at beginWork (http://localhost:3000/_next/static/chunks/11hm_next_dist_compiled_react-dom_003uc._._.js:6758:918)
    at runWithFiberInDEV (http://localhost:3000/_next/static/chunks/11hm_next_dist_compiled_react-dom_003uc._._.js:965:74)
    at performUnitOfWork (http://localhost:3000/_next/static/chunks/11hm_next_dist_compiled_react-dom_003uc._._.js:9555:97)
    at workLoopConcurrentByScheduler (http://localhost:3000/_next/static/chunks/11hm_next_dist_compiled_react-dom_003uc._._.js:9551:58)
    at renderRootConcurrent (http://localhost:3000/_next/static/chunks/11hm_next_dist_compiled_react-dom_003uc._._.js:9534:71)
    at performWorkOnRoot (http://localhost:3000/_next/static/chunks/11hm_next_dist_compiled_react-dom_003uc._._.js:9061:150)
    at performWorkOnRootViaSchedulerTask (http://localhost:3000/_next/static/chunks/11hm_next_dist_compiled_react-dom_003uc._._.js:10255:9)
    at MessagePort.performWorkUntilDeadline (http://localhost:3000/_next/static/chunks/11hm_next_dist_compiled_0fu2kq5._.js:2647:64)
[    1132ms] [LOG] Service Worker registration skipped in development mode for better debugging experience @ http://localhost:3000/_next/static/chunks/11hm_next_dist_0m6rgog._.js:2441
[    1133ms] [LOG] Run in production mode to test service worker functionality @ http://localhost:3000/_next/static/chunks/11hm_next_dist_0m6rgog._.js:2441
[    1133ms] [LOG] [DEBUG] Valor de busqueda:  @ http://localhost:3000/_next/static/chunks/11hm_next_dist_0m6rgog._.js:2441
[    1136ms] [LOG] [DEBUG] Array columns procesadas: {count: 0, totalRegistros: 0, columns: Array(0)} @ http://localhost:3000/_next/static/chunks/11hm_next_dist_0m6rgog._.js:2441
[    1137ms] [LOG] 🎨 [ThemeContext] Using hardcoded default theme @ http://localhost:3000/_next/static/chunks/11hm_next_dist_0m6rgog._.js:2441
[    1142ms] [LOG] Service Worker registration skipped in development mode for better debugging experience @ http://localhost:3000/_next/static/chunks/11hm_next_dist_0m6rgog._.js:2441
[    1143ms] [LOG] Run in production mode to test service worker functionality @ http://localhost:3000/_next/static/chunks/11hm_next_dist_0m6rgog._.js:2441
[    1143ms] [LOG] [DEBUG] Valor de busqueda:  @ http://localhost:3000/_next/static/chunks/11hm_next_dist_0m6rgog._.js:2441
[    1145ms] [LOG] [DEBUG] Array columns procesadas: {count: 0, totalRegistros: 0, columns: Array(0)} @ http://localhost:3000/_next/static/chunks/11hm_next_dist_0m6rgog._.js:2441
[    1145ms] [LOG] 🎨 [ThemeContext] Using hardcoded default theme @ http://localhost:3000/_next/static/chunks/11hm_next_dist_0m6rgog._.js:2441
[    1147ms] [LOG] [DEBUG] Effective column order: {baseOrder: Array(14), pinnedColumnId: index, otherColumns: Array(13), hasActions: true, result: Array(15)} @ http://localhost:3000/_next/static/chunks/11hm_next_dist_0m6rgog._.js:2441
[    1147ms] [LOG] [DEBUG] Effective column order: {baseOrder: Array(14), pinnedColumnId: index, otherColumns: Array(13), hasActions: true, result: Array(15)} @ http://localhost:3000/_next/static/chunks/11hm_next_dist_0m6rgog._.js:2441
[    1156ms] [LOG] [DEBUG] Effective column order: {baseOrder: Array(14), pinnedColumnId: index, otherColumns: Array(13), hasActions: true, result: Array(15)} @ http://localhost:3000/_next/static/chunks/11hm_next_dist_0m6rgog._.js:2441
[    1156ms] [LOG] [DEBUG] Effective column order: {baseOrder: Array(14), pinnedColumnId: index, otherColumns: Array(13), hasActions: true, result: Array(15)} @ http://localhost:3000/_next/static/chunks/11hm_next_dist_0m6rgog._.js:2441
[    1258ms] [LOG] [DEBUG] Renderizando celda: {columnId: id, isReference: undefined, value: Object} @ http://localhost:3000/_next/static/chunks/11hm_next_dist_0m6rgog._.js:2441
[    1259ms] [LOG] [DEBUG] Renderizando celda: {columnId: id, isReference: undefined, value: Object} @ http://localhost:3000/_next/static/chunks/11hm_next_dist_0m6rgog._.js:2441
[    1259ms] [LOG] [DEBUG] Renderizando celda: {columnId: nombre, isReference: undefined, value: Object} @ http://localhost:3000/_next/static/chunks/11hm_next_dist_0m6rgog._.js:2441
[    1259ms] [LOG] [DEBUG] Renderizando celda: {columnId: nombre, isReference: undefined, value: Object} @ http://localhost:3000/_next/static/chunks/11hm_next_dist_0m6rgog._.js:2441
[    1259ms] [LOG] [DEBUG] Renderizando celda: {columnId: email, isReference: undefined, value: Object} @ http://localhost:3000/_next/static/chunks/11hm_next_dist_0m6rgog._.js:2441
[    1259ms] [LOG] [DEBUG] Renderizando celda: {columnId: email, isReference: undefined, value: Object} @ http://localhost:3000/_next/static/chunks/11hm_next_dist_0m6rgog._.js:2441
[    1259ms] [LOG] [DEBUG] Renderizando celda: {columnId: telefono, isReference: undefined, value: Object} @ http://localhost:3000/_next/static/chunks/11hm_next_dist_0m6rgog._.js:2441
[    1259ms] [LOG] [DEBUG] Renderizando celda: {columnId: telefono, isReference: undefined, value: Object} @ http://localhost:3000/_next/static/chunks/11hm_next_dist_0m6rgog._.js:2441
[    1259ms] [LOG] [DEBUG] Renderizando celda: {columnId: ciudad, isReference: undefined, value: Object} @ http://localhost:3000/_next/static/chunks/11hm_next_dist_0m6rgog._.js:2441
[    1259ms] [LOG] [DEBUG] Renderizando celda: {columnId: ciudad, isReference: undefined, value: Object} @ http://localhost:3000/_next/static/chunks/11hm_next_dist_0m6rgog._.js:2441
[    1260ms] [LOG] [DEBUG] Renderizando celda: {columnId: rol, isReference: undefined, value: Object} @ http://localhost:3000/_next/static/chunks/11hm_next_dist_0m6rgog._.js:2441
[    1260ms] [LOG] [DEBUG] Renderizando celda: {columnId: rol, isReference: undefined, value: Object} @ http://localhost:3000/_next/static/chunks/11hm_next_dist_0m6rgog._.js:2441
[    1260ms] [LOG] [DEBUG] Renderizando celda: {columnId: estado, isReference: undefined, value: Object} @ http://localhost:3000/_next/static/chunks/11hm_next_dist_0m6rgog._.js:2441
[    1260ms] [LOG] [DEBUG] Renderizando celda: {columnId: estado, isReference: undefined, value: Object} @ http://localhost:3000/_next/static/chunks/11hm_next_dist_0m6rgog._.js:2441
[    1260ms] [LOG] [DEBUG] Renderizando celda: {columnId: fechaRegistro, isReference: undefined, value: Object} @ http://localhost:3000/_next/static/chunks/11hm_next_dist_0m6rgog._.js:2441
[    1260ms] [LOG] [DEBUG] Renderizando celda: {columnId: fechaRegistro, isReference: undefined, value: Object} @ http://localhost:3000/_next/static/chunks/11hm_next_dist_0m6rgog._.js:2441
[    1260ms] [LOG] [DEBUG] Renderizando celda: {columnId: ultimoContacto, isReference: undefined, value: Object} @ http://localhost:3000/_next/static/chunks/11hm_next_dist_0m6rgog._.js:2441
[    1260ms] [LOG] [DEBUG] Renderizando celda: {columnId: ultimoContacto, isReference: undefined, value: Object} @ http://localhost:3000/_next/static/chunks/11hm_next_dist_0m6rgog._.js:2441
[    1260ms] [LOG] [DEBUG] Renderizando celda: {columnId: valorTotal, isReference: undefined, value: Object} @ http://localhost:3000/_next/static/chunks/11hm_next_dist_0m6rgog._.js:2441
[    1261ms] [LOG] [DEBUG] Renderizando celda: {columnId: valorTotal, isReference: undefined, value: Object} @ http://localhost:3000/_next/static/chunks/11hm_next_dist_0m6rgog._.js:2441
[    1261ms] [LOG] [DEBUG] Renderizando celda: {columnId: satisfaccion, isReference: undefined, value: Object} @ http://localhost:3000/_next/static/chunks/11hm_next_dist_0m6rgog._.js:2441
[    1261ms] [LOG] [DEBUG] Renderizando celda: {columnId: satisfaccion, isReference: undefined, value: Object} @ http://localhost:3000/_next/static/chunks/11hm_next_dist_0m6rgog._.js:2441
[    1261ms] [LOG] [DEBUG] Renderizando celda: {columnId: activo, isReference: undefined, value: Object} @ http://localhost:3000/_next/static/chunks/11hm_next_dist_0m6rgog._.js:2441
[    1261ms] [LOG] [DEBUG] Renderizando celda: {columnId: activo, isReference: undefined, value: Object} @ http://localhost:3000/_next/static/chunks/11hm_next_dist_0m6rgog._.js:2441
[    1269ms] [LOG] [DEBUG] Renderizando celda: {columnId: id, isReference: undefined, value: Object} @ http://localhost:3000/_next/static/chunks/11hm_next_dist_0m6rgog._.js:2441
[    1270ms] [LOG] [DEBUG] Renderizando celda: {columnId: id, isReference: undefined, value: Object} @ http://localhost:3000/_next/static/chunks/11hm_next_dist_0m6rgog._.js:2441
[    1270ms] [LOG] [DEBUG] Renderizando celda: {columnId: nombre, isReference: undefined, value: Object} @ http://localhost:3000/_next/static/chunks/11hm_next_dist_0m6rgog._.js:2441
[    1270ms] [LOG] [DEBUG] Renderizando celda: {columnId: nombre, isReference: undefined, value: Object} @ http://localhost:3000/_next/static/chunks/11hm_next_dist_0m6rgog._.js:2441
[    1270ms] [LOG] [DEBUG] Renderizando celda: {columnId: email, isReference: undefined, value: Object} @ http://localhost:3000/_next/static/chunks/11hm_next_dist_0m6rgog._.js:2441
[    1270ms] [LOG] [DEBUG] Renderizando celda: {columnId: email, isReference: undefined, value: Object} @ http://localhost:3000/_next/static/chunks/11hm_next_dist_0m6rgog._.js:2441
[    1270ms] [LOG] [DEBUG] Renderizando celda: {columnId: telefono, isReference: undefined, value: Object} @ http://localhost:3000/_next/static/chunks/11hm_next_dist_0m6rgog._.js:2441
[    1270ms] [LOG] [DEBUG] Renderizando celda: {columnId: telefono, isReference: undefined, value: Object} @ http://localhost:3000/_next/static/chunks/11hm_next_dist_0m6rgog._.js:2441
[    1270ms] [LOG] [DEBUG] Renderizando celda: {columnId: ciudad, isReference: undefined, value: Object} @ http://localhost:3000/_next/static/chunks/11hm_next_dist_0m6rgog._.js:2441
[    1270ms] [LOG] [DEBUG] Renderizando celda: {columnId: ciudad, isReference: undefined, value: Object} @ http://localhost:3000/_next/static/chunks/11hm_next_dist_0m6rgog._.js:2441
[    1271ms] [LOG] [DEBUG] Renderizando celda: {columnId: rol, isReference: undefined, value: Object} @ http://localhost:3000/_next/static/chunks/11hm_next_dist_0m6rgog._.js:2441
[    1271ms] [LOG] [DEBUG] Renderizando celda: {columnId: rol, isReference: undefined, value: Object} @ http://localhost:3000/_next/static/chunks/11hm_next_dist_0m6rgog._.js:2441
[    1271ms] [LOG] [DEBUG] Renderizando celda: {columnId: estado, isReference: undefined, value: Object} @ http://localhost:3000/_next/static/chunks/11hm_next_dist_0m6rgog._.js:2441
[    1271ms] [LOG] [DEBUG] Renderizando celda: {columnId: estado, isReference: undefined, value: Object} @ http://localhost:3000/_next/static/chunks/11hm_next_dist_0m6rgog._.js:2441
[    1271ms] [LOG] [DEBUG] Renderizando celda: {columnId: fechaRegistro, isReference: undefined, value: Object} @ http://localhost:3000/_next/static/chunks/11hm_next_dist_0m6rgog._.js:2441
[    1271ms] [LOG] [DEBUG] Renderizando celda: {columnId: fechaRegistro, isReference: undefined, value: Object} @ http://localhost:3000/_next/static/chunks/11hm_next_dist_0m6rgog._.js:2441
[    1271ms] [LOG] [DEBUG] Renderizando celda: {columnId: ultimoContacto, isReference: undefined, value: Object} @ http://localhost:3000/_next/static/chunks/11hm_next_dist_0m6rgog._.js:2441
[    1271ms] [LOG] [DEBUG] Renderizando celda: {columnId: ultimoContacto, isReference: undefined, value: Object} @ http://localhost:3000/_next/static/chunks/11hm_next_dist_0m6rgog._.js:2441
[    1271ms] [LOG] [DEBUG] Renderizando celda: {columnId: valorTotal, isReference: undefined, value: Object} @ http://localhost:3000/_next/static/chunks/11hm_next_dist_0m6rgog._.js:2441
[    1272ms] [LOG] [DEBUG] Renderizando celda: {columnId: valorTotal, isReference: undefined, value: Object} @ http://localhost:3000/_next/static/chunks/11hm_next_dist_0m6rgog._.js:2441
[    1272ms] [LOG] [DEBUG] Renderizando celda: {columnId: satisfaccion, isReference: undefined, value: Object} @ http://localhost:3000/_next/static/chunks/11hm_next_dist_0m6rgog._.js:2441
[    1272ms] [LOG] [DEBUG] Renderizando celda: {columnId: satisfaccion, isReference: undefined, value: Object} @ http://localhost:3000/_next/static/chunks/11hm_next_dist_0m6rgog._.js:2441
[    1272ms] [LOG] [DEBUG] Renderizando celda: {columnId: activo, isReference: undefined, value: Object} @ http://localhost:3000/_next/static/chunks/11hm_next_dist_0m6rgog._.js:2441
[    1272ms] [LOG] [DEBUG] Renderizando celda: {columnId: activo, isReference: undefined, value: Object} @ http://localhost:3000/_next/static/chunks/11hm_next_dist_0m6rgog._.js:2441
[    1280ms] [LOG] [DEBUG] Renderizando celda: {columnId: id, isReference: undefined, value: Object} @ http://localhost:3000/_next/static/chunks/11hm_next_dist_0m6rgog._.js:2441
[    1280ms] [LOG] [DEBUG] Renderizando celda: {columnId: id, isReference: undefined, value: Object} @ http://localhost:3000/_next/static/chunks/11hm_next_dist_0m6rgog._.js:2441
[    1280ms] [LOG] [DEBUG] Renderizando celda: {columnId: nombre, isReference: undefined, value: Object} @ http://localhost:3000/_next/static/chunks/11hm_next_dist_0m6rgog._.js:2441
[    1280ms] [LOG] [DEBUG] Renderizando celda: {columnId: nombre, isReference: undefined, value: Object} @ http://localhost:3000/_next/static/chunks/11hm_next_dist_0m6rgog._.js:2441
[    1281ms] [LOG] [DEBUG] Renderizando celda: {columnId: email, isReference: undefined, value: Object} @ http://localhost:3000/_next/static/chunks/11hm_next_dist_0m6rgog._.js:2441
[    1281ms] [LOG] [DEBUG] Renderizando celda: {columnId: email, isReference: undefined, value: Object} @ http://localhost:3000/_next/static/chunks/11hm_next_dist_0m6rgog._.js:2441
[    1281ms] [LOG] [DEBUG] Renderizando celda: {columnId: telefono, isReference: undefined, value: Object} @ http://localhost:3000/_next/static/chunks/11hm_next_dist_0m6rgog._.js:2441
[    1281ms] [LOG] [DEBUG] Renderizando celda: {columnId: telefono, isReference: undefined, value: Object} @ http://localhost:3000/_next/static/chunks/11hm_next_dist_0m6rgog._.js:2441
[    1281ms] [LOG] [DEBUG] Renderizando celda: {columnId: ciudad, isReference: undefined, value: Object} @ http://localhost:3000/_next/static/chunks/11hm_next_dist_0m6rgog._.js:2441
[    1281ms] [LOG] [DEBUG] Renderizando celda: {columnId: ciudad, isReference: undefined, value: Object} @ http://localhost:3000/_next/static/chunks/11hm_next_dist_0m6rgog._.js:2441
[    1281ms] [LOG] [DEBUG] Renderizando celda: {columnId: rol, isReference: undefined, value: Object} @ http://localhost:3000/_next/static/chunks/11hm_next_dist_0m6rgog._.js:2441
[    1281ms] [LOG] [DEBUG] Renderizando celda: {columnId: rol, isReference: undefined, value: Object} @ http://localhost:3000/_next/static/chunks/11hm_next_dist_0m6rgog._.js:2441
[    1281ms] [LOG] [DEBUG] Renderizando celda: {columnId: estado, isReference: undefined, value: Object} @ http://localhost:3000/_next/static/chunks/11hm_next_dist_0m6rgog._.js:2441
[    1281ms] [LOG] [DEBUG] Renderizando celda: {columnId: estado, isReference: undefined, value: Object} @ http://localhost:3000/_next/static/chunks/11hm_next_dist_0m6rgog._.js:2441
[    1282ms] [LOG] [DEBUG] Renderizando celda: {columnId: fechaRegistro, isReference: undefined, value: Object} @ http://localhost:3000/_next/static/chunks/11hm_next_dist_0m6rgog._.js:2441
[    1282ms] [LOG] [DEBUG] Renderizando celda: {columnId: fechaRegistro, isReference: undefined, value: Object} @ http://localhost:3000/_next/static/chunks/11hm_next_dist_0m6rgog._.js:2441
[    1282ms] [LOG] [DEBUG] Renderizando celda: {columnId: ultimoContacto, isReference: undefined, value: Object} @ http://localhost:3000/_next/static/chunks/11hm_next_dist_0m6rgog._.js:2441
[    1282ms] [LOG] [DEBUG] Renderizando celda: {columnId: ultimoContacto, isReference: undefined, value: Object} @ http://localhost:3000/_next/static/chunks/11hm_next_dist_0m6rgog._.js:2441
[    1282ms] [LOG] [DEBUG] Renderizando celda: {columnId: valorTotal, isReference: undefined, value: Object} @ http://localhost:3000/_next/static/chunks/11hm_next_dist_0m6rgog._.js:2441
[    1282ms] [LOG] [DEBUG] Renderizando celda: {columnId: valorTotal, isReference: undefined, value: Object} @ http://localhost:3000/_next/static/chunks/11hm_next_dist_0m6rgog._.js:2441
[    1282ms] [LOG] [DEBUG] Renderizando celda: {columnId: satisfaccion, isReference: undefined, value: Object} @ http://localhost:3000/_next/static/chunks/11hm_next_dist_0m6rgog._.js:2441
[    1282ms] [LOG] [DEBUG] Renderizando celda: {columnId: satisfaccion, isReference: undefined, value: Object} @ http://localhost:3000/_next/static/chunks/11hm_next_dist_0m6rgog._.js:2441
[    1282ms] [LOG] [DEBUG] Renderizando celda: {columnId: activo, isReference: undefined, value: Object} @ http://localhost:3000/_next/static/chunks/11hm_next_dist_0m6rgog._.js:2441
[    1283ms] [LOG] [DEBUG] Renderizando celda: {columnId: activo, isReference: undefined, value: Object} @ http://localhost:3000/_next/static/chunks/11hm_next_dist_0m6rgog._.js:2441
[    1291ms] [LOG] [DEBUG] Renderizando celda: {columnId: id, isReference: undefined, value: Object} @ http://localhost:3000/_next/static/chunks/11hm_next_dist_0m6rgog._.js:2441
[    1291ms] [LOG] [DEBUG] Renderizando celda: {columnId: id, isReference: undefined, value: Object} @ http://localhost:3000/_next/static/chunks/11hm_next_dist_0m6rgog._.js:2441
[    1291ms] [LOG] [DEBUG] Renderizando celda: {columnId: nombre, isReference: undefined, value: Object} @ http://localhost:3000/_next/static/chunks/11hm_next_dist_0m6rgog._.js:2441
[    1291ms] [LOG] [DEBUG] Renderizando celda: {columnId: nombre, isReference: undefined, value: Object} @ http://localhost:3000/_next/static/chunks/11hm_next_dist_0m6rgog._.js:2441
[    1291ms] [LOG] [DEBUG] Renderizando celda: {columnId: email, isReference: undefined, value: Object} @ http://localhost:3000/_next/static/chunks/11hm_next_dist_0m6rgog._.js:2441
[    1291ms] [LOG] [DEBUG] Renderizando celda: {columnId: email, isReference: undefined, value: Object} @ http://localhost:3000/_next/static/chunks/11hm_next_dist_0m6rgog._.js:2441
[    1292ms] [LOG] [DEBUG] Renderizando celda: {columnId: telefono, isReference: undefined, value: Object} @ http://localhost:3000/_next/static/chunks/11hm_next_dist_0m6rgog._.js:2441
[    1292ms] [LOG] [DEBUG] Renderizando celda: {columnId: telefono, isReference: undefined, value: Object} @ http://localhost:3000/_next/static/chunks/11hm_next_dist_0m6rgog._.js:2441
[    1292ms] [LOG] [DEBUG] Renderizando celda: {columnId: ciudad, isReference: undefined, value: Object} @ http://localhost:3000/_next/static/chunks/11hm_next_dist_0m6rgog._.js:2441
[    1292ms] [LOG] [DEBUG] Renderizando celda: {columnId: ciudad, isReference: undefined, value: Object} @ http://localhost:3000/_next/static/chunks/11hm_next_dist_0m6rgog._.js:2441
[    1292ms] [LOG] [DEBUG] Renderizando celda: {columnId: rol, isReference: undefined, value: Object} @ http://localhost:3000/_next/static/chunks/11hm_next_dist_0m6rgog._.js:2441
[    1292ms] [LOG] [DEBUG] Renderizando celda: {columnId: rol, isReference: undefined, value: Object} @ http://localhost:3000/_next/static/chunks/11hm_next_dist_0m6rgog._.js:2441
[    1292ms] [LOG] [DEBUG] Renderizando celda: {columnId: estado, isReference: undefined, value: Object} @ http://localhost:3000/_next/static/chunks/11hm_next_dist_0m6rgog._.js:2441
[    1292ms] [LOG] [DEBUG] Renderizando celda: {columnId: estado, isReference: undefined, value: Object} @ http://localhost:3000/_next/static/chunks/11hm_next_dist_0m6rgog._.js:2441
[    1292ms] [LOG] [DEBUG] Renderizando celda: {columnId: fechaRegistro, isReference: undefined, value: Object} @ http://localhost:3000/_next/static/chunks/11hm_next_dist_0m6rgog._.js:2441
[    1293ms] [LOG] [DEBUG] Renderizando celda: {columnId: fechaRegistro, isReference: undefined, value: Object} @ http://localhost:3000/_next/static/chunks/11hm_next_dist_0m6rgog._.js:2441
[    1293ms] [LOG] [DEBUG] Renderizando celda: {columnId: ultimoContacto, isReference: undefined, value: Object} @ http://localhost:3000/_next/static/chunks/11hm_next_dist_0m6rgog._.js:2441
[    1293ms] [LOG] [DEBUG] Renderizando celda: {columnId: ultimoContacto, isReference: undefined, value: Object} @ http://localhost:3000/_next/static/chunks/11hm_next_dist_0m6rgog._.js:2441
[    1293ms] [LOG] [DEBUG] Renderizando celda: {columnId: valorTotal, isReference: undefined, value: Object} @ http://localhost:3000/_next/static/chunks/11hm_next_dist_0m6rgog._.js:2441
[    1293ms] [LOG] [DEBUG] Renderizando celda: {columnId: valorTotal, isReference: undefined, value: Object} @ http://localhost:3000/_next/static/chunks/11hm_next_dist_0m6rgog._.js:2441
[    1293ms] [LOG] [DEBUG] Renderizando celda: {columnId: satisfaccion, isReference: undefined, value: Object} @ http://localhost:3000/_next/static/chunks/11hm_next_dist_0m6rgog._.js:2441
[    1293ms] [LOG] [DEBUG] Renderizando celda: {columnId: satisfaccion, isReference: undefined, value: Object} @ http://localhost:3000/_next/static/chunks/11hm_next_dist_0m6rgog._.js:2441
[    1293ms] [LOG] [DEBUG] Renderizando celda: {columnId: activo, isReference: undefined, value: Object} @ http://localhost:3000/_next/static/chunks/11hm_next_dist_0m6rgog._.js:2441
[    1293ms] [LOG] [DEBUG] Renderizando celda: {columnId: activo, isReference: undefined, value: Object} @ http://localhost:3000/_next/static/chunks/11hm_next_dist_0m6rgog._.js:2441
[    1302ms] [LOG] [DEBUG] Renderizando celda: {columnId: id, isReference: undefined, value: Object} @ http://localhost:3000/_next/static/chunks/11hm_next_dist_0m6rgog._.js:2441
[    1302ms] [LOG] [DEBUG] Renderizando celda: {columnId: id, isReference: undefined, value: Object} @ http://localhost:3000/_next/static/chunks/11hm_next_dist_0m6rgog._.js:2441
[    1302ms] [LOG] [DEBUG] Renderizando celda: {columnId: nombre, isReference: undefined, value: Object} @ http://localhost:3000/_next/static/chunks/11hm_next_dist_0m6rgog._.js:2441
[    1302ms] [LOG] [DEBUG] Renderizando celda: {columnId: nombre, isReference: undefined, value: Object} @ http://localhost:3000/_next/static/chunks/11hm_next_dist_0m6rgog._.js:2441
[    1302ms] [LOG] [DEBUG] Renderizando celda: {columnId: email, isReference: undefined, value: Object} @ http://localhost:3000/_next/static/chunks/11hm_next_dist_0m6rgog._.js:2441
[    1302ms] [LOG] [DEBUG] Renderizando celda: {columnId: email, isReference: undefined, value: Object} @ http://localhost:3000/_next/static/chunks/11hm_next_dist_0m6rgog._.js:2441
[    1303ms] [LOG] [DEBUG] Renderizando celda: {columnId: telefono, isReference: undefined, value: Object} @ http://localhost:3000/_next/static/chunks/11hm_next_dist_0m6rgog._.js:2441
[    1303ms] [LOG] [DEBUG] Renderizando celda: {columnId: telefono, isReference: undefined, value: Object} @ http://localhost:3000/_next/static/chunks/11hm_next_dist_0m6rgog._.js:2441
[    1303ms] [LOG] [DEBUG] Renderizando celda: {columnId: ciudad, isReference: undefined, value: Object} @ http://localhost:3000/_next/static/chunks/11hm_next_dist_0m6rgog._.js:2441
[    1303ms] [LOG] [DEBUG] Renderizando celda: {columnId: ciudad, isReference: undefined, value: Object} @ http://localhost:3000/_next/static/chunks/11hm_next_dist_0m6rgog._.js:2441
[    1303ms] [LOG] [DEBUG] Renderizando celda: {columnId: rol, isReference: undefined, value: Object} @ http://localhost:3000/_next/static/chunks/11hm_next_dist_0m6rgog._.js:2441
[    1303ms] [LOG] [DEBUG] Renderizando celda: {columnId: rol, isReference: undefined, value: Object} @ http://localhost:3000/_next/static/chunks/11hm_next_dist_0m6rgog._.js:2441
[    1303ms] [LOG] [DEBUG] Renderizando celda: {columnId: estado, isReference: undefined, value: Object} @ http://localhost:3000/_next/static/chunks/11hm_next_dist_0m6rgog._.js:2441
[    1303ms] [LOG] [DEBUG] Renderizando celda: {columnId: estado, isReference: undefined, value: Object} @ http://localhost:3000/_next/static/chunks/11hm_next_dist_0m6rgog._.js:2441
[    1303ms] [LOG] [DEBUG] Renderizando celda: {columnId: fechaRegistro, isReference: undefined, value: Object} @ http://localhost:3000/_next/static/chunks/11hm_next_dist_0m6rgog._.js:2441
[    1304ms] [LOG] [DEBUG] Renderizando celda: {columnId: fechaRegistro, isReference: undefined, value: Object} @ http://localhost:3000/_next/static/chunks/11hm_next_dist_0m6rgog._.js:2441
[    1304ms] [LOG] [DEBUG] Renderizando celda: {columnId: ultimoContacto, isReference: undefined, value: Object} @ http://localhost:3000/_next/static/chunks/11hm_next_dist_0m6rgog._.js:2441
[    1304ms] [LOG] [DEBUG] Renderizando celda: {columnId: ultimoContacto, isReference: undefined, value: Object} @ http://localhost:3000/_next/static/chunks/11hm_next_dist_0m6rgog._.js:2441
[    1304ms] [LOG] [DEBUG] Renderizando celda: {columnId: valorTotal, isReference: undefined, value: Object} @ http://localhost:3000/_next/static/chunks/11hm_next_dist_0m6rgog._.js:2441
[    1304ms] [LOG] [DEBUG] Renderizando celda: {columnId: valorTotal, isReference: undefined, value: Object} @ http://localhost:3000/_next/static/chunks/11hm_next_dist_0m6rgog._.js:2441
[    1304ms] [LOG] [DEBUG] Renderizando celda: {columnId: satisfaccion, isReference: undefined, value: Object} @ http://localhost:3000/_next/static/chunks/11hm_next_dist_0m6rgog._.js:2441
[    1304ms] [LOG] [DEBUG] Renderizando celda: {columnId: satisfaccion, isReference: undefined, value: Object} @ http://localhost:3000/_next/static/chunks/11hm_next_dist_0m6rgog._.js:2441
[    1304ms] [LOG] [DEBUG] Renderizando celda: {columnId: activo, isReference: undefined, value: Object} @ http://localhost:3000/_next/static/chunks/11hm_next_dist_0m6rgog._.js:2441
[    1304ms] [LOG] [DEBUG] Renderizando celda: {columnId: activo, isReference: undefined, value: Object} @ http://localhost:3000/_next/static/chunks/11hm_next_dist_0m6rgog._.js:2441
[    1318ms] [LOG] [DEBUG] Renderizando celda: {columnId: id, isReference: undefined, value: Object} @ http://localhost:3000/_next/static/chunks/11hm_next_dist_0m6rgog._.js:2441
[    1318ms] [LOG] [DEBUG] Renderizando celda: {columnId: id, isReference: undefined, value: Object} @ http://localhost:3000/_next/static/chunks/11hm_next_dist_0m6rgog._.js:2441
[    1318ms] [LOG] [DEBUG] Renderizando celda: {columnId: nombre, isReference: undefined, value: Object} @ http://localhost:3000/_next/static/chunks/11hm_next_dist_0m6rgog._.js:2441
[    1318ms] [LOG] [DEBUG] Renderizando celda: {columnId: nombre, isReference: undefined, value: Object} @ http://localhost:3000/_next/static/chunks/11hm_next_dist_0m6rgog._.js:2441
[    1318ms] [LOG] [DEBUG] Renderizando celda: {columnId: email, isReference: undefined, value: Object} @ http://localhost:3000/_next/static/chunks/11hm_next_dist_0m6rgog._.js:2441
[    1319ms] [LOG] [DEBUG] Renderizando celda: {columnId: email, isReference: undefined, value: Object} @ http://localhost:3000/_next/static/chunks/11hm_next_dist_0m6rgog._.js:2441
[    1319ms] [LOG] [DEBUG] Renderizando celda: {columnId: telefono, isReference: undefined, value: Object} @ http://localhost:3000/_next/static/chunks/11hm_next_dist_0m6rgog._.js:2441
[    1319ms] [LOG] [DEBUG] Renderizando celda: {columnId: telefono, isReference: undefined, value: Object} @ http://localhost:3000/_next/static/chunks/11hm_next_dist_0m6rgog._.js:2441
[    1319ms] [LOG] [DEBUG] Renderizando celda: {columnId: ciudad, isReference: undefined, value: Object} @ http://localhost:3000/_next/static/chunks/11hm_next_dist_0m6rgog._.js:2441
[    1319ms] [LOG] [DEBUG] Renderizando celda: {columnId: ciudad, isReference: undefined, value: Object} @ http://localhost:3000/_next/static/chunks/11hm_next_dist_0m6rgog._.js:2441
[    1319ms] [LOG] [DEBUG] Renderizando celda: {columnId: rol, isReference: undefined, value: Object} @ http://localhost:3000/_next/static/chunks/11hm_next_dist_0m6rgog._.js:2441
[    1319ms] [LOG] [DEBUG] Renderizando celda: {columnId: rol, isReference: undefined, value: Object} @ http://localhost:3000/_next/static/chunks/11hm_next_dist_0m6rgog._.js:2441
[    1319ms] [LOG] [DEBUG] Renderizando celda: {columnId: estado, isReference: undefined, value: Object} @ http://localhost:3000/_next/static/chunks/11hm_next_dist_0m6rgog._.js:2441
[    1319ms] [LOG] [DEBUG] Renderizando celda: {columnId: estado, isReference: undefined, value: Object} @ http://localhost:3000/_next/static/chunks/11hm_next_dist_0m6rgog._.js:2441
[    1320ms] [LOG] [DEBUG] Renderizando celda: {columnId: fechaRegistro, isReference: undefined, value: Object} @ http://localhost:3000/_next/static/chunks/11hm_next_dist_0m6rgog._.js:2441
[    1320ms] [LOG] [DEBUG] Renderizando celda: {columnId: fechaRegistro, isReference: undefined, value: Object} @ http://localhost:3000/_next/static/chunks/11hm_next_dist_0m6rgog._.js:2441
[    1320ms] [LOG] [DEBUG] Renderizando celda: {columnId: ultimoContacto, isReference: undefined, value: Object} @ http://localhost:3000/_next/static/chunks/11hm_next_dist_0m6rgog._.js:2441
[    1320ms] [LOG] [DEBUG] Renderizando celda: {columnId: ultimoContacto, isReference: undefined, value: Object} @ http://localhost:3000/_next/static/chunks/11hm_next_dist_0m6rgog._.js:2441
[    1320ms] [LOG] [DEBUG] Renderizando celda: {columnId: valorTotal, isReference: undefined, value: Object} @ http://localhost:3000/_next/static/chunks/11hm_next_dist_0m6rgog._.js:2441
[    1320ms] [LOG] [DEBUG] Renderizando celda: {columnId: valorTotal, isReference: undefined, value: Object} @ http://localhost:3000/_next/static/chunks/11hm_next_dist_0m6rgog._.js:2441
[    1320ms] [LOG] [DEBUG] Renderizando celda: {columnId: satisfaccion, isReference: undefined, value: Object} @ http://localhost:3000/_next/static/chunks/11hm_next_dist_0m6rgog._.js:2441
[    1320ms] [LOG] [DEBUG] Renderizando celda: {columnId: satisfaccion, isReference: undefined, value: Object} @ http://localhost:3000/_next/static/chunks/11hm_next_dist_0m6rgog._.js:2441
[    1320ms] [LOG] [DEBUG] Renderizando celda: {columnId: activo, isReference: undefined, value: Object} @ http://localhost:3000/_next/static/chunks/11hm_next_dist_0m6rgog._.js:2441
[    1320ms] [LOG] [DEBUG] Renderizando celda: {columnId: activo, isReference: undefined, value: Object} @ http://localhost:3000/_next/static/chunks/11hm_next_dist_0m6rgog._.js:2441
[    1329ms] [LOG] [DEBUG] Renderizando celda: {columnId: id, isReference: undefined, value: Object} @ http://localhost:3000/_next/static/chunks/11hm_next_dist_0m6rgog._.js:2441
[    1329ms] [LOG] [DEBUG] Renderizando celda: {columnId: id, isReference: undefined, value: Object} @ http://localhost:3000/_next/static/chunks/11hm_next_dist_0m6rgog._.js:2441
[    1329ms] [LOG] [DEBUG] Renderizando celda: {columnId: nombre, isReference: undefined, value: Object} @ http://localhost:3000/_next/static/chunks/11hm_next_dist_0m6rgog._.js:2441
[    1329ms] [LOG] [DEBUG] Renderizando celda: {columnId: nombre, isReference: undefined, value: Object} @ http://localhost:3000/_next/static/chunks/11hm_next_dist_0m6rgog._.js:2441
[    1329ms] [LOG] [DEBUG] Renderizando celda: {columnId: email, isReference: undefined, value: Object} @ http://localhost:3000/_next/static/chunks/11hm_next_dist_0m6rgog._.js:2441
[    1329ms] [LOG] [DEBUG] Renderizando celda: {columnId: email, isReference: undefined, value: Object} @ http://localhost:3000/_next/static/chunks/11hm_next_dist_0m6rgog._.js:2441
[    1329ms] [LOG] [DEBUG] Renderizando celda: {columnId: telefono, isReference: undefined, value: Object} @ http://localhost:3000/_next/static/chunks/11hm_next_dist_0m6rgog._.js:2441
[    1330ms] [LOG] [DEBUG] Renderizando celda: {columnId: telefono, isReference: undefined, value: Object} @ http://localhost:3000/_next/static/chunks/11hm_next_dist_0m6rgog._.js:2441
[    1330ms] [LOG] [DEBUG] Renderizando celda: {columnId: ciudad, isReference: undefined, value: Object} @ http://localhost:3000/_next/static/chunks/11hm_next_dist_0m6rgog._.js:2441
[    1330ms] [LOG] [DEBUG] Renderizando celda: {columnId: ciudad, isReference: undefined, value: Object} @ http://localhost:3000/_next/static/chunks/11hm_next_dist_0m6rgog._.js:2441
[    1330ms] [LOG] [DEBUG] Renderizando celda: {columnId: rol, isReference: undefined, value: Object} @ http://localhost:3000/_next/static/chunks/11hm_next_dist_0m6rgog._.js:2441
[    1330ms] [LOG] [DEBUG] Renderizando celda: {columnId: rol, isReference: undefined, value: Object} @ http://localhost:3000/_next/static/chunks/11hm_next_dist_0m6rgog._.js:2441
[    1331ms] [LOG] [DEBUG] Renderizando celda: {columnId: estado, isReference: undefined, value: Object} @ http://localhost:3000/_next/static/chunks/11hm_next_dist_0m6rgog._.js:2441
[    1331ms] [LOG] [DEBUG] Renderizando celda: {columnId: estado, isReference: undefined, value: Object} @ http://localhost:3000/_next/static/chunks/11hm_next_dist_0m6rgog._.js:2441
[    1331ms] [LOG] [DEBUG] Renderizando celda: {columnId: fechaRegistro, isReference: undefined, value: Object} @ http://localhost:3000/_next/static/chunks/11hm_next_dist_0m6rgog._.js:2441
[    1331ms] [LOG] [DEBUG] Renderizando celda: {columnId: fechaRegistro, isReference: undefined, value: Object} @ http://localhost:3000/_next/static/chunks/11hm_next_dist_0m6rgog._.js:2441
[    1331ms] [LOG] [DEBUG] Renderizando celda: {columnId: ultimoContacto, isReference: undefined, value: Object} @ http://localhost:3000/_next/static/chunks/11hm_next_dist_0m6rgog._.js:2441
[    1331ms] [LOG] [DEBUG] Renderizando celda: {columnId: ultimoContacto, isReference: undefined, value: Object} @ http://localhost:3000/_next/static/chunks/11hm_next_dist_0m6rgog._.js:2441
[    1331ms] [LOG] [DEBUG] Renderizando celda: {columnId: valorTotal, isReference: undefined, value: Object} @ http://localhost:3000/_next/static/chunks/11hm_next_dist_0m6rgog._.js:2441
[    1331ms] [LOG] [DEBUG] Renderizando celda: {columnId: valorTotal, isReference: undefined, value: Object} @ http://localhost:3000/_next/static/chunks/11hm_next_dist_0m6rgog._.js:2441
[    1331ms] [LOG] [DEBUG] Renderizando celda: {columnId: satisfaccion, isReference: undefined, value: Object} @ http://localhost:3000/_next/static/chunks/11hm_next_dist_0m6rgog._.js:2441
[    1332ms] [LOG] [DEBUG] Renderizando celda: {columnId: satisfaccion, isReference: undefined, value: Object} @ http://localhost:3000/_next/static/chunks/11hm_next_dist_0m6rgog._.js:2441
[    1332ms] [LOG] [DEBUG] Renderizando celda: {columnId: activo, isReference: undefined, value: Object} @ http://localhost:3000/_next/static/chunks/11hm_next_dist_0m6rgog._.js:2441
[    1332ms] [LOG] [DEBUG] Renderizando celda: {columnId: activo, isReference: undefined, value: Object} @ http://localhost:3000/_next/static/chunks/11hm_next_dist_0m6rgog._.js:2441
[    1340ms] [LOG] [DEBUG] Renderizando celda: {columnId: id, isReference: undefined, value: Object} @ http://localhost:3000/_next/static/chunks/11hm_next_dist_0m6rgog._.js:2441
[    1340ms] [LOG] [DEBUG] Renderizando celda: {columnId: id, isReference: undefined, value: Object} @ http://localhost:3000/_next/static/chunks/11hm_next_dist_0m6rgog._.js:2441
[    1340ms] [LOG] [DEBUG] Renderizando celda: {columnId: nombre, isReference: undefined, value: Object} @ http://localhost:3000/_next/static/chunks/11hm_next_dist_0m6rgog._.js:2441
[    1340ms] [LOG] [DEBUG] Renderizando celda: {columnId: nombre, isReference: undefined, value: Object} @ http://localhost:3000/_next/static/chunks/11hm_next_dist_0m6rgog._.js:2441
[    1340ms] [LOG] [DEBUG] Renderizando celda: {columnId: email, isReference: undefined, value: Object} @ http://localhost:3000/_next/static/chunks/11hm_next_dist_0m6rgog._.js:2441
[    1340ms] [LOG] [DEBUG] Renderizando celda: {columnId: email, isReference: undefined, value: Object} @ http://localhost:3000/_next/static/chunks/11hm_next_dist_0m6rgog._.js:2441
[    1341ms] [LOG] [DEBUG] Renderizando celda: {columnId: telefono, isReference: undefined, value: Object} @ http://localhost:3000/_next/static/chunks/11hm_next_dist_0m6rgog._.js:2441
[    1341ms] [LOG] [DEBUG] Renderizando celda: {columnId: telefono, isReference: undefined, value: Object} @ http://localhost:3000/_next/static/chunks/11hm_next_dist_0m6rgog._.js:2441
[    1341ms] [LOG] [DEBUG] Renderizando celda: {columnId: ciudad, isReference: undefined, value: Object} @ http://localhost:3000/_next/static/chunks/11hm_next_dist_0m6rgog._.js:2441
[    1341ms] [LOG] [DEBUG] Renderizando celda: {columnId: ciudad, isReference: undefined, value: Object} @ http://localhost:3000/_next/static/chunks/11hm_next_dist_0m6rgog._.js:2441
[    1341ms] [LOG] [DEBUG] Renderizando celda: {columnId: rol, isReference: undefined, value: Object} @ http://localhost:3000/_next/static/chunks/11hm_next_dist_0m6rgog._.js:2441
[    1341ms] [LOG] [DEBUG] Renderizando celda: {columnId: rol, isReference: undefined, value: Object} @ http://localhost:3000/_next/static/chunks/11hm_next_dist_0m6rgog._.js:2441
[    1341ms] [LOG] [DEBUG] Renderizando celda: {columnId: estado, isReference: undefined, value: Object} @ http://localhost:3000/_next/static/chunks/11hm_next_dist_0m6rgog._.js:2441
[    1341ms] [LOG] [DEBUG] Renderizando celda: {columnId: estado, isReference: undefined, value: Object} @ http://localhost:3000/_next/static/chunks/11hm_next_dist_0m6rgog._.js:2441
[    1341ms] [LOG] [DEBUG] Renderizando celda: {columnId: fechaRegistro, isReference: undefined, value: Object} @ http://localhost:3000/_next/static/chunks/11hm_next_dist_0m6rgog._.js:2441
[    1342ms] [LOG] [DEBUG] Renderizando celda: {columnId: fechaRegistro, isReference: undefined, value: Object} @ http://localhost:3000/_next/static/chunks/11hm_next_dist_0m6rgog._.js:2441
[    1342ms] [LOG] [DEBUG] Renderizando celda: {columnId: ultimoContacto, isReference: undefined, value: Object} @ http://localhost:3000/_next/static/chunks/11hm_next_dist_0m6rgog._.js:2441
[    1342ms] [LOG] [DEBUG] Renderizando celda: {columnId: ultimoContacto, isReference: undefined, value: Object} @ http://localhost:3000/_next/static/chunks/11hm_next_dist_0m6rgog._.js:2441
[    1342ms] [LOG] [DEBUG] Renderizando celda: {columnId: valorTotal, isReference: undefined, value: Object} @ http://localhost:3000/_next/static/chunks/11hm_next_dist_0m6rgog._.js:2441
[    1342ms] [LOG] [DEBUG] Renderizando celda: {columnId: valorTotal, isReference: undefined, value: Object} @ http://localhost:3000/_next/static/chunks/11hm_next_dist_0m6rgog._.js:2441
[    1342ms] [LOG] [DEBUG] Renderizando celda: {columnId: satisfaccion, isReference: undefined, value: Object} @ http://localhost:3000/_next/static/chunks/11hm_next_dist_0m6rgog._.js:2441
[    1342ms] [LOG] [DEBUG] Renderizando celda: {columnId: satisfaccion, isReference: undefined, value: Object} @ http://localhost:3000/_next/static/chunks/11hm_next_dist_0m6rgog._.js:2441
[    1342ms] [LOG] [DEBUG] Renderizando celda: {columnId: activo, isReference: undefined, value: Object} @ http://localhost:3000/_next/static/chunks/11hm_next_dist_0m6rgog._.js:2441
[    1343ms] [LOG] [DEBUG] Renderizando celda: {columnId: activo, isReference: undefined, value: Object} @ http://localhost:3000/_next/static/chunks/11hm_next_dist_0m6rgog._.js:2441
[    1351ms] [LOG] [DEBUG] Renderizando celda: {columnId: id, isReference: undefined, value: Object} @ http://localhost:3000/_next/static/chunks/11hm_next_dist_0m6rgog._.js:2441
[    1351ms] [LOG] [DEBUG] Renderizando celda: {columnId: id, isReference: undefined, value: Object} @ http://localhost:3000/_next/static/chunks/11hm_next_dist_0m6rgog._.js:2441
[    1351ms] [LOG] [DEBUG] Renderizando celda: {columnId: nombre, isReference: undefined, value: Object} @ http://localhost:3000/_next/static/chunks/11hm_next_dist_0m6rgog._.js:2441
[    1351ms] [LOG] [DEBUG] Renderizando celda: {columnId: nombre, isReference: undefined, value: Object} @ http://localhost:3000/_next/static/chunks/11hm_next_dist_0m6rgog._.js:2441
[    1351ms] [LOG] [DEBUG] Renderizando celda: {columnId: email, isReference: undefined, value: Object} @ http://localhost:3000/_next/static/chunks/11hm_next_dist_0m6rgog._.js:2441
[    1351ms] [LOG] [DEBUG] Renderizando celda: {columnId: email, isReference: undefined, value: Object} @ http://localhost:3000/_next/static/chunks/11hm_next_dist_0m6rgog._.js:2441
[    1352ms] [LOG] [DEBUG] Renderizando celda: {columnId: telefono, isReference: undefined, value: Object} @ http://localhost:3000/_next/static/chunks/11hm_next_dist_0m6rgog._.js:2441
[    1352ms] [LOG] [DEBUG] Renderizando celda: {columnId: telefono, isReference: undefined, value: Object} @ http://localhost:3000/_next/static/chunks/11hm_next_dist_0m6rgog._.js:2441
[    1352ms] [LOG] [DEBUG] Renderizando celda: {columnId: ciudad, isReference: undefined, value: Object} @ http://localhost:3000/_next/static/chunks/11hm_next_dist_0m6rgog._.js:2441
[    1352ms] [LOG] [DEBUG] Renderizando celda: {columnId: ciudad, isReference: undefined, value: Object} @ http://localhost:3000/_next/static/chunks/11hm_next_dist_0m6rgog._.js:2441
[    1352ms] [LOG] [DEBUG] Renderizando celda: {columnId: rol, isReference: undefined, value: Object} @ http://localhost:3000/_next/static/chunks/11hm_next_dist_0m6rgog._.js:2441
[    1352ms] [LOG] [DEBUG] Renderizando celda: {columnId: rol, isReference: undefined, value: Object} @ http://localhost:3000/_next/static/chunks/11hm_next_dist_0m6rgog._.js:2441
[    1352ms] [LOG] [DEBUG] Renderizando celda: {columnId: estado, isReference: undefined, value: Object} @ http://localhost:3000/_next/static/chunks/11hm_next_dist_0m6rgog._.js:2441
[    1352ms] [LOG] [DEBUG] Renderizando celda: {columnId: estado, isReference: undefined, value: Object} @ http://localhost:3000/_next/static/chunks/11hm_next_dist_0m6rgog._.js:2441
[    1352ms] [LOG] [DEBUG] Renderizando celda: {columnId: fechaRegistro, isReference: undefined, value: Object} @ http://localhost:3000/_next/static/chunks/11hm_next_dist_0m6rgog._.js:2441
[    1353ms] [LOG] [DEBUG] Renderizando celda: {columnId: fechaRegistro, isReference: undefined, value: Object} @ http://localhost:3000/_next/static/chunks/11hm_next_dist_0m6rgog._.js:2441
[    1353ms] [LOG] [DEBUG] Renderizando celda: {columnId: ultimoContacto, isReference: undefined, value: Object} @ http://localhost:3000/_next/static/chunks/11hm_next_dist_0m6rgog._.js:2441
[    1353ms] [LOG] [DEBUG] Renderizando celda: {columnId: ultimoContacto, isReference: undefined, value: Object} @ http://localhost:3000/_next/static/chunks/11hm_next_dist_0m6rgog._.js:2441
[    1353ms] [LOG] [DEBUG] Renderizando celda: {columnId: valorTotal, isReference: undefined, value: Object} @ http://localhost:3000/_next/static/chunks/11hm_next_dist_0m6rgog._.js:2441
[    1353ms] [LOG] [DEBUG] Renderizando celda: {columnId: valorTotal, isReference: undefined, value: Object} @ http://localhost:3000/_next/static/chunks/11hm_next_dist_0m6rgog._.js:2441
[    1353ms] [LOG] [DEBUG] Renderizando celda: {columnId: satisfaccion, isReference: undefined, value: Object} @ http://localhost:3000/_next/static/chunks/11hm_next_dist_0m6rgog._.js:2441
[    1353ms] [LOG] [DEBUG] Renderizando celda: {columnId: satisfaccion, isReference: undefined, value: Object} @ http://localhost:3000/_next/static/chunks/11hm_next_dist_0m6rgog._.js:2441
[    1353ms] [LOG] [DEBUG] Renderizando celda: {columnId: activo, isReference: undefined, value: Object} @ http://localhost:3000/_next/static/chunks/11hm_next_dist_0m6rgog._.js:2441
[    1353ms] [LOG] [DEBUG] Renderizando celda: {columnId: activo, isReference: undefined, value: Object} @ http://localhost:3000/_next/static/chunks/11hm_next_dist_0m6rgog._.js:2441
[    1359ms] [LOG] [DEBUG] Renderizando celda: {columnId: id, isReference: undefined, value: Object} @ http://localhost:3000/_next/static/chunks/11hm_next_dist_0m6rgog._.js:2441
[    1360ms] [LOG] [DEBUG] Renderizando celda: {columnId: id, isReference: undefined, value: Object} @ http://localhost:3000/_next/static/chunks/11hm_next_dist_0m6rgog._.js:2441
[    1360ms] [LOG] [DEBUG] Renderizando celda: {columnId: nombre, isReference: undefined, value: Object} @ http://localhost:3000/_next/static/chunks/11hm_next_dist_0m6rgog._.js:2441
[    1360ms] [LOG] [DEBUG] Renderizando celda: {columnId: nombre, isReference: undefined, value: Object} @ http://localhost:3000/_next/static/chunks/11hm_next_dist_0m6rgog._.js:2441
[    1360ms] [LOG] [DEBUG] Renderizando celda: {columnId: email, isReference: undefined, value: Object} @ http://localhost:3000/_next/static/chunks/11hm_next_dist_0m6rgog._.js:2441
[    1360ms] [LOG] [DEBUG] Renderizando celda: {columnId: email, isReference: undefined, value: Object} @ http://localhost:3000/_next/static/chunks/11hm_next_dist_0m6rgog._.js:2441
[    1360ms] [LOG] [DEBUG] Renderizando celda: {columnId: telefono, isReference: undefined, value: Object} @ http://localhost:3000/_next/static/chunks/11hm_next_dist_0m6rgog._.js:2441
[    1360ms] [LOG] [DEBUG] Renderizando celda: {columnId: telefono, isReference: undefined, value: Object} @ http://localhost:3000/_next/static/chunks/11hm_next_dist_0m6rgog._.js:2441
[    1360ms] [LOG] [DEBUG] Renderizando celda: {columnId: ciudad, isReference: undefined, value: Object} @ http://localhost:3000/_next/static/chunks/11hm_next_dist_0m6rgog._.js:2441
[    1360ms] [LOG] [DEBUG] Renderizando celda: {columnId: ciudad, isReference: undefined, value: Object} @ http://localhost:3000/_next/static/chunks/11hm_next_dist_0m6rgog._.js:2441
[    1360ms] [LOG] [DEBUG] Renderizando celda: {columnId: rol, isReference: undefined, value: Object} @ http://localhost:3000/_next/static/chunks/11hm_next_dist_0m6rgog._.js:2441
[    1360ms] [LOG] [DEBUG] Renderizando celda: {columnId: rol, isReference: undefined, value: Object} @ http://localhost:3000/_next/static/chunks/11hm_next_dist_0m6rgog._.js:2441
[    1361ms] [LOG] [DEBUG] Renderizando celda: {columnId: estado, isReference: undefined, value: Object} @ http://localhost:3000/_next/static/chunks/11hm_next_dist_0m6rgog._.js:2441
[    1361ms] [LOG] [DEBUG] Renderizando celda: {columnId: estado, isReference: undefined, value: Object} @ http://localhost:3000/_next/static/chunks/11hm_next_dist_0m6rgog._.js:2441
[    1361ms] [LOG] [DEBUG] Renderizando celda: {columnId: fechaRegistro, isReference: undefined, value: Object} @ http://localhost:3000/_next/static/chunks/11hm_next_dist_0m6rgog._.js:2441
[    1362ms] [LOG] [DEBUG] Renderizando celda: {columnId: fechaRegistro, isReference: undefined, value: Object} @ http://localhost:3000/_next/static/chunks/11hm_next_dist_0m6rgog._.js:2441
[    1362ms] [LOG] [DEBUG] Renderizando celda: {columnId: ultimoContacto, isReference: undefined, value: Object} @ http://localhost:3000/_next/static/chunks/11hm_next_dist_0m6rgog._.js:2441
[    1362ms] [LOG] [DEBUG] Renderizando celda: {columnId: ultimoContacto, isReference: undefined, value: Object} @ http://localhost:3000/_next/static/chunks/11hm_next_dist_0m6rgog._.js:2441
[    1363ms] [LOG] [DEBUG] Renderizando celda: {columnId: valorTotal, isReference: undefined, value: Object} @ http://localhost:3000/_next/static/chunks/11hm_next_dist_0m6rgog._.js:2441
[    1363ms] [LOG] [DEBUG] Renderizando celda: {columnId: valorTotal, isReference: undefined, value: Object} @ http://localhost:3000/_next/static/chunks/11hm_next_dist_0m6rgog._.js:2441
[    1363ms] [LOG] [DEBUG] Renderizando celda: {columnId: satisfaccion, isReference: undefined, value: Object} @ http://localhost:3000/_next/static/chunks/11hm_next_dist_0m6rgog._.js:2441
[    1363ms] [LOG] [DEBUG] Renderizando celda: {columnId: satisfaccion, isReference: undefined, value: Object} @ http://localhost:3000/_next/static/chunks/11hm_next_dist_0m6rgog._.js:2441
[    1363ms] [LOG] [DEBUG] Renderizando celda: {columnId: activo, isReference: undefined, value: Object} @ http://localhost:3000/_next/static/chunks/11hm_next_dist_0m6rgog._.js:2441
[    1363ms] [LOG] [DEBUG] Renderizando celda: {columnId: activo, isReference: undefined, value: Object} @ http://localhost:3000/_next/static/chunks/11hm_next_dist_0m6rgog._.js:2441
[    1365ms] [LOG] [DEBUG] Renderizando SecondaryTables: {level: 0, parentId: undefined, isLoading: false, arrayColumnsCount: 0, arrayColumns: Array(0)} @ http://localhost:3000/_next/static/chunks/11hm_next_dist_0m6rgog._.js:2441
[    1365ms] [LOG] [DEBUG] Renderizando SecondaryTables: {level: 0, parentId: undefined, isLoading: false, arrayColumnsCount: 0, arrayColumns: Array(0)} @ http://localhost:3000/_next/static/chunks/11hm_next_dist_0m6rgog._.js:2441
[    1379ms] [LOG] [DEBUG] Effective column order: {baseOrder: Array(14), pinnedColumnId: index, otherColumns: Array(13), hasActions: true, result: Array(15)} @ http://localhost:3000/_next/static/chunks/11hm_next_dist_0m6rgog._.js:2441
[    1379ms] [LOG] [DEBUG] Effective column order: {baseOrder: Array(14), pinnedColumnId: index, otherColumns: Array(13), hasActions: true, result: Array(15)} @ http://localhost:3000/_next/static/chunks/11hm_next_dist_0m6rgog._.js:2441
[    1380ms] [LOG] [DEBUG] Effective column order: {baseOrder: Array(14), pinnedColumnId: index, otherColumns: Array(13), hasActions: true, result: Array(15)} @ http://localhost:3000/_next/static/chunks/11hm_next_dist_0m6rgog._.js:2441
[    1380ms] [LOG] [DEBUG] Effective column order: {baseOrder: Array(14), pinnedColumnId: index, otherColumns: Array(13), hasActions: true, result: Array(15)} @ http://localhost:3000/_next/static/chunks/11hm_next_dist_0m6rgog._.js:2441
[    1387ms] [LOG] [DEBUG] Renderizando celda: {columnId: id, isReference: undefined, value: Object} @ http://localhost:3000/_next/static/chunks/11hm_next_dist_0m6rgog._.js:2441
[    1387ms] [LOG] [DEBUG] Renderizando celda: {columnId: id, isReference: undefined, value: Object} @ http://localhost:3000/_next/static/chunks/11hm_next_dist_0m6rgog._.js:2441
[    1387ms] [LOG] [DEBUG] Renderizando celda: {columnId: nombre, isReference: undefined, value: Object} @ http://localhost:3000/_next/static/chunks/11hm_next_dist_0m6rgog._.js:2441
[    1388ms] [LOG] [DEBUG] Renderizando celda: {columnId: nombre, isReference: undefined, value: Object} @ http://localhost:3000/_next/static/chunks/11hm_next_dist_0m6rgog._.js:2441
[    1388ms] [LOG] [DEBUG] Renderizando celda: {columnId: email, isReference: undefined, value: Object} @ http://localhost:3000/_next/static/chunks/11hm_next_dist_0m6rgog._.js:2441
[    1388ms] [LOG] [DEBUG] Renderizando celda: {columnId: email, isReference: undefined, value: Object} @ http://localhost:3000/_next/static/chunks/11hm_next_dist_0m6rgog._.js:2441
[    1388ms] [LOG] [DEBUG] Renderizando celda: {columnId: telefono, isReference: undefined, value: Object} @ http://localhost:3000/_next/static/chunks/11hm_next_dist_0m6rgog._.js:2441
[    1388ms] [LOG] [DEBUG] Renderizando celda: {columnId: telefono, isReference: undefined, value: Object} @ http://localhost:3000/_next/static/chunks/11hm_next_dist_0m6rgog._.js:2441
[    1388ms] [LOG] [DEBUG] Renderizando celda: {columnId: ciudad, isReference: undefined, value: Object} @ http://localhost:3000/_next/static/chunks/11hm_next_dist_0m6rgog._.js:2441
[    1388ms] [LOG] [DEBUG] Renderizando celda: {columnId: ciudad, isReference: undefined, value: Object} @ http://localhost:3000/_next/static/chunks/11hm_next_dist_0m6rgog._.js:2441
[    1388ms] [LOG] [DEBUG] Renderizando celda: {columnId: rol, isReference: undefined, value: Object} @ http://localhost:3000/_next/static/chunks/11hm_next_dist_0m6rgog._.js:2441
[    1388ms] [LOG] [DEBUG] Renderizando celda: {columnId: rol, isReference: undefined, value: Object} @ http://localhost:3000/_next/static/chunks/11hm_next_dist_0m6rgog._.js:2441
[    1388ms] [LOG] [DEBUG] Renderizando celda: {columnId: estado, isReference: undefined, value: Object} @ http://localhost:3000/_next/static/chunks/11hm_next_dist_0m6rgog._.js:2441
[    1388ms] [LOG] [DEBUG] Renderizando celda: {columnId: estado, isReference: undefined, value: Object} @ http://localhost:3000/_next/static/chunks/11hm_next_dist_0m6rgog._.js:2441
[    1388ms] [LOG] [DEBUG] Renderizando celda: {columnId: fechaRegistro, isReference: undefined, value: Object} @ http://localhost:3000/_next/static/chunks/11hm_next_dist_0m6rgog._.js:2441
[    1389ms] [LOG] [DEBUG] Renderizando celda: {columnId: fechaRegistro, isReference: undefined, value: Object} @ http://localhost:3000/_next/static/chunks/11hm_next_dist_0m6rgog._.js:2441
[    1389ms] [LOG] [DEBUG] Renderizando celda: {columnId: ultimoContacto, isReference: undefined, value: Object} @ http://localhost:3000/_next/static/chunks/11hm_next_dist_0m6rgog._.js:2441
[    1389ms] [LOG] [DEBUG] Renderizando celda: {columnId: ultimoContacto, isReference: undefined, value: Object} @ http://localhost:3000/_next/static/chunks/11hm_next_dist_0m6rgog._.js:2441
[    1389ms] [LOG] [DEBUG] Renderizando celda: {columnId: valorTotal, isReference: undefined, value: Object} @ http://localhost:3000/_next/static/chunks/11hm_next_dist_0m6rgog._.js:2441
[    1389ms] [LOG] [DEBUG] Renderizando celda: {columnId: valorTotal, isReference: undefined, value: Object} @ http://localhost:3000/_next/static/chunks/11hm_next_dist_0m6rgog._.js:2441
[    1389ms] [LOG] [DEBUG] Renderizando celda: {columnId: satisfaccion, isReference: undefined, value: Object} @ http://localhost:3000/_next/static/chunks/11hm_next_dist_0m6rgog._.js:2441
[    1389ms] [LOG] [DEBUG] Renderizando celda: {columnId: satisfaccion, isReference: undefined, value: Object} @ http://localhost:3000/_next/static/chunks/11hm_next_dist_0m6rgog._.js:2441
[    1389ms] [LOG] [DEBUG] Renderizando celda: {columnId: activo, isReference: undefined, value: Object} @ http://localhost:3000/_next/static/chunks/11hm_next_dist_0m6rgog._.js:2441
[    1389ms] [LOG] [DEBUG] Renderizando celda: {columnId: activo, isReference: undefined, value: Object} @ http://localhost:3000/_next/static/chunks/11hm_next_dist_0m6rgog._.js:2441
[    1390ms] [LOG] [DEBUG] Renderizando celda: {columnId: id, isReference: undefined, value: Object} @ http://localhost:3000/_next/static/chunks/11hm_next_dist_0m6rgog._.js:2441
[    1390ms] [LOG] [DEBUG] Renderizando celda: {columnId: id, isReference: undefined, value: Object} @ http://localhost:3000/_next/static/chunks/11hm_next_dist_0m6rgog._.js:2441
[    1390ms] [LOG] [DEBUG] Renderizando celda: {columnId: nombre, isReference: undefined, value: Object} @ http://localhost:3000/_next/static/chunks/11hm_next_dist_0m6rgog._.js:2441
[    1390ms] [LOG] [DEBUG] Renderizando celda: {columnId: nombre, isReference: undefined, value: Object} @ http://localhost:3000/_next/static/chunks/11hm_next_dist_0m6rgog._.js:2441
[    1390ms] [LOG] [DEBUG] Renderizando celda: {columnId: email, isReference: undefined, value: Object} @ http://localhost:3000/_next/static/chunks/11hm_next_dist_0m6rgog._.js:2441
[    1390ms] [LOG] [DEBUG] Renderizando celda: {columnId: email, isReference: undefined, value: Object} @ http://localhost:3000/_next/static/chunks/11hm_next_dist_0m6rgog._.js:2441
[    1391ms] [LOG] [DEBUG] Renderizando celda: {columnId: telefono, isReference: undefined, value: Object} @ http://localhost:3000/_next/static/chunks/11hm_next_dist_0m6rgog._.js:2441
[    1391ms] [LOG] [DEBUG] Renderizando celda: {columnId: telefono, isReference: undefined, value: Object} @ http://localhost:3000/_next/static/chunks/11hm_next_dist_0m6rgog._.js:2441
[    1391ms] [LOG] [DEBUG] Renderizando celda: {columnId: ciudad, isReference: undefined, value: Object} @ http://localhost:3000/_next/static/chunks/11hm_next_dist_0m6rgog._.js:2441
[    1391ms] [LOG] [DEBUG] Renderizando celda: {columnId: ciudad, isReference: undefined, value: Object} @ http://localhost:3000/_next/static/chunks/11hm_next_dist_0m6rgog._.js:2441
[    1391ms] [LOG] [DEBUG] Renderizando celda: {columnId: rol, isReference: undefined, value: Object} @ http://localhost:3000/_next/static/chunks/11hm_next_dist_0m6rgog._.js:2441
[    1391ms] [LOG] [DEBUG] Renderizando celda: {columnId: rol, isReference: undefined, value: Object} @ http://localhost:3000/_next/static/chunks/11hm_next_dist_0m6rgog._.js:2441
[    1391ms] [LOG] [DEBUG] Renderizando celda: {columnId: estado, isReference: undefined, value: Object} @ http://localhost:3000/_next/static/chunks/11hm_next_dist_0m6rgog._.js:2441
[    1391ms] [LOG] [DEBUG] Renderizando celda: {columnId: estado, isReference: undefined, value: Object} @ http://localhost:3000/_next/static/chunks/11hm_next_dist_0m6rgog._.js:2441
[    1391ms] [LOG] [DEBUG] Renderizando celda: {columnId: fechaRegistro, isReference: undefined, value: Object} @ http://localhost:3000/_next/static/chunks/11hm_next_dist_0m6rgog._.js:2441
[    1391ms] [LOG] [DEBUG] Renderizando celda: {columnId: fechaRegistro, isReference: undefined, value: Object} @ http://localhost:3000/_next/static/chunks/11hm_next_dist_0m6rgog._.js:2441
[    1391ms] [LOG] [DEBUG] Renderizando celda: {columnId: ultimoContacto, isReference: undefined, value: Object} @ http://localhost:3000/_next/static/chunks/11hm_next_dist_0m6rgog._.js:2441
[    1391ms] [LOG] [DEBUG] Renderizando celda: {columnId: ultimoContacto, isReference: undefined, value: Object} @ http://localhost:3000/_next/static/chunks/11hm_next_dist_0m6rgog._.js:2441
[    1392ms] [LOG] [DEBUG] Renderizando celda: {columnId: valorTotal, isReference: undefined, value: Object} @ http://localhost:3000/_next/static/chunks/11hm_next_dist_0m6rgog._.js:2441
[    1392ms] [LOG] [DEBUG] Renderizando celda: {columnId: valorTotal, isReference: undefined, value: Object} @ http://localhost:3000/_next/static/chunks/11hm_next_dist_0m6rgog._.js:2441
[    1392ms] [LOG] [DEBUG] Renderizando celda: {columnId: satisfaccion, isReference: undefined, value: Object} @ http://localhost:3000/_next/static/chunks/11hm_next_dist_0m6rgog._.js:2441
[    1392ms] [LOG] [DEBUG] Renderizando celda: {columnId: satisfaccion, isReference: undefined, value: Object} @ http://localhost:3000/_next/static/chunks/11hm_next_dist_0m6rgog._.js:2441
[    1392ms] [LOG] [DEBUG] Renderizando celda: {columnId: activo, isReference: undefined, value: Object} @ http://localhost:3000/_next/static/chunks/11hm_next_dist_0m6rgog._.js:2441
[    1392ms] [LOG] [DEBUG] Renderizando celda: {columnId: activo, isReference: undefined, value: Object} @ http://localhost:3000/_next/static/chunks/11hm_next_dist_0m6rgog._.js:2441
[    1393ms] [LOG] [DEBUG] Renderizando celda: {columnId: id, isReference: undefined, value: Object} @ http://localhost:3000/_next/static/chunks/11hm_next_dist_0m6rgog._.js:2441
[    1393ms] [LOG] [DEBUG] Renderizando celda: {columnId: id, isReference: undefined, value: Object} @ http://localhost:3000/_next/static/chunks/11hm_next_dist_0m6rgog._.js:2441
[    1393ms] [LOG] [DEBUG] Renderizando celda: {columnId: nombre, isReference: undefined, value: Object} @ http://localhost:3000/_next/static/chunks/11hm_next_dist_0m6rgog._.js:2441
[    1393ms] [LOG] [DEBUG] Renderizando celda: {columnId: nombre, isReference: undefined, value: Object} @ http://localhost:3000/_next/static/chunks/11hm_next_dist_0m6rgog._.js:2441
[    1393ms] [LOG] [DEBUG] Renderizando celda: {columnId: email, isReference: undefined, value: Object} @ http://localhost:3000/_next/static/chunks/11hm_next_dist_0m6rgog._.js:2441
[    1393ms] [LOG] [DEBUG] Renderizando celda: {columnId: email, isReference: undefined, value: Object} @ http://localhost:3000/_next/static/chunks/11hm_next_dist_0m6rgog._.js:2441
[    1393ms] [LOG] [DEBUG] Renderizando celda: {columnId: telefono, isReference: undefined, value: Object} @ http://localhost:3000/_next/static/chunks/11hm_next_dist_0m6rgog._.js:2441
[    1393ms] [LOG] [DEBUG] Renderizando celda: {columnId: telefono, isReference: undefined, value: Object} @ http://localhost:3000/_next/static/chunks/11hm_next_dist_0m6rgog._.js:2441
[    1393ms] [LOG] [DEBUG] Renderizando celda: {columnId: ciudad, isReference: undefined, value: Object} @ http://localhost:3000/_next/static/chunks/11hm_next_dist_0m6rgog._.js:2441
[    1393ms] [LOG] [DEBUG] Renderizando celda: {columnId: ciudad, isReference: undefined, value: Object} @ http://localhost:3000/_next/static/chunks/11hm_next_dist_0m6rgog._.js:2441
[    1394ms] [LOG] [DEBUG] Renderizando celda: {columnId: rol, isReference: undefined, value: Object} @ http://localhost:3000/_next/static/chunks/11hm_next_dist_0m6rgog._.js:2441
[    1394ms] [LOG] [DEBUG] Renderizando celda: {columnId: rol, isReference: undefined, value: Object} @ http://localhost:3000/_next/static/chunks/11hm_next_dist_0m6rgog._.js:2441
[    1394ms] [LOG] [DEBUG] Renderizando celda: {columnId: estado, isReference: undefined, value: Object} @ http://localhost:3000/_next/static/chunks/11hm_next_dist_0m6rgog._.js:2441
[    1394ms] [LOG] [DEBUG] Renderizando celda: {columnId: estado, isReference: undefined, value: Object} @ http://localhost:3000/_next/static/chunks/11hm_next_dist_0m6rgog._.js:2441
[    1394ms] [LOG] [DEBUG] Renderizando celda: {columnId: fechaRegistro, isReference: undefined, value: Object} @ http://localhost:3000/_next/static/chunks/11hm_next_dist_0m6rgog._.js:2441
[    1394ms] [LOG] [DEBUG] Renderizando celda: {columnId: fechaRegistro, isReference: undefined, value: Object} @ http://localhost:3000/_next/static/chunks/11hm_next_dist_0m6rgog._.js:2441
[    1394ms] [LOG] [DEBUG] Renderizando celda: {columnId: ultimoContacto, isReference: undefined, value: Object} @ http://localhost:3000/_next/static/chunks/11hm_next_dist_0m6rgog._.js:2441
[    1394ms] [LOG] [DEBUG] Renderizando celda: {columnId: ultimoContacto, isReference: undefined, value: Object} @ http://localhost:3000/_next/static/chunks/11hm_next_dist_0m6rgog._.js:2441
[    1394ms] [LOG] [DEBUG] Renderizando celda: {columnId: valorTotal, isReference: undefined, value: Object} @ http://localhost:3000/_next/static/chunks/11hm_next_dist_0m6rgog._.js:2441
[    1394ms] [LOG] [DEBUG] Renderizando celda: {columnId: valorTotal, isReference: undefined, value: Object} @ http://localhost:3000/_next/static/chunks/11hm_next_dist_0m6rgog._.js:2441
[    1394ms] [LOG] [DEBUG] Renderizando celda: {columnId: satisfaccion, isReference: undefined, value: Object} @ http://localhost:3000/_next/static/chunks/11hm_next_dist_0m6rgog._.js:2441
[    1394ms] [LOG] [DEBUG] Renderizando celda: {columnId: satisfaccion, isReference: undefined, value: Object} @ http://localhost:3000/_next/static/chunks/11hm_next_dist_0m6rgog._.js:2441
[    1394ms] [LOG] [DEBUG] Renderizando celda: {columnId: activo, isReference: undefined, value: Object} @ http://localhost:3000/_next/static/chunks/11hm_next_dist_0m6rgog._.js:2441
[    1395ms] [LOG] [DEBUG] Renderizando celda: {columnId: activo, isReference: undefined, value: Object} @ http://localhost:3000/_next/static/chunks/11hm_next_dist_0m6rgog._.js:2441
[    1395ms] [LOG] [DEBUG] Renderizando celda: {columnId: id, isReference: undefined, value: Object} @ http://localhost:3000/_next/static/chunks/11hm_next_dist_0m6rgog._.js:2441
[    1395ms] [LOG] [DEBUG] Renderizando celda: {columnId: id, isReference: undefined, value: Object} @ http://localhost:3000/_next/static/chunks/11hm_next_dist_0m6rgog._.js:2441
[    1395ms] [LOG] [DEBUG] Renderizando celda: {columnId: nombre, isReference: undefined, value: Object} @ http://localhost:3000/_next/static/chunks/11hm_next_dist_0m6rgog._.js:2441
[    1395ms] [LOG] [DEBUG] Renderizando celda: {columnId: nombre, isReference: undefined, value: Object} @ http://localhost:3000/_next/static/chunks/11hm_next_dist_0m6rgog._.js:2441
[    1396ms] [LOG] [DEBUG] Renderizando celda: {columnId: email, isReference: undefined, value: Object} @ http://localhost:3000/_next/static/chunks/11hm_next_dist_0m6rgog._.js:2441
[    1396ms] [LOG] [DEBUG] Renderizando celda: {columnId: email, isReference: undefined, value: Object} @ http://localhost:3000/_next/static/chunks/11hm_next_dist_0m6rgog._.js:2441
[    1396ms] [LOG] [DEBUG] Renderizando celda: {columnId: telefono, isReference: undefined, value: Object} @ http://localhost:3000/_next/static/chunks/11hm_next_dist_0m6rgog._.js:2441
[    1396ms] [LOG] [DEBUG] Renderizando celda: {columnId: telefono, isReference: undefined, value: Object} @ http://localhost:3000/_next/static/chunks/11hm_next_dist_0m6rgog._.js:2441
[    1396ms] [LOG] [DEBUG] Renderizando celda: {columnId: ciudad, isReference: undefined, value: Object} @ http://localhost:3000/_next/static/chunks/11hm_next_dist_0m6rgog._.js:2441
[    1396ms] [LOG] [DEBUG] Renderizando celda: {columnId: ciudad, isReference: undefined, value: Object} @ http://localhost:3000/_next/static/chunks/11hm_next_dist_0m6rgog._.js:2441
[    1396ms] [LOG] [DEBUG] Renderizando celda: {columnId: rol, isReference: undefined, value: Object} @ http://localhost:3000/_next/static/chunks/11hm_next_dist_0m6rgog._.js:2441
[    1396ms] [LOG] [DEBUG] Renderizando celda: {columnId: rol, isReference: undefined, value: Object} @ http://localhost:3000/_next/static/chunks/11hm_next_dist_0m6rgog._.js:2441
[    1396ms] [LOG] [DEBUG] Renderizando celda: {columnId: estado, isReference: undefined, value: Object} @ http://localhost:3000/_next/static/chunks/11hm_next_dist_0m6rgog._.js:2441
[    1396ms] [LOG] [DEBUG] Renderizando celda: {columnId: estado, isReference: undefined, value: Object} @ http://localhost:3000/_next/static/chunks/11hm_next_dist_0m6rgog._.js:2441
[    1396ms] [LOG] [DEBUG] Renderizando celda: {columnId: fechaRegistro, isReference: undefined, value: Object} @ http://localhost:3000/_next/static/chunks/11hm_next_dist_0m6rgog._.js:2441
[    1397ms] [LOG] [DEBUG] Renderizando celda: {columnId: fechaRegistro, isReference: undefined, value: Object} @ http://localhost:3000/_next/static/chunks/11hm_next_dist_0m6rgog._.js:2441
[    1397ms] [LOG] [DEBUG] Renderizando celda: {columnId: ultimoContacto, isReference: undefined, value: Object} @ http://localhost:3000/_next/static/chunks/11hm_next_dist_0m6rgog._.js:2441
[    1397ms] [LOG] [DEBUG] Renderizando celda: {columnId: ultimoContacto, isReference: undefined, value: Object} @ http://localhost:3000/_next/static/chunks/11hm_next_dist_0m6rgog._.js:2441
[    1397ms] [LOG] [DEBUG] Renderizando celda: {columnId: valorTotal, isReference: undefined, value: Object} @ http://localhost:3000/_next/static/chunks/11hm_next_dist_0m6rgog._.js:2441
[    1397ms] [LOG] [DEBUG] Renderizando celda: {columnId: valorTotal, isReference: undefined, value: Object} @ http://localhost:3000/_next/static/chunks/11hm_next_dist_0m6rgog._.js:2441
[    1397ms] [LOG] [DEBUG] Renderizando celda: {columnId: satisfaccion, isReference: undefined, value: Object} @ http://localhost:3000/_next/static/chunks/11hm_next_dist_0m6rgog._.js:2441
[    1397ms] [LOG] [DEBUG] Renderizando celda: {columnId: satisfaccion, isReference: undefined, value: Object} @ http://localhost:3000/_next/static/chunks/11hm_next_dist_0m6rgog._.js:2441
[    1397ms] [LOG] [DEBUG] Renderizando celda: {columnId: activo, isReference: undefined, value: Object} @ http://localhost:3000/_next/static/chunks/11hm_next_dist_0m6rgog._.js:2441
[    1397ms] [LOG] [DEBUG] Renderizando celda: {columnId: activo, isReference: undefined, value: Object} @ http://localhost:3000/_next/static/chunks/11hm_next_dist_0m6rgog._.js:2441
[    1398ms] [LOG] [DEBUG] Renderizando celda: {columnId: id, isReference: undefined, value: Object} @ http://localhost:3000/_next/static/chunks/11hm_next_dist_0m6rgog._.js:2441
[    1398ms] [LOG] [DEBUG] Renderizando celda: {columnId: id, isReference: undefined, value: Object} @ http://localhost:3000/_next/static/chunks/11hm_next_dist_0m6rgog._.js:2441
[    1398ms] [LOG] [DEBUG] Renderizando celda: {columnId: nombre, isReference: undefined, value: Object} @ http://localhost:3000/_next/static/chunks/11hm_next_dist_0m6rgog._.js:2441
[    1398ms] [LOG] [DEBUG] Renderizando celda: {columnId: nombre, isReference: undefined, value: Object} @ http://localhost:3000/_next/static/chunks/11hm_next_dist_0m6rgog._.js:2441
[    1398ms] [LOG] [DEBUG] Renderizando celda: {columnId: email, isReference: undefined, value: Object} @ http://localhost:3000/_next/static/chunks/11hm_next_dist_0m6rgog._.js:2441
[    1398ms] [LOG] [DEBUG] Renderizando celda: {columnId: email, isReference: undefined, value: Object} @ http://localhost:3000/_next/static/chunks/11hm_next_dist_0m6rgog._.js:2441
[    1398ms] [LOG] [DEBUG] Renderizando celda: {columnId: telefono, isReference: undefined, value: Object} @ http://localhost:3000/_next/static/chunks/11hm_next_dist_0m6rgog._.js:2441
[    1398ms] [LOG] [DEBUG] Renderizando celda: {columnId: telefono, isReference: undefined, value: Object} @ http://localhost:3000/_next/static/chunks/11hm_next_dist_0m6rgog._.js:2441
[    1398ms] [LOG] [DEBUG] Renderizando celda: {columnId: ciudad, isReference: undefined, value: Object} @ http://localhost:3000/_next/static/chunks/11hm_next_dist_0m6rgog._.js:2441
[    1399ms] [LOG] [DEBUG] Renderizando celda: {columnId: ciudad, isReference: undefined, value: Object} @ http://localhost:3000/_next/static/chunks/11hm_next_dist_0m6rgog._.js:2441
[    1399ms] [LOG] [DEBUG] Renderizando celda: {columnId: rol, isReference: undefined, value: Object} @ http://localhost:3000/_next/static/chunks/11hm_next_dist_0m6rgog._.js:2441
[    1399ms] [LOG] [DEBUG] Renderizando celda: {columnId: rol, isReference: undefined, value: Object} @ http://localhost:3000/_next/static/chunks/11hm_next_dist_0m6rgog._.js:2441
[    1399ms] [LOG] [DEBUG] Renderizando celda: {columnId: estado, isReference: undefined, value: Object} @ http://localhost:3000/_next/static/chunks/11hm_next_dist_0m6rgog._.js:2441
[    1399ms] [LOG] [DEBUG] Renderizando celda: {columnId: estado, isReference: undefined, value: Object} @ http://localhost:3000/_next/static/chunks/11hm_next_dist_0m6rgog._.js:2441
[    1399ms] [LOG] [DEBUG] Renderizando celda: {columnId: fechaRegistro, isReference: undefined, value: Object} @ http://localhost:3000/_next/static/chunks/11hm_next_dist_0m6rgog._.js:2441
[    1399ms] [LOG] [DEBUG] Renderizando celda: {columnId: fechaRegistro, isReference: undefined, value: Object} @ http://localhost:3000/_next/static/chunks/11hm_next_dist_0m6rgog._.js:2441
[    1399ms] [LOG] [DEBUG] Renderizando celda: {columnId: ultimoContacto, isReference: undefined, value: Object} @ http://localhost:3000/_next/static/chunks/11hm_next_dist_0m6rgog._.js:2441
[    1399ms] [LOG] [DEBUG] Renderizando celda: {columnId: ultimoContacto, isReference: undefined, value: Object} @ http://localhost:3000/_next/static/chunks/11hm_next_dist_0m6rgog._.js:2441
[    1399ms] [LOG] [DEBUG] Renderizando celda: {columnId: valorTotal, isReference: undefined, value: Object} @ http://localhost:3000/_next/static/chunks/11hm_next_dist_0m6rgog._.js:2441
[    1399ms] [LOG] [DEBUG] Renderizando celda: {columnId: valorTotal, isReference: undefined, value: Object} @ http://localhost:3000/_next/static/chunks/11hm_next_dist_0m6rgog._.js:2441
[    1399ms] [LOG] [DEBUG] Renderizando celda: {columnId: satisfaccion, isReference: undefined, value: Object} @ http://localhost:3000/_next/static/chunks/11hm_next_dist_0m6rgog._.js:2441
[    1399ms] [LOG] [DEBUG] Renderizando celda: {columnId: satisfaccion, isReference: undefined, value: Object} @ http://localhost:3000/_next/static/chunks/11hm_next_dist_0m6rgog._.js:2441
[    1400ms] [LOG] [DEBUG] Renderizando celda: {columnId: activo, isReference: undefined, value: Object} @ http://localhost:3000/_next/static/chunks/11hm_next_dist_0m6rgog._.js:2441
[    1400ms] [LOG] [DEBUG] Renderizando celda: {columnId: activo, isReference: undefined, value: Object} @ http://localhost:3000/_next/static/chunks/11hm_next_dist_0m6rgog._.js:2441
[    1400ms] [LOG] [DEBUG] Renderizando celda: {columnId: id, isReference: undefined, value: Object} @ http://localhost:3000/_next/static/chunks/11hm_next_dist_0m6rgog._.js:2441
[    1400ms] [LOG] [DEBUG] Renderizando celda: {columnId: id, isReference: undefined, value: Object} @ http://localhost:3000/_next/static/chunks/11hm_next_dist_0m6rgog._.js:2441
[    1400ms] [LOG] [DEBUG] Renderizando celda: {columnId: nombre, isReference: undefined, value: Object} @ http://localhost:3000/_next/static/chunks/11hm_next_dist_0m6rgog._.js:2441
[    1400ms] [LOG] [DEBUG] Renderizando celda: {columnId: nombre, isReference: undefined, value: Object} @ http://localhost:3000/_next/static/chunks/11hm_next_dist_0m6rgog._.js:2441
[    1401ms] [LOG] [DEBUG] Renderizando celda: {columnId: email, isReference: undefined, value: Object} @ http://localhost:3000/_next/static/chunks/11hm_next_dist_0m6rgog._.js:2441
[    1401ms] [LOG] [DEBUG] Renderizando celda: {columnId: email, isReference: undefined, value: Object} @ http://localhost:3000/_next/static/chunks/11hm_next_dist_0m6rgog._.js:2441
[    1401ms] [LOG] [DEBUG] Renderizando celda: {columnId: telefono, isReference: undefined, value: Object} @ http://localhost:3000/_next/static/chunks/11hm_next_dist_0m6rgog._.js:2441
[    1401ms] [LOG] [DEBUG] Renderizando celda: {columnId: telefono, isReference: undefined, value: Object} @ http://localhost:3000/_next/static/chunks/11hm_next_dist_0m6rgog._.js:2441
[    1401ms] [LOG] [DEBUG] Renderizando celda: {columnId: ciudad, isReference: undefined, value: Object} @ http://localhost:3000/_next/static/chunks/11hm_next_dist_0m6rgog._.js:2441
[    1401ms] [LOG] [DEBUG] Renderizando celda: {columnId: ciudad, isReference: undefined, value: Object} @ http://localhost:3000/_next/static/chunks/11hm_next_dist_0m6rgog._.js:2441
[    1401ms] [LOG] [DEBUG] Renderizando celda: {columnId: rol, isReference: undefined, value: Object} @ http://localhost:3000/_next/static/chunks/11hm_next_dist_0m6rgog._.js:2441
[    1401ms] [LOG] [DEBUG] Renderizando celda: {columnId: rol, isReference: undefined, value: Object} @ http://localhost:3000/_next/static/chunks/11hm_next_dist_0m6rgog._.js:2441
[    1401ms] [LOG] [DEBUG] Renderizando celda: {columnId: estado, isReference: undefined, value: Object} @ http://localhost:3000/_next/static/chunks/11hm_next_dist_0m6rgog._.js:2441
[    1401ms] [LOG] [DEBUG] Renderizando celda: {columnId: estado, isReference: undefined, value: Object} @ http://localhost:3000/_next/static/chunks/11hm_next_dist_0m6rgog._.js:2441
[    1401ms] [LOG] [DEBUG] Renderizando celda: {columnId: fechaRegistro, isReference: undefined, value: Object} @ http://localhost:3000/_next/static/chunks/11hm_next_dist_0m6rgog._.js:2441
[    1401ms] [LOG] [DEBUG] Renderizando celda: {columnId: fechaRegistro, isReference: undefined, value: Object} @ http://localhost:3000/_next/static/chunks/11hm_next_dist_0m6rgog._.js:2441
[    1401ms] [LOG] [DEBUG] Renderizando celda: {columnId: ultimoContacto, isReference: undefined, value: Object} @ http://localhost:3000/_next/static/chunks/11hm_next_dist_0m6rgog._.js:2441
[    1402ms] [LOG] [DEBUG] Renderizando celda: {columnId: ultimoContacto, isReference: undefined, value: Object} @ http://localhost:3000/_next/static/chunks/11hm_next_dist_0m6rgog._.js:2441
[    1402ms] [LOG] [DEBUG] Renderizando celda: {columnId: valorTotal, isReference: undefined, value: Object} @ http://localhost:3000/_next/static/chunks/11hm_next_dist_0m6rgog._.js:2441
[    1402ms] [LOG] [DEBUG] Renderizando celda: {columnId: valorTotal, isReference: undefined, value: Object} @ http://localhost:3000/_next/static/chunks/11hm_next_dist_0m6rgog._.js:2441
[    1402ms] [LOG] [DEBUG] Renderizando celda: {columnId: satisfaccion, isReference: undefined, value: Object} @ http://localhost:3000/_next/static/chunks/11hm_next_dist_0m6rgog._.js:2441
[    1402ms] [LOG] [DEBUG] Renderizando celda: {columnId: satisfaccion, isReference: undefined, value: Object} @ http://localhost:3000/_next/static/chunks/11hm_next_dist_0m6rgog._.js:2441
[    1402ms] [LOG] [DEBUG] Renderizando celda: {columnId: activo, isReference: undefined, value: Object} @ http://localhost:3000/_next/static/chunks/11hm_next_dist_0m6rgog._.js:2441
[    1402ms] [LOG] [DEBUG] Renderizando celda: {columnId: activo, isReference: undefined, value: Object} @ http://localhost:3000/_next/static/chunks/11hm_next_dist_0m6rgog._.js:2441
[    1403ms] [LOG] [DEBUG] Renderizando celda: {columnId: id, isReference: undefined, value: Object} @ http://localhost:3000/_next/static/chunks/11hm_next_dist_0m6rgog._.js:2441
[    1403ms] [LOG] [DEBUG] Renderizando celda: {columnId: id, isReference: undefined, value: Object} @ http://localhost:3000/_next/static/chunks/11hm_next_dist_0m6rgog._.js:2441
[    1403ms] [LOG] [DEBUG] Renderizando celda: {columnId: nombre, isReference: undefined, value: Object} @ http://localhost:3000/_next/static/chunks/11hm_next_dist_0m6rgog._.js:2441
[    1403ms] [LOG] [DEBUG] Renderizando celda: {columnId: nombre, isReference: undefined, value: Object} @ http://localhost:3000/_next/static/chunks/11hm_next_dist_0m6rgog._.js:2441
[    1403ms] [LOG] [DEBUG] Renderizando celda: {columnId: email, isReference: undefined, value: Object} @ http://localhost:3000/_next/static/chunks/11hm_next_dist_0m6rgog._.js:2441
[    1403ms] [LOG] [DEBUG] Renderizando celda: {columnId: email, isReference: undefined, value: Object} @ http://localhost:3000/_next/static/chunks/11hm_next_dist_0m6rgog._.js:2441
[    1403ms] [LOG] [DEBUG] Renderizando celda: {columnId: telefono, isReference: undefined, value: Object} @ http://localhost:3000/_next/static/chunks/11hm_next_dist_0m6rgog._.js:2441
[    1403ms] [LOG] [DEBUG] Renderizando celda: {columnId: telefono, isReference: undefined, value: Object} @ http://localhost:3000/_next/static/chunks/11hm_next_dist_0m6rgog._.js:2441
[    1403ms] [LOG] [DEBUG] Renderizando celda: {columnId: ciudad, isReference: undefined, value: Object} @ http://localhost:3000/_next/static/chunks/11hm_next_dist_0m6rgog._.js:2441
[    1403ms] [LOG] [DEBUG] Renderizando celda: {columnId: ciudad, isReference: undefined, value: Object} @ http://localhost:3000/_next/static/chunks/11hm_next_dist_0m6rgog._.js:2441
[    1403ms] [LOG] [DEBUG] Renderizando celda: {columnId: rol, isReference: undefined, value: Object} @ http://localhost:3000/_next/static/chunks/11hm_next_dist_0m6rgog._.js:2441
[    1404ms] [LOG] [DEBUG] Renderizando celda: {columnId: rol, isReference: undefined, value: Object} @ http://localhost:3000/_next/static/chunks/11hm_next_dist_0m6rgog._.js:2441
[    1404ms] [LOG] [DEBUG] Renderizando celda: {columnId: estado, isReference: undefined, value: Object} @ http://localhost:3000/_next/static/chunks/11hm_next_dist_0m6rgog._.js:2441
[    1404ms] [LOG] [DEBUG] Renderizando celda: {columnId: estado, isReference: undefined, value: Object} @ http://localhost:3000/_next/static/chunks/11hm_next_dist_0m6rgog._.js:2441
[    1404ms] [LOG] [DEBUG] Renderizando celda: {columnId: fechaRegistro, isReference: undefined, value: Object} @ http://localhost:3000/_next/static/chunks/11hm_next_dist_0m6rgog._.js:2441
[    1404ms] [LOG] [DEBUG] Renderizando celda: {columnId: fechaRegistro, isReference: undefined, value: Object} @ http://localhost:3000/_next/static/chunks/11hm_next_dist_0m6rgog._.js:2441
[    1404ms] [LOG] [DEBUG] Renderizando celda: {columnId: ultimoContacto, isReference: undefined, value: Object} @ http://localhost:3000/_next/static/chunks/11hm_next_dist_0m6rgog._.js:2441
[    1404ms] [LOG] [DEBUG] Renderizando celda: {columnId: ultimoContacto, isReference: undefined, value: Object} @ http://localhost:3000/_next/static/chunks/11hm_next_dist_0m6rgog._.js:2441
[    1404ms] [LOG] [DEBUG] Renderizando celda: {columnId: valorTotal, isReference: undefined, value: Object} @ http://localhost:3000/_next/static/chunks/11hm_next_dist_0m6rgog._.js:2441
[    1404ms] [LOG] [DEBUG] Renderizando celda: {columnId: valorTotal, isReference: undefined, value: Object} @ http://localhost:3000/_next/static/chunks/11hm_next_dist_0m6rgog._.js:2441
[    1404ms] [LOG] [DEBUG] Renderizando celda: {columnId: satisfaccion, isReference: undefined, value: Object} @ http://localhost:3000/_next/static/chunks/11hm_next_dist_0m6rgog._.js:2441
[    1404ms] [LOG] [DEBUG] Renderizando celda: {columnId: satisfaccion, isReference: undefined, value: Object} @ http://localhost:3000/_next/static/chunks/11hm_next_dist_0m6rgog._.js:2441
[    1404ms] [LOG] [DEBUG] Renderizando celda: {columnId: activo, isReference: undefined, value: Object} @ http://localhost:3000/_next/static/chunks/11hm_next_dist_0m6rgog._.js:2441
[    1404ms] [LOG] [DEBUG] Renderizando celda: {columnId: activo, isReference: undefined, value: Object} @ http://localhost:3000/_next/static/chunks/11hm_next_dist_0m6rgog._.js:2441
[    1405ms] [LOG] [DEBUG] Renderizando celda: {columnId: id, isReference: undefined, value: Object} @ http://localhost:3000/_next/static/chunks/11hm_next_dist_0m6rgog._.js:2441
[    1405ms] [LOG] [DEBUG] Renderizando celda: {columnId: id, isReference: undefined, value: Object} @ http://localhost:3000/_next/static/chunks/11hm_next_dist_0m6rgog._.js:2441
[    1405ms] [LOG] [DEBUG] Renderizando celda: {columnId: nombre, isReference: undefined, value: Object} @ http://localhost:3000/_next/static/chunks/11hm_next_dist_0m6rgog._.js:2441
[    1405ms] [LOG] [DEBUG] Renderizando celda: {columnId: nombre, isReference: undefined, value: Object} @ http://localhost:3000/_next/static/chunks/11hm_next_dist_0m6rgog._.js:2441
[    1405ms] [LOG] [DEBUG] Renderizando celda: {columnId: email, isReference: undefined, value: Object} @ http://localhost:3000/_next/static/chunks/11hm_next_dist_0m6rgog._.js:2441
[    1405ms] [LOG] [DEBUG] Renderizando celda: {columnId: email, isReference: undefined, value: Object} @ http://localhost:3000/_next/static/chunks/11hm_next_dist_0m6rgog._.js:2441
[    1406ms] [LOG] [DEBUG] Renderizando celda: {columnId: telefono, isReference: undefined, value: Object} @ http://localhost:3000/_next/static/chunks/11hm_next_dist_0m6rgog._.js:2441
[    1406ms] [LOG] [DEBUG] Renderizando celda: {columnId: telefono, isReference: undefined, value: Object} @ http://localhost:3000/_next/static/chunks/11hm_next_dist_0m6rgog._.js:2441
[    1406ms] [LOG] [DEBUG] Renderizando celda: {columnId: ciudad, isReference: undefined, value: Object} @ http://localhost:3000/_next/static/chunks/11hm_next_dist_0m6rgog._.js:2441
[    1406ms] [LOG] [DEBUG] Renderizando celda: {columnId: ciudad, isReference: undefined, value: Object} @ http://localhost:3000/_next/static/chunks/11hm_next_dist_0m6rgog._.js:2441
[    1406ms] [LOG] [DEBUG] Renderizando celda: {columnId: rol, isReference: undefined, value: Object} @ http://localhost:3000/_next/static/chunks/11hm_next_dist_0m6rgog._.js:2441
[    1406ms] [LOG] [DEBUG] Renderizando celda: {columnId: rol, isReference: undefined, value: Object} @ http://localhost:3000/_next/static/chunks/11hm_next_dist_0m6rgog._.js:2441
[    1406ms] [LOG] [DEBUG] Renderizando celda: {columnId: estado, isReference: undefined, value: Object} @ http://localhost:3000/_next/static/chunks/11hm_next_dist_0m6rgog._.js:2441
[    1406ms] [LOG] [DEBUG] Renderizando celda: {columnId: estado, isReference: undefined, value: Object} @ http://localhost:3000/_next/static/chunks/11hm_next_dist_0m6rgog._.js:2441
[    1406ms] [LOG] [DEBUG] Renderizando celda: {columnId: fechaRegistro, isReference: undefined, value: Object} @ http://localhost:3000/_next/static/chunks/11hm_next_dist_0m6rgog._.js:2441
[    1406ms] [LOG] [DEBUG] Renderizando celda: {columnId: fechaRegistro, isReference: undefined, value: Object} @ http://localhost:3000/_next/static/chunks/11hm_next_dist_0m6rgog._.js:2441
[    1406ms] [LOG] [DEBUG] Renderizando celda: {columnId: ultimoContacto, isReference: undefined, value: Object} @ http://localhost:3000/_next/static/chunks/11hm_next_dist_0m6rgog._.js:2441
[    1406ms] [LOG] [DEBUG] Renderizando celda: {columnId: ultimoContacto, isReference: undefined, value: Object} @ http://localhost:3000/_next/static/chunks/11hm_next_dist_0m6rgog._.js:2441
[    1407ms] [LOG] [DEBUG] Renderizando celda: {columnId: valorTotal, isReference: undefined, value: Object} @ http://localhost:3000/_next/static/chunks/11hm_next_dist_0m6rgog._.js:2441
[    1407ms] [LOG] [DEBUG] Renderizando celda: {columnId: valorTotal, isReference: undefined, value: Object} @ http://localhost:3000/_next/static/chunks/11hm_next_dist_0m6rgog._.js:2441
[    1407ms] [LOG] [DEBUG] Renderizando celda: {columnId: satisfaccion, isReference: undefined, value: Object} @ http://localhost:3000/_next/static/chunks/11hm_next_dist_0m6rgog._.js:2441
[    1407ms] [LOG] [DEBUG] Renderizando celda: {columnId: satisfaccion, isReference: undefined, value: Object} @ http://localhost:3000/_next/static/chunks/11hm_next_dist_0m6rgog._.js:2441
[    1407ms] [LOG] [DEBUG] Renderizando celda: {columnId: activo, isReference: undefined, value: Object} @ http://localhost:3000/_next/static/chunks/11hm_next_dist_0m6rgog._.js:2441
[    1407ms] [LOG] [DEBUG] Renderizando celda: {columnId: activo, isReference: undefined, value: Object} @ http://localhost:3000/_next/static/chunks/11hm_next_dist_0m6rgog._.js:2441
[    1409ms] [LOG] [DEBUG] Renderizando celda: {columnId: id, isReference: undefined, value: Object} @ http://localhost:3000/_next/static/chunks/11hm_next_dist_0m6rgog._.js:2441
[    1409ms] [LOG] [DEBUG] Renderizando celda: {columnId: id, isReference: undefined, value: Object} @ http://localhost:3000/_next/static/chunks/11hm_next_dist_0m6rgog._.js:2441
[    1409ms] [LOG] [DEBUG] Renderizando celda: {columnId: nombre, isReference: undefined, value: Object} @ http://localhost:3000/_next/static/chunks/11hm_next_dist_0m6rgog._.js:2441
[    1409ms] [LOG] [DEBUG] Renderizando celda: {columnId: nombre, isReference: undefined, value: Object} @ http://localhost:3000/_next/static/chunks/11hm_next_dist_0m6rgog._.js:2441
[    1409ms] [LOG] [DEBUG] Renderizando celda: {columnId: email, isReference: undefined, value: Object} @ http://localhost:3000/_next/static/chunks/11hm_next_dist_0m6rgog._.js:2441
[    1410ms] [LOG] [DEBUG] Renderizando celda: {columnId: email, isReference: undefined, value: Object} @ http://localhost:3000/_next/static/chunks/11hm_next_dist_0m6rgog._.js:2441
[    1410ms] [LOG] [DEBUG] Renderizando celda: {columnId: telefono, isReference: undefined, value: Object} @ http://localhost:3000/_next/static/chunks/11hm_next_dist_0m6rgog._.js:2441
[    1410ms] [LOG] [DEBUG] Renderizando celda: {columnId: telefono, isReference: undefined, value: Object} @ http://localhost:3000/_next/static/chunks/11hm_next_dist_0m6rgog._.js:2441
[    1410ms] [LOG] [DEBUG] Renderizando celda: {columnId: ciudad, isReference: undefined, value: Object} @ http://localhost:3000/_next/static/chunks/11hm_next_dist_0m6rgog._.js:2441
[    1410ms] [LOG] [DEBUG] Renderizando celda: {columnId: ciudad, isReference: undefined, value: Object} @ http://localhost:3000/_next/static/chunks/11hm_next_dist_0m6rgog._.js:2441
[    1410ms] [LOG] [DEBUG] Renderizando celda: {columnId: rol, isReference: undefined, value: Object} @ http://localhost:3000/_next/static/chunks/11hm_next_dist_0m6rgog._.js:2441
[    1410ms] [LOG] [DEBUG] Renderizando celda: {columnId: rol, isReference: undefined, value: Object} @ http://localhost:3000/_next/static/chunks/11hm_next_dist_0m6rgog._.js:2441
[    1410ms] [LOG] [DEBUG] Renderizando celda: {columnId: estado, isReference: undefined, value: Object} @ http://localhost:3000/_next/static/chunks/11hm_next_dist_0m6rgog._.js:2441
[    1411ms] [LOG] [DEBUG] Renderizando celda: {columnId: estado, isReference: undefined, value: Object} @ http://localhost:3000/_next/static/chunks/11hm_next_dist_0m6rgog._.js:2441
[    1411ms] [LOG] [DEBUG] Renderizando celda: {columnId: fechaRegistro, isReference: undefined, value: Object} @ http://localhost:3000/_next/static/chunks/11hm_next_dist_0m6rgog._.js:2441
[    1411ms] [LOG] [DEBUG] Renderizando celda: {columnId: fechaRegistro, isReference: undefined, value: Object} @ http://localhost:3000/_next/static/chunks/11hm_next_dist_0m6rgog._.js:2441
[    1411ms] [LOG] [DEBUG] Renderizando celda: {columnId: ultimoContacto, isReference: undefined, value: Object} @ http://localhost:3000/_next/static/chunks/11hm_next_dist_0m6rgog._.js:2441
[    1411ms] [LOG] [DEBUG] Renderizando celda: {columnId: ultimoContacto, isReference: undefined, value: Object} @ http://localhost:3000/_next/static/chunks/11hm_next_dist_0m6rgog._.js:2441
[    1411ms] [LOG] [DEBUG] Renderizando celda: {columnId: valorTotal, isReference: undefined, value: Object} @ http://localhost:3000/_next/static/chunks/11hm_next_dist_0m6rgog._.js:2441
[    1411ms] [LOG] [DEBUG] Renderizando celda: {columnId: valorTotal, isReference: undefined, value: Object} @ http://localhost:3000/_next/static/chunks/11hm_next_dist_0m6rgog._.js:2441
[    1411ms] [LOG] [DEBUG] Renderizando celda: {columnId: satisfaccion, isReference: undefined, value: Object} @ http://localhost:3000/_next/static/chunks/11hm_next_dist_0m6rgog._.js:2441
[    1411ms] [LOG] [DEBUG] Renderizando celda: {columnId: satisfaccion, isReference: undefined, value: Object} @ http://localhost:3000/_next/static/chunks/11hm_next_dist_0m6rgog._.js:2441
[    1411ms] [LOG] [DEBUG] Renderizando celda: {columnId: activo, isReference: undefined, value: Object} @ http://localhost:3000/_next/static/chunks/11hm_next_dist_0m6rgog._.js:2441
[    1411ms] [LOG] [DEBUG] Renderizando celda: {columnId: activo, isReference: undefined, value: Object} @ http://localhost:3000/_next/static/chunks/11hm_next_dist_0m6rgog._.js:2441
[    1412ms] [LOG] [DEBUG] Renderizando celda: {columnId: id, isReference: undefined, value: Object} @ http://localhost:3000/_next/static/chunks/11hm_next_dist_0m6rgog._.js:2441
[    1412ms] [LOG] [DEBUG] Renderizando celda: {columnId: id, isReference: undefined, value: Object} @ http://localhost:3000/_next/static/chunks/11hm_next_dist_0m6rgog._.js:2441
[    1412ms] [LOG] [DEBUG] Renderizando celda: {columnId: nombre, isReference: undefined, value: Object} @ http://localhost:3000/_next/static/chunks/11hm_next_dist_0m6rgog._.js:2441
[    1412ms] [LOG] [DEBUG] Renderizando celda: {columnId: nombre, isReference: undefined, value: Object} @ http://localhost:3000/_next/static/chunks/11hm_next_dist_0m6rgog._.js:2441
[    1412ms] [LOG] [DEBUG] Renderizando celda: {columnId: email, isReference: undefined, value: Object} @ http://localhost:3000/_next/static/chunks/11hm_next_dist_0m6rgog._.js:2441
[    1413ms] [LOG] [DEBUG] Renderizando celda: {columnId: email, isReference: undefined, value: Object} @ http://localhost:3000/_next/static/chunks/11hm_next_dist_0m6rgog._.js:2441
[    1413ms] [LOG] [DEBUG] Renderizando celda: {columnId: telefono, isReference: undefined, value: Object} @ http://localhost:3000/_next/static/chunks/11hm_next_dist_0m6rgog._.js:2441
[    1413ms] [LOG] [DEBUG] Renderizando celda: {columnId: telefono, isReference: undefined, value: Object} @ http://localhost:3000/_next/static/chunks/11hm_next_dist_0m6rgog._.js:2441
[    1413ms] [LOG] [DEBUG] Renderizando celda: {columnId: ciudad, isReference: undefined, value: Object} @ http://localhost:3000/_next/static/chunks/11hm_next_dist_0m6rgog._.js:2441
[    1413ms] [LOG] [DEBUG] Renderizando celda: {columnId: ciudad, isReference: undefined, value: Object} @ http://localhost:3000/_next/static/chunks/11hm_next_dist_0m6rgog._.js:2441
[    1413ms] [LOG] [DEBUG] Renderizando celda: {columnId: rol, isReference: undefined, value: Object} @ http://localhost:3000/_next/static/chunks/11hm_next_dist_0m6rgog._.js:2441
[    1413ms] [LOG] [DEBUG] Renderizando celda: {columnId: rol, isReference: undefined, value: Object} @ http://localhost:3000/_next/static/chunks/11hm_next_dist_0m6rgog._.js:2441
[    1413ms] [LOG] [DEBUG] Renderizando celda: {columnId: estado, isReference: undefined, value: Object} @ http://localhost:3000/_next/static/chunks/11hm_next_dist_0m6rgog._.js:2441
[    1413ms] [LOG] [DEBUG] Renderizando celda: {columnId: estado, isReference: undefined, value: Object} @ http://localhost:3000/_next/static/chunks/11hm_next_dist_0m6rgog._.js:2441
[    1413ms] [LOG] [DEBUG] Renderizando celda: {columnId: fechaRegistro, isReference: undefined, value: Object} @ http://localhost:3000/_next/static/chunks/11hm_next_dist_0m6rgog._.js:2441
[    1413ms] [LOG] [DEBUG] Renderizando celda: {columnId: fechaRegistro, isReference: undefined, value: Object} @ http://localhost:3000/_next/static/chunks/11hm_next_dist_0m6rgog._.js:2441
[    1413ms] [LOG] [DEBUG] Renderizando celda: {columnId: ultimoContacto, isReference: undefined, value: Object} @ http://localhost:3000/_next/static/chunks/11hm_next_dist_0m6rgog._.js:2441
[    1413ms] [LOG] [DEBUG] Renderizando celda: {columnId: ultimoContacto, isReference: undefined, value: Object} @ http://localhost:3000/_next/static/chunks/11hm_next_dist_0m6rgog._.js:2441
[    1414ms] [LOG] [DEBUG] Renderizando celda: {columnId: valorTotal, isReference: undefined, value: Object} @ http://localhost:3000/_next/static/chunks/11hm_next_dist_0m6rgog._.js:2441
[    1414ms] [LOG] [DEBUG] Renderizando celda: {columnId: valorTotal, isReference: undefined, value: Object} @ http://localhost:3000/_next/static/chunks/11hm_next_dist_0m6rgog._.js:2441
[    1414ms] [LOG] [DEBUG] Renderizando celda: {columnId: satisfaccion, isReference: undefined, value: Object} @ http://localhost:3000/_next/static/chunks/11hm_next_dist_0m6rgog._.js:2441
[    1414ms] [LOG] [DEBUG] Renderizando celda: {columnId: satisfaccion, isReference: undefined, value: Object} @ http://localhost:3000/_next/static/chunks/11hm_next_dist_0m6rgog._.js:2441
[    1414ms] [LOG] [DEBUG] Renderizando celda: {columnId: activo, isReference: undefined, value: Object} @ http://localhost:3000/_next/static/chunks/11hm_next_dist_0m6rgog._.js:2441
[    1414ms] [LOG] [DEBUG] Renderizando celda: {columnId: activo, isReference: undefined, value: Object} @ http://localhost:3000/_next/static/chunks/11hm_next_dist_0m6rgog._.js:2441
[    1416ms] [LOG] [DEBUG] Renderizando SecondaryTables: {level: 0, parentId: undefined, isLoading: true, arrayColumnsCount: 0, arrayColumns: Array(0)} @ http://localhost:3000/_next/static/chunks/11hm_next_dist_0m6rgog._.js:2441
[    1417ms] [LOG] [DEBUG] Renderizando SecondaryTables: {level: 0, parentId: undefined, isLoading: true, arrayColumnsCount: 0, arrayColumns: Array(0)} @ http://localhost:3000/_next/static/chunks/11hm_next_dist_0m6rgog._.js:2441
[    1542ms] [ERROR] Access to fetch at 'http://localhost:3001/trpc/featureFlags.isEnabled,user.me,theme.listAllThemes?batch=1&input=%7B%220%22%3A%7B%22key%22%3A%22support-chat%22%7D%7D' from origin 'http://localhost:3000' has been blocked by CORS policy: No 'Access-Control-Allow-Origin' header is present on the requested resource. @ http://localhost:3000/es/demo/table:0
[    1542ms] [ERROR] Failed to load resource: net::ERR_FAILED @ http://localhost:3001/trpc/featureFlags.isEnabled,user.me,theme.listAllThemes?batch=1&input=%7B%220%22%3A%7B%22key%22%3A%22support-chat%22%7D%7D:0
[    1605ms] [LOG] [Fast Refresh] rebuilding @ http://localhost:3000/_next/static/chunks/11hm_next_dist_0m6rgog._.js:2441
[    1628ms] [LOG] [Fast Refresh] done in 124ms @ http://localhost:3000/_next/static/chunks/11hm_next_dist_0m6rgog._.js:2441
[    1681ms] [LOG] [DEBUG] Effective column order: {baseOrder: Array(14), pinnedColumnId: index, otherColumns: Array(13), hasActions: true, result: Array(15)} @ http://localhost:3000/_next/static/chunks/11hm_next_dist_0m6rgog._.js:2441
[    1682ms] [LOG] [DEBUG] Effective column order: {baseOrder: Array(14), pinnedColumnId: index, otherColumns: Array(13), hasActions: true, result: Array(15)} @ http://localhost:3000/_next/static/chunks/11hm_next_dist_0m6rgog._.js:2441
[    1682ms] [LOG] [DEBUG] Effective column order: {baseOrder: Array(14), pinnedColumnId: index, otherColumns: Array(13), hasActions: true, result: Array(15)} @ http://localhost:3000/_next/static/chunks/11hm_next_dist_0m6rgog._.js:2441
[    1683ms] [LOG] [DEBUG] Effective column order: {baseOrder: Array(14), pinnedColumnId: index, otherColumns: Array(13), hasActions: true, result: Array(15)} @ http://localhost:3000/_next/static/chunks/11hm_next_dist_0m6rgog._.js:2441
[    1690ms] [LOG] [DEBUG] Renderizando celda: {columnId: id, isReference: undefined, value: Object} @ http://localhost:3000/_next/static/chunks/11hm_next_dist_0m6rgog._.js:2441
[    1690ms] [LOG] [DEBUG] Renderizando celda: {columnId: id, isReference: undefined, value: Object} @ http://localhost:3000/_next/static/chunks/11hm_next_dist_0m6rgog._.js:2441
[    1690ms] [LOG] [DEBUG] Renderizando celda: {columnId: nombre, isReference: undefined, value: Object} @ http://localhost:3000/_next/static/chunks/11hm_next_dist_0m6rgog._.js:2441
[    1690ms] [LOG] [DEBUG] Renderizando celda: {columnId: nombre, isReference: undefined, value: Object} @ http://localhost:3000/_next/static/chunks/11hm_next_dist_0m6rgog._.js:2441
[    1690ms] [LOG] [DEBUG] Renderizando celda: {columnId: email, isReference: undefined, value: Object} @ http://localhost:3000/_next/static/chunks/11hm_next_dist_0m6rgog._.js:2441
[    1690ms] [LOG] [DEBUG] Renderizando celda: {columnId: email, isReference: undefined, value: Object} @ http://localhost:3000/_next/static/chunks/11hm_next_dist_0m6rgog._.js:2441
[    1690ms] [LOG] [DEBUG] Renderizando celda: {columnId: telefono, isReference: undefined, value: Object} @ http://localhost:3000/_next/static/chunks/11hm_next_dist_0m6rgog._.js:2441
[    1690ms] [LOG] [DEBUG] Renderizando celda: {columnId: telefono, isReference: undefined, value: Object} @ http://localhost:3000/_next/static/chunks/11hm_next_dist_0m6rgog._.js:2441
[    1690ms] [LOG] [DEBUG] Renderizando celda: {columnId: ciudad, isReference: undefined, value: Object} @ http://localhost:3000/_next/static/chunks/11hm_next_dist_0m6rgog._.js:2441
[    1690ms] [LOG] [DEBUG] Renderizando celda: {columnId: ciudad, isReference: undefined, value: Object} @ http://localhost:3000/_next/static/chunks/11hm_next_dist_0m6rgog._.js:2441
[    1690ms] [LOG] [DEBUG] Renderizando celda: {columnId: rol, isReference: undefined, value: Object} @ http://localhost:3000/_next/static/chunks/11hm_next_dist_0m6rgog._.js:2441
[    1690ms] [LOG] [DEBUG] Renderizando celda: {columnId: rol, isReference: undefined, value: Object} @ http://localhost:3000/_next/static/chunks/11hm_next_dist_0m6rgog._.js:2441
[    1691ms] [LOG] [DEBUG] Renderizando celda: {columnId: estado, isReference: undefined, value: Object} @ http://localhost:3000/_next/static/chunks/11hm_next_dist_0m6rgog._.js:2441
[    1691ms] [LOG] [DEBUG] Renderizando celda: {columnId: estado, isReference: undefined, value: Object} @ http://localhost:3000/_next/static/chunks/11hm_next_dist_0m6rgog._.js:2441
[    1691ms] [LOG] [DEBUG] Renderizando celda: {columnId: fechaRegistro, isReference: undefined, value: Object} @ http://localhost:3000/_next/static/chunks/11hm_next_dist_0m6rgog._.js:2441
[    1691ms] [LOG] [DEBUG] Renderizando celda: {columnId: fechaRegistro, isReference: undefined, value: Object} @ http://localhost:3000/_next/static/chunks/11hm_next_dist_0m6rgog._.js:2441
[    1691ms] [LOG] [DEBUG] Renderizando celda: {columnId: ultimoContacto, isReference: undefined, value: Object} @ http://localhost:3000/_next/static/chunks/11hm_next_dist_0m6rgog._.js:2441
[    1691ms] [LOG] [DEBUG] Renderizando celda: {columnId: ultimoContacto, isReference: undefined, value: Object} @ http://localhost:3000/_next/static/chunks/11hm_next_dist_0m6rgog._.js:2441
[    1691ms] [LOG] [DEBUG] Renderizando celda: {columnId: valorTotal, isReference: undefined, value: Object} @ http://localhost:3000/_next/static/chunks/11hm_next_dist_0m6rgog._.js:2441
[    1691ms] [LOG] [DEBUG] Renderizando celda: {columnId: valorTotal, isReference: undefined, value: Object} @ http://localhost:3000/_next/static/chunks/11hm_next_dist_0m6rgog._.js:2441
[    1691ms] [LOG] [DEBUG] Renderizando celda: {columnId: satisfaccion, isReference: undefined, value: Object} @ http://localhost:3000/_next/static/chunks/11hm_next_dist_0m6rgog._.js:2441
[    1691ms] [LOG] [DEBUG] Renderizando celda: {columnId: satisfaccion, isReference: undefined, value: Object} @ http://localhost:3000/_next/static/chunks/11hm_next_dist_0m6rgog._.js:2441
[    1691ms] [LOG] [DEBUG] Renderizando celda: {columnId: activo, isReference: undefined, value: Object} @ http://localhost:3000/_next/static/chunks/11hm_next_dist_0m6rgog._.js:2441
[    1691ms] [LOG] [DEBUG] Renderizando celda: {columnId: activo, isReference: undefined, value: Object} @ http://localhost:3000/_next/static/chunks/11hm_next_dist_0m6rgog._.js:2441
[    1692ms] [LOG] [DEBUG] Renderizando celda: {columnId: id, isReference: undefined, value: Object} @ http://localhost:3000/_next/static/chunks/11hm_next_dist_0m6rgog._.js:2441
[    1692ms] [LOG] [DEBUG] Renderizando celda: {columnId: id, isReference: undefined, value: Object} @ http://localhost:3000/_next/static/chunks/11hm_next_dist_0m6rgog._.js:2441
[    1692ms] [LOG] [DEBUG] Renderizando celda: {columnId: nombre, isReference: undefined, value: Object} @ http://localhost:3000/_next/static/chunks/11hm_next_dist_0m6rgog._.js:2441
[    1692ms] [LOG] [DEBUG] Renderizando celda: {columnId: nombre, isReference: undefined, value: Object} @ http://localhost:3000/_next/static/chunks/11hm_next_dist_0m6rgog._.js:2441
[    1692ms] [LOG] [DEBUG] Renderizando celda: {columnId: email, isReference: undefined, value: Object} @ http://localhost:3000/_next/static/chunks/11hm_next_dist_0m6rgog._.js:2441
[    1692ms] [LOG] [DEBUG] Renderizando celda: {columnId: email, isReference: undefined, value: Object} @ http://localhost:3000/_next/static/chunks/11hm_next_dist_0m6rgog._.js:2441
[    1692ms] [LOG] [DEBUG] Renderizando celda: {columnId: telefono, isReference: undefined, value: Object} @ http://localhost:3000/_next/static/chunks/11hm_next_dist_0m6rgog._.js:2441
[    1692ms] [LOG] [DEBUG] Renderizando celda: {columnId: telefono, isReference: undefined, value: Object} @ http://localhost:3000/_next/static/chunks/11hm_next_dist_0m6rgog._.js:2441
[    1692ms] [LOG] [DEBUG] Renderizando celda: {columnId: ciudad, isReference: undefined, value: Object} @ http://localhost:3000/_next/static/chunks/11hm_next_dist_0m6rgog._.js:2441
[    1693ms] [LOG] [DEBUG] Renderizando celda: {columnId: ciudad, isReference: undefined, value: Object} @ http://localhost:3000/_next/static/chunks/11hm_next_dist_0m6rgog._.js:2441
[    1693ms] [LOG] [DEBUG] Renderizando celda: {columnId: rol, isReference: undefined, value: Object} @ http://localhost:3000/_next/static/chunks/11hm_next_dist_0m6rgog._.js:2441
[    1693ms] [LOG] [DEBUG] Renderizando celda: {columnId: rol, isReference: undefined, value: Object} @ http://localhost:3000/_next/static/chunks/11hm_next_dist_0m6rgog._.js:2441
[    1693ms] [LOG] [DEBUG] Renderizando celda: {columnId: estado, isReference: undefined, value: Object} @ http://localhost:3000/_next/static/chunks/11hm_next_dist_0m6rgog._.js:2441
[    1693ms] [LOG] [DEBUG] Renderizando celda: {columnId: estado, isReference: undefined, value: Object} @ http://localhost:3000/_next/static/chunks/11hm_next_dist_0m6rgog._.js:2441
[    1693ms] [LOG] [DEBUG] Renderizando celda: {columnId: fechaRegistro, isReference: undefined, value: Object} @ http://localhost:3000/_next/static/chunks/11hm_next_dist_0m6rgog._.js:2441
[    1693ms] [LOG] [DEBUG] Renderizando celda: {columnId: fechaRegistro, isReference: undefined, value: Object} @ http://localhost:3000/_next/static/chunks/11hm_next_dist_0m6rgog._.js:2441
[    1693ms] [LOG] [DEBUG] Renderizando celda: {columnId: ultimoContacto, isReference: undefined, value: Object} @ http://localhost:3000/_next/static/chunks/11hm_next_dist_0m6rgog._.js:2441
[    1693ms] [LOG] [DEBUG] Renderizando celda: {columnId: ultimoContacto, isReference: undefined, value: Object} @ http://localhost:3000/_next/static/chunks/11hm_next_dist_0m6rgog._.js:2441
[    1693ms] [LOG] [DEBUG] Renderizando celda: {columnId: valorTotal, isReference: undefined, value: Object} @ http://localhost:3000/_next/static/chunks/11hm_next_dist_0m6rgog._.js:2441
[    1693ms] [LOG] [DEBUG] Renderizando celda: {columnId: valorTotal, isReference: undefined, value: Object} @ http://localhost:3000/_next/static/chunks/11hm_next_dist_0m6rgog._.js:2441
[    1693ms] [LOG] [DEBUG] Renderizando celda: {columnId: satisfaccion, isReference: undefined, value: Object} @ http://localhost:3000/_next/static/chunks/11hm_next_dist_0m6rgog._.js:2441
[    1693ms] [LOG] [DEBUG] Renderizando celda: {columnId: satisfaccion, isReference: undefined, value: Object} @ http://localhost:3000/_next/static/chunks/11hm_next_dist_0m6rgog._.js:2441
[    1693ms] [LOG] [DEBUG] Renderizando celda: {columnId: activo, isReference: undefined, value: Object} @ http://localhost:3000/_next/static/chunks/11hm_next_dist_0m6rgog._.js:2441
[    1694ms] [LOG] [DEBUG] Renderizando celda: {columnId: activo, isReference: undefined, value: Object} @ http://localhost:3000/_next/static/chunks/11hm_next_dist_0m6rgog._.js:2441
[    1694ms] [LOG] [DEBUG] Renderizando celda: {columnId: id, isReference: undefined, value: Object} @ http://localhost:3000/_next/static/chunks/11hm_next_dist_0m6rgog._.js:2441
[    1694ms] [LOG] [DEBUG] Renderizando celda: {columnId: id, isReference: undefined, value: Object} @ http://localhost:3000/_next/static/chunks/11hm_next_dist_0m6rgog._.js:2441
[    1694ms] [LOG] [DEBUG] Renderizando celda: {columnId: nombre, isReference: undefined, value: Object} @ http://localhost:3000/_next/static/chunks/11hm_next_dist_0m6rgog._.js:2441
[    1694ms] [LOG] [DEBUG] Renderizando celda: {columnId: nombre, isReference: undefined, value: Object} @ http://localhost:3000/_next/static/chunks/11hm_next_dist_0m6rgog._.js:2441
[    1694ms] [LOG] [DEBUG] Renderizando celda: {columnId: email, isReference: undefined, value: Object} @ http://localhost:3000/_next/static/chunks/11hm_next_dist_0m6rgog._.js:2441
[    1695ms] [LOG] [DEBUG] Renderizando celda: {columnId: email, isReference: undefined, value: Object} @ http://localhost:3000/_next/static/chunks/11hm_next_dist_0m6rgog._.js:2441
[    1695ms] [LOG] [DEBUG] Renderizando celda: {columnId: telefono, isReference: undefined, value: Object} @ http://localhost:3000/_next/static/chunks/11hm_next_dist_0m6rgog._.js:2441
[    1695ms] [LOG] [DEBUG] Renderizando celda: {columnId: telefono, isReference: undefined, value: Object} @ http://localhost:3000/_next/static/chunks/11hm_next_dist_0m6rgog._.js:2441
[    1695ms] [LOG] [DEBUG] Renderizando celda: {columnId: ciudad, isReference: undefined, value: Object} @ http://localhost:3000/_next/static/chunks/11hm_next_dist_0m6rgog._.js:2441
[    1695ms] [LOG] [DEBUG] Renderizando celda: {columnId: ciudad, isReference: undefined, value: Object} @ http://localhost:3000/_next/static/chunks/11hm_next_dist_0m6rgog._.js:2441
[    1695ms] [LOG] [DEBUG] Renderizando celda: {columnId: rol, isReference: undefined, value: Object} @ http://localhost:3000/_next/static/chunks/11hm_next_dist_0m6rgog._.js:2441
[    1695ms] [LOG] [DEBUG] Renderizando celda: {columnId: rol, isReference: undefined, value: Object} @ http://localhost:3000/_next/static/chunks/11hm_next_dist_0m6rgog._.js:2441
[    1695ms] [LOG] [DEBUG] Renderizando celda: {columnId: estado, isReference: undefined, value: Object} @ http://localhost:3000/_next/static/chunks/11hm_next_dist_0m6rgog._.js:2441
[    1695ms] [LOG] [DEBUG] Renderizando celda: {columnId: estado, isReference: undefined, value: Object} @ http://localhost:3000/_next/static/chunks/11hm_next_dist_0m6rgog._.js:2441
[    1695ms] [LOG] [DEBUG] Renderizando celda: {columnId: fechaRegistro, isReference: undefined, value: Object} @ http://localhost:3000/_next/static/chunks/11hm_next_dist_0m6rgog._.js:2441
[    1695ms] [LOG] [DEBUG] Renderizando celda: {columnId: fechaRegistro, isReference: undefined, value: Object} @ http://localhost:3000/_next/static/chunks/11hm_next_dist_0m6rgog._.js:2441
[    1695ms] [LOG] [DEBUG] Renderizando celda: {columnId: ultimoContacto, isReference: undefined, value: Object} @ http://localhost:3000/_next/static/chunks/11hm_next_dist_0m6rgog._.js:2441
[    1695ms] [LOG] [DEBUG] Renderizando celda: {columnId: ultimoContacto, isReference: undefined, value: Object} @ http://localhost:3000/_next/static/chunks/11hm_next_dist_0m6rgog._.js:2441
[    1695ms] [LOG] [DEBUG] Renderizando celda: {columnId: valorTotal, isReference: undefined, value: Object} @ http://localhost:3000/_next/static/chunks/11hm_next_dist_0m6rgog._.js:2441
[    1695ms] [LOG] [DEBUG] Renderizando celda: {columnId: valorTotal, isReference: undefined, value: Object} @ http://localhost:3000/_next/static/chunks/11hm_next_dist_0m6rgog._.js:2441
[    1695ms] [LOG] [DEBUG] Renderizando celda: {columnId: satisfaccion, isReference: undefined, value: Object} @ http://localhost:3000/_next/static/chunks/11hm_next_dist_0m6rgog._.js:2441
[    1695ms] [LOG] [DEBUG] Renderizando celda: {columnId: satisfaccion, isReference: undefined, value: Object} @ http://localhost:3000/_next/static/chunks/11hm_next_dist_0m6rgog._.js:2441
[    1696ms] [LOG] [DEBUG] Renderizando celda: {columnId: activo, isReference: undefined, value: Object} @ http://localhost:3000/_next/static/chunks/11hm_next_dist_0m6rgog._.js:2441
[    1696ms] [LOG] [DEBUG] Renderizando celda: {columnId: activo, isReference: undefined, value: Object} @ http://localhost:3000/_next/static/chunks/11hm_next_dist_0m6rgog._.js:2441
[    1696ms] [LOG] [DEBUG] Renderizando celda: {columnId: id, isReference: undefined, value: Object} @ http://localhost:3000/_next/static/chunks/11hm_next_dist_0m6rgog._.js:2441
[    1697ms] [LOG] [DEBUG] Renderizando celda: {columnId: id, isReference: undefined, value: Object} @ http://localhost:3000/_next/static/chunks/11hm_next_dist_0m6rgog._.js:2441
[    1697ms] [LOG] [DEBUG] Renderizando celda: {columnId: nombre, isReference: undefined, value: Object} @ http://localhost:3000/_next/static/chunks/11hm_next_dist_0m6rgog._.js:2441
[    1697ms] [LOG] [DEBUG] Renderizando celda: {columnId: nombre, isReference: undefined, value: Object} @ http://localhost:3000/_next/static/chunks/11hm_next_dist_0m6rgog._.js:2441
[    1697ms] [LOG] [DEBUG] Renderizando celda: {columnId: email, isReference: undefined, value: Object} @ http://localhost:3000/_next/static/chunks/11hm_next_dist_0m6rgog._.js:2441
[    1697ms] [LOG] [DEBUG] Renderizando celda: {columnId: email, isReference: undefined, value: Object} @ http://localhost:3000/_next/static/chunks/11hm_next_dist_0m6rgog._.js:2441
[    1697ms] [LOG] [DEBUG] Renderizando celda: {columnId: telefono, isReference: undefined, value: Object} @ http://localhost:3000/_next/static/chunks/11hm_next_dist_0m6rgog._.js:2441
[    1697ms] [LOG] [DEBUG] Renderizando celda: {columnId: telefono, isReference: undefined, value: Object} @ http://localhost:3000/_next/static/chunks/11hm_next_dist_0m6rgog._.js:2441
[    1697ms] [LOG] [DEBUG] Renderizando celda: {columnId: ciudad, isReference: undefined, value: Object} @ http://localhost:3000/_next/static/chunks/11hm_next_dist_0m6rgog._.js:2441
[    1697ms] [LOG] [DEBUG] Renderizando celda: {columnId: ciudad, isReference: undefined, value: Object} @ http://localhost:3000/_next/static/chunks/11hm_next_dist_0m6rgog._.js:2441
[    1697ms] [LOG] [DEBUG] Renderizando celda: {columnId: rol, isReference: undefined, value: Object} @ http://localhost:3000/_next/static/chunks/11hm_next_dist_0m6rgog._.js:2441
[    1697ms] [LOG] [DEBUG] Renderizando celda: {columnId: rol, isReference: undefined, value: Object} @ http://localhost:3000/_next/static/chunks/11hm_next_dist_0m6rgog._.js:2441
[    1697ms] [LOG] [DEBUG] Renderizando celda: {columnId: estado, isReference: undefined, value: Object} @ http://localhost:3000/_next/static/chunks/11hm_next_dist_0m6rgog._.js:2441
[    1697ms] [LOG] [DEBUG] Renderizando celda: {columnId: estado, isReference: undefined, value: Object} @ http://localhost:3000/_next/static/chunks/11hm_next_dist_0m6rgog._.js:2441
[    1697ms] [LOG] [DEBUG] Renderizando celda: {columnId: fechaRegistro, isReference: undefined, value: Object} @ http://localhost:3000/_next/static/chunks/11hm_next_dist_0m6rgog._.js:2441
[    1697ms] [LOG] [DEBUG] Renderizando celda: {columnId: fechaRegistro, isReference: undefined, value: Object} @ http://localhost:3000/_next/static/chunks/11hm_next_dist_0m6rgog._.js:2441
[    1698ms] [LOG] [DEBUG] Renderizando celda: {columnId: ultimoContacto, isReference: undefined, value: Object} @ http://localhost:3000/_next/static/chunks/11hm_next_dist_0m6rgog._.js:2441
[    1698ms] [LOG] [DEBUG] Renderizando celda: {columnId: ultimoContacto, isReference: undefined, value: Object} @ http://localhost:3000/_next/static/chunks/11hm_next_dist_0m6rgog._.js:2441
[    1698ms] [LOG] [DEBUG] Renderizando celda: {columnId: valorTotal, isReference: undefined, value: Object} @ http://localhost:3000/_next/static/chunks/11hm_next_dist_0m6rgog._.js:2441
[    1698ms] [LOG] [DEBUG] Renderizando celda: {columnId: valorTotal, isReference: undefined, value: Object} @ http://localhost:3000/_next/static/chunks/11hm_next_dist_0m6rgog._.js:2441
[    1698ms] [LOG] [DEBUG] Renderizando celda: {columnId: satisfaccion, isReference: undefined, value: Object} @ http://localhost:3000/_next/static/chunks/11hm_next_dist_0m6rgog._.js:2441
[    1698ms] [LOG] [DEBUG] Renderizando celda: {columnId: satisfaccion, isReference: undefined, value: Object} @ http://localhost:3000/_next/static/chunks/11hm_next_dist_0m6rgog._.js:2441
[    1698ms] [LOG] [DEBUG] Renderizando celda: {columnId: activo, isReference: undefined, value: Object} @ http://localhost:3000/_next/static/chunks/11hm_next_dist_0m6rgog._.js:2441
[    1698ms] [LOG] [DEBUG] Renderizando celda: {columnId: activo, isReference: undefined, value: Object} @ http://localhost:3000/_next/static/chunks/11hm_next_dist_0m6rgog._.js:2441
[    1699ms] [LOG] [DEBUG] Renderizando celda: {columnId: id, isReference: undefined, value: Object} @ http://localhost:3000/_next/static/chunks/11hm_next_dist_0m6rgog._.js:2441
[    1699ms] [LOG] [DEBUG] Renderizando celda: {columnId: id, isReference: undefined, value: Object} @ http://localhost:3000/_next/static/chunks/11hm_next_dist_0m6rgog._.js:2441
[    1699ms] [LOG] [DEBUG] Renderizando celda: {columnId: nombre, isReference: undefined, value: Object} @ http://localhost:3000/_next/static/chunks/11hm_next_dist_0m6rgog._.js:2441
[    1699ms] [LOG] [DEBUG] Renderizando celda: {columnId: nombre, isReference: undefined, value: Object} @ http://localhost:3000/_next/static/chunks/11hm_next_dist_0m6rgog._.js:2441
[    1699ms] [LOG] [DEBUG] Renderizando celda: {columnId: email, isReference: undefined, value: Object} @ http://localhost:3000/_next/static/chunks/11hm_next_dist_0m6rgog._.js:2441
[    1699ms] [LOG] [DEBUG] Renderizando celda: {columnId: email, isReference: undefined, value: Object} @ http://localhost:3000/_next/static/chunks/11hm_next_dist_0m6rgog._.js:2441
[    1699ms] [LOG] [DEBUG] Renderizando celda: {columnId: telefono, isReference: undefined, value: Object} @ http://localhost:3000/_next/static/chunks/11hm_next_dist_0m6rgog._.js:2441
[    1699ms] [LOG] [DEBUG] Renderizando celda: {columnId: telefono, isReference: undefined, value: Object} @ http://localhost:3000/_next/static/chunks/11hm_next_dist_0m6rgog._.js:2441
[    1699ms] [LOG] [DEBUG] Renderizando celda: {columnId: ciudad, isReference: undefined, value: Object} @ http://localhost:3000/_next/static/chunks/11hm_next_dist_0m6rgog._.js:2441
[    1699ms] [LOG] [DEBUG] Renderizando celda: {columnId: ciudad, isReference: undefined, value: Object} @ http://localhost:3000/_next/static/chunks/11hm_next_dist_0m6rgog._.js:2441
[    1699ms] [LOG] [DEBUG] Renderizando celda: {columnId: rol, isReference: undefined, value: Object} @ http://localhost:3000/_next/static/chunks/11hm_next_dist_0m6rgog._.js:2441
[    1699ms] [LOG] [DEBUG] Renderizando celda: {columnId: rol, isReference: undefined, value: Object} @ http://localhost:3000/_next/static/chunks/11hm_next_dist_0m6rgog._.js:2441
[    1699ms] [LOG] [DEBUG] Renderizando celda: {columnId: estado, isReference: undefined, value: Object} @ http://localhost:3000/_next/static/chunks/11hm_next_dist_0m6rgog._.js:2441
[    1699ms] [LOG] [DEBUG] Renderizando celda: {columnId: estado, isReference: undefined, value: Object} @ http://localhost:3000/_next/static/chunks/11hm_next_dist_0m6rgog._.js:2441
[    1699ms] [LOG] [DEBUG] Renderizando celda: {columnId: fechaRegistro, isReference: undefined, value: Object} @ http://localhost:3000/_next/static/chunks/11hm_next_dist_0m6rgog._.js:2441
[    1699ms] [LOG] [DEBUG] Renderizando celda: {columnId: fechaRegistro, isReference: undefined, value: Object} @ http://localhost:3000/_next/static/chunks/11hm_next_dist_0m6rgog._.js:2441
[    1700ms] [LOG] [DEBUG] Renderizando celda: {columnId: ultimoContacto, isReference: undefined, value: Object} @ http://localhost:3000/_next/static/chunks/11hm_next_dist_0m6rgog._.js:2441
[    1700ms] [LOG] [DEBUG] Renderizando celda: {columnId: ultimoContacto, isReference: undefined, value: Object} @ http://localhost:3000/_next/static/chunks/11hm_next_dist_0m6rgog._.js:2441
[    1700ms] [LOG] [DEBUG] Renderizando celda: {columnId: valorTotal, isReference: undefined, value: Object} @ http://localhost:3000/_next/static/chunks/11hm_next_dist_0m6rgog._.js:2441
[    1700ms] [LOG] [DEBUG] Renderizando celda: {columnId: valorTotal, isReference: undefined, value: Object} @ http://localhost:3000/_next/static/chunks/11hm_next_dist_0m6rgog._.js:2441
[    1700ms] [LOG] [DEBUG] Renderizando celda: {columnId: satisfaccion, isReference: undefined, value: Object} @ http://localhost:3000/_next/static/chunks/11hm_next_dist_0m6rgog._.js:2441
[    1700ms] [LOG] [DEBUG] Renderizando celda: {columnId: satisfaccion, isReference: undefined, value: Object} @ http://localhost:3000/_next/static/chunks/11hm_next_dist_0m6rgog._.js:2441
[    1700ms] [LOG] [DEBUG] Renderizando celda: {columnId: activo, isReference: undefined, value: Object} @ http://localhost:3000/_next/static/chunks/11hm_next_dist_0m6rgog._.js:2441
[    1700ms] [LOG] [DEBUG] Renderizando celda: {columnId: activo, isReference: undefined, value: Object} @ http://localhost:3000/_next/static/chunks/11hm_next_dist_0m6rgog._.js:2441
[    1701ms] [LOG] [DEBUG] Renderizando celda: {columnId: id, isReference: undefined, value: Object} @ http://localhost:3000/_next/static/chunks/11hm_next_dist_0m6rgog._.js:2441
[    1701ms] [LOG] [DEBUG] Renderizando celda: {columnId: id, isReference: undefined, value: Object} @ http://localhost:3000/_next/static/chunks/11hm_next_dist_0m6rgog._.js:2441
[    1701ms] [LOG] [DEBUG] Renderizando celda: {columnId: nombre, isReference: undefined, value: Object} @ http://localhost:3000/_next/static/chunks/11hm_next_dist_0m6rgog._.js:2441
[    1701ms] [LOG] [DEBUG] Renderizando celda: {columnId: nombre, isReference: undefined, value: Object} @ http://localhost:3000/_next/static/chunks/11hm_next_dist_0m6rgog._.js:2441
[    1701ms] [LOG] [DEBUG] Renderizando celda: {columnId: email, isReference: undefined, value: Object} @ http://localhost:3000/_next/static/chunks/11hm_next_dist_0m6rgog._.js:2441
[    1701ms] [LOG] [DEBUG] Renderizando celda: {columnId: email, isReference: undefined, value: Object} @ http://localhost:3000/_next/static/chunks/11hm_next_dist_0m6rgog._.js:2441
[    1701ms] [LOG] [DEBUG] Renderizando celda: {columnId: telefono, isReference: undefined, value: Object} @ http://localhost:3000/_next/static/chunks/11hm_next_dist_0m6rgog._.js:2441
[    1701ms] [LOG] [DEBUG] Renderizando celda: {columnId: telefono, isReference: undefined, value: Object} @ http://localhost:3000/_next/static/chunks/11hm_next_dist_0m6rgog._.js:2441
[    1701ms] [LOG] [DEBUG] Renderizando celda: {columnId: ciudad, isReference: undefined, value: Object} @ http://localhost:3000/_next/static/chunks/11hm_next_dist_0m6rgog._.js:2441
[    1701ms] [LOG] [DEBUG] Renderizando celda: {columnId: ciudad, isReference: undefined, value: Object} @ http://localhost:3000/_next/static/chunks/11hm_next_dist_0m6rgog._.js:2441
[    1701ms] [LOG] [DEBUG] Renderizando celda: {columnId: rol, isReference: undefined, value: Object} @ http://localhost:3000/_next/static/chunks/11hm_next_dist_0m6rgog._.js:2441
[    1701ms] [LOG] [DEBUG] Renderizando celda: {columnId: rol, isReference: undefined, value: Object} @ http://localhost:3000/_next/static/chunks/11hm_next_dist_0m6rgog._.js:2441
[    1701ms] [LOG] [DEBUG] Renderizando celda: {columnId: estado, isReference: undefined, value: Object} @ http://localhost:3000/_next/static/chunks/11hm_next_dist_0m6rgog._.js:2441
[    1701ms] [LOG] [DEBUG] Renderizando celda: {columnId: estado, isReference: undefined, value: Object} @ http://localhost:3000/_next/static/chunks/11hm_next_dist_0m6rgog._.js:2441
[    1701ms] [LOG] [DEBUG] Renderizando celda: {columnId: fechaRegistro, isReference: undefined, value: Object} @ http://localhost:3000/_next/static/chunks/11hm_next_dist_0m6rgog._.js:2441
[    1701ms] [LOG] [DEBUG] Renderizando celda: {columnId: fechaRegistro, isReference: undefined, value: Object} @ http://localhost:3000/_next/static/chunks/11hm_next_dist_0m6rgog._.js:2441
[    1702ms] [LOG] [DEBUG] Renderizando celda: {columnId: ultimoContacto, isReference: undefined, value: Object} @ http://localhost:3000/_next/static/chunks/11hm_next_dist_0m6rgog._.js:2441
[    1702ms] [LOG] [DEBUG] Renderizando celda: {columnId: ultimoContacto, isReference: undefined, value: Object} @ http://localhost:3000/_next/static/chunks/11hm_next_dist_0m6rgog._.js:2441
[    1702ms] [LOG] [DEBUG] Renderizando celda: {columnId: valorTotal, isReference: undefined, value: Object} @ http://localhost:3000/_next/static/chunks/11hm_next_dist_0m6rgog._.js:2441
[    1702ms] [LOG] [DEBUG] Renderizando celda: {columnId: valorTotal, isReference: undefined, value: Object} @ http://localhost:3000/_next/static/chunks/11hm_next_dist_0m6rgog._.js:2441
[    1702ms] [LOG] [DEBUG] Renderizando celda: {columnId: satisfaccion, isReference: undefined, value: Object} @ http://localhost:3000/_next/static/chunks/11hm_next_dist_0m6rgog._.js:2441
[    1702ms] [LOG] [DEBUG] Renderizando celda: {columnId: satisfaccion, isReference: undefined, value: Object} @ http://localhost:3000/_next/static/chunks/11hm_next_dist_0m6rgog._.js:2441
[    1702ms] [LOG] [DEBUG] Renderizando celda: {columnId: activo, isReference: undefined, value: Object} @ http://localhost:3000/_next/static/chunks/11hm_next_dist_0m6rgog._.js:2441
[    1702ms] [LOG] [DEBUG] Renderizando celda: {columnId: activo, isReference: undefined, value: Object} @ http://localhost:3000/_next/static/chunks/11hm_next_dist_0m6rgog._.js:2441
[    1702ms] [LOG] [DEBUG] Renderizando celda: {columnId: id, isReference: undefined, value: Object} @ http://localhost:3000/_next/static/chunks/11hm_next_dist_0m6rgog._.js:2441
[    1703ms] [LOG] [DEBUG] Renderizando celda: {columnId: id, isReference: undefined, value: Object} @ http://localhost:3000/_next/static/chunks/11hm_next_dist_0m6rgog._.js:2441
[    1703ms] [LOG] [DEBUG] Renderizando celda: {columnId: nombre, isReference: undefined, value: Object} @ http://localhost:3000/_next/static/chunks/11hm_next_dist_0m6rgog._.js:2441
[    1703ms] [LOG] [DEBUG] Renderizando celda: {columnId: nombre, isReference: undefined, value: Object} @ http://localhost:3000/_next/static/chunks/11hm_next_dist_0m6rgog._.js:2441
[    1703ms] [LOG] [DEBUG] Renderizando celda: {columnId: email, isReference: undefined, value: Object} @ http://localhost:3000/_next/static/chunks/11hm_next_dist_0m6rgog._.js:2441
[    1703ms] [LOG] [DEBUG] Renderizando celda: {columnId: email, isReference: undefined, value: Object} @ http://localhost:3000/_next/static/chunks/11hm_next_dist_0m6rgog._.js:2441
[    1703ms] [LOG] [DEBUG] Renderizando celda: {columnId: telefono, isReference: undefined, value: Object} @ http://localhost:3000/_next/static/chunks/11hm_next_dist_0m6rgog._.js:2441
[    1703ms] [LOG] [DEBUG] Renderizando celda: {columnId: telefono, isReference: undefined, value: Object} @ http://localhost:3000/_next/static/chunks/11hm_next_dist_0m6rgog._.js:2441
[    1703ms] [LOG] [DEBUG] Renderizando celda: {columnId: ciudad, isReference: undefined, value: Object} @ http://localhost:3000/_next/static/chunks/11hm_next_dist_0m6rgog._.js:2441
[    1703ms] [LOG] [DEBUG] Renderizando celda: {columnId: ciudad, isReference: undefined, value: Object} @ http://localhost:3000/_next/static/chunks/11hm_next_dist_0m6rgog._.js:2441
[    1703ms] [LOG] [DEBUG] Renderizando celda: {columnId: rol, isReference: undefined, value: Object} @ http://localhost:3000/_next/static/chunks/11hm_next_dist_0m6rgog._.js:2441
[    1703ms] [LOG] [DEBUG] Renderizando celda: {columnId: rol, isReference: undefined, value: Object} @ http://localhost:3000/_next/static/chunks/11hm_next_dist_0m6rgog._.js:2441
[    1703ms] [LOG] [DEBUG] Renderizando celda: {columnId: estado, isReference: undefined, value: Object} @ http://localhost:3000/_next/static/chunks/11hm_next_dist_0m6rgog._.js:2441
[    1703ms] [LOG] [DEBUG] Renderizando celda: {columnId: estado, isReference: undefined, value: Object} @ http://localhost:3000/_next/static/chunks/11hm_next_dist_0m6rgog._.js:2441
[    1703ms] [LOG] [DEBUG] Renderizando celda: {columnId: fechaRegistro, isReference: undefined, value: Object} @ http://localhost:3000/_next/static/chunks/11hm_next_dist_0m6rgog._.js:2441
[    1703ms] [LOG] [DEBUG] Renderizando celda: {columnId: fechaRegistro, isReference: undefined, value: Object} @ http://localhost:3000/_next/static/chunks/11hm_next_dist_0m6rgog._.js:2441
[    1703ms] [LOG] [DEBUG] Renderizando celda: {columnId: ultimoContacto, isReference: undefined, value: Object} @ http://localhost:3000/_next/static/chunks/11hm_next_dist_0m6rgog._.js:2441
[    1703ms] [LOG] [DEBUG] Renderizando celda: {columnId: ultimoContacto, isReference: undefined, value: Object} @ http://localhost:3000/_next/static/chunks/11hm_next_dist_0m6rgog._.js:2441
[    1704ms] [LOG] [DEBUG] Renderizando celda: {columnId: valorTotal, isReference: undefined, value: Object} @ http://localhost:3000/_next/static/chunks/11hm_next_dist_0m6rgog._.js:2441
[    1704ms] [LOG] [DEBUG] Renderizando celda: {columnId: valorTotal, isReference: undefined, value: Object} @ http://localhost:3000/_next/static/chunks/11hm_next_dist_0m6rgog._.js:2441
[    1704ms] [LOG] [DEBUG] Renderizando celda: {columnId: satisfaccion, isReference: undefined, value: Object} @ http://localhost:3000/_next/static/chunks/11hm_next_dist_0m6rgog._.js:2441
[    1704ms] [LOG] [DEBUG] Renderizando celda: {columnId: satisfaccion, isReference: undefined, value: Object} @ http://localhost:3000/_next/static/chunks/11hm_next_dist_0m6rgog._.js:2441
[    1704ms] [LOG] [DEBUG] Renderizando celda: {columnId: activo, isReference: undefined, value: Object} @ http://localhost:3000/_next/static/chunks/11hm_next_dist_0m6rgog._.js:2441
[    1704ms] [LOG] [DEBUG] Renderizando celda: {columnId: activo, isReference: undefined, value: Object} @ http://localhost:3000/_next/static/chunks/11hm_next_dist_0m6rgog._.js:2441
[    1704ms] [LOG] [DEBUG] Renderizando celda: {columnId: id, isReference: undefined, value: Object} @ http://localhost:3000/_next/static/chunks/11hm_next_dist_0m6rgog._.js:2441
[    1704ms] [LOG] [DEBUG] Renderizando celda: {columnId: id, isReference: undefined, value: Object} @ http://localhost:3000/_next/static/chunks/11hm_next_dist_0m6rgog._.js:2441
[    1704ms] [LOG] [DEBUG] Renderizando celda: {columnId: nombre, isReference: undefined, value: Object} @ http://localhost:3000/_next/static/chunks/11hm_next_dist_0m6rgog._.js:2441
[    1704ms] [LOG] [DEBUG] Renderizando celda: {columnId: nombre, isReference: undefined, value: Object} @ http://localhost:3000/_next/static/chunks/11hm_next_dist_0m6rgog._.js:2441
[    1705ms] [LOG] [DEBUG] Renderizando celda: {columnId: email, isReference: undefined, value: Object} @ http://localhost:3000/_next/static/chunks/11hm_next_dist_0m6rgog._.js:2441
[    1705ms] [LOG] [DEBUG] Renderizando celda: {columnId: email, isReference: undefined, value: Object} @ http://localhost:3000/_next/static/chunks/11hm_next_dist_0m6rgog._.js:2441
[    1705ms] [LOG] [DEBUG] Renderizando celda: {columnId: telefono, isReference: undefined, value: Object} @ http://localhost:3000/_next/static/chunks/11hm_next_dist_0m6rgog._.js:2441
[    1705ms] [LOG] [DEBUG] Renderizando celda: {columnId: telefono, isReference: undefined, value: Object} @ http://localhost:3000/_next/static/chunks/11hm_next_dist_0m6rgog._.js:2441
[    1705ms] [LOG] [DEBUG] Renderizando celda: {columnId: ciudad, isReference: undefined, value: Object} @ http://localhost:3000/_next/static/chunks/11hm_next_dist_0m6rgog._.js:2441
[    1705ms] [LOG] [DEBUG] Renderizando celda: {columnId: ciudad, isReference: undefined, value: Object} @ http://localhost:3000/_next/static/chunks/11hm_next_dist_0m6rgog._.js:2441
[    1705ms] [LOG] [DEBUG] Renderizando celda: {columnId: rol, isReference: undefined, value: Object} @ http://localhost:3000/_next/static/chunks/11hm_next_dist_0m6rgog._.js:2441
[    1705ms] [LOG] [DEBUG] Renderizando celda: {columnId: rol, isReference: undefined, value: Object} @ http://localhost:3000/_next/static/chunks/11hm_next_dist_0m6rgog._.js:2441
[    1705ms] [LOG] [DEBUG] Renderizando celda: {columnId: estado, isReference: undefined, value: Object} @ http://localhost:3000/_next/static/chunks/11hm_next_dist_0m6rgog._.js:2441
[    1705ms] [LOG] [DEBUG] Renderizando celda: {columnId: estado, isReference: undefined, value: Object} @ http://localhost:3000/_next/static/chunks/11hm_next_dist_0m6rgog._.js:2441
[    1705ms] [LOG] [DEBUG] Renderizando celda: {columnId: fechaRegistro, isReference: undefined, value: Object} @ http://localhost:3000/_next/static/chunks/11hm_next_dist_0m6rgog._.js:2441
[    1705ms] [LOG] [DEBUG] Renderizando celda: {columnId: fechaRegistro, isReference: undefined, value: Object} @ http://localhost:3000/_next/static/chunks/11hm_next_dist_0m6rgog._.js:2441
[    1705ms] [LOG] [DEBUG] Renderizando celda: {columnId: ultimoContacto, isReference: undefined, value: Object} @ http://localhost:3000/_next/static/chunks/11hm_next_dist_0m6rgog._.js:2441
[    1705ms] [LOG] [DEBUG] Renderizando celda: {columnId: ultimoContacto, isReference: undefined, value: Object} @ http://localhost:3000/_next/static/chunks/11hm_next_dist_0m6rgog._.js:2441
[    1705ms] [LOG] [DEBUG] Renderizando celda: {columnId: valorTotal, isReference: undefined, value: Object} @ http://localhost:3000/_next/static/chunks/11hm_next_dist_0m6rgog._.js:2441
[    1705ms] [LOG] [DEBUG] Renderizando celda: {columnId: valorTotal, isReference: undefined, value: Object} @ http://localhost:3000/_next/static/chunks/11hm_next_dist_0m6rgog._.js:2441
[    1705ms] [LOG] [DEBUG] Renderizando celda: {columnId: satisfaccion, isReference: undefined, value: Object} @ http://localhost:3000/_next/static/chunks/11hm_next_dist_0m6rgog._.js:2441
[    1705ms] [LOG] [DEBUG] Renderizando celda: {columnId: satisfaccion, isReference: undefined, value: Object} @ http://localhost:3000/_next/static/chunks/11hm_next_dist_0m6rgog._.js:2441
[    1706ms] [LOG] [DEBUG] Renderizando celda: {columnId: activo, isReference: undefined, value: Object} @ http://localhost:3000/_next/static/chunks/11hm_next_dist_0m6rgog._.js:2441
[    1706ms] [LOG] [DEBUG] Renderizando celda: {columnId: activo, isReference: undefined, value: Object} @ http://localhost:3000/_next/static/chunks/11hm_next_dist_0m6rgog._.js:2441
[    1706ms] [LOG] [DEBUG] Renderizando celda: {columnId: id, isReference: undefined, value: Object} @ http://localhost:3000/_next/static/chunks/11hm_next_dist_0m6rgog._.js:2441
[    1706ms] [LOG] [DEBUG] Renderizando celda: {columnId: id, isReference: undefined, value: Object} @ http://localhost:3000/_next/static/chunks/11hm_next_dist_0m6rgog._.js:2441
[    1706ms] [LOG] [DEBUG] Renderizando celda: {columnId: nombre, isReference: undefined, value: Object} @ http://localhost:3000/_next/static/chunks/11hm_next_dist_0m6rgog._.js:2441
[    1706ms] [LOG] [DEBUG] Renderizando celda: {columnId: nombre, isReference: undefined, value: Object} @ http://localhost:3000/_next/static/chunks/11hm_next_dist_0m6rgog._.js:2441
[    1707ms] [LOG] [DEBUG] Renderizando celda: {columnId: email, isReference: undefined, value: Object} @ http://localhost:3000/_next/static/chunks/11hm_next_dist_0m6rgog._.js:2441
[    1707ms] [LOG] [DEBUG] Renderizando celda: {columnId: email, isReference: undefined, value: Object} @ http://localhost:3000/_next/static/chunks/11hm_next_dist_0m6rgog._.js:2441
[    1707ms] [LOG] [DEBUG] Renderizando celda: {columnId: telefono, isReference: undefined, value: Object} @ http://localhost:3000/_next/static/chunks/11hm_next_dist_0m6rgog._.js:2441
[    1707ms] [LOG] [DEBUG] Renderizando celda: {columnId: telefono, isReference: undefined, value: Object} @ http://localhost:3000/_next/static/chunks/11hm_next_dist_0m6rgog._.js:2441
[    1707ms] [LOG] [DEBUG] Renderizando celda: {columnId: ciudad, isReference: undefined, value: Object} @ http://localhost:3000/_next/static/chunks/11hm_next_dist_0m6rgog._.js:2441
[    1707ms] [LOG] [DEBUG] Renderizando celda: {columnId: ciudad, isReference: undefined, value: Object} @ http://localhost:3000/_next/static/chunks/11hm_next_dist_0m6rgog._.js:2441
[    1707ms] [LOG] [DEBUG] Renderizando celda: {columnId: rol, isReference: undefined, value: Object} @ http://localhost:3000/_next/static/chunks/11hm_next_dist_0m6rgog._.js:2441
[    1707ms] [LOG] [DEBUG] Renderizando celda: {columnId: rol, isReference: undefined, value: Object} @ http://localhost:3000/_next/static/chunks/11hm_next_dist_0m6rgog._.js:2441
[    1707ms] [LOG] [DEBUG] Renderizando celda: {columnId: estado, isReference: undefined, value: Object} @ http://localhost:3000/_next/static/chunks/11hm_next_dist_0m6rgog._.js:2441
[    1707ms] [LOG] [DEBUG] Renderizando celda: {columnId: estado, isReference: undefined, value: Object} @ http://localhost:3000/_next/static/chunks/11hm_next_dist_0m6rgog._.js:2441
[    1707ms] [LOG] [DEBUG] Renderizando celda: {columnId: fechaRegistro, isReference: undefined, value: Object} @ http://localhost:3000/_next/static/chunks/11hm_next_dist_0m6rgog._.js:2441
[    1707ms] [LOG] [DEBUG] Renderizando celda: {columnId: fechaRegistro, isReference: undefined, value: Object} @ http://localhost:3000/_next/static/chunks/11hm_next_dist_0m6rgog._.js:2441
[    1707ms] [LOG] [DEBUG] Renderizando celda: {columnId: ultimoContacto, isReference: undefined, value: Object} @ http://localhost:3000/_next/static/chunks/11hm_next_dist_0m6rgog._.js:2441
[    1707ms] [LOG] [DEBUG] Renderizando celda: {columnId: ultimoContacto, isReference: undefined, value: Object} @ http://localhost:3000/_next/static/chunks/11hm_next_dist_0m6rgog._.js:2441
[    1707ms] [LOG] [DEBUG] Renderizando celda: {columnId: valorTotal, isReference: undefined, value: Object} @ http://localhost:3000/_next/static/chunks/11hm_next_dist_0m6rgog._.js:2441
[    1707ms] [LOG] [DEBUG] Renderizando celda: {columnId: valorTotal, isReference: undefined, value: Object} @ http://localhost:3000/_next/static/chunks/11hm_next_dist_0m6rgog._.js:2441
[    1707ms] [LOG] [DEBUG] Renderizando celda: {columnId: satisfaccion, isReference: undefined, value: Object} @ http://localhost:3000/_next/static/chunks/11hm_next_dist_0m6rgog._.js:2441
[    1708ms] [LOG] [DEBUG] Renderizando celda: {columnId: satisfaccion, isReference: undefined, value: Object} @ http://localhost:3000/_next/static/chunks/11hm_next_dist_0m6rgog._.js:2441
[    1708ms] [LOG] [DEBUG] Renderizando celda: {columnId: activo, isReference: undefined, value: Object} @ http://localhost:3000/_next/static/chunks/11hm_next_dist_0m6rgog._.js:2441
[    1708ms] [LOG] [DEBUG] Renderizando celda: {columnId: activo, isReference: undefined, value: Object} @ http://localhost:3000/_next/static/chunks/11hm_next_dist_0m6rgog._.js:2441
[    1708ms] [LOG] [DEBUG] Renderizando celda: {columnId: id, isReference: undefined, value: Object} @ http://localhost:3000/_next/static/chunks/11hm_next_dist_0m6rgog._.js:2441
[    1708ms] [LOG] [DEBUG] Renderizando celda: {columnId: id, isReference: undefined, value: Object} @ http://localhost:3000/_next/static/chunks/11hm_next_dist_0m6rgog._.js:2441
[    1708ms] [LOG] [DEBUG] Renderizando celda: {columnId: nombre, isReference: undefined, value: Object} @ http://localhost:3000/_next/static/chunks/11hm_next_dist_0m6rgog._.js:2441
[    1708ms] [LOG] [DEBUG] Renderizando celda: {columnId: nombre, isReference: undefined, value: Object} @ http://localhost:3000/_next/static/chunks/11hm_next_dist_0m6rgog._.js:2441
[    1708ms] [LOG] [DEBUG] Renderizando celda: {columnId: email, isReference: undefined, value: Object} @ http://localhost:3000/_next/static/chunks/11hm_next_dist_0m6rgog._.js:2441
[    1708ms] [LOG] [DEBUG] Renderizando celda: {columnId: email, isReference: undefined, value: Object} @ http://localhost:3000/_next/static/chunks/11hm_next_dist_0m6rgog._.js:2441
[    1709ms] [LOG] [DEBUG] Renderizando celda: {columnId: telefono, isReference: undefined, value: Object} @ http://localhost:3000/_next/static/chunks/11hm_next_dist_0m6rgog._.js:2441
[    1709ms] [LOG] [DEBUG] Renderizando celda: {columnId: telefono, isReference: undefined, value: Object} @ http://localhost:3000/_next/static/chunks/11hm_next_dist_0m6rgog._.js:2441
[    1709ms] [LOG] [DEBUG] Renderizando celda: {columnId: ciudad, isReference: undefined, value: Object} @ http://localhost:3000/_next/static/chunks/11hm_next_dist_0m6rgog._.js:2441
[    1709ms] [LOG] [DEBUG] Renderizando celda: {columnId: ciudad, isReference: undefined, value: Object} @ http://localhost:3000/_next/static/chunks/11hm_next_dist_0m6rgog._.js:2441
[    1709ms] [LOG] [DEBUG] Renderizando celda: {columnId: rol, isReference: undefined, value: Object} @ http://localhost:3000/_next/static/chunks/11hm_next_dist_0m6rgog._.js:2441
[    1709ms] [LOG] [DEBUG] Renderizando celda: {columnId: rol, isReference: undefined, value: Object} @ http://localhost:3000/_next/static/chunks/11hm_next_dist_0m6rgog._.js:2441
[    1709ms] [LOG] [DEBUG] Renderizando celda: {columnId: estado, isReference: undefined, value: Object} @ http://localhost:3000/_next/static/chunks/11hm_next_dist_0m6rgog._.js:2441
[    1709ms] [LOG] [DEBUG] Renderizando celda: {columnId: estado, isReference: undefined, value: Object} @ http://localhost:3000/_next/static/chunks/11hm_next_dist_0m6rgog._.js:2441
[    1709ms] [LOG] [DEBUG] Renderizando celda: {columnId: fechaRegistro, isReference: undefined, value: Object} @ http://localhost:3000/_next/static/chunks/11hm_next_dist_0m6rgog._.js:2441
[    1709ms] [LOG] [DEBUG] Renderizando celda: {columnId: fechaRegistro, isReference: undefined, value: Object} @ http://localhost:3000/_next/static/chunks/11hm_next_dist_0m6rgog._.js:2441
[    1709ms] [LOG] [DEBUG] Renderizando celda: {columnId: ultimoContacto, isReference: undefined, value: Object} @ http://localhost:3000/_next/static/chunks/11hm_next_dist_0m6rgog._.js:2441
[    1709ms] [LOG] [DEBUG] Renderizando celda: {columnId: ultimoContacto, isReference: undefined, value: Object} @ http://localhost:3000/_next/static/chunks/11hm_next_dist_0m6rgog._.js:2441
[    1709ms] [LOG] [DEBUG] Renderizando celda: {columnId: valorTotal, isReference: undefined, value: Object} @ http://localhost:3000/_next/static/chunks/11hm_next_dist_0m6rgog._.js:2441
[    1709ms] [LOG] [DEBUG] Renderizando celda: {columnId: valorTotal, isReference: undefined, value: Object} @ http://localhost:3000/_next/static/chunks/11hm_next_dist_0m6rgog._.js:2441
[    1709ms] [LOG] [DEBUG] Renderizando celda: {columnId: satisfaccion, isReference: undefined, value: Object} @ http://localhost:3000/_next/static/chunks/11hm_next_dist_0m6rgog._.js:2441
[    1709ms] [LOG] [DEBUG] Renderizando celda: {columnId: satisfaccion, isReference: undefined, value: Object} @ http://localhost:3000/_next/static/chunks/11hm_next_dist_0m6rgog._.js:2441
[    1709ms] [LOG] [DEBUG] Renderizando celda: {columnId: activo, isReference: undefined, value: Object} @ http://localhost:3000/_next/static/chunks/11hm_next_dist_0m6rgog._.js:2441
[    1709ms] [LOG] [DEBUG] Renderizando celda: {columnId: activo, isReference: undefined, value: Object} @ http://localhost:3000/_next/static/chunks/11hm_next_dist_0m6rgog._.js:2441
[    1710ms] [LOG] [DEBUG] Renderizando SecondaryTables: {level: 0, parentId: undefined, isLoading: false, arrayColumnsCount: 0, arrayColumns: Array(0)} @ http://localhost:3000/_next/static/chunks/11hm_next_dist_0m6rgog._.js:2441
[    1710ms] [LOG] [DEBUG] Renderizando SecondaryTables: {level: 0, parentId: undefined, isLoading: false, arrayColumnsCount: 0, arrayColumns: Array(0)} @ http://localhost:3000/_next/static/chunks/11hm_next_dist_0m6rgog._.js:2441
[    2583ms] [ERROR] Access to fetch at 'http://localhost:3001/trpc/featureFlags.isEnabled,theme.listAllThemes?batch=1&input=%7B%220%22%3A%7B%22key%22%3A%22support-chat%22%7D%7D' from origin 'http://localhost:3000' has been blocked by CORS policy: No 'Access-Control-Allow-Origin' header is present on the requested resource. @ http://localhost:3000/es/demo/table:0
[    2583ms] [ERROR] Failed to load resource: net::ERR_FAILED @ http://localhost:3001/trpc/featureFlags.isEnabled,theme.listAllThemes?batch=1&input=%7B%220%22%3A%7B%22key%22%3A%22support-chat%22%7D%7D:0
[    4634ms] [ERROR] Access to fetch at 'http://localhost:3001/trpc/featureFlags.isEnabled,theme.listAllThemes?batch=1&input=%7B%220%22%3A%7B%22key%22%3A%22support-chat%22%7D%7D' from origin 'http://localhost:3000' has been blocked by CORS policy: No 'Access-Control-Allow-Origin' header is present on the requested resource. @ http://localhost:3000/es/demo/table:0
[    4634ms] [ERROR] Failed to load resource: net::ERR_FAILED @ http://localhost:3001/trpc/featureFlags.isEnabled,theme.listAllThemes?batch=1&input=%7B%220%22%3A%7B%22key%22%3A%22support-chat%22%7D%7D:0
[    7656ms] [LOG] [DEBUG] Valores unicos procesados: {columnId: satisfaccion, columnType: number, uniqueValues: Array(4)} @ http://localhost:3000/_next/static/chunks/11hm_next_dist_0m6rgog._.js:2441
[    7656ms] [LOG] [DEBUG] FilterFactory initialValue debug: {columnId: satisfaccion, columnType: number, propsInitialValue: undefined, currentFilter: undefined} @ http://localhost:3000/_next/static/chunks/11hm_next_dist_0m6rgog._.js:2441
[    7656ms] [LOG] [DEBUG] Filter selection for column: {columnId: satisfaccion, columnType: number, useAdaptiveFiltering: false, sampleData: Array(3)} @ http://localhost:3000/_next/static/chunks/11hm_next_dist_0m6rgog._.js:2441
[    7656ms] [LOG] [DEBUG] FILTER FACTORY - Seleccionando filtro: {columnId: satisfaccion, columnType: number, uniqueValuesCount: 4, sampleValues: Array(3)} @ http://localhost:3000/_next/static/chunks/11hm_next_dist_0m6rgog._.js:2441
[    7656ms] [LOG] [DEBUG] Valores unicos procesados: {columnId: satisfaccion, columnType: number, uniqueValues: Array(4)} @ http://localhost:3000/_next/static/chunks/11hm_next_dist_0m6rgog._.js:2441
[    7656ms] [LOG] [DEBUG] FilterFactory initialValue debug: {columnId: satisfaccion, columnType: number, propsInitialValue: undefined, currentFilter: undefined} @ http://localhost:3000/_next/static/chunks/11hm_next_dist_0m6rgog._.js:2441
[    7656ms] [LOG] [DEBUG] Filter selection for column: {columnId: satisfaccion, columnType: number, useAdaptiveFiltering: false, sampleData: Array(3)} @ http://localhost:3000/_next/static/chunks/11hm_next_dist_0m6rgog._.js:2441
[    7656ms] [LOG] [DEBUG] FILTER FACTORY - Seleccionando filtro: {columnId: satisfaccion, columnType: number, uniqueValuesCount: 4, sampleValues: Array(3)} @ http://localhost:3000/_next/static/chunks/11hm_next_dist_0m6rgog._.js:2441
[    7674ms] [WARNING] Warning: Missing `Description` or `aria-describedby={undefined}` for {DialogContent}. @ http://localhost:3000/_next/static/chunks/11hm_next_dist_0m6rgog._.js:2441
[    7676ms] [WARNING] Warning: Missing `Description` or `aria-describedby={undefined}` for {DialogContent}. @ http://localhost:3000/_next/static/chunks/11hm_next_dist_0m6rgog._.js:2441
[    8682ms] [ERROR] Access to fetch at 'http://localhost:3001/trpc/featureFlags.isEnabled,theme.listAllThemes?batch=1&input=%7B%220%22%3A%7B%22key%22%3A%22support-chat%22%7D%7D' from origin 'http://localhost:3000' has been blocked by CORS policy: No 'Access-Control-Allow-Origin' header is present on the requested resource. @ http://localhost:3000/es/demo/table:0
[    8682ms] [ERROR] Failed to load resource: net::ERR_FAILED @ http://localhost:3001/trpc/featureFlags.isEnabled,theme.listAllThemes?batch=1&input=%7B%220%22%3A%7B%22key%22%3A%22support-chat%22%7D%7D:0
[ 4054272ms] [LOG] [DEBUG] Iniciando procesamiento por lotes: {totalRows: 15, sampleSize: 100} @ http://localhost:3000/_next/static/chunks/11hm_next_dist_0m6rgog._.js:2441
[ 4054275ms] [LOG] [DEBUG] Iniciando análisis de tipos por columna... @ http://localhost:3000/_next/static/chunks/11hm_next_dist_0m6rgog._.js:2441
[ 4054275ms] [LOG] [DEBUG] Analizando columna: id {totalValores: 15, sampleSize: 15} @ http://localhost:3000/_next/static/chunks/11hm_next_dist_0m6rgog._.js:2441
[ 4054276ms] [LOG] [DEBUG] Tipo inferido para id: {type: number, normalizer: } @ http://localhost:3000/_next/static/chunks/11hm_next_dist_0m6rgog._.js:2441
[ 4054276ms] [LOG] [DEBUG] Analizando columna: nombre {totalValores: 15, sampleSize: 15} @ http://localhost:3000/_next/static/chunks/11hm_next_dist_0m6rgog._.js:2441
[ 4054277ms] [LOG] [DEBUG] Columna nombre: Tratando como string por defecto @ http://localhost:3000/_next/static/chunks/11hm_next_dist_0m6rgog._.js:2441
[ 4054277ms] [LOG] [DEBUG] Tipo inferido para nombre: {type: string, normalizer: } @ http://localhost:3000/_next/static/chunks/11hm_next_dist_0m6rgog._.js:2441
[ 4054277ms] [LOG] [DEBUG] Analizando columna: propietario {totalValores: 15, sampleSize: 15} @ http://localhost:3000/_next/static/chunks/11hm_next_dist_0m6rgog._.js:2441
[ 4054278ms] [LOG] [DEBUG] Columna propietario: Tratando como string por defecto @ http://localhost:3000/_next/static/chunks/11hm_next_dist_0m6rgog._.js:2441
[ 4054278ms] [LOG] [DEBUG] Tipo inferido para propietario: {type: string, normalizer: } @ http://localhost:3000/_next/static/chunks/11hm_next_dist_0m6rgog._.js:2441
[ 4054278ms] [LOG] [DEBUG] Analizando columna: email {totalValores: 15, sampleSize: 15} @ http://localhost:3000/_next/static/chunks/11hm_next_dist_0m6rgog._.js:2441
[ 4054278ms] [LOG] [DEBUG] Columna email: Tratando como string por defecto @ http://localhost:3000/_next/static/chunks/11hm_next_dist_0m6rgog._.js:2441
[ 4054278ms] [LOG] [DEBUG] Tipo inferido para email: {type: string, normalizer: } @ http://localhost:3000/_next/static/chunks/11hm_next_dist_0m6rgog._.js:2441
[ 4054279ms] [LOG] [DEBUG] Analizando columna: web {totalValores: 15, sampleSize: 15} @ http://localhost:3000/_next/static/chunks/11hm_next_dist_0m6rgog._.js:2441
[ 4054279ms] [LOG] [DEBUG] Columna web: Tratando como string por defecto @ http://localhost:3000/_next/static/chunks/11hm_next_dist_0m6rgog._.js:2441
[ 4054279ms] [LOG] [DEBUG] Tipo inferido para web: {type: string, normalizer: } @ http://localhost:3000/_next/static/chunks/11hm_next_dist_0m6rgog._.js:2441
[ 4054280ms] [LOG] [DEBUG] Analizando columna: logo {totalValores: 15, sampleSize: 15} @ http://localhost:3000/_next/static/chunks/11hm_next_dist_0m6rgog._.js:2441
[ 4054280ms] [LOG] [DEBUG] Columna logo: Tratando como string por defecto @ http://localhost:3000/_next/static/chunks/11hm_next_dist_0m6rgog._.js:2441
[ 4054280ms] [LOG] [DEBUG] Tipo inferido para logo: {type: string, normalizer: } @ http://localhost:3000/_next/static/chunks/11hm_next_dist_0m6rgog._.js:2441
[ 4054280ms] [LOG] [DEBUG] Analizando columna: ciudad {totalValores: 15, sampleSize: 15} @ http://localhost:3000/_next/static/chunks/11hm_next_dist_0m6rgog._.js:2441
[ 4054281ms] [LOG] [DEBUG] Columna ciudad: Tratando como string por defecto @ http://localhost:3000/_next/static/chunks/11hm_next_dist_0m6rgog._.js:2441
[ 4054281ms] [LOG] [DEBUG] Tipo inferido para ciudad: {type: string, normalizer: } @ http://localhost:3000/_next/static/chunks/11hm_next_dist_0m6rgog._.js:2441
[ 4054281ms] [LOG] [DEBUG] Analizando columna: direccion.calle {totalValores: 15, sampleSize: 15} @ http://localhost:3000/_next/static/chunks/11hm_next_dist_0m6rgog._.js:2441
[ 4054282ms] [LOG] [DEBUG] Columna direccion.calle: Tratando como string por defecto @ http://localhost:3000/_next/static/chunks/11hm_next_dist_0m6rgog._.js:2441
[ 4054282ms] [LOG] [DEBUG] Tipo inferido para direccion.calle: {type: string, normalizer: } @ http://localhost:3000/_next/static/chunks/11hm_next_dist_0m6rgog._.js:2441
[ 4054282ms] [LOG] [DEBUG] Analizando columna: direccion.codigoPostal {totalValores: 15, sampleSize: 15} @ http://localhost:3000/_next/static/chunks/11hm_next_dist_0m6rgog._.js:2441
[ 4054282ms] [LOG] [DEBUG] Columna direccion.codigoPostal: Tratando como string para valores numéricos específicos @ http://localhost:3000/_next/static/chunks/11hm_next_dist_0m6rgog._.js:2441
[ 4054282ms] [LOG] [DEBUG] Tipo inferido para direccion.codigoPostal: {type: string, normalizer: } @ http://localhost:3000/_next/static/chunks/11hm_next_dist_0m6rgog._.js:2441
[ 4054283ms] [LOG] [DEBUG] Analizando columna: direccion.provincia {totalValores: 15, sampleSize: 15} @ http://localhost:3000/_next/static/chunks/11hm_next_dist_0m6rgog._.js:2441
[ 4054283ms] [LOG] [DEBUG] Columna direccion.provincia: Tratando como string por defecto @ http://localhost:3000/_next/static/chunks/11hm_next_dist_0m6rgog._.js:2441
[ 4054283ms] [LOG] [DEBUG] Tipo inferido para direccion.provincia: {type: string, normalizer: } @ http://localhost:3000/_next/static/chunks/11hm_next_dist_0m6rgog._.js:2441
[ 4054283ms] [LOG] [DEBUG] Analizando columna: fechaApertura {totalValores: 15, sampleSize: 15} @ http://localhost:3000/_next/static/chunks/11hm_next_dist_0m6rgog._.js:2441
[ 4054284ms] [LOG] [DEBUG] Análisis de fechas para fechaApertura: {total: 15, compatibles: 15, porcentaje: 100.00%, umbral: 30.00%} @ http://localhost:3000/_next/static/chunks/11hm_next_dist_0m6rgog._.js:2441
[ 4054284ms] [LOG] [DEBUG] Columna fechaApertura: Detectado tipo fecha (confidence: 1.00) @ http://localhost:3000/_next/static/chunks/11hm_next_dist_0m6rgog._.js:2441
[ 4054284ms] [LOG] [DEBUG] Tipo inferido para fechaApertura: {type: date, normalizer: } @ http://localhost:3000/_next/static/chunks/11hm_next_dist_0m6rgog._.js:2441
[ 4054284ms] [LOG] [DEBUG] Analizando columna: activo {totalValores: 15, sampleSize: 15} @ http://localhost:3000/_next/static/chunks/11hm_next_dist_0m6rgog._.js:2441
[ 4054284ms] [LOG] [DEBUG] Tipo inferido para activo: {type: boolean, normalizer: } @ http://localhost:3000/_next/static/chunks/11hm_next_dist_0m6rgog._.js:2441
[ 4054285ms] [LOG] [DEBUG] Analizando columna: facturacionAnual {totalValores: 15, sampleSize: 15} @ http://localhost:3000/_next/static/chunks/11hm_next_dist_0m6rgog._.js:2441
[ 4054285ms] [LOG] [DEBUG] Columna facturacionAnual: Tratando como string para valores numéricos específicos @ http://localhost:3000/_next/static/chunks/11hm_next_dist_0m6rgog._.js:2441
[ 4054285ms] [LOG] [DEBUG] Tipo inferido para facturacionAnual: {type: string, normalizer: } @ http://localhost:3000/_next/static/chunks/11hm_next_dist_0m6rgog._.js:2441
[ 4054285ms] [LOG] [DEBUG] Analizando columna: empleados {totalValores: 15, sampleSize: 15} @ http://localhost:3000/_next/static/chunks/11hm_next_dist_0m6rgog._.js:2441
[ 4054286ms] [LOG] [DEBUG] Columna empleados: Detectado objectArray @ http://localhost:3000/_next/static/chunks/11hm_next_dist_0m6rgog._.js:2441
[ 4054286ms] [LOG] [DEBUG] Tipo inferido para empleados: {type: objectArray, normalizer: } @ http://localhost:3000/_next/static/chunks/11hm_next_dist_0m6rgog._.js:2441
[ 4054286ms] [LOG] [DEBUG] Analizando columna: servicios {totalValores: 15, sampleSize: 15} @ http://localhost:3000/_next/static/chunks/11hm_next_dist_0m6rgog._.js:2441
[ 4054287ms] [LOG] [DEBUG] Columna servicios: Detectado primitiveArray @ http://localhost:3000/_next/static/chunks/11hm_next_dist_0m6rgog._.js:2441
[ 4054287ms] [LOG] [DEBUG] Tipo inferido para servicios: {type: primitiveArray, normalizer: } @ http://localhost:3000/_next/static/chunks/11hm_next_dist_0m6rgog._.js:2441
[ 4054287ms] [LOG] [DEBUG] Analizando columna: membresias {totalValores: 15, sampleSize: 15} @ http://localhost:3000/_next/static/chunks/11hm_next_dist_0m6rgog._.js:2441
[ 4054287ms] [LOG] [DEBUG] Columna membresias: Detectado objectArray @ http://localhost:3000/_next/static/chunks/11hm_next_dist_0m6rgog._.js:2441
[ 4054287ms] [LOG] [DEBUG] Tipo inferido para membresias: {type: objectArray, normalizer: } @ http://localhost:3000/_next/static/chunks/11hm_next_dist_0m6rgog._.js:2441
[ 4054288ms] [LOG] [DEBUG] Analizando columna: metricas.clientesActivos {totalValores: 15, sampleSize: 15} @ http://localhost:3000/_next/static/chunks/11hm_next_dist_0m6rgog._.js:2441
[ 4054288ms] [LOG] [DEBUG] Columna metricas.clientesActivos: Detectado como número (propiedad anidada) @ http://localhost:3000/_next/static/chunks/11hm_next_dist_0m6rgog._.js:2441
[ 4054288ms] [LOG] [DEBUG] Tipo inferido para metricas.clientesActivos: {type: number, normalizer: } @ http://localhost:3000/_next/static/chunks/11hm_next_dist_0m6rgog._.js:2441
[ 4054288ms] [LOG] [DEBUG] Analizando columna: metricas.satisfaccionMedia {totalValores: 15, sampleSize: 15} @ http://localhost:3000/_next/static/chunks/11hm_next_dist_0m6rgog._.js:2441
[ 4054288ms] [LOG] [DEBUG] Columna metricas.satisfaccionMedia: Detectado como número (propiedad anidada) @ http://localhost:3000/_next/static/chunks/11hm_next_dist_0m6rgog._.js:2441
[ 4054288ms] [LOG] [DEBUG] Tipo inferido para metricas.satisfaccionMedia: {type: number, normalizer: } @ http://localhost:3000/_next/static/chunks/11hm_next_dist_0m6rgog._.js:2441
[ 4054288ms] [LOG] [DEBUG] Analizando columna: metricas.ticketMedio {totalValores: 15, sampleSize: 15} @ http://localhost:3000/_next/static/chunks/11hm_next_dist_0m6rgog._.js:2441
[ 4054289ms] [LOG] [DEBUG] Columna metricas.ticketMedio: Detectado como número (propiedad anidada) @ http://localhost:3000/_next/static/chunks/11hm_next_dist_0m6rgog._.js:2441
[ 4054289ms] [LOG] [DEBUG] Tipo inferido para metricas.ticketMedio: {type: number, normalizer: } @ http://localhost:3000/_next/static/chunks/11hm_next_dist_0m6rgog._.js:2441
[ 4054289ms] [LOG] [DEBUG] Analizando columna: etiquetas {totalValores: 15, sampleSize: 15} @ http://localhost:3000/_next/static/chunks/11hm_next_dist_0m6rgog._.js:2441
[ 4054289ms] [LOG] [DEBUG] Columna etiquetas: Detectado primitiveArray @ http://localhost:3000/_next/static/chunks/11hm_next_dist_0m6rgog._.js:2441
[ 4054289ms] [LOG] [DEBUG] Tipo inferido para etiquetas: {type: primitiveArray, normalizer: } @ http://localhost:3000/_next/static/chunks/11hm_next_dist_0m6rgog._.js:2441
[ 4054289ms] [LOG] [DEBUG] Analizando columna: notas {totalValores: 15, sampleSize: 15} @ http://localhost:3000/_next/static/chunks/11hm_next_dist_0m6rgog._.js:2441
[ 4054289ms] [LOG] [DEBUG] Columna notas: Tratando como array[objeto] por nombre específico @ http://localhost:3000/_next/static/chunks/11hm_next_dist_0m6rgog._.js:2441
[ 4054290ms] [LOG] [DEBUG] Tipo inferido para notas: {type: objectArray, normalizer: } @ http://localhost:3000/_next/static/chunks/11hm_next_dist_0m6rgog._.js:2441
[ 4054290ms] [LOG] [DEBUG] Procesando fila 0/15 @ http://localhost:3000/_next/static/chunks/11hm_next_dist_0m6rgog._.js:2441
[ 4054294ms] [LOG] [DEBUG] Iniciando procesamiento por lotes: {totalRows: 15, sampleSize: 100} @ http://localhost:3000/_next/static/chunks/11hm_next_dist_0m6rgog._.js:2441
[ 4054295ms] [LOG] [DEBUG] Iniciando análisis de tipos por columna... @ http://localhost:3000/_next/static/chunks/11hm_next_dist_0m6rgog._.js:2441
[ 4054295ms] [LOG] [DEBUG] Analizando columna: id {totalValores: 15, sampleSize: 15} @ http://localhost:3000/_next/static/chunks/11hm_next_dist_0m6rgog._.js:2441
[ 4054295ms] [LOG] [DEBUG] Tipo inferido para id: {type: number, normalizer: } @ http://localhost:3000/_next/static/chunks/11hm_next_dist_0m6rgog._.js:2441
[ 4054295ms] [LOG] [DEBUG] Analizando columna: nombre {totalValores: 15, sampleSize: 15} @ http://localhost:3000/_next/static/chunks/11hm_next_dist_0m6rgog._.js:2441
[ 4054295ms] [LOG] [DEBUG] Tipo inferido para nombre: {type: string, normalizer: } @ http://localhost:3000/_next/static/chunks/11hm_next_dist_0m6rgog._.js:2441
[ 4054295ms] [LOG] [DEBUG] Analizando columna: propietario {totalValores: 15, sampleSize: 15} @ http://localhost:3000/_next/static/chunks/11hm_next_dist_0m6rgog._.js:2441
[ 4054295ms] [LOG] [DEBUG] Tipo inferido para propietario: {type: string, normalizer: } @ http://localhost:3000/_next/static/chunks/11hm_next_dist_0m6rgog._.js:2441
[ 4054295ms] [LOG] [DEBUG] Analizando columna: email {totalValores: 15, sampleSize: 15} @ http://localhost:3000/_next/static/chunks/11hm_next_dist_0m6rgog._.js:2441
[ 4054296ms] [LOG] [DEBUG] Tipo inferido para email: {type: string, normalizer: } @ http://localhost:3000/_next/static/chunks/11hm_next_dist_0m6rgog._.js:2441
[ 4054296ms] [LOG] [DEBUG] Analizando columna: web {totalValores: 15, sampleSize: 15} @ http://localhost:3000/_next/static/chunks/11hm_next_dist_0m6rgog._.js:2441
[ 4054296ms] [LOG] [DEBUG] Tipo inferido para web: {type: string, normalizer: } @ http://localhost:3000/_next/static/chunks/11hm_next_dist_0m6rgog._.js:2441
[ 4054296ms] [LOG] [DEBUG] Analizando columna: logo {totalValores: 15, sampleSize: 15} @ http://localhost:3000/_next/static/chunks/11hm_next_dist_0m6rgog._.js:2441
[ 4054296ms] [LOG] [DEBUG] Tipo inferido para logo: {type: string, normalizer: } @ http://localhost:3000/_next/static/chunks/11hm_next_dist_0m6rgog._.js:2441
[ 4054296ms] [LOG] [DEBUG] Analizando columna: ciudad {totalValores: 15, sampleSize: 15} @ http://localhost:3000/_next/static/chunks/11hm_next_dist_0m6rgog._.js:2441
[ 4054296ms] [LOG] [DEBUG] Tipo inferido para ciudad: {type: string, normalizer: } @ http://localhost:3000/_next/static/chunks/11hm_next_dist_0m6rgog._.js:2441
[ 4054296ms] [LOG] [DEBUG] Analizando columna: direccion.calle {totalValores: 15, sampleSize: 15} @ http://localhost:3000/_next/static/chunks/11hm_next_dist_0m6rgog._.js:2441
[ 4054297ms] [LOG] [DEBUG] Tipo inferido para direccion.calle: {type: string, normalizer: } @ http://localhost:3000/_next/static/chunks/11hm_next_dist_0m6rgog._.js:2441
[ 4054297ms] [LOG] [DEBUG] Analizando columna: direccion.codigoPostal {totalValores: 15, sampleSize: 15} @ http://localhost:3000/_next/static/chunks/11hm_next_dist_0m6rgog._.js:2441
[ 4054297ms] [LOG] [DEBUG] Tipo inferido para direccion.codigoPostal: {type: string, normalizer: } @ http://localhost:3000/_next/static/chunks/11hm_next_dist_0m6rgog._.js:2441
[ 4054297ms] [LOG] [DEBUG] Analizando columna: direccion.provincia {totalValores: 15, sampleSize: 15} @ http://localhost:3000/_next/static/chunks/11hm_next_dist_0m6rgog._.js:2441
[ 4054297ms] [LOG] [DEBUG] Tipo inferido para direccion.provincia: {type: string, normalizer: } @ http://localhost:3000/_next/static/chunks/11hm_next_dist_0m6rgog._.js:2441
[ 4054297ms] [LOG] [DEBUG] Analizando columna: fechaApertura {totalValores: 15, sampleSize: 15} @ http://localhost:3000/_next/static/chunks/11hm_next_dist_0m6rgog._.js:2441
[ 4054297ms] [LOG] [DEBUG] Tipo inferido para fechaApertura: {type: date, normalizer: } @ http://localhost:3000/_next/static/chunks/11hm_next_dist_0m6rgog._.js:2441
[ 4054297ms] [LOG] [DEBUG] Analizando columna: activo {totalValores: 15, sampleSize: 15} @ http://localhost:3000/_next/static/chunks/11hm_next_dist_0m6rgog._.js:2441
[ 4054297ms] [LOG] [DEBUG] Tipo inferido para activo: {type: boolean, normalizer: } @ http://localhost:3000/_next/static/chunks/11hm_next_dist_0m6rgog._.js:2441
[ 4054298ms] [LOG] [DEBUG] Analizando columna: facturacionAnual {totalValores: 15, sampleSize: 15} @ http://localhost:3000/_next/static/chunks/11hm_next_dist_0m6rgog._.js:2441
[ 4054298ms] [LOG] [DEBUG] Tipo inferido para facturacionAnual: {type: string, normalizer: } @ http://localhost:3000/_next/static/chunks/11hm_next_dist_0m6rgog._.js:2441
[ 4054298ms] [LOG] [DEBUG] Analizando columna: empleados {totalValores: 15, sampleSize: 15} @ http://localhost:3000/_next/static/chunks/11hm_next_dist_0m6rgog._.js:2441
[ 4054298ms] [LOG] [DEBUG] Tipo inferido para empleados: {type: objectArray, normalizer: } @ http://localhost:3000/_next/static/chunks/11hm_next_dist_0m6rgog._.js:2441
[ 4054298ms] [LOG] [DEBUG] Analizando columna: servicios {totalValores: 15, sampleSize: 15} @ http://localhost:3000/_next/static/chunks/11hm_next_dist_0m6rgog._.js:2441
[ 4054298ms] [LOG] [DEBUG] Tipo inferido para servicios: {type: primitiveArray, normalizer: } @ http://localhost:3000/_next/static/chunks/11hm_next_dist_0m6rgog._.js:2441
[ 4054298ms] [LOG] [DEBUG] Analizando columna: membresias {totalValores: 15, sampleSize: 15} @ http://localhost:3000/_next/static/chunks/11hm_next_dist_0m6rgog._.js:2441
[ 4054298ms] [LOG] [DEBUG] Tipo inferido para membresias: {type: objectArray, normalizer: } @ http://localhost:3000/_next/static/chunks/11hm_next_dist_0m6rgog._.js:2441
[ 4054298ms] [LOG] [DEBUG] Analizando columna: metricas.clientesActivos {totalValores: 15, sampleSize: 15} @ http://localhost:3000/_next/static/chunks/11hm_next_dist_0m6rgog._.js:2441
[ 4054298ms] [LOG] [DEBUG] Tipo inferido para metricas.clientesActivos: {type: number, normalizer: } @ http://localhost:3000/_next/static/chunks/11hm_next_dist_0m6rgog._.js:2441
[ 4054299ms] [LOG] [DEBUG] Analizando columna: metricas.satisfaccionMedia {totalValores: 15, sampleSize: 15} @ http://localhost:3000/_next/static/chunks/11hm_next_dist_0m6rgog._.js:2441
[ 4054299ms] [LOG] [DEBUG] Tipo inferido para metricas.satisfaccionMedia: {type: number, normalizer: } @ http://localhost:3000/_next/static/chunks/11hm_next_dist_0m6rgog._.js:2441
[ 4054299ms] [LOG] [DEBUG] Analizando columna: metricas.ticketMedio {totalValores: 15, sampleSize: 15} @ http://localhost:3000/_next/static/chunks/11hm_next_dist_0m6rgog._.js:2441
[ 4054299ms] [LOG] [DEBUG] Tipo inferido para metricas.ticketMedio: {type: number, normalizer: } @ http://localhost:3000/_next/static/chunks/11hm_next_dist_0m6rgog._.js:2441
[ 4054299ms] [LOG] [DEBUG] Analizando columna: etiquetas {totalValores: 15, sampleSize: 15} @ http://localhost:3000/_next/static/chunks/11hm_next_dist_0m6rgog._.js:2441
[ 4054299ms] [LOG] [DEBUG] Tipo inferido para etiquetas: {type: primitiveArray, normalizer: } @ http://localhost:3000/_next/static/chunks/11hm_next_dist_0m6rgog._.js:2441
[ 4054299ms] [LOG] [DEBUG] Analizando columna: notas {totalValores: 15, sampleSize: 15} @ http://localhost:3000/_next/static/chunks/11hm_next_dist_0m6rgog._.js:2441
[ 4054299ms] [LOG] [DEBUG] Tipo inferido para notas: {type: objectArray, normalizer: } @ http://localhost:3000/_next/static/chunks/11hm_next_dist_0m6rgog._.js:2441
[ 4054300ms] [LOG] [DEBUG] Procesando fila 0/15 @ http://localhost:3000/_next/static/chunks/11hm_next_dist_0m6rgog._.js:2441
[ 4054301ms] [LOG] [DEBUG] Creando definicion de columna: {columnId: id, isReference: false, type: number, path: Array(1)} @ http://localhost:3000/_next/static/chunks/11hm_next_dist_0m6rgog._.js:2441
[ 4054301ms] [LOG] [DEBUG] Creando definicion de columna: {columnId: nombre, isReference: false, type: string, path: Array(1)} @ http://localhost:3000/_next/static/chunks/11hm_next_dist_0m6rgog._.js:2441
[ 4054301ms] [LOG] [DEBUG] Creando definicion de columna: {columnId: propietario, isReference: false, type: string, path: Array(1)} @ http://localhost:3000/_next/static/chunks/11hm_next_dist_0m6rgog._.js:2441
[ 4054301ms] [LOG] [DEBUG] Creando definicion de columna: {columnId: email, isReference: false, type: string, path: Array(1)} @ http://localhost:3000/_next/static/chunks/11hm_next_dist_0m6rgog._.js:2441
[ 4054302ms] [LOG] [DEBUG] Creando definicion de columna: {columnId: web, isReference: false, type: string, path: Array(1)} @ http://localhost:3000/_next/static/chunks/11hm_next_dist_0m6rgog._.js:2441
[ 4054302ms] [LOG] [DEBUG] Creando definicion de columna: {columnId: logo, isReference: false, type: string, path: Array(1)} @ http://localhost:3000/_next/static/chunks/11hm_next_dist_0m6rgog._.js:2441
[ 4054302ms] [LOG] [DEBUG] Creando definicion de columna: {columnId: ciudad, isReference: false, type: string, path: Array(1)} @ http://localhost:3000/_next/static/chunks/11hm_next_dist_0m6rgog._.js:2441
[ 4054302ms] [LOG] [DEBUG] Creando definicion de columna: {columnId: direccion.calle, isReference: false, type: string, path: Array(2)} @ http://localhost:3000/_next/static/chunks/11hm_next_dist_0m6rgog._.js:2441
[ 4054302ms] [LOG] [DEBUG] Creando definicion de columna: {columnId: direccion.codigoPostal, isReference: false, type: string, path: Array(2)} @ http://localhost:3000/_next/static/chunks/11hm_next_dist_0m6rgog._.js:2441
[ 4054302ms] [LOG] [DEBUG] Creando definicion de columna: {columnId: direccion.provincia, isReference: false, type: string, path: Array(2)} @ http://localhost:3000/_next/static/chunks/11hm_next_dist_0m6rgog._.js:2441
[ 4054302ms] [LOG] [DEBUG] Creando definicion de columna: {columnId: fechaApertura, isReference: false, type: date, path: Array(1)} @ http://localhost:3000/_next/static/chunks/11hm_next_dist_0m6rgog._.js:2441
[ 4054302ms] [LOG] [DEBUG] Creando definicion de columna: {columnId: activo, isReference: false, type: boolean, path: Array(1)} @ http://localhost:3000/_next/static/chunks/11hm_next_dist_0m6rgog._.js:2441
[ 4054302ms] [LOG] [DEBUG] Creando definicion de columna: {columnId: facturacionAnual, isReference: false, type: string, path: Array(1)} @ http://localhost:3000/_next/static/chunks/11hm_next_dist_0m6rgog._.js:2441
[ 4054302ms] [LOG] [DEBUG] Creando definicion de columna: {columnId: empleados, isReference: false, type: objectArray, path: Array(1)} @ http://localhost:3000/_next/static/chunks/11hm_next_dist_0m6rgog._.js:2441
[ 4054303ms] [LOG] [DEBUG] Creando definicion de columna: {columnId: servicios, isReference: false, type: primitiveArray, path: Array(1)} @ http://localhost:3000/_next/static/chunks/11hm_next_dist_0m6rgog._.js:2441
[ 4054303ms] [LOG] [DEBUG] Creando definicion de columna: {columnId: membresias, isReference: false, type: objectArray, path: Array(1)} @ http://localhost:3000/_next/static/chunks/11hm_next_dist_0m6rgog._.js:2441
[ 4054303ms] [LOG] [DEBUG] Creando definicion de columna: {columnId: metricas.clientesActivos, isReference: false, type: number, path: Array(2)} @ http://localhost:3000/_next/static/chunks/11hm_next_dist_0m6rgog._.js:2441
[ 4054303ms] [LOG] [DEBUG] Creando definicion de columna: {columnId: metricas.satisfaccionMedia, isReference: false, type: number, path: Array(2)} @ http://localhost:3000/_next/static/chunks/11hm_next_dist_0m6rgog._.js:2441
[ 4054303ms] [LOG] [DEBUG] Creando definicion de columna: {columnId: metricas.ticketMedio, isReference: false, type: number, path: Array(2)} @ http://localhost:3000/_next/static/chunks/11hm_next_dist_0m6rgog._.js:2441
[ 4054303ms] [LOG] [DEBUG] Creando definicion de columna: {columnId: etiquetas, isReference: false, type: primitiveArray, path: Array(1)} @ http://localhost:3000/_next/static/chunks/11hm_next_dist_0m6rgog._.js:2441
[ 4054303ms] [LOG] [DEBUG] Creando definicion de columna: {columnId: notas, isReference: false, type: objectArray, path: Array(1)} @ http://localhost:3000/_next/static/chunks/11hm_next_dist_0m6rgog._.js:2441
[ 4054303ms] [LOG] [DEBUG] Creando definicion de columna: {columnId: id, isReference: false, type: number, path: Array(1)} @ http://localhost:3000/_next/static/chunks/11hm_next_dist_0m6rgog._.js:2441
[ 4054303ms] [LOG] [DEBUG] Creando definicion de columna: {columnId: nombre, isReference: false, type: string, path: Array(1)} @ http://localhost:3000/_next/static/chunks/11hm_next_dist_0m6rgog._.js:2441
[ 4054303ms] [LOG] [DEBUG] Creando definicion de columna: {columnId: propietario, isReference: false, type: string, path: Array(1)} @ http://localhost:3000/_next/static/chunks/11hm_next_dist_0m6rgog._.js:2441
[ 4054304ms] [LOG] [DEBUG] Creando definicion de columna: {columnId: email, isReference: false, type: string, path: Array(1)} @ http://localhost:3000/_next/static/chunks/11hm_next_dist_0m6rgog._.js:2441
[ 4054304ms] [LOG] [DEBUG] Creando definicion de columna: {columnId: web, isReference: false, type: string, path: Array(1)} @ http://localhost:3000/_next/static/chunks/11hm_next_dist_0m6rgog._.js:2441
[ 4054304ms] [LOG] [DEBUG] Creando definicion de columna: {columnId: logo, isReference: false, type: string, path: Array(1)} @ http://localhost:3000/_next/static/chunks/11hm_next_dist_0m6rgog._.js:2441
[ 4054304ms] [LOG] [DEBUG] Creando definicion de columna: {columnId: ciudad, isReference: false, type: string, path: Array(1)} @ http://localhost:3000/_next/static/chunks/11hm_next_dist_0m6rgog._.js:2441
[ 4054304ms] [LOG] [DEBUG] Creando definicion de columna: {columnId: direccion.calle, isReference: false, type: string, path: Array(2)} @ http://localhost:3000/_next/static/chunks/11hm_next_dist_0m6rgog._.js:2441
[ 4054304ms] [LOG] [DEBUG] Creando definicion de columna: {columnId: direccion.codigoPostal, isReference: false, type: string, path: Array(2)} @ http://localhost:3000/_next/static/chunks/11hm_next_dist_0m6rgog._.js:2441
[ 4054304ms] [LOG] [DEBUG] Creando definicion de columna: {columnId: direccion.provincia, isReference: false, type: string, path: Array(2)} @ http://localhost:3000/_next/static/chunks/11hm_next_dist_0m6rgog._.js:2441
[ 4054304ms] [LOG] [DEBUG] Creando definicion de columna: {columnId: fechaApertura, isReference: false, type: date, path: Array(1)} @ http://localhost:3000/_next/static/chunks/11hm_next_dist_0m6rgog._.js:2441
[ 4054304ms] [LOG] [DEBUG] Creando definicion de columna: {columnId: activo, isReference: false, type: boolean, path: Array(1)} @ http://localhost:3000/_next/static/chunks/11hm_next_dist_0m6rgog._.js:2441
[ 4054304ms] [LOG] [DEBUG] Creando definicion de columna: {columnId: facturacionAnual, isReference: false, type: string, path: Array(1)} @ http://localhost:3000/_next/static/chunks/11hm_next_dist_0m6rgog._.js:2441
[ 4054304ms] [LOG] [DEBUG] Creando definicion de columna: {columnId: empleados, isReference: false, type: objectArray, path: Array(1)} @ http://localhost:3000/_next/static/chunks/11hm_next_dist_0m6rgog._.js:2441
[ 4054305ms] [LOG] [DEBUG] Creando definicion de columna: {columnId: servicios, isReference: false, type: primitiveArray, path: Array(1)} @ http://localhost:3000/_next/static/chunks/11hm_next_dist_0m6rgog._.js:2441
[ 4054305ms] [LOG] [DEBUG] Creando definicion de columna: {columnId: membresias, isReference: false, type: objectArray, path: Array(1)} @ http://localhost:3000/_next/static/chunks/11hm_next_dist_0m6rgog._.js:2441
[ 4054305ms] [LOG] [DEBUG] Creando definicion de columna: {columnId: metricas.clientesActivos, isReference: false, type: number, path: Array(2)} @ http://localhost:3000/_next/static/chunks/11hm_next_dist_0m6rgog._.js:2441
[ 4054305ms] [LOG] [DEBUG] Creando definicion de columna: {columnId: metricas.satisfaccionMedia, isReference: false, type: number, path: Array(2)} @ http://localhost:3000/_next/static/chunks/11hm_next_dist_0m6rgog._.js:2441
[ 4054305ms] [LOG] [DEBUG] Creando definicion de columna: {columnId: metricas.ticketMedio, isReference: false, type: number, path: Array(2)} @ http://localhost:3000/_next/static/chunks/11hm_next_dist_0m6rgog._.js:2441
[ 4054305ms] [LOG] [DEBUG] Creando definicion de columna: {columnId: etiquetas, isReference: false, type: primitiveArray, path: Array(1)} @ http://localhost:3000/_next/static/chunks/11hm_next_dist_0m6rgog._.js:2441
[ 4054305ms] [LOG] [DEBUG] Creando definicion de columna: {columnId: notas, isReference: false, type: objectArray, path: Array(1)} @ http://localhost:3000/_next/static/chunks/11hm_next_dist_0m6rgog._.js:2441
[ 4054305ms] [LOG] [DEBUG] Effective column order: {baseOrder: Array(14), pinnedColumnId: index, otherColumns: Array(13), hasActions: true, result: Array(15)} @ http://localhost:3000/_next/static/chunks/11hm_next_dist_0m6rgog._.js:2441
[ 4054305ms] [LOG] [DEBUG] Effective column order: {baseOrder: Array(14), pinnedColumnId: index, otherColumns: Array(13), hasActions: true, result: Array(15)} @ http://localhost:3000/_next/static/chunks/11hm_next_dist_0m6rgog._.js:2441
[ 4054319ms] [LOG] [DEBUG] Effective column order: {baseOrder: Array(14), pinnedColumnId: index, otherColumns: Array(13), hasActions: true, result: Array(15)} @ http://localhost:3000/_next/static/chunks/11hm_next_dist_0m6rgog._.js:2441
[ 4054320ms] [LOG] [DEBUG] Effective column order: {baseOrder: Array(14), pinnedColumnId: index, otherColumns: Array(13), hasActions: true, result: Array(15)} @ http://localhost:3000/_next/static/chunks/11hm_next_dist_0m6rgog._.js:2441
[ 4054421ms] [LOG] [DEBUG] Renderizando celda: {columnId: id, isReference: undefined, value: Object} @ http://localhost:3000/_next/static/chunks/11hm_next_dist_0m6rgog._.js:2441
[ 4054422ms] [LOG] [DEBUG] Renderizando celda: {columnId: id, isReference: undefined, value: Object} @ http://localhost:3000/_next/static/chunks/11hm_next_dist_0m6rgog._.js:2441
[ 4054422ms] [LOG] [DEBUG] Renderizando celda: {columnId: nombre, isReference: undefined, value: Object} @ http://localhost:3000/_next/static/chunks/11hm_next_dist_0m6rgog._.js:2441
[ 4054422ms] [LOG] [DEBUG] Renderizando celda: {columnId: nombre, isReference: undefined, value: Object} @ http://localhost:3000/_next/static/chunks/11hm_next_dist_0m6rgog._.js:2441
[ 4054422ms] [LOG] [DEBUG] Renderizando celda: {columnId: email, isReference: undefined, value: Object} @ http://localhost:3000/_next/static/chunks/11hm_next_dist_0m6rgog._.js:2441
[ 4054422ms] [LOG] [DEBUG] Renderizando celda: {columnId: email, isReference: undefined, value: Object} @ http://localhost:3000/_next/static/chunks/11hm_next_dist_0m6rgog._.js:2441
[ 4054422ms] [LOG] [DEBUG] Renderizando celda: {columnId: ciudad, isReference: undefined, value: Object} @ http://localhost:3000/_next/static/chunks/11hm_next_dist_0m6rgog._.js:2441
[ 4054422ms] [LOG] [DEBUG] Renderizando celda: {columnId: ciudad, isReference: undefined, value: Object} @ http://localhost:3000/_next/static/chunks/11hm_next_dist_0m6rgog._.js:2441
[ 4054422ms] [LOG] [DEBUG] Renderizando celda: {columnId: activo, isReference: undefined, value: Object} @ http://localhost:3000/_next/static/chunks/11hm_next_dist_0m6rgog._.js:2441
[ 4054423ms] [LOG] [DEBUG] Renderizando celda: {columnId: activo, isReference: undefined, value: Object} @ http://localhost:3000/_next/static/chunks/11hm_next_dist_0m6rgog._.js:2441
[ 4054423ms] [LOG] [DEBUG] Tipo corregido: boolean -> string {originalValue: true, originalType: boolean, detectedType: string} @ http://localhost:3000/_next/static/chunks/11hm_next_dist_0m6rgog._.js:2441
[ 4054423ms] [LOG] [DEBUG] Tipo corregido: boolean -> string {originalValue: true, originalType: boolean, detectedType: string} @ http://localhost:3000/_next/static/chunks/11hm_next_dist_0m6rgog._.js:2441
[ 4054423ms] [LOG] [DEBUG] Renderizando celda: {columnId: propietario, isReference: undefined, value: Object} @ http://localhost:3000/_next/static/chunks/11hm_next_dist_0m6rgog._.js:2441
[ 4054423ms] [LOG] [DEBUG] Renderizando celda: {columnId: propietario, isReference: undefined, value: Object} @ http://localhost:3000/_next/static/chunks/11hm_next_dist_0m6rgog._.js:2441
[ 4054423ms] [LOG] [DEBUG] Renderizando celda: {columnId: web, isReference: undefined, value: Object} @ http://localhost:3000/_next/static/chunks/11hm_next_dist_0m6rgog._.js:2441
[ 4054423ms] [LOG] [DEBUG] Renderizando celda: {columnId: web, isReference: undefined, value: Object} @ http://localhost:3000/_next/static/chunks/11hm_next_dist_0m6rgog._.js:2441
[ 4054424ms] [LOG] [DEBUG] Renderizando celda: {columnId: logo, isReference: undefined, value: Object} @ http://localhost:3000/_next/static/chunks/11hm_next_dist_0m6rgog._.js:2441
[ 4054424ms] [LOG] [DEBUG] Renderizando celda: {columnId: logo, isReference: undefined, value: Object} @ http://localhost:3000/_next/static/chunks/11hm_next_dist_0m6rgog._.js:2441
[ 4054424ms] [LOG] [DEBUG] Renderizando celda: {columnId: direccion.calle, isReference: undefined, value: Object} @ http://localhost:3000/_next/static/chunks/11hm_next_dist_0m6rgog._.js:2441
[ 4054424ms] [LOG] [DEBUG] Renderizando celda: {columnId: direccion.calle, isReference: undefined, value: Object} @ http://localhost:3000/_next/static/chunks/11hm_next_dist_0m6rgog._.js:2441
[ 4054424ms] [LOG] [DEBUG] Renderizando celda: {columnId: direccion.codigoPostal, isReference: undefined, value: Object} @ http://localhost:3000/_next/static/chunks/11hm_next_dist_0m6rgog._.js:2441
[ 4054424ms] [LOG] [DEBUG] Renderizando celda: {columnId: direccion.codigoPostal, isReference: undefined, value: Object} @ http://localhost:3000/_next/static/chunks/11hm_next_dist_0m6rgog._.js:2441
[ 4054424ms] [LOG] [DEBUG] Renderizando celda: {columnId: direccion.provincia, isReference: undefined, value: Object} @ http://localhost:3000/_next/static/chunks/11hm_next_dist_0m6rgog._.js:2441
[ 4054424ms] [LOG] [DEBUG] Renderizando celda: {columnId: direccion.provincia, isReference: undefined, value: Object} @ http://localhost:3000/_next/static/chunks/11hm_next_dist_0m6rgog._.js:2441
[ 4054424ms] [LOG] [DEBUG] Renderizando celda: {columnId: fechaApertura, isReference: undefined, value: Object} @ http://localhost:3000/_next/static/chunks/11hm_next_dist_0m6rgog._.js:2441
[ 4054425ms] [LOG] [DEBUG] Renderizando celda: {columnId: fechaApertura, isReference: undefined, value: Object} @ http://localhost:3000/_next/static/chunks/11hm_next_dist_0m6rgog._.js:2441
[ 4054425ms] [LOG] [DEBUG] Renderizando celda: {columnId: facturacionAnual, isReference: undefined, value: Object} @ http://localhost:3000/_next/static/chunks/11hm_next_dist_0m6rgog._.js:2441
[ 4054425ms] [LOG] [DEBUG] Renderizando celda: {columnId: facturacionAnual, isReference: undefined, value: Object} @ http://localhost:3000/_next/static/chunks/11hm_next_dist_0m6rgog._.js:2441
[ 4054425ms] [LOG] [DEBUG] Renderizando celda: {columnId: empleados, isReference: undefined, value: Object} @ http://localhost:3000/_next/static/chunks/11hm_next_dist_0m6rgog._.js:2441
[ 4054425ms] [LOG] [DEBUG] Renderizando celda: {columnId: empleados, isReference: undefined, value: Object} @ http://localhost:3000/_next/static/chunks/11hm_next_dist_0m6rgog._.js:2441
[ 4054425ms] [LOG] [DEBUG] Renderizando ArrayCell: {itemsLength: 4, isPrimitiveArray: false, isObjectArray: true, firstItemType: object} @ http://localhost:3000/_next/static/chunks/11hm_next_dist_0m6rgog._.js:2441
[ 4054426ms] [LOG] [DEBUG] Renderizando ArrayCell: {itemsLength: 4, isPrimitiveArray: false, isObjectArray: true, firstItemType: object} @ http://localhost:3000/_next/static/chunks/11hm_next_dist_0m6rgog._.js:2441
[ 4054431ms] [LOG] [DEBUG] Renderizando celda: {columnId: servicios, isReference: undefined, value: Object} @ http://localhost:3000/_next/static/chunks/11hm_next_dist_0m6rgog._.js:2441
[ 4054432ms] [LOG] [DEBUG] Renderizando celda: {columnId: servicios, isReference: undefined, value: Object} @ http://localhost:3000/_next/static/chunks/11hm_next_dist_0m6rgog._.js:2441
[ 4054432ms] [LOG] [DEBUG] Renderizando ArrayCell: {itemsLength: 6, isPrimitiveArray: true, isObjectArray: false, firstItemType: string} @ http://localhost:3000/_next/static/chunks/11hm_next_dist_0m6rgog._.js:2441
[ 4054432ms] [LOG] [DEBUG] Renderizando ArrayCell: {itemsLength: 6, isPrimitiveArray: true, isObjectArray: false, firstItemType: string} @ http://localhost:3000/_next/static/chunks/11hm_next_dist_0m6rgog._.js:2441
[ 4054434ms] [LOG] [DEBUG] Renderizando celda: {columnId: membresias, isReference: undefined, value: Object} @ http://localhost:3000/_next/static/chunks/11hm_next_dist_0m6rgog._.js:2441
[ 4054434ms] [LOG] [DEBUG] Renderizando celda: {columnId: membresias, isReference: undefined, value: Object} @ http://localhost:3000/_next/static/chunks/11hm_next_dist_0m6rgog._.js:2441
[ 4054434ms] [LOG] [DEBUG] Renderizando ArrayCell: {itemsLength: 2, isPrimitiveArray: false, isObjectArray: true, firstItemType: object} @ http://localhost:3000/_next/static/chunks/11hm_next_dist_0m6rgog._.js:2441
[ 4054434ms] [LOG] [DEBUG] Renderizando ArrayCell: {itemsLength: 2, isPrimitiveArray: false, isObjectArray: true, firstItemType: object} @ http://localhost:3000/_next/static/chunks/11hm_next_dist_0m6rgog._.js:2441
[ 4054437ms] [LOG] [DEBUG] Renderizando celda: {columnId: metricas.clientesActivos, isReference: undefined, value: Object} @ http://localhost:3000/_next/static/chunks/11hm_next_dist_0m6rgog._.js:2441
[ 4054437ms] [LOG] [DEBUG] Renderizando celda: {columnId: metricas.clientesActivos, isReference: undefined, value: Object} @ http://localhost:3000/_next/static/chunks/11hm_next_dist_0m6rgog._.js:2441
[ 4054437ms] [LOG] [DEBUG] Renderizando celda: {columnId: metricas.satisfaccionMedia, isReference: undefined, value: Object} @ http://localhost:3000/_next/static/chunks/11hm_next_dist_0m6rgog._.js:2441
[ 4054438ms] [LOG] [DEBUG] Renderizando celda: {columnId: metricas.satisfaccionMedia, isReference: undefined, value: Object} @ http://localhost:3000/_next/static/chunks/11hm_next_dist_0m6rgog._.js:2441
[ 4054438ms] [LOG] [DEBUG] Renderizando celda: {columnId: metricas.ticketMedio, isReference: undefined, value: Object} @ http://localhost:3000/_next/static/chunks/11hm_next_dist_0m6rgog._.js:2441
[ 4054438ms] [LOG] [DEBUG] Renderizando celda: {columnId: metricas.ticketMedio, isReference: undefined, value: Object} @ http://localhost:3000/_next/static/chunks/11hm_next_dist_0m6rgog._.js:2441
[ 4054438ms] [LOG] [DEBUG] Renderizando celda: {columnId: etiquetas, isReference: undefined, value: Object} @ http://localhost:3000/_next/static/chunks/11hm_next_dist_0m6rgog._.js:2441
[ 4054438ms] [LOG] [DEBUG] Renderizando celda: {columnId: etiquetas, isReference: undefined, value: Object} @ http://localhost:3000/_next/static/chunks/11hm_next_dist_0m6rgog._.js:2441
[ 4054438ms] [LOG] [DEBUG] Renderizando ArrayCell: {itemsLength: 3, isPrimitiveArray: true, isObjectArray: false, firstItemType: string} @ http://localhost:3000/_next/static/chunks/11hm_next_dist_0m6rgog._.js:2441
[ 4054438ms] [LOG] [DEBUG] Renderizando ArrayCell: {itemsLength: 3, isPrimitiveArray: true, isObjectArray: false, firstItemType: string} @ http://localhost:3000/_next/static/chunks/11hm_next_dist_0m6rgog._.js:2441
[ 4054439ms] [LOG] [DEBUG] Renderizando celda: {columnId: notas, isReference: undefined, value: Object} @ http://localhost:3000/_next/static/chunks/11hm_next_dist_0m6rgog._.js:2441
[ 4054439ms] [LOG] [DEBUG] Renderizando celda: {columnId: notas, isReference: undefined, value: Object} @ http://localhost:3000/_next/static/chunks/11hm_next_dist_0m6rgog._.js:2441
[ 4054439ms] [LOG] [DEBUG] Tipo corregido: objectArray -> string {originalValue: Salón de referencia en Madrid centro. Especialista…o. Han completado todos los módulos de formación., originalType: objectArray, detectedType: string} @ http://localhost:3000/_next/static/chunks/11hm_next_dist_0m6rgog._.js:2441
[ 4054439ms] [LOG] [DEBUG] Tipo corregido: objectArray -> string {originalValue: Salón de referencia en Madrid centro. Especialista…o. Han completado todos los módulos de formación., originalType: objectArray, detectedType: string} @ http://localhost:3000/_next/static/chunks/11hm_next_dist_0m6rgog._.js:2441
[ 4054442ms] [LOG] [DEBUG] Renderizando celda: {columnId: id, isReference: undefined, value: Object} @ http://localhost:3000/_next/static/chunks/11hm_next_dist_0m6rgog._.js:2441
[ 4054443ms] [LOG] [DEBUG] Renderizando celda: {columnId: id, isReference: undefined, value: Object} @ http://localhost:3000/_next/static/chunks/11hm_next_dist_0m6rgog._.js:2441
[ 4054443ms] [LOG] [DEBUG] Renderizando celda: {columnId: nombre, isReference: undefined, value: Object} @ http://localhost:3000/_next/static/chunks/11hm_next_dist_0m6rgog._.js:2441
[ 4054443ms] [LOG] [DEBUG] Renderizando celda: {columnId: nombre, isReference: undefined, value: Object} @ http://localhost:3000/_next/static/chunks/11hm_next_dist_0m6rgog._.js:2441
[ 4054443ms] [LOG] [DEBUG] Renderizando celda: {columnId: email, isReference: undefined, value: Object} @ http://localhost:3000/_next/static/chunks/11hm_next_dist_0m6rgog._.js:2441
[ 4054443ms] [LOG] [DEBUG] Renderizando celda: {columnId: email, isReference: undefined, value: Object} @ http://localhost:3000/_next/static/chunks/11hm_next_dist_0m6rgog._.js:2441
[ 4054443ms] [LOG] [DEBUG] Renderizando celda: {columnId: ciudad, isReference: undefined, value: Object} @ http://localhost:3000/_next/static/chunks/11hm_next_dist_0m6rgog._.js:2441
[ 4054443ms] [LOG] [DEBUG] Renderizando celda: {columnId: ciudad, isReference: undefined, value: Object} @ http://localhost:3000/_next/static/chunks/11hm_next_dist_0m6rgog._.js:2441
[ 4054443ms] [LOG] [DEBUG] Renderizando celda: {columnId: activo, isReference: undefined, value: Object} @ http://localhost:3000/_next/static/chunks/11hm_next_dist_0m6rgog._.js:2441
[ 4054443ms] [LOG] [DEBUG] Renderizando celda: {columnId: activo, isReference: undefined, value: Object} @ http://localhost:3000/_next/static/chunks/11hm_next_dist_0m6rgog._.js:2441
[ 4054443ms] [LOG] [DEBUG] Tipo corregido: boolean -> string {originalValue: true, originalType: boolean, detectedType: string} @ http://localhost:3000/_next/static/chunks/11hm_next_dist_0m6rgog._.js:2441
[ 4054443ms] [LOG] [DEBUG] Tipo corregido: boolean -> string {originalValue: true, originalType: boolean, detectedType: string} @ http://localhost:3000/_next/static/chunks/11hm_next_dist_0m6rgog._.js:2441
[ 4054443ms] [LOG] [DEBUG] Renderizando celda: {columnId: propietario, isReference: undefined, value: Object} @ http://localhost:3000/_next/static/chunks/11hm_next_dist_0m6rgog._.js:2441
[ 4054443ms] [LOG] [DEBUG] Renderizando celda: {columnId: propietario, isReference: undefined, value: Object} @ http://localhost:3000/_next/static/chunks/11hm_next_dist_0m6rgog._.js:2441
[ 4054444ms] [LOG] [DEBUG] Renderizando celda: {columnId: web, isReference: undefined, value: Object} @ http://localhost:3000/_next/static/chunks/11hm_next_dist_0m6rgog._.js:2441
[ 4054444ms] [LOG] [DEBUG] Renderizando celda: {columnId: web, isReference: undefined, value: Object} @ http://localhost:3000/_next/static/chunks/11hm_next_dist_0m6rgog._.js:2441
[ 4054444ms] [LOG] [DEBUG] Renderizando celda: {columnId: logo, isReference: undefined, value: Object} @ http://localhost:3000/_next/static/chunks/11hm_next_dist_0m6rgog._.js:2441
[ 4054444ms] [LOG] [DEBUG] Renderizando celda: {columnId: logo, isReference: undefined, value: Object} @ http://localhost:3000/_next/static/chunks/11hm_next_dist_0m6rgog._.js:2441
[ 4054444ms] [LOG] [DEBUG] Renderizando celda: {columnId: direccion.calle, isReference: undefined, value: Object} @ http://localhost:3000/_next/static/chunks/11hm_next_dist_0m6rgog._.js:2441
[ 4054444ms] [LOG] [DEBUG] Renderizando celda: {columnId: direccion.calle, isReference: undefined, value: Object} @ http://localhost:3000/_next/static/chunks/11hm_next_dist_0m6rgog._.js:2441
[ 4054444ms] [LOG] [DEBUG] Renderizando celda: {columnId: direccion.codigoPostal, isReference: undefined, value: Object} @ http://localhost:3000/_next/static/chunks/11hm_next_dist_0m6rgog._.js:2441
[ 4054444ms] [LOG] [DEBUG] Renderizando celda: {columnId: direccion.codigoPostal, isReference: undefined, value: Object} @ http://localhost:3000/_next/static/chunks/11hm_next_dist_0m6rgog._.js:2441
[ 4054444ms] [LOG] [DEBUG] Renderizando celda: {columnId: direccion.provincia, isReference: undefined, value: Object} @ http://localhost:3000/_next/static/chunks/11hm_next_dist_0m6rgog._.js:2441
[ 4054444ms] [LOG] [DEBUG] Renderizando celda: {columnId: direccion.provincia, isReference: undefined, value: Object} @ http://localhost:3000/_next/static/chunks/11hm_next_dist_0m6rgog._.js:2441
[ 4054444ms] [LOG] [DEBUG] Renderizando celda: {columnId: fechaApertura, isReference: undefined, value: Object} @ http://localhost:3000/_next/static/chunks/11hm_next_dist_0m6rgog._.js:2441
[ 4054445ms] [LOG] [DEBUG] Renderizando celda: {columnId: fechaApertura, isReference: undefined, value: Object} @ http://localhost:3000/_next/static/chunks/11hm_next_dist_0m6rgog._.js:2441
[ 4054445ms] [LOG] [DEBUG] Renderizando celda: {columnId: facturacionAnual, isReference: undefined, value: Object} @ http://localhost:3000/_next/static/chunks/11hm_next_dist_0m6rgog._.js:2441
[ 4054445ms] [LOG] [DEBUG] Renderizando celda: {columnId: facturacionAnual, isReference: undefined, value: Object} @ http://localhost:3000/_next/static/chunks/11hm_next_dist_0m6rgog._.js:2441
[ 4054445ms] [LOG] [DEBUG] Renderizando celda: {columnId: empleados, isReference: undefined, value: Object} @ http://localhost:3000/_next/static/chunks/11hm_next_dist_0m6rgog._.js:2441
[ 4054445ms] [LOG] [DEBUG] Renderizando celda: {columnId: empleados, isReference: undefined, value: Object} @ http://localhost:3000/_next/static/chunks/11hm_next_dist_0m6rgog._.js:2441
[ 4054445ms] [LOG] [DEBUG] Renderizando ArrayCell: {itemsLength: 6, isPrimitiveArray: false, isObjectArray: true, firstItemType: object} @ http://localhost:3000/_next/static/chunks/11hm_next_dist_0m6rgog._.js:2441
[ 4054445ms] [LOG] [DEBUG] Renderizando ArrayCell: {itemsLength: 6, isPrimitiveArray: false, isObjectArray: true, firstItemType: object} @ http://localhost:3000/_next/static/chunks/11hm_next_dist_0m6rgog._.js:2441
[ 4054447ms] [LOG] [DEBUG] Renderizando celda: {columnId: servicios, isReference: undefined, value: Object} @ http://localhost:3000/_next/static/chunks/11hm_next_dist_0m6rgog._.js:2441
[ 4054447ms] [LOG] [DEBUG] Renderizando celda: {columnId: servicios, isReference: undefined, value: Object} @ http://localhost:3000/_next/static/chunks/11hm_next_dist_0m6rgog._.js:2441
[ 4054447ms] [LOG] [DEBUG] Renderizando ArrayCell: {itemsLength: 6, isPrimitiveArray: true, isObjectArray: false, firstItemType: string} @ http://localhost:3000/_next/static/chunks/11hm_next_dist_0m6rgog._.js:2441
[ 4054447ms] [LOG] [DEBUG] Renderizando ArrayCell: {itemsLength: 6, isPrimitiveArray: true, isObjectArray: false, firstItemType: string} @ http://localhost:3000/_next/static/chunks/11hm_next_dist_0m6rgog._.js:2441
[ 4054448ms] [LOG] [DEBUG] Renderizando celda: {columnId: membresias, isReference: undefined, value: Object} @ http://localhost:3000/_next/static/chunks/11hm_next_dist_0m6rgog._.js:2441
[ 4054448ms] [LOG] [DEBUG] Renderizando celda: {columnId: membresias, isReference: undefined, value: Object} @ http://localhost:3000/_next/static/chunks/11hm_next_dist_0m6rgog._.js:2441
[ 4054448ms] [LOG] [DEBUG] Renderizando ArrayCell: {itemsLength: 2, isPrimitiveArray: false, isObjectArray: true, firstItemType: object} @ http://localhost:3000/_next/static/chunks/11hm_next_dist_0m6rgog._.js:2441
[ 4054448ms] [LOG] [DEBUG] Renderizando ArrayCell: {itemsLength: 2, isPrimitiveArray: false, isObjectArray: true, firstItemType: object} @ http://localhost:3000/_next/static/chunks/11hm_next_dist_0m6rgog._.js:2441
[ 4054449ms] [LOG] [DEBUG] Renderizando celda: {columnId: metricas.clientesActivos, isReference: undefined, value: Object} @ http://localhost:3000/_next/static/chunks/11hm_next_dist_0m6rgog._.js:2441
[ 4054449ms] [LOG] [DEBUG] Renderizando celda: {columnId: metricas.clientesActivos, isReference: undefined, value: Object} @ http://localhost:3000/_next/static/chunks/11hm_next_dist_0m6rgog._.js:2441
[ 4054449ms] [LOG] [DEBUG] Renderizando celda: {columnId: metricas.satisfaccionMedia, isReference: undefined, value: Object} @ http://localhost:3000/_next/static/chunks/11hm_next_dist_0m6rgog._.js:2441
[ 4054449ms] [LOG] [DEBUG] Renderizando celda: {columnId: metricas.satisfaccionMedia, isReference: undefined, value: Object} @ http://localhost:3000/_next/static/chunks/11hm_next_dist_0m6rgog._.js:2441
[ 4054449ms] [LOG] [DEBUG] Renderizando celda: {columnId: metricas.ticketMedio, isReference: undefined, value: Object} @ http://localhost:3000/_next/static/chunks/11hm_next_dist_0m6rgog._.js:2441
[ 4054450ms] [LOG] [DEBUG] Renderizando celda: {columnId: metricas.ticketMedio, isReference: undefined, value: Object} @ http://localhost:3000/_next/static/chunks/11hm_next_dist_0m6rgog._.js:2441
[ 4054450ms] [LOG] [DEBUG] Renderizando celda: {columnId: etiquetas, isReference: undefined, value: Object} @ http://localhost:3000/_next/static/chunks/11hm_next_dist_0m6rgog._.js:2441
[ 4054450ms] [LOG] [DEBUG] Renderizando celda: {columnId: etiquetas, isReference: undefined, value: Object} @ http://localhost:3000/_next/static/chunks/11hm_next_dist_0m6rgog._.js:2441
[ 4054450ms] [LOG] [DEBUG] Renderizando ArrayCell: {itemsLength: 4, isPrimitiveArray: true, isObjectArray: false, firstItemType: string} @ http://localhost:3000/_next/static/chunks/11hm_next_dist_0m6rgog._.js:2441
[ 4054450ms] [LOG] [DEBUG] Renderizando ArrayCell: {itemsLength: 4, isPrimitiveArray: true, isObjectArray: false, firstItemType: string} @ http://localhost:3000/_next/static/chunks/11hm_next_dist_0m6rgog._.js:2441
[ 4054450ms] [LOG] [DEBUG] Renderizando celda: {columnId: notas, isReference: undefined, value: Object} @ http://localhost:3000/_next/static/chunks/11hm_next_dist_0m6rgog._.js:2441
[ 4054450ms] [LOG] [DEBUG] Renderizando celda: {columnId: notas, isReference: undefined, value: Object} @ http://localhost:3000/_next/static/chunks/11hm_next_dist_0m6rgog._.js:2441
[ 4054450ms] [LOG] [DEBUG] Tipo corregido: objectArray -> string {originalValue: Uno de los salones más consolidados de Barcelona. …s y eventos. Tienen lista de espera de 3 semanas., originalType: objectArray, detectedType: string} @ http://localhost:3000/_next/static/chunks/11hm_next_dist_0m6rgog._.js:2441
[ 4054450ms] [LOG] [DEBUG] Tipo corregido: objectArray -> string {originalValue: Uno de los salones más consolidados de Barcelona. …s y eventos. Tienen lista de espera de 3 semanas., originalType: objectArray, detectedType: string} @ http://localhost:3000/_next/static/chunks/11hm_next_dist_0m6rgog._.js:2441
[ 4054457ms] [LOG] [DEBUG] Renderizando celda: {columnId: id, isReference: undefined, value: Object} @ http://localhost:3000/_next/static/chunks/11hm_next_dist_0m6rgog._.js:2441
[ 4054457ms] [LOG] [DEBUG] Renderizando celda: {columnId: id, isReference: undefined, value: Object} @ http://localhost:3000/_next/static/chunks/11hm_next_dist_0m6rgog._.js:2441
[ 4054457ms] [LOG] [DEBUG] Renderizando celda: {columnId: nombre, isReference: undefined, value: Object} @ http://localhost:3000/_next/static/chunks/11hm_next_dist_0m6rgog._.js:2441
[ 4054457ms] [LOG] [DEBUG] Renderizando celda: {columnId: nombre, isReference: undefined, value: Object} @ http://localhost:3000/_next/static/chunks/11hm_next_dist_0m6rgog._.js:2441
[ 4054458ms] [LOG] [DEBUG] Renderizando celda: {columnId: email, isReference: undefined, value: Object} @ http://localhost:3000/_next/static/chunks/11hm_next_dist_0m6rgog._.js:2441
[ 4054458ms] [LOG] [DEBUG] Renderizando celda: {columnId: email, isReference: undefined, value: Object} @ http://localhost:3000/_next/static/chunks/11hm_next_dist_0m6rgog._.js:2441
[ 4054458ms] [LOG] [DEBUG] Renderizando celda: {columnId: ciudad, isReference: undefined, value: Object} @ http://localhost:3000/_next/static/chunks/11hm_next_dist_0m6rgog._.js:2441
[ 4054458ms] [LOG] [DEBUG] Renderizando celda: {columnId: ciudad, isReference: undefined, value: Object} @ http://localhost:3000/_next/static/chunks/11hm_next_dist_0m6rgog._.js:2441
[ 4054458ms] [LOG] [DEBUG] Renderizando celda: {columnId: activo, isReference: undefined, value: Object} @ http://localhost:3000/_next/static/chunks/11hm_next_dist_0m6rgog._.js:2441
[ 4054458ms] [LOG] [DEBUG] Renderizando celda: {columnId: activo, isReference: undefined, value: Object} @ http://localhost:3000/_next/static/chunks/11hm_next_dist_0m6rgog._.js:2441
[ 4054458ms] [LOG] [DEBUG] Tipo corregido: boolean -> string {originalValue: true, originalType: boolean, detectedType: string} @ http://localhost:3000/_next/static/chunks/11hm_next_dist_0m6rgog._.js:2441
[ 4054458ms] [LOG] [DEBUG] Tipo corregido: boolean -> string {originalValue: true, originalType: boolean, detectedType: string} @ http://localhost:3000/_next/static/chunks/11hm_next_dist_0m6rgog._.js:2441
[ 4054458ms] [LOG] [DEBUG] Renderizando celda: {columnId: propietario, isReference: undefined, value: Object} @ http://localhost:3000/_next/static/chunks/11hm_next_dist_0m6rgog._.js:2441
[ 4054458ms] [LOG] [DEBUG] Renderizando celda: {columnId: propietario, isReference: undefined, value: Object} @ http://localhost:3000/_next/static/chunks/11hm_next_dist_0m6rgog._.js:2441
[ 4054458ms] [LOG] [DEBUG] Renderizando celda: {columnId: web, isReference: undefined, value: Object} @ http://localhost:3000/_next/static/chunks/11hm_next_dist_0m6rgog._.js:2441
[ 4054458ms] [LOG] [DEBUG] Renderizando celda: {columnId: web, isReference: undefined, value: Object} @ http://localhost:3000/_next/static/chunks/11hm_next_dist_0m6rgog._.js:2441
[ 4054458ms] [LOG] [DEBUG] Renderizando celda: {columnId: logo, isReference: undefined, value: Object} @ http://localhost:3000/_next/static/chunks/11hm_next_dist_0m6rgog._.js:2441
[ 4054458ms] [LOG] [DEBUG] Renderizando celda: {columnId: logo, isReference: undefined, value: Object} @ http://localhost:3000/_next/static/chunks/11hm_next_dist_0m6rgog._.js:2441
[ 4054458ms] [LOG] [DEBUG] Renderizando celda: {columnId: direccion.calle, isReference: undefined, value: Object} @ http://localhost:3000/_next/static/chunks/11hm_next_dist_0m6rgog._.js:2441
[ 4054459ms] [LOG] [DEBUG] Renderizando celda: {columnId: direccion.calle, isReference: undefined, value: Object} @ http://localhost:3000/_next/static/chunks/11hm_next_dist_0m6rgog._.js:2441
[ 4054459ms] [LOG] [DEBUG] Renderizando celda: {columnId: direccion.codigoPostal, isReference: undefined, value: Object} @ http://localhost:3000/_next/static/chunks/11hm_next_dist_0m6rgog._.js:2441
[ 4054459ms] [LOG] [DEBUG] Renderizando celda: {columnId: direccion.codigoPostal, isReference: undefined, value: Object} @ http://localhost:3000/_next/static/chunks/11hm_next_dist_0m6rgog._.js:2441
[ 4054459ms] [LOG] [DEBUG] Renderizando celda: {columnId: direccion.provincia, isReference: undefined, value: Object} @ http://localhost:3000/_next/static/chunks/11hm_next_dist_0m6rgog._.js:2441
[ 4054459ms] [LOG] [DEBUG] Renderizando celda: {columnId: direccion.provincia, isReference: undefined, value: Object} @ http://localhost:3000/_next/static/chunks/11hm_next_dist_0m6rgog._.js:2441
[ 4054459ms] [LOG] [DEBUG] Renderizando celda: {columnId: fechaApertura, isReference: undefined, value: Object} @ http://localhost:3000/_next/static/chunks/11hm_next_dist_0m6rgog._.js:2441
[ 4054459ms] [LOG] [DEBUG] Renderizando celda: {columnId: fechaApertura, isReference: undefined, value: Object} @ http://localhost:3000/_next/static/chunks/11hm_next_dist_0m6rgog._.js:2441
[ 4054459ms] [LOG] [DEBUG] Renderizando celda: {columnId: facturacionAnual, isReference: undefined, value: Object} @ http://localhost:3000/_next/static/chunks/11hm_next_dist_0m6rgog._.js:2441
[ 4054459ms] [LOG] [DEBUG] Renderizando celda: {columnId: facturacionAnual, isReference: undefined, value: Object} @ http://localhost:3000/_next/static/chunks/11hm_next_dist_0m6rgog._.js:2441
[ 4054459ms] [LOG] [DEBUG] Renderizando celda: {columnId: empleados, isReference: undefined, value: Object} @ http://localhost:3000/_next/static/chunks/11hm_next_dist_0m6rgog._.js:2441
[ 4054459ms] [LOG] [DEBUG] Renderizando celda: {columnId: empleados, isReference: undefined, value: Object} @ http://localhost:3000/_next/static/chunks/11hm_next_dist_0m6rgog._.js:2441
[ 4054459ms] [LOG] [DEBUG] Renderizando ArrayCell: {itemsLength: 3, isPrimitiveArray: false, isObjectArray: true, firstItemType: object} @ http://localhost:3000/_next/static/chunks/11hm_next_dist_0m6rgog._.js:2441
[ 4054459ms] [LOG] [DEBUG] Renderizando ArrayCell: {itemsLength: 3, isPrimitiveArray: false, isObjectArray: true, firstItemType: object} @ http://localhost:3000/_next/static/chunks/11hm_next_dist_0m6rgog._.js:2441
[ 4054460ms] [LOG] [DEBUG] Renderizando celda: {columnId: servicios, isReference: undefined, value: Object} @ http://localhost:3000/_next/static/chunks/11hm_next_dist_0m6rgog._.js:2441
[ 4054460ms] [LOG] [DEBUG] Renderizando celda: {columnId: servicios, isReference: undefined, value: Object} @ http://localhost:3000/_next/static/chunks/11hm_next_dist_0m6rgog._.js:2441
[ 4054460ms] [LOG] [DEBUG] Renderizando ArrayCell: {itemsLength: 4, isPrimitiveArray: true, isObjectArray: false, firstItemType: string} @ http://localhost:3000/_next/static/chunks/11hm_next_dist_0m6rgog._.js:2441
[ 4054460ms] [LOG] [DEBUG] Renderizando ArrayCell: {itemsLength: 4, isPrimitiveArray: true, isObjectArray: false, firstItemType: string} @ http://localhost:3000/_next/static/chunks/11hm_next_dist_0m6rgog._.js:2441
[ 4054461ms] [LOG] [DEBUG] Renderizando celda: {columnId: membresias, isReference: undefined, value: Object} @ http://localhost:3000/_next/static/chunks/11hm_next_dist_0m6rgog._.js:2441
[ 4054461ms] [LOG] [DEBUG] Renderizando celda: {columnId: membresias, isReference: undefined, value: Object} @ http://localhost:3000/_next/static/chunks/11hm_next_dist_0m6rgog._.js:2441
[ 4054461ms] [LOG] [DEBUG] Renderizando ArrayCell: {itemsLength: 2, isPrimitiveArray: false, isObjectArray: true, firstItemType: object} @ http://localhost:3000/_next/static/chunks/11hm_next_dist_0m6rgog._.js:2441
[ 4054461ms] [LOG] [DEBUG] Renderizando ArrayCell: {itemsLength: 2, isPrimitiveArray: false, isObjectArray: true, firstItemType: object} @ http://localhost:3000/_next/static/chunks/11hm_next_dist_0m6rgog._.js:2441
[ 4054461ms] [LOG] [DEBUG] Renderizando celda: {columnId: metricas.clientesActivos, isReference: undefined, value: Object} @ http://localhost:3000/_next/static/chunks/11hm_next_dist_0m6rgog._.js:2441
[ 4054461ms] [LOG] [DEBUG] Renderizando celda: {columnId: metricas.clientesActivos, isReference: undefined, value: Object} @ http://localhost:3000/_next/static/chunks/11hm_next_dist_0m6rgog._.js:2441
[ 4054461ms] [LOG] [DEBUG] Renderizando celda: {columnId: metricas.satisfaccionMedia, isReference: undefined, value: Object} @ http://localhost:3000/_next/static/chunks/11hm_next_dist_0m6rgog._.js:2441
[ 4054461ms] [LOG] [DEBUG] Renderizando celda: {columnId: metricas.satisfaccionMedia, isReference: undefined, value: Object} @ http://localhost:3000/_next/static/chunks/11hm_next_dist_0m6rgog._.js:2441
[ 4054462ms] [LOG] [DEBUG] Renderizando celda: {columnId: metricas.ticketMedio, isReference: undefined, value: Object} @ http://localhost:3000/_next/static/chunks/11hm_next_dist_0m6rgog._.js:2441
[ 4054462ms] [LOG] [DEBUG] Renderizando celda: {columnId: metricas.ticketMedio, isReference: undefined, value: Object} @ http://localhost:3000/_next/static/chunks/11hm_next_dist_0m6rgog._.js:2441
[ 4054462ms] [LOG] [DEBUG] Renderizando celda: {columnId: etiquetas, isReference: undefined, value: Object} @ http://localhost:3000/_next/static/chunks/11hm_next_dist_0m6rgog._.js:2441
[ 4054462ms] [LOG] [DEBUG] Renderizando celda: {columnId: etiquetas, isReference: undefined, value: Object} @ http://localhost:3000/_next/static/chunks/11hm_next_dist_0m6rgog._.js:2441
[ 4054462ms] [LOG] [DEBUG] Renderizando ArrayCell: {itemsLength: 3, isPrimitiveArray: true, isObjectArray: false, firstItemType: string} @ http://localhost:3000/_next/static/chunks/11hm_next_dist_0m6rgog._.js:2441
[ 4054462ms] [LOG] [DEBUG] Renderizando ArrayCell: {itemsLength: 3, isPrimitiveArray: true, isObjectArray: false, firstItemType: string} @ http://localhost:3000/_next/static/chunks/11hm_next_dist_0m6rgog._.js:2441
[ 4054462ms] [LOG] [DEBUG] Renderizando celda: {columnId: notas, isReference: undefined, value: Object} @ http://localhost:3000/_next/static/chunks/11hm_next_dist_0m6rgog._.js:2441
[ 4054462ms] [LOG] [DEBUG] Renderizando celda: {columnId: notas, isReference: undefined, value: Object} @ http://localhost:3000/_next/static/chunks/11hm_next_dist_0m6rgog._.js:2441
[ 4054462ms] [LOG] [DEBUG] Tipo corregido: objectArray -> string {originalValue: Enfoque en productos naturales y orgánicos. Clientela muy fiel. Han pedido asesoría para expansión., originalType: objectArray, detectedType: string} @ http://localhost:3000/_next/static/chunks/11hm_next_dist_0m6rgog._.js:2441
[ 4054462ms] [LOG] [DEBUG] Tipo corregido: objectArray -> string {originalValue: Enfoque en productos naturales y orgánicos. Clientela muy fiel. Han pedido asesoría para expansión., originalType: objectArray, detectedType: string} @ http://localhost:3000/_next/static/chunks/11hm_next_dist_0m6rgog._.js:2441
[ 4054463ms] [LOG] [DEBUG] Renderizando celda: {columnId: id, isReference: undefined, value: Object} @ http://localhost:3000/_next/static/chunks/11hm_next_dist_0m6rgog._.js:2441
[ 4054463ms] [LOG] [DEBUG] Renderizando celda: {columnId: id, isReference: undefined, value: Object} @ http://localhost:3000/_next/static/chunks/11hm_next_dist_0m6rgog._.js:2441
[ 4054463ms] [LOG] [DEBUG] Renderizando celda: {columnId: nombre, isReference: undefined, value: Object} @ http://localhost:3000/_next/static/chunks/11hm_next_dist_0m6rgog._.js:2441
[ 4054463ms] [LOG] [DEBUG] Renderizando celda: {columnId: nombre, isReference: undefined, value: Object} @ http://localhost:3000/_next/static/chunks/11hm_next_dist_0m6rgog._.js:2441
[ 4054463ms] [LOG] [DEBUG] Renderizando celda: {columnId: email, isReference: undefined, value: Object} @ http://localhost:3000/_next/static/chunks/11hm_next_dist_0m6rgog._.js:2441
[ 4054463ms] [LOG] [DEBUG] Renderizando celda: {columnId: email, isReference: undefined, value: Object} @ http://localhost:3000/_next/static/chunks/11hm_next_dist_0m6rgog._.js:2441
[ 4054463ms] [LOG] [DEBUG] Renderizando celda: {columnId: ciudad, isReference: undefined, value: Object} @ http://localhost:3000/_next/static/chunks/11hm_next_dist_0m6rgog._.js:2441
[ 4054463ms] [LOG] [DEBUG] Renderizando celda: {columnId: ciudad, isReference: undefined, value: Object} @ http://localhost:3000/_next/static/chunks/11hm_next_dist_0m6rgog._.js:2441
[ 4054463ms] [LOG] [DEBUG] Renderizando celda: {columnId: activo, isReference: undefined, value: Object} @ http://localhost:3000/_next/static/chunks/11hm_next_dist_0m6rgog._.js:2441
[ 4054463ms] [LOG] [DEBUG] Renderizando celda: {columnId: activo, isReference: undefined, value: Object} @ http://localhost:3000/_next/static/chunks/11hm_next_dist_0m6rgog._.js:2441
[ 4054464ms] [LOG] [DEBUG] Tipo corregido: boolean -> string {originalValue: false, originalType: boolean, detectedType: string} @ http://localhost:3000/_next/static/chunks/11hm_next_dist_0m6rgog._.js:2441
[ 4054464ms] [LOG] [DEBUG] Tipo corregido: boolean -> string {originalValue: false, originalType: boolean, detectedType: string} @ http://localhost:3000/_next/static/chunks/11hm_next_dist_0m6rgog._.js:2441
[ 4054464ms] [LOG] [DEBUG] Renderizando celda: {columnId: propietario, isReference: undefined, value: Object} @ http://localhost:3000/_next/static/chunks/11hm_next_dist_0m6rgog._.js:2441
[ 4054464ms] [LOG] [DEBUG] Renderizando celda: {columnId: propietario, isReference: undefined, value: Object} @ http://localhost:3000/_next/static/chunks/11hm_next_dist_0m6rgog._.js:2441
[ 4054464ms] [LOG] [DEBUG] Renderizando celda: {columnId: web, isReference: undefined, value: Object} @ http://localhost:3000/_next/static/chunks/11hm_next_dist_0m6rgog._.js:2441
[ 4054464ms] [LOG] [DEBUG] Renderizando celda: {columnId: web, isReference: undefined, value: Object} @ http://localhost:3000/_next/static/chunks/11hm_next_dist_0m6rgog._.js:2441
[ 4054464ms] [LOG] [DEBUG] Renderizando celda: {columnId: logo, isReference: undefined, value: Object} @ http://localhost:3000/_next/static/chunks/11hm_next_dist_0m6rgog._.js:2441
[ 4054464ms] [LOG] [DEBUG] Renderizando celda: {columnId: logo, isReference: undefined, value: Object} @ http://localhost:3000/_next/static/chunks/11hm_next_dist_0m6rgog._.js:2441
[ 4054465ms] [LOG] [DEBUG] Renderizando celda: {columnId: direccion.calle, isReference: undefined, value: Object} @ http://localhost:3000/_next/static/chunks/11hm_next_dist_0m6rgog._.js:2441
[ 4054465ms] [LOG] [DEBUG] Renderizando celda: {columnId: direccion.calle, isReference: undefined, value: Object} @ http://localhost:3000/_next/static/chunks/11hm_next_dist_0m6rgog._.js:2441
[ 4054465ms] [LOG] [DEBUG] Renderizando celda: {columnId: direccion.codigoPostal, isReference: undefined, value: Object} @ http://localhost:3000/_next/static/chunks/11hm_next_dist_0m6rgog._.js:2441
[ 4054465ms] [LOG] [DEBUG] Renderizando celda: {columnId: direccion.codigoPostal, isReference: undefined, value: Object} @ http://localhost:3000/_next/static/chunks/11hm_next_dist_0m6rgog._.js:2441
[ 4054465ms] [LOG] [DEBUG] Renderizando celda: {columnId: direccion.provincia, isReference: undefined, value: Object} @ http://localhost:3000/_next/static/chunks/11hm_next_dist_0m6rgog._.js:2441
[ 4054465ms] [LOG] [DEBUG] Renderizando celda: {columnId: direccion.provincia, isReference: undefined, value: Object} @ http://localhost:3000/_next/static/chunks/11hm_next_dist_0m6rgog._.js:2441
[ 4054465ms] [LOG] [DEBUG] Renderizando celda: {columnId: fechaApertura, isReference: undefined, value: Object} @ http://localhost:3000/_next/static/chunks/11hm_next_dist_0m6rgog._.js:2441
[ 4054465ms] [LOG] [DEBUG] Renderizando celda: {columnId: fechaApertura, isReference: undefined, value: Object} @ http://localhost:3000/_next/static/chunks/11hm_next_dist_0m6rgog._.js:2441
[ 4054465ms] [LOG] [DEBUG] Renderizando celda: {columnId: facturacionAnual, isReference: undefined, value: Object} @ http://localhost:3000/_next/static/chunks/11hm_next_dist_0m6rgog._.js:2441
[ 4054465ms] [LOG] [DEBUG] Renderizando celda: {columnId: facturacionAnual, isReference: undefined, value: Object} @ http://localhost:3000/_next/static/chunks/11hm_next_dist_0m6rgog._.js:2441
[ 4054465ms] [LOG] [DEBUG] Renderizando celda: {columnId: empleados, isReference: undefined, value: Object} @ http://localhost:3000/_next/static/chunks/11hm_next_dist_0m6rgog._.js:2441
[ 4054465ms] [LOG] [DEBUG] Renderizando celda: {columnId: empleados, isReference: undefined, value: Object} @ http://localhost:3000/_next/static/chunks/11hm_next_dist_0m6rgog._.js:2441
[ 4054465ms] [LOG] [DEBUG] Renderizando ArrayCell: {itemsLength: 2, isPrimitiveArray: false, isObjectArray: true, firstItemType: object} @ http://localhost:3000/_next/static/chunks/11hm_next_dist_0m6rgog._.js:2441
[ 4054466ms] [LOG] [DEBUG] Renderizando ArrayCell: {itemsLength: 2, isPrimitiveArray: false, isObjectArray: true, firstItemType: object} @ http://localhost:3000/_next/static/chunks/11hm_next_dist_0m6rgog._.js:2441
[ 4054466ms] [LOG] [DEBUG] Renderizando celda: {columnId: servicios, isReference: undefined, value: Object} @ http://localhost:3000/_next/static/chunks/11hm_next_dist_0m6rgog._.js:2441
[ 4054467ms] [LOG] [DEBUG] Renderizando celda: {columnId: servicios, isReference: undefined, value: Object} @ http://localhost:3000/_next/static/chunks/11hm_next_dist_0m6rgog._.js:2441
[ 4054467ms] [LOG] [DEBUG] Renderizando ArrayCell: {itemsLength: 3, isPrimitiveArray: true, isObjectArray: false, firstItemType: string} @ http://localhost:3000/_next/static/chunks/11hm_next_dist_0m6rgog._.js:2441
[ 4054467ms] [LOG] [DEBUG] Renderizando ArrayCell: {itemsLength: 3, isPrimitiveArray: true, isObjectArray: false, firstItemType: string} @ http://localhost:3000/_next/static/chunks/11hm_next_dist_0m6rgog._.js:2441
[ 4054467ms] [LOG] [DEBUG] Renderizando celda: {columnId: membresias, isReference: undefined, value: Object} @ http://localhost:3000/_next/static/chunks/11hm_next_dist_0m6rgog._.js:2441
[ 4054467ms] [LOG] [DEBUG] Renderizando celda: {columnId: membresias, isReference: undefined, value: Object} @ http://localhost:3000/_next/static/chunks/11hm_next_dist_0m6rgog._.js:2441
[ 4054467ms] [LOG] [DEBUG] Renderizando ArrayCell: {itemsLength: 1, isPrimitiveArray: false, isObjectArray: true, firstItemType: object} @ http://localhost:3000/_next/static/chunks/11hm_next_dist_0m6rgog._.js:2441
[ 4054467ms] [LOG] [DEBUG] Renderizando ArrayCell: {itemsLength: 1, isPrimitiveArray: false, isObjectArray: true, firstItemType: object} @ http://localhost:3000/_next/static/chunks/11hm_next_dist_0m6rgog._.js:2441
[ 4054468ms] [LOG] [DEBUG] Renderizando celda: {columnId: metricas.clientesActivos, isReference: undefined, value: Object} @ http://localhost:3000/_next/static/chunks/11hm_next_dist_0m6rgog._.js:2441
[ 4054468ms] [LOG] [DEBUG] Renderizando celda: {columnId: metricas.clientesActivos, isReference: undefined, value: Object} @ http://localhost:3000/_next/static/chunks/11hm_next_dist_0m6rgog._.js:2441
[ 4054468ms] [LOG] [DEBUG] Renderizando celda: {columnId: metricas.satisfaccionMedia, isReference: undefined, value: Object} @ http://localhost:3000/_next/static/chunks/11hm_next_dist_0m6rgog._.js:2441
[ 4054468ms] [LOG] [DEBUG] Renderizando celda: {columnId: metricas.satisfaccionMedia, isReference: undefined, value: Object} @ http://localhost:3000/_next/static/chunks/11hm_next_dist_0m6rgog._.js:2441
[ 4054468ms] [LOG] [DEBUG] Renderizando celda: {columnId: metricas.ticketMedio, isReference: undefined, value: Object} @ http://localhost:3000/_next/static/chunks/11hm_next_dist_0m6rgog._.js:2441
[ 4054468ms] [LOG] [DEBUG] Renderizando celda: {columnId: metricas.ticketMedio, isReference: undefined, value: Object} @ http://localhost:3000/_next/static/chunks/11hm_next_dist_0m6rgog._.js:2441
[ 4054468ms] [LOG] [DEBUG] Renderizando celda: {columnId: etiquetas, isReference: undefined, value: Object} @ http://localhost:3000/_next/static/chunks/11hm_next_dist_0m6rgog._.js:2441
[ 4054468ms] [LOG] [DEBUG] Renderizando celda: {columnId: etiquetas, isReference: undefined, value: Object} @ http://localhost:3000/_next/static/chunks/11hm_next_dist_0m6rgog._.js:2441
[ 4054468ms] [LOG] [DEBUG] Renderizando ArrayCell: {itemsLength: 1, isPrimitiveArray: true, isObjectArray: false, firstItemType: string} @ http://localhost:3000/_next/static/chunks/11hm_next_dist_0m6rgog._.js:2441
[ 4054468ms] [LOG] [DEBUG] Renderizando ArrayCell: {itemsLength: 1, isPrimitiveArray: true, isObjectArray: false, firstItemType: string} @ http://localhost:3000/_next/static/chunks/11hm_next_dist_0m6rgog._.js:2441
[ 4054468ms] [LOG] [DEBUG] Renderizando celda: {columnId: notas, isReference: undefined, value: Object} @ http://localhost:3000/_next/static/chunks/11hm_next_dist_0m6rgog._.js:2441
[ 4054468ms] [LOG] [DEBUG] Renderizando celda: {columnId: notas, isReference: undefined, value: Object} @ http://localhost:3000/_next/static/chunks/11hm_next_dist_0m6rgog._.js:2441
[ 4054468ms] [LOG] [DEBUG] Tipo corregido: objectArray -> string {originalValue: Salón con trayectoria pero estancado. El propietar… valorando renovar imagen y formación del equipo., originalType: objectArray, detectedType: string} @ http://localhost:3000/_next/static/chunks/11hm_next_dist_0m6rgog._.js:2441
[ 4054468ms] [LOG] [DEBUG] Tipo corregido: objectArray -> string {originalValue: Salón con trayectoria pero estancado. El propietar… valorando renovar imagen y formación del equipo., originalType: objectArray, detectedType: string} @ http://localhost:3000/_next/static/chunks/11hm_next_dist_0m6rgog._.js:2441
[ 4054469ms] [LOG] [DEBUG] Renderizando celda: {columnId: id, isReference: undefined, value: Object} @ http://localhost:3000/_next/static/chunks/11hm_next_dist_0m6rgog._.js:2441
[ 4054469ms] [LOG] [DEBUG] Renderizando celda: {columnId: id, isReference: undefined, value: Object} @ http://localhost:3000/_next/static/chunks/11hm_next_dist_0m6rgog._.js:2441
[ 4054469ms] [LOG] [DEBUG] Renderizando celda: {columnId: nombre, isReference: undefined, value: Object} @ http://localhost:3000/_next/static/chunks/11hm_next_dist_0m6rgog._.js:2441
[ 4054469ms] [LOG] [DEBUG] Renderizando celda: {columnId: nombre, isReference: undefined, value: Object} @ http://localhost:3000/_next/static/chunks/11hm_next_dist_0m6rgog._.js:2441
[ 4054469ms] [LOG] [DEBUG] Renderizando celda: {columnId: email, isReference: undefined, value: Object} @ http://localhost:3000/_next/static/chunks/11hm_next_dist_0m6rgog._.js:2441
[ 4054470ms] [LOG] [DEBUG] Renderizando celda: {columnId: email, isReference: undefined, value: Object} @ http://localhost:3000/_next/static/chunks/11hm_next_dist_0m6rgog._.js:2441
[ 4054470ms] [LOG] [DEBUG] Renderizando celda: {columnId: ciudad, isReference: undefined, value: Object} @ http://localhost:3000/_next/static/chunks/11hm_next_dist_0m6rgog._.js:2441
[ 4054470ms] [LOG] [DEBUG] Renderizando celda: {columnId: ciudad, isReference: undefined, value: Object} @ http://localhost:3000/_next/static/chunks/11hm_next_dist_0m6rgog._.js:2441
[ 4054470ms] [LOG] [DEBUG] Renderizando celda: {columnId: activo, isReference: undefined, value: Object} @ http://localhost:3000/_next/static/chunks/11hm_next_dist_0m6rgog._.js:2441
[ 4054470ms] [LOG] [DEBUG] Renderizando celda: {columnId: activo, isReference: undefined, value: Object} @ http://localhost:3000/_next/static/chunks/11hm_next_dist_0m6rgog._.js:2441
[ 4054470ms] [LOG] [DEBUG] Tipo corregido: boolean -> string {originalValue: true, originalType: boolean, detectedType: string} @ http://localhost:3000/_next/static/chunks/11hm_next_dist_0m6rgog._.js:2441
[ 4054470ms] [LOG] [DEBUG] Tipo corregido: boolean -> string {originalValue: true, originalType: boolean, detectedType: string} @ http://localhost:3000/_next/static/chunks/11hm_next_dist_0m6rgog._.js:2441
[ 4054470ms] [LOG] [DEBUG] Renderizando celda: {columnId: propietario, isReference: undefined, value: Object} @ http://localhost:3000/_next/static/chunks/11hm_next_dist_0m6rgog._.js:2441
[ 4054470ms] [LOG] [DEBUG] Renderizando celda: {columnId: propietario, isReference: undefined, value: Object} @ http://localhost:3000/_next/static/chunks/11hm_next_dist_0m6rgog._.js:2441
[ 4054470ms] [LOG] [DEBUG] Renderizando celda: {columnId: web, isReference: undefined, value: Object} @ http://localhost:3000/_next/static/chunks/11hm_next_dist_0m6rgog._.js:2441
[ 4054470ms] [LOG] [DEBUG] Renderizando celda: {columnId: web, isReference: undefined, value: Object} @ http://localhost:3000/_next/static/chunks/11hm_next_dist_0m6rgog._.js:2441
[ 4054470ms] [LOG] [DEBUG] Renderizando celda: {columnId: logo, isReference: undefined, value: Object} @ http://localhost:3000/_next/static/chunks/11hm_next_dist_0m6rgog._.js:2441
[ 4054470ms] [LOG] [DEBUG] Renderizando celda: {columnId: logo, isReference: undefined, value: Object} @ http://localhost:3000/_next/static/chunks/11hm_next_dist_0m6rgog._.js:2441
[ 4054470ms] [LOG] [DEBUG] Renderizando celda: {columnId: direccion.calle, isReference: undefined, value: Object} @ http://localhost:3000/_next/static/chunks/11hm_next_dist_0m6rgog._.js:2441
[ 4054470ms] [LOG] [DEBUG] Renderizando celda: {columnId: direccion.calle, isReference: undefined, value: Object} @ http://localhost:3000/_next/static/chunks/11hm_next_dist_0m6rgog._.js:2441
[ 4054470ms] [LOG] [DEBUG] Renderizando celda: {columnId: direccion.codigoPostal, isReference: undefined, value: Object} @ http://localhost:3000/_next/static/chunks/11hm_next_dist_0m6rgog._.js:2441
[ 4054471ms] [LOG] [DEBUG] Renderizando celda: {columnId: direccion.codigoPostal, isReference: undefined, value: Object} @ http://localhost:3000/_next/static/chunks/11hm_next_dist_0m6rgog._.js:2441
[ 4054471ms] [LOG] [DEBUG] Renderizando celda: {columnId: direccion.provincia, isReference: undefined, value: Object} @ http://localhost:3000/_next/static/chunks/11hm_next_dist_0m6rgog._.js:2441
[ 4054471ms] [LOG] [DEBUG] Renderizando celda: {columnId: direccion.provincia, isReference: undefined, value: Object} @ http://localhost:3000/_next/static/chunks/11hm_next_dist_0m6rgog._.js:2441
[ 4054471ms] [LOG] [DEBUG] Renderizando celda: {columnId: fechaApertura, isReference: undefined, value: Object} @ http://localhost:3000/_next/static/chunks/11hm_next_dist_0m6rgog._.js:2441
[ 4054471ms] [LOG] [DEBUG] Renderizando celda: {columnId: fechaApertura, isReference: undefined, value: Object} @ http://localhost:3000/_next/static/chunks/11hm_next_dist_0m6rgog._.js:2441
[ 4054471ms] [LOG] [DEBUG] Renderizando celda: {columnId: facturacionAnual, isReference: undefined, value: Object} @ http://localhost:3000/_next/static/chunks/11hm_next_dist_0m6rgog._.js:2441
[ 4054471ms] [LOG] [DEBUG] Renderizando celda: {columnId: facturacionAnual, isReference: undefined, value: Object} @ http://localhost:3000/_next/static/chunks/11hm_next_dist_0m6rgog._.js:2441
[ 4054471ms] [LOG] [DEBUG] Renderizando celda: {columnId: empleados, isReference: undefined, value: Object} @ http://localhost:3000/_next/static/chunks/11hm_next_dist_0m6rgog._.js:2441
[ 4054471ms] [LOG] [DEBUG] Renderizando celda: {columnId: empleados, isReference: undefined, value: Object} @ http://localhost:3000/_next/static/chunks/11hm_next_dist_0m6rgog._.js:2441
[ 4054471ms] [LOG] [DEBUG] Renderizando ArrayCell: {itemsLength: 4, isPrimitiveArray: false, isObjectArray: true, firstItemType: object} @ http://localhost:3000/_next/static/chunks/11hm_next_dist_0m6rgog._.js:2441
[ 4054471ms] [LOG] [DEBUG] Renderizando ArrayCell: {itemsLength: 4, isPrimitiveArray: false, isObjectArray: true, firstItemType: object} @ http://localhost:3000/_next/static/chunks/11hm_next_dist_0m6rgog._.js:2441
[ 4054472ms] [LOG] [DEBUG] Renderizando celda: {columnId: servicios, isReference: undefined, value: Object} @ http://localhost:3000/_next/static/chunks/11hm_next_dist_0m6rgog._.js:2441
[ 4054472ms] [LOG] [DEBUG] Renderizando celda: {columnId: servicios, isReference: undefined, value: Object} @ http://localhost:3000/_next/static/chunks/11hm_next_dist_0m6rgog._.js:2441
[ 4054472ms] [LOG] [DEBUG] Renderizando ArrayCell: {itemsLength: 5, isPrimitiveArray: true, isObjectArray: false, firstItemType: string} @ http://localhost:3000/_next/static/chunks/11hm_next_dist_0m6rgog._.js:2441
[ 4054472ms] [LOG] [DEBUG] Renderizando ArrayCell: {itemsLength: 5, isPrimitiveArray: true, isObjectArray: false, firstItemType: string} @ http://localhost:3000/_next/static/chunks/11hm_next_dist_0m6rgog._.js:2441
[ 4054472ms] [LOG] [DEBUG] Renderizando celda: {columnId: membresias, isReference: undefined, value: Object} @ http://localhost:3000/_next/static/chunks/11hm_next_dist_0m6rgog._.js:2441
[ 4054472ms] [LOG] [DEBUG] Renderizando celda: {columnId: membresias, isReference: undefined, value: Object} @ http://localhost:3000/_next/static/chunks/11hm_next_dist_0m6rgog._.js:2441
[ 4054473ms] [LOG] [DEBUG] Renderizando ArrayCell: {itemsLength: 3, isPrimitiveArray: false, isObjectArray: true, firstItemType: object} @ http://localhost:3000/_next/static/chunks/11hm_next_dist_0m6rgog._.js:2441
[ 4054473ms] [LOG] [DEBUG] Renderizando ArrayCell: {itemsLength: 3, isPrimitiveArray: false, isObjectArray: true, firstItemType: object} @ http://localhost:3000/_next/static/chunks/11hm_next_dist_0m6rgog._.js:2441
[ 4054473ms] [LOG] [DEBUG] Renderizando celda: {columnId: metricas.clientesActivos, isReference: undefined, value: Object} @ http://localhost:3000/_next/static/chunks/11hm_next_dist_0m6rgog._.js:2441
[ 4054473ms] [LOG] [DEBUG] Renderizando celda: {columnId: metricas.clientesActivos, isReference: undefined, value: Object} @ http://localhost:3000/_next/static/chunks/11hm_next_dist_0m6rgog._.js:2441
[ 4054474ms] [LOG] [DEBUG] Renderizando celda: {columnId: metricas.satisfaccionMedia, isReference: undefined, value: Object} @ http://localhost:3000/_next/static/chunks/11hm_next_dist_0m6rgog._.js:2441
[ 4054474ms] [LOG] [DEBUG] Renderizando celda: {columnId: metricas.satisfaccionMedia, isReference: undefined, value: Object} @ http://localhost:3000/_next/static/chunks/11hm_next_dist_0m6rgog._.js:2441
[ 4054474ms] [LOG] [DEBUG] Renderizando celda: {columnId: metricas.ticketMedio, isReference: undefined, value: Object} @ http://localhost:3000/_next/static/chunks/11hm_next_dist_0m6rgog._.js:2441
[ 4054474ms] [LOG] [DEBUG] Renderizando celda: {columnId: metricas.ticketMedio, isReference: undefined, value: Object} @ http://localhost:3000/_next/static/chunks/11hm_next_dist_0m6rgog._.js:2441
[ 4054474ms] [LOG] [DEBUG] Renderizando celda: {columnId: etiquetas, isReference: undefined, value: Object} @ http://localhost:3000/_next/static/chunks/11hm_next_dist_0m6rgog._.js:2441
[ 4054474ms] [LOG] [DEBUG] Renderizando celda: {columnId: etiquetas, isReference: undefined, value: Object} @ http://localhost:3000/_next/static/chunks/11hm_next_dist_0m6rgog._.js:2441
[ 4054474ms] [LOG] [DEBUG] Renderizando ArrayCell: {itemsLength: 3, isPrimitiveArray: true, isObjectArray: false, firstItemType: string} @ http://localhost:3000/_next/static/chunks/11hm_next_dist_0m6rgog._.js:2441
[ 4054474ms] [LOG] [DEBUG] Renderizando ArrayCell: {itemsLength: 3, isPrimitiveArray: true, isObjectArray: false, firstItemType: string} @ http://localhost:3000/_next/static/chunks/11hm_next_dist_0m6rgog._.js:2441
[ 4054474ms] [LOG] [DEBUG] Renderizando celda: {columnId: notas, isReference: undefined, value: Object} @ http://localhost:3000/_next/static/chunks/11hm_next_dist_0m6rgog._.js:2441
[ 4054474ms] [LOG] [DEBUG] Renderizando celda: {columnId: notas, isReference: undefined, value: Object} @ http://localhost:3000/_next/static/chunks/11hm_next_dist_0m6rgog._.js:2441
[ 4054474ms] [LOG] [DEBUG] Tipo corregido: objectArray -> string {originalValue: Propuesta de valor muy diferenciada. Servicios de …ación capilar. Modelo de negocio único en Bilbao., originalType: objectArray, detectedType: string} @ http://localhost:3000/_next/static/chunks/11hm_next_dist_0m6rgog._.js:2441
[ 4054474ms] [LOG] [DEBUG] Tipo corregido: objectArray -> string {originalValue: Propuesta de valor muy diferenciada. Servicios de …ación capilar. Modelo de negocio único en Bilbao., originalType: objectArray, detectedType: string} @ http://localhost:3000/_next/static/chunks/11hm_next_dist_0m6rgog._.js:2441
[ 4054475ms] [LOG] [DEBUG] Renderizando celda: {columnId: id, isReference: undefined, value: Object} @ http://localhost:3000/_next/static/chunks/11hm_next_dist_0m6rgog._.js:2441
[ 4054475ms] [LOG] [DEBUG] Renderizando celda: {columnId: id, isReference: undefined, value: Object} @ http://localhost:3000/_next/static/chunks/11hm_next_dist_0m6rgog._.js:2441
[ 4054475ms] [LOG] [DEBUG] Renderizando celda: {columnId: nombre, isReference: undefined, value: Object} @ http://localhost:3000/_next/static/chunks/11hm_next_dist_0m6rgog._.js:2441
[ 4054475ms] [LOG] [DEBUG] Renderizando celda: {columnId: nombre, isReference: undefined, value: Object} @ http://localhost:3000/_next/static/chunks/11hm_next_dist_0m6rgog._.js:2441
[ 4054475ms] [LOG] [DEBUG] Renderizando celda: {columnId: email, isReference: undefined, value: Object} @ http://localhost:3000/_next/static/chunks/11hm_next_dist_0m6rgog._.js:2441
[ 4054475ms] [LOG] [DEBUG] Renderizando celda: {columnId: email, isReference: undefined, value: Object} @ http://localhost:3000/_next/static/chunks/11hm_next_dist_0m6rgog._.js:2441
[ 4054476ms] [LOG] [DEBUG] Renderizando celda: {columnId: ciudad, isReference: undefined, value: Object} @ http://localhost:3000/_next/static/chunks/11hm_next_dist_0m6rgog._.js:2441
[ 4054476ms] [LOG] [DEBUG] Renderizando celda: {columnId: ciudad, isReference: undefined, value: Object} @ http://localhost:3000/_next/static/chunks/11hm_next_dist_0m6rgog._.js:2441
[ 4054476ms] [LOG] [DEBUG] Renderizando celda: {columnId: activo, isReference: undefined, value: Object} @ http://localhost:3000/_next/static/chunks/11hm_next_dist_0m6rgog._.js:2441
[ 4054476ms] [LOG] [DEBUG] Renderizando celda: {columnId: activo, isReference: undefined, value: Object} @ http://localhost:3000/_next/static/chunks/11hm_next_dist_0m6rgog._.js:2441
[ 4054476ms] [LOG] [DEBUG] Tipo corregido: boolean -> string {originalValue: true, originalType: boolean, detectedType: string} @ http://localhost:3000/_next/static/chunks/11hm_next_dist_0m6rgog._.js:2441
[ 4054476ms] [LOG] [DEBUG] Tipo corregido: boolean -> string {originalValue: true, originalType: boolean, detectedType: string} @ http://localhost:3000/_next/static/chunks/11hm_next_dist_0m6rgog._.js:2441
[ 4054476ms] [LOG] [DEBUG] Renderizando celda: {columnId: propietario, isReference: undefined, value: Object} @ http://localhost:3000/_next/static/chunks/11hm_next_dist_0m6rgog._.js:2441
[ 4054476ms] [LOG] [DEBUG] Renderizando celda: {columnId: propietario, isReference: undefined, value: Object} @ http://localhost:3000/_next/static/chunks/11hm_next_dist_0m6rgog._.js:2441
[ 4054476ms] [LOG] [DEBUG] Renderizando celda: {columnId: web, isReference: undefined, value: Object} @ http://localhost:3000/_next/static/chunks/11hm_next_dist_0m6rgog._.js:2441
[ 4054476ms] [LOG] [DEBUG] Renderizando celda: {columnId: web, isReference: undefined, value: Object} @ http://localhost:3000/_next/static/chunks/11hm_next_dist_0m6rgog._.js:2441
[ 4054476ms] [LOG] [DEBUG] Renderizando celda: {columnId: logo, isReference: undefined, value: Object} @ http://localhost:3000/_next/static/chunks/11hm_next_dist_0m6rgog._.js:2441
[ 4054476ms] [LOG] [DEBUG] Renderizando celda: {columnId: logo, isReference: undefined, value: Object} @ http://localhost:3000/_next/static/chunks/11hm_next_dist_0m6rgog._.js:2441
[ 4054476ms] [LOG] [DEBUG] Renderizando celda: {columnId: direccion.calle, isReference: undefined, value: Object} @ http://localhost:3000/_next/static/chunks/11hm_next_dist_0m6rgog._.js:2441
[ 4054476ms] [LOG] [DEBUG] Renderizando celda: {columnId: direccion.calle, isReference: undefined, value: Object} @ http://localhost:3000/_next/static/chunks/11hm_next_dist_0m6rgog._.js:2441
[ 4054476ms] [LOG] [DEBUG] Renderizando celda: {columnId: direccion.codigoPostal, isReference: undefined, value: Object} @ http://localhost:3000/_next/static/chunks/11hm_next_dist_0m6rgog._.js:2441
[ 4054476ms] [LOG] [DEBUG] Renderizando celda: {columnId: direccion.codigoPostal, isReference: undefined, value: Object} @ http://localhost:3000/_next/static/chunks/11hm_next_dist_0m6rgog._.js:2441
[ 4054476ms] [LOG] [DEBUG] Renderizando celda: {columnId: direccion.provincia, isReference: undefined, value: Object} @ http://localhost:3000/_next/static/chunks/11hm_next_dist_0m6rgog._.js:2441
[ 4054477ms] [LOG] [DEBUG] Renderizando celda: {columnId: direccion.provincia, isReference: undefined, value: Object} @ http://localhost:3000/_next/static/chunks/11hm_next_dist_0m6rgog._.js:2441
[ 4054477ms] [LOG] [DEBUG] Renderizando celda: {columnId: fechaApertura, isReference: undefined, value: Object} @ http://localhost:3000/_next/static/chunks/11hm_next_dist_0m6rgog._.js:2441
[ 4054477ms] [LOG] [DEBUG] Renderizando celda: {columnId: fechaApertura, isReference: undefined, value: Object} @ http://localhost:3000/_next/static/chunks/11hm_next_dist_0m6rgog._.js:2441
[ 4054477ms] [LOG] [DEBUG] Renderizando celda: {columnId: facturacionAnual, isReference: undefined, value: Object} @ http://localhost:3000/_next/static/chunks/11hm_next_dist_0m6rgog._.js:2441
[ 4054477ms] [LOG] [DEBUG] Renderizando celda: {columnId: facturacionAnual, isReference: undefined, value: Object} @ http://localhost:3000/_next/static/chunks/11hm_next_dist_0m6rgog._.js:2441
[ 4054477ms] [LOG] [DEBUG] Renderizando celda: {columnId: empleados, isReference: undefined, value: Object} @ http://localhost:3000/_next/static/chunks/11hm_next_dist_0m6rgog._.js:2441
[ 4054477ms] [LOG] [DEBUG] Renderizando celda: {columnId: empleados, isReference: undefined, value: Object} @ http://localhost:3000/_next/static/chunks/11hm_next_dist_0m6rgog._.js:2441
[ 4054477ms] [LOG] [DEBUG] Renderizando ArrayCell: {itemsLength: 4, isPrimitiveArray: false, isObjectArray: true, firstItemType: object} @ http://localhost:3000/_next/static/chunks/11hm_next_dist_0m6rgog._.js:2441
[ 4054477ms] [LOG] [DEBUG] Renderizando ArrayCell: {itemsLength: 4, isPrimitiveArray: false, isObjectArray: true, firstItemType: object} @ http://localhost:3000/_next/static/chunks/11hm_next_dist_0m6rgog._.js:2441
[ 4054478ms] [LOG] [DEBUG] Renderizando celda: {columnId: servicios, isReference: undefined, value: Object} @ http://localhost:3000/_next/static/chunks/11hm_next_dist_0m6rgog._.js:2441
[ 4054478ms] [LOG] [DEBUG] Renderizando celda: {columnId: servicios, isReference: undefined, value: Object} @ http://localhost:3000/_next/static/chunks/11hm_next_dist_0m6rgog._.js:2441
[ 4054478ms] [LOG] [DEBUG] Renderizando ArrayCell: {itemsLength: 6, isPrimitiveArray: true, isObjectArray: false, firstItemType: string} @ http://localhost:3000/_next/static/chunks/11hm_next_dist_0m6rgog._.js:2441
[ 4054478ms] [LOG] [DEBUG] Renderizando ArrayCell: {itemsLength: 6, isPrimitiveArray: true, isObjectArray: false, firstItemType: string} @ http://localhost:3000/_next/static/chunks/11hm_next_dist_0m6rgog._.js:2441
[ 4054478ms] [LOG] [DEBUG] Renderizando celda: {columnId: membresias, isReference: undefined, value: Object} @ http://localhost:3000/_next/static/chunks/11hm_next_dist_0m6rgog._.js:2441
[ 4054478ms] [LOG] [DEBUG] Renderizando celda: {columnId: membresias, isReference: undefined, value: Object} @ http://localhost:3000/_next/static/chunks/11hm_next_dist_0m6rgog._.js:2441
[ 4054478ms] [LOG] [DEBUG] Renderizando ArrayCell: {itemsLength: 1, isPrimitiveArray: false, isObjectArray: true, firstItemType: object} @ http://localhost:3000/_next/static/chunks/11hm_next_dist_0m6rgog._.js:2441
[ 4054478ms] [LOG] [DEBUG] Renderizando ArrayCell: {itemsLength: 1, isPrimitiveArray: false, isObjectArray: true, firstItemType: object} @ http://localhost:3000/_next/static/chunks/11hm_next_dist_0m6rgog._.js:2441
[ 4054479ms] [LOG] [DEBUG] Renderizando celda: {columnId: metricas.clientesActivos, isReference: undefined, value: Object} @ http://localhost:3000/_next/static/chunks/11hm_next_dist_0m6rgog._.js:2441
[ 4054479ms] [LOG] [DEBUG] Renderizando celda: {columnId: metricas.clientesActivos, isReference: undefined, value: Object} @ http://localhost:3000/_next/static/chunks/11hm_next_dist_0m6rgog._.js:2441
[ 4054479ms] [LOG] [DEBUG] Renderizando celda: {columnId: metricas.satisfaccionMedia, isReference: undefined, value: Object} @ http://localhost:3000/_next/static/chunks/11hm_next_dist_0m6rgog._.js:2441
[ 4054479ms] [LOG] [DEBUG] Renderizando celda: {columnId: metricas.satisfaccionMedia, isReference: undefined, value: Object} @ http://localhost:3000/_next/static/chunks/11hm_next_dist_0m6rgog._.js:2441
[ 4054479ms] [LOG] [DEBUG] Renderizando celda: {columnId: metricas.ticketMedio, isReference: undefined, value: Object} @ http://localhost:3000/_next/static/chunks/11hm_next_dist_0m6rgog._.js:2441
[ 4054479ms] [LOG] [DEBUG] Renderizando celda: {columnId: metricas.ticketMedio, isReference: undefined, value: Object} @ http://localhost:3000/_next/static/chunks/11hm_next_dist_0m6rgog._.js:2441
[ 4054479ms] [LOG] [DEBUG] Renderizando celda: {columnId: etiquetas, isReference: undefined, value: Object} @ http://localhost:3000/_next/static/chunks/11hm_next_dist_0m6rgog._.js:2441
[ 4054479ms] [LOG] [DEBUG] Renderizando celda: {columnId: etiquetas, isReference: undefined, value: Object} @ http://localhost:3000/_next/static/chunks/11hm_next_dist_0m6rgog._.js:2441
[ 4054479ms] [LOG] [DEBUG] Renderizando ArrayCell: {itemsLength: 3, isPrimitiveArray: true, isObjectArray: false, firstItemType: string} @ http://localhost:3000/_next/static/chunks/11hm_next_dist_0m6rgog._.js:2441
[ 4054479ms] [LOG] [DEBUG] Renderizando ArrayCell: {itemsLength: 3, isPrimitiveArray: true, isObjectArray: false, firstItemType: string} @ http://localhost:3000/_next/static/chunks/11hm_next_dist_0m6rgog._.js:2441
[ 4054479ms] [LOG] [DEBUG] Renderizando celda: {columnId: notas, isReference: undefined, value: Object} @ http://localhost:3000/_next/static/chunks/11hm_next_dist_0m6rgog._.js:2441
[ 4054479ms] [LOG] [DEBUG] Renderizando celda: {columnId: notas, isReference: undefined, value: Object} @ http://localhost:3000/_next/static/chunks/11hm_next_dist_0m6rgog._.js:2441
[ 4054479ms] [LOG] [DEBUG] Tipo corregido: objectArray -> string {originalValue: Salón mixto con sección de barbería. Crecimiento s…o los últimos 3 años. Membresía próxima a vencer., originalType: objectArray, detectedType: string} @ http://localhost:3000/_next/static/chunks/11hm_next_dist_0m6rgog._.js:2441
[ 4054480ms] [LOG] [DEBUG] Tipo corregido: objectArray -> string {originalValue: Salón mixto con sección de barbería. Crecimiento s…o los últimos 3 años. Membresía próxima a vencer., originalType: objectArray, detectedType: string} @ http://localhost:3000/_next/static/chunks/11hm_next_dist_0m6rgog._.js:2441
[ 4054480ms] [LOG] [DEBUG] Renderizando celda: {columnId: id, isReference: undefined, value: Object} @ http://localhost:3000/_next/static/chunks/11hm_next_dist_0m6rgog._.js:2441
[ 4054480ms] [LOG] [DEBUG] Renderizando celda: {columnId: id, isReference: undefined, value: Object} @ http://localhost:3000/_next/static/chunks/11hm_next_dist_0m6rgog._.js:2441
[ 4054480ms] [LOG] [DEBUG] Renderizando celda: {columnId: nombre, isReference: undefined, value: Object} @ http://localhost:3000/_next/static/chunks/11hm_next_dist_0m6rgog._.js:2441
[ 4054480ms] [LOG] [DEBUG] Renderizando celda: {columnId: nombre, isReference: undefined, value: Object} @ http://localhost:3000/_next/static/chunks/11hm_next_dist_0m6rgog._.js:2441
[ 4054481ms] [LOG] [DEBUG] Renderizando celda: {columnId: email, isReference: undefined, value: Object} @ http://localhost:3000/_next/static/chunks/11hm_next_dist_0m6rgog._.js:2441
[ 4054481ms] [LOG] [DEBUG] Renderizando celda: {columnId: email, isReference: undefined, value: Object} @ http://localhost:3000/_next/static/chunks/11hm_next_dist_0m6rgog._.js:2441
[ 4054481ms] [LOG] [DEBUG] Renderizando celda: {columnId: ciudad, isReference: undefined, value: Object} @ http://localhost:3000/_next/static/chunks/11hm_next_dist_0m6rgog._.js:2441
[ 4054481ms] [LOG] [DEBUG] Renderizando celda: {columnId: ciudad, isReference: undefined, value: Object} @ http://localhost:3000/_next/static/chunks/11hm_next_dist_0m6rgog._.js:2441
[ 4054481ms] [LOG] [DEBUG] Renderizando celda: {columnId: activo, isReference: undefined, value: Object} @ http://localhost:3000/_next/static/chunks/11hm_next_dist_0m6rgog._.js:2441
[ 4054481ms] [LOG] [DEBUG] Renderizando celda: {columnId: activo, isReference: undefined, value: Object} @ http://localhost:3000/_next/static/chunks/11hm_next_dist_0m6rgog._.js:2441
[ 4054481ms] [LOG] [DEBUG] Tipo corregido: boolean -> string {originalValue: true, originalType: boolean, detectedType: string} @ http://localhost:3000/_next/static/chunks/11hm_next_dist_0m6rgog._.js:2441
[ 4054481ms] [LOG] [DEBUG] Tipo corregido: boolean -> string {originalValue: true, originalType: boolean, detectedType: string} @ http://localhost:3000/_next/static/chunks/11hm_next_dist_0m6rgog._.js:2441
[ 4054481ms] [LOG] [DEBUG] Renderizando celda: {columnId: propietario, isReference: undefined, value: Object} @ http://localhost:3000/_next/static/chunks/11hm_next_dist_0m6rgog._.js:2441
[ 4054481ms] [LOG] [DEBUG] Renderizando celda: {columnId: propietario, isReference: undefined, value: Object} @ http://localhost:3000/_next/static/chunks/11hm_next_dist_0m6rgog._.js:2441
[ 4054481ms] [LOG] [DEBUG] Renderizando celda: {columnId: web, isReference: undefined, value: Object} @ http://localhost:3000/_next/static/chunks/11hm_next_dist_0m6rgog._.js:2441
[ 4054481ms] [LOG] [DEBUG] Renderizando celda: {columnId: web, isReference: undefined, value: Object} @ http://localhost:3000/_next/static/chunks/11hm_next_dist_0m6rgog._.js:2441
[ 4054481ms] [LOG] [DEBUG] Renderizando celda: {columnId: logo, isReference: undefined, value: Object} @ http://localhost:3000/_next/static/chunks/11hm_next_dist_0m6rgog._.js:2441
[ 4054481ms] [LOG] [DEBUG] Renderizando celda: {columnId: logo, isReference: undefined, value: Object} @ http://localhost:3000/_next/static/chunks/11hm_next_dist_0m6rgog._.js:2441
[ 4054481ms] [LOG] [DEBUG] Renderizando celda: {columnId: direccion.calle, isReference: undefined, value: Object} @ http://localhost:3000/_next/static/chunks/11hm_next_dist_0m6rgog._.js:2441
[ 4054481ms] [LOG] [DEBUG] Renderizando celda: {columnId: direccion.calle, isReference: undefined, value: Object} @ http://localhost:3000/_next/static/chunks/11hm_next_dist_0m6rgog._.js:2441
[ 4054482ms] [LOG] [DEBUG] Renderizando celda: {columnId: direccion.codigoPostal, isReference: undefined, value: Object} @ http://localhost:3000/_next/static/chunks/11hm_next_dist_0m6rgog._.js:2441
[ 4054482ms] [LOG] [DEBUG] Renderizando celda: {columnId: direccion.codigoPostal, isReference: undefined, value: Object} @ http://localhost:3000/_next/static/chunks/11hm_next_dist_0m6rgog._.js:2441
[ 4054482ms] [LOG] [DEBUG] Renderizando celda: {columnId: direccion.provincia, isReference: undefined, value: Object} @ http://localhost:3000/_next/static/chunks/11hm_next_dist_0m6rgog._.js:2441
[ 4054482ms] [LOG] [DEBUG] Renderizando celda: {columnId: direccion.provincia, isReference: undefined, value: Object} @ http://localhost:3000/_next/static/chunks/11hm_next_dist_0m6rgog._.js:2441
[ 4054482ms] [LOG] [DEBUG] Renderizando celda: {columnId: fechaApertura, isReference: undefined, value: Object} @ http://localhost:3000/_next/static/chunks/11hm_next_dist_0m6rgog._.js:2441
[ 4054482ms] [LOG] [DEBUG] Renderizando celda: {columnId: fechaApertura, isReference: undefined, value: Object} @ http://localhost:3000/_next/static/chunks/11hm_next_dist_0m6rgog._.js:2441
[ 4054482ms] [LOG] [DEBUG] Renderizando celda: {columnId: facturacionAnual, isReference: undefined, value: Object} @ http://localhost:3000/_next/static/chunks/11hm_next_dist_0m6rgog._.js:2441
[ 4054482ms] [LOG] [DEBUG] Renderizando celda: {columnId: facturacionAnual, isReference: undefined, value: Object} @ http://localhost:3000/_next/static/chunks/11hm_next_dist_0m6rgog._.js:2441
[ 4054482ms] [LOG] [DEBUG] Renderizando celda: {columnId: empleados, isReference: undefined, value: Object} @ http://localhost:3000/_next/static/chunks/11hm_next_dist_0m6rgog._.js:2441
[ 4054482ms] [LOG] [DEBUG] Renderizando celda: {columnId: empleados, isReference: undefined, value: Object} @ http://localhost:3000/_next/static/chunks/11hm_next_dist_0m6rgog._.js:2441
[ 4054482ms] [LOG] [DEBUG] Renderizando ArrayCell: {itemsLength: 6, isPrimitiveArray: false, isObjectArray: true, firstItemType: object} @ http://localhost:3000/_next/static/chunks/11hm_next_dist_0m6rgog._.js:2441
[ 4054482ms] [LOG] [DEBUG] Renderizando ArrayCell: {itemsLength: 6, isPrimitiveArray: false, isObjectArray: true, firstItemType: object} @ http://localhost:3000/_next/static/chunks/11hm_next_dist_0m6rgog._.js:2441
[ 4054485ms] [LOG] [DEBUG] Renderizando celda: {columnId: servicios, isReference: undefined, value: Object} @ http://localhost:3000/_next/static/chunks/11hm_next_dist_0m6rgog._.js:2441
[ 4054485ms] [LOG] [DEBUG] Renderizando celda: {columnId: servicios, isReference: undefined, value: Object} @ http://localhost:3000/_next/static/chunks/11hm_next_dist_0m6rgog._.js:2441
[ 4054485ms] [LOG] [DEBUG] Renderizando ArrayCell: {itemsLength: 5, isPrimitiveArray: true, isObjectArray: false, firstItemType: string} @ http://localhost:3000/_next/static/chunks/11hm_next_dist_0m6rgog._.js:2441
[ 4054485ms] [LOG] [DEBUG] Renderizando ArrayCell: {itemsLength: 5, isPrimitiveArray: true, isObjectArray: false, firstItemType: string} @ http://localhost:3000/_next/static/chunks/11hm_next_dist_0m6rgog._.js:2441
[ 4054485ms] [LOG] [DEBUG] Renderizando celda: {columnId: membresias, isReference: undefined, value: Object} @ http://localhost:3000/_next/static/chunks/11hm_next_dist_0m6rgog._.js:2441
[ 4054485ms] [LOG] [DEBUG] Renderizando celda: {columnId: membresias, isReference: undefined, value: Object} @ http://localhost:3000/_next/static/chunks/11hm_next_dist_0m6rgog._.js:2441
[ 4054485ms] [LOG] [DEBUG] Renderizando ArrayCell: {itemsLength: 3, isPrimitiveArray: false, isObjectArray: true, firstItemType: object} @ http://localhost:3000/_next/static/chunks/11hm_next_dist_0m6rgog._.js:2441
[ 4054485ms] [LOG] [DEBUG] Renderizando ArrayCell: {itemsLength: 3, isPrimitiveArray: false, isObjectArray: true, firstItemType: object} @ http://localhost:3000/_next/static/chunks/11hm_next_dist_0m6rgog._.js:2441
[ 4054486ms] [LOG] [DEBUG] Renderizando celda: {columnId: metricas.clientesActivos, isReference: undefined, value: Object} @ http://localhost:3000/_next/static/chunks/11hm_next_dist_0m6rgog._.js:2441
[ 4054486ms] [LOG] [DEBUG] Renderizando celda: {columnId: metricas.clientesActivos, isReference: undefined, value: Object} @ http://localhost:3000/_next/static/chunks/11hm_next_dist_0m6rgog._.js:2441
[ 4054486ms] [LOG] [DEBUG] Renderizando celda: {columnId: metricas.satisfaccionMedia, isReference: undefined, value: Object} @ http://localhost:3000/_next/static/chunks/11hm_next_dist_0m6rgog._.js:2441
[ 4054486ms] [LOG] [DEBUG] Renderizando celda: {columnId: metricas.satisfaccionMedia, isReference: undefined, value: Object} @ http://localhost:3000/_next/static/chunks/11hm_next_dist_0m6rgog._.js:2441
[ 4054486ms] [LOG] [DEBUG] Renderizando celda: {columnId: metricas.ticketMedio, isReference: undefined, value: Object} @ http://localhost:3000/_next/static/chunks/11hm_next_dist_0m6rgog._.js:2441
[ 4054486ms] [LOG] [DEBUG] Renderizando celda: {columnId: metricas.ticketMedio, isReference: undefined, value: Object} @ http://localhost:3000/_next/static/chunks/11hm_next_dist_0m6rgog._.js:2441
[ 4054487ms] [LOG] [DEBUG] Renderizando celda: {columnId: etiquetas, isReference: undefined, value: Object} @ http://localhost:3000/_next/static/chunks/11hm_next_dist_0m6rgog._.js:2441
[ 4054487ms] [LOG] [DEBUG] Renderizando celda: {columnId: etiquetas, isReference: undefined, value: Object} @ http://localhost:3000/_next/static/chunks/11hm_next_dist_0m6rgog._.js:2441
[ 4054487ms] [LOG] [DEBUG] Renderizando ArrayCell: {itemsLength: 4, isPrimitiveArray: true, isObjectArray: false, firstItemType: string} @ http://localhost:3000/_next/static/chunks/11hm_next_dist_0m6rgog._.js:2441
[ 4054487ms] [LOG] [DEBUG] Renderizando ArrayCell: {itemsLength: 4, isPrimitiveArray: true, isObjectArray: false, firstItemType: string} @ http://localhost:3000/_next/static/chunks/11hm_next_dist_0m6rgog._.js:2441
[ 4054487ms] [LOG] [DEBUG] Renderizando celda: {columnId: notas, isReference: undefined, value: Object} @ http://localhost:3000/_next/static/chunks/11hm_next_dist_0m6rgog._.js:2441
[ 4054487ms] [LOG] [DEBUG] Renderizando celda: {columnId: notas, isReference: undefined, value: Object} @ http://localhost:3000/_next/static/chunks/11hm_next_dist_0m6rgog._.js:2441
[ 4054487ms] [LOG] [DEBUG] Tipo corregido: objectArray -> string {originalValue: Referente en Granada en tendencias. Muy activos en…uidores). Modelo a seguir para marketing digital., originalType: objectArray, detectedType: string} @ http://localhost:3000/_next/static/chunks/11hm_next_dist_0m6rgog._.js:2441
[ 4054487ms] [LOG] [DEBUG] Tipo corregido: objectArray -> string {originalValue: Referente en Granada en tendencias. Muy activos en…uidores). Modelo a seguir para marketing digital., originalType: objectArray, detectedType: string} @ http://localhost:3000/_next/static/chunks/11hm_next_dist_0m6rgog._.js:2441
[ 4054488ms] [LOG] [DEBUG] Renderizando celda: {columnId: id, isReference: undefined, value: Object} @ http://localhost:3000/_next/static/chunks/11hm_next_dist_0m6rgog._.js:2441
[ 4054488ms] [LOG] [DEBUG] Renderizando celda: {columnId: id, isReference: undefined, value: Object} @ http://localhost:3000/_next/static/chunks/11hm_next_dist_0m6rgog._.js:2441
[ 4054488ms] [LOG] [DEBUG] Renderizando celda: {columnId: nombre, isReference: undefined, value: Object} @ http://localhost:3000/_next/static/chunks/11hm_next_dist_0m6rgog._.js:2441
[ 4054488ms] [LOG] [DEBUG] Renderizando celda: {columnId: nombre, isReference: undefined, value: Object} @ http://localhost:3000/_next/static/chunks/11hm_next_dist_0m6rgog._.js:2441
[ 4054488ms] [LOG] [DEBUG] Renderizando celda: {columnId: email, isReference: undefined, value: Object} @ http://localhost:3000/_next/static/chunks/11hm_next_dist_0m6rgog._.js:2441
[ 4054488ms] [LOG] [DEBUG] Renderizando celda: {columnId: email, isReference: undefined, value: Object} @ http://localhost:3000/_next/static/chunks/11hm_next_dist_0m6rgog._.js:2441
[ 4054488ms] [LOG] [DEBUG] Renderizando celda: {columnId: ciudad, isReference: undefined, value: Object} @ http://localhost:3000/_next/static/chunks/11hm_next_dist_0m6rgog._.js:2441
[ 4054488ms] [LOG] [DEBUG] Renderizando celda: {columnId: ciudad, isReference: undefined, value: Object} @ http://localhost:3000/_next/static/chunks/11hm_next_dist_0m6rgog._.js:2441
[ 4054488ms] [LOG] [DEBUG] Renderizando celda: {columnId: activo, isReference: undefined, value: Object} @ http://localhost:3000/_next/static/chunks/11hm_next_dist_0m6rgog._.js:2441
[ 4054489ms] [LOG] [DEBUG] Renderizando celda: {columnId: activo, isReference: undefined, value: Object} @ http://localhost:3000/_next/static/chunks/11hm_next_dist_0m6rgog._.js:2441
[ 4054489ms] [LOG] [DEBUG] Tipo corregido: boolean -> string {originalValue: true, originalType: boolean, detectedType: string} @ http://localhost:3000/_next/static/chunks/11hm_next_dist_0m6rgog._.js:2441
[ 4054489ms] [LOG] [DEBUG] Tipo corregido: boolean -> string {originalValue: true, originalType: boolean, detectedType: string} @ http://localhost:3000/_next/static/chunks/11hm_next_dist_0m6rgog._.js:2441
[ 4054489ms] [LOG] [DEBUG] Renderizando celda: {columnId: propietario, isReference: undefined, value: Object} @ http://localhost:3000/_next/static/chunks/11hm_next_dist_0m6rgog._.js:2441
[ 4054489ms] [LOG] [DEBUG] Renderizando celda: {columnId: propietario, isReference: undefined, value: Object} @ http://localhost:3000/_next/static/chunks/11hm_next_dist_0m6rgog._.js:2441
[ 4054489ms] [LOG] [DEBUG] Renderizando celda: {columnId: web, isReference: undefined, value: Object} @ http://localhost:3000/_next/static/chunks/11hm_next_dist_0m6rgog._.js:2441
[ 4054489ms] [LOG] [DEBUG] Renderizando celda: {columnId: web, isReference: undefined, value: Object} @ http://localhost:3000/_next/static/chunks/11hm_next_dist_0m6rgog._.js:2441
[ 4054489ms] [LOG] [DEBUG] Renderizando celda: {columnId: logo, isReference: undefined, value: Object} @ http://localhost:3000/_next/static/chunks/11hm_next_dist_0m6rgog._.js:2441
[ 4054489ms] [LOG] [DEBUG] Renderizando celda: {columnId: logo, isReference: undefined, value: Object} @ http://localhost:3000/_next/static/chunks/11hm_next_dist_0m6rgog._.js:2441
[ 4054489ms] [LOG] [DEBUG] Renderizando celda: {columnId: direccion.calle, isReference: undefined, value: Object} @ http://localhost:3000/_next/static/chunks/11hm_next_dist_0m6rgog._.js:2441
[ 4054489ms] [LOG] [DEBUG] Renderizando celda: {columnId: direccion.calle, isReference: undefined, value: Object} @ http://localhost:3000/_next/static/chunks/11hm_next_dist_0m6rgog._.js:2441
[ 4054489ms] [LOG] [DEBUG] Renderizando celda: {columnId: direccion.codigoPostal, isReference: undefined, value: Object} @ http://localhost:3000/_next/static/chunks/11hm_next_dist_0m6rgog._.js:2441
[ 4054489ms] [LOG] [DEBUG] Renderizando celda: {columnId: direccion.codigoPostal, isReference: undefined, value: Object} @ http://localhost:3000/_next/static/chunks/11hm_next_dist_0m6rgog._.js:2441
[ 4054489ms] [LOG] [DEBUG] Renderizando celda: {columnId: direccion.provincia, isReference: undefined, value: Object} @ http://localhost:3000/_next/static/chunks/11hm_next_dist_0m6rgog._.js:2441
[ 4054489ms] [LOG] [DEBUG] Renderizando celda: {columnId: direccion.provincia, isReference: undefined, value: Object} @ http://localhost:3000/_next/static/chunks/11hm_next_dist_0m6rgog._.js:2441
[ 4054490ms] [LOG] [DEBUG] Renderizando celda: {columnId: fechaApertura, isReference: undefined, value: Object} @ http://localhost:3000/_next/static/chunks/11hm_next_dist_0m6rgog._.js:2441
[ 4054490ms] [LOG] [DEBUG] Renderizando celda: {columnId: fechaApertura, isReference: undefined, value: Object} @ http://localhost:3000/_next/static/chunks/11hm_next_dist_0m6rgog._.js:2441
[ 4054490ms] [LOG] [DEBUG] Renderizando celda: {columnId: facturacionAnual, isReference: undefined, value: Object} @ http://localhost:3000/_next/static/chunks/11hm_next_dist_0m6rgog._.js:2441
[ 4054490ms] [LOG] [DEBUG] Renderizando celda: {columnId: facturacionAnual, isReference: undefined, value: Object} @ http://localhost:3000/_next/static/chunks/11hm_next_dist_0m6rgog._.js:2441
[ 4054490ms] [LOG] [DEBUG] Renderizando celda: {columnId: empleados, isReference: undefined, value: Object} @ http://localhost:3000/_next/static/chunks/11hm_next_dist_0m6rgog._.js:2441
[ 4054490ms] [LOG] [DEBUG] Renderizando celda: {columnId: empleados, isReference: undefined, value: Object} @ http://localhost:3000/_next/static/chunks/11hm_next_dist_0m6rgog._.js:2441
[ 4054490ms] [LOG] [DEBUG] Renderizando ArrayCell: {itemsLength: 3, isPrimitiveArray: false, isObjectArray: true, firstItemType: object} @ http://localhost:3000/_next/static/chunks/11hm_next_dist_0m6rgog._.js:2441
[ 4054490ms] [LOG] [DEBUG] Renderizando ArrayCell: {itemsLength: 3, isPrimitiveArray: false, isObjectArray: true, firstItemType: object} @ http://localhost:3000/_next/static/chunks/11hm_next_dist_0m6rgog._.js:2441
[ 4054491ms] [LOG] [DEBUG] Renderizando celda: {columnId: servicios, isReference: undefined, value: Object} @ http://localhost:3000/_next/static/chunks/11hm_next_dist_0m6rgog._.js:2441
[ 4054491ms] [LOG] [DEBUG] Renderizando celda: {columnId: servicios, isReference: undefined, value: Object} @ http://localhost:3000/_next/static/chunks/11hm_next_dist_0m6rgog._.js:2441
[ 4054491ms] [LOG] [DEBUG] Renderizando ArrayCell: {itemsLength: 4, isPrimitiveArray: true, isObjectArray: false, firstItemType: string} @ http://localhost:3000/_next/static/chunks/11hm_next_dist_0m6rgog._.js:2441
[ 4054491ms] [LOG] [DEBUG] Renderizando ArrayCell: {itemsLength: 4, isPrimitiveArray: true, isObjectArray: false, firstItemType: string} @ http://localhost:3000/_next/static/chunks/11hm_next_dist_0m6rgog._.js:2441
[ 4054491ms] [LOG] [DEBUG] Renderizando celda: {columnId: membresias, isReference: undefined, value: Object} @ http://localhost:3000/_next/static/chunks/11hm_next_dist_0m6rgog._.js:2441
[ 4054491ms] [LOG] [DEBUG] Renderizando celda: {columnId: membresias, isReference: undefined, value: Object} @ http://localhost:3000/_next/static/chunks/11hm_next_dist_0m6rgog._.js:2441
[ 4054491ms] [LOG] [DEBUG] Renderizando ArrayCell: {itemsLength: 1, isPrimitiveArray: false, isObjectArray: true, firstItemType: object} @ http://localhost:3000/_next/static/chunks/11hm_next_dist_0m6rgog._.js:2441
[ 4054491ms] [LOG] [DEBUG] Renderizando ArrayCell: {itemsLength: 1, isPrimitiveArray: false, isObjectArray: true, firstItemType: object} @ http://localhost:3000/_next/static/chunks/11hm_next_dist_0m6rgog._.js:2441
[ 4054492ms] [LOG] [DEBUG] Renderizando celda: {columnId: metricas.clientesActivos, isReference: undefined, value: Object} @ http://localhost:3000/_next/static/chunks/11hm_next_dist_0m6rgog._.js:2441
[ 4054492ms] [LOG] [DEBUG] Renderizando celda: {columnId: metricas.clientesActivos, isReference: undefined, value: Object} @ http://localhost:3000/_next/static/chunks/11hm_next_dist_0m6rgog._.js:2441
[ 4054492ms] [LOG] [DEBUG] Renderizando celda: {columnId: metricas.satisfaccionMedia, isReference: undefined, value: Object} @ http://localhost:3000/_next/static/chunks/11hm_next_dist_0m6rgog._.js:2441
[ 4054492ms] [LOG] [DEBUG] Renderizando celda: {columnId: metricas.satisfaccionMedia, isReference: undefined, value: Object} @ http://localhost:3000/_next/static/chunks/11hm_next_dist_0m6rgog._.js:2441
[ 4054492ms] [LOG] [DEBUG] Renderizando celda: {columnId: metricas.ticketMedio, isReference: undefined, value: Object} @ http://localhost:3000/_next/static/chunks/11hm_next_dist_0m6rgog._.js:2441
[ 4054492ms] [LOG] [DEBUG] Renderizando celda: {columnId: metricas.ticketMedio, isReference: undefined, value: Object} @ http://localhost:3000/_next/static/chunks/11hm_next_dist_0m6rgog._.js:2441
[ 4054492ms] [LOG] [DEBUG] Renderizando celda: {columnId: etiquetas, isReference: undefined, value: Object} @ http://localhost:3000/_next/static/chunks/11hm_next_dist_0m6rgog._.js:2441
[ 4054492ms] [LOG] [DEBUG] Renderizando celda: {columnId: etiquetas, isReference: undefined, value: Object} @ http://localhost:3000/_next/static/chunks/11hm_next_dist_0m6rgog._.js:2441
[ 4054492ms] [LOG] [DEBUG] Renderizando ArrayCell: {itemsLength: 3, isPrimitiveArray: true, isObjectArray: false, firstItemType: string} @ http://localhost:3000/_next/static/chunks/11hm_next_dist_0m6rgog._.js:2441
[ 4054492ms] [LOG] [DEBUG] Renderizando ArrayCell: {itemsLength: 3, isPrimitiveArray: true, isObjectArray: false, firstItemType: string} @ http://localhost:3000/_next/static/chunks/11hm_next_dist_0m6rgog._.js:2441
[ 4054492ms] [LOG] [DEBUG] Renderizando celda: {columnId: notas, isReference: undefined, value: Object} @ http://localhost:3000/_next/static/chunks/11hm_next_dist_0m6rgog._.js:2441
[ 4054493ms] [LOG] [DEBUG] Renderizando celda: {columnId: notas, isReference: undefined, value: Object} @ http://localhost:3000/_next/static/chunks/11hm_next_dist_0m6rgog._.js:2441
[ 4054493ms] [LOG] [DEBUG] Tipo corregido: objectArray -> string {originalValue: Salón con mucha historia. Clientela fiel y envejec…enovación de imagen y captación de público joven., originalType: objectArray, detectedType: string} @ http://localhost:3000/_next/static/chunks/11hm_next_dist_0m6rgog._.js:2441
[ 4054493ms] [LOG] [DEBUG] Tipo corregido: objectArray -> string {originalValue: Salón con mucha historia. Clientela fiel y envejec…enovación de imagen y captación de público joven., originalType: objectArray, detectedType: string} @ http://localhost:3000/_next/static/chunks/11hm_next_dist_0m6rgog._.js:2441
[ 4054494ms] [LOG] [DEBUG] Renderizando celda: {columnId: id, isReference: undefined, value: Object} @ http://localhost:3000/_next/static/chunks/11hm_next_dist_0m6rgog._.js:2441
[ 4054494ms] [LOG] [DEBUG] Renderizando celda: {columnId: id, isReference: undefined, value: Object} @ http://localhost:3000/_next/static/chunks/11hm_next_dist_0m6rgog._.js:2441
[ 4054494ms] [LOG] [DEBUG] Renderizando celda: {columnId: nombre, isReference: undefined, value: Object} @ http://localhost:3000/_next/static/chunks/11hm_next_dist_0m6rgog._.js:2441
[ 4054494ms] [LOG] [DEBUG] Renderizando celda: {columnId: nombre, isReference: undefined, value: Object} @ http://localhost:3000/_next/static/chunks/11hm_next_dist_0m6rgog._.js:2441
[ 4054494ms] [LOG] [DEBUG] Renderizando celda: {columnId: email, isReference: undefined, value: Object} @ http://localhost:3000/_next/static/chunks/11hm_next_dist_0m6rgog._.js:2441
[ 4054494ms] [LOG] [DEBUG] Renderizando celda: {columnId: email, isReference: undefined, value: Object} @ http://localhost:3000/_next/static/chunks/11hm_next_dist_0m6rgog._.js:2441
[ 4054494ms] [LOG] [DEBUG] Renderizando celda: {columnId: ciudad, isReference: undefined, value: Object} @ http://localhost:3000/_next/static/chunks/11hm_next_dist_0m6rgog._.js:2441
[ 4054494ms] [LOG] [DEBUG] Renderizando celda: {columnId: ciudad, isReference: undefined, value: Object} @ http://localhost:3000/_next/static/chunks/11hm_next_dist_0m6rgog._.js:2441
[ 4054494ms] [LOG] [DEBUG] Renderizando celda: {columnId: activo, isReference: undefined, value: Object} @ http://localhost:3000/_next/static/chunks/11hm_next_dist_0m6rgog._.js:2441
[ 4054494ms] [LOG] [DEBUG] Renderizando celda: {columnId: activo, isReference: undefined, value: Object} @ http://localhost:3000/_next/static/chunks/11hm_next_dist_0m6rgog._.js:2441
[ 4054494ms] [LOG] [DEBUG] Tipo corregido: boolean -> string {originalValue: true, originalType: boolean, detectedType: string} @ http://localhost:3000/_next/static/chunks/11hm_next_dist_0m6rgog._.js:2441
[ 4054494ms] [LOG] [DEBUG] Tipo corregido: boolean -> string {originalValue: true, originalType: boolean, detectedType: string} @ http://localhost:3000/_next/static/chunks/11hm_next_dist_0m6rgog._.js:2441
[ 4054494ms] [LOG] [DEBUG] Renderizando celda: {columnId: propietario, isReference: undefined, value: Object} @ http://localhost:3000/_next/static/chunks/11hm_next_dist_0m6rgog._.js:2441
[ 4054494ms] [LOG] [DEBUG] Renderizando celda: {columnId: propietario, isReference: undefined, value: Object} @ http://localhost:3000/_next/static/chunks/11hm_next_dist_0m6rgog._.js:2441
[ 4054494ms] [LOG] [DEBUG] Renderizando celda: {columnId: web, isReference: undefined, value: Object} @ http://localhost:3000/_next/static/chunks/11hm_next_dist_0m6rgog._.js:2441
[ 4054494ms] [LOG] [DEBUG] Renderizando celda: {columnId: web, isReference: undefined, value: Object} @ http://localhost:3000/_next/static/chunks/11hm_next_dist_0m6rgog._.js:2441
[ 4054495ms] [LOG] [DEBUG] Renderizando celda: {columnId: logo, isReference: undefined, value: Object} @ http://localhost:3000/_next/static/chunks/11hm_next_dist_0m6rgog._.js:2441
[ 4054495ms] [LOG] [DEBUG] Renderizando celda: {columnId: logo, isReference: undefined, value: Object} @ http://localhost:3000/_next/static/chunks/11hm_next_dist_0m6rgog._.js:2441
[ 4054495ms] [LOG] [DEBUG] Renderizando celda: {columnId: direccion.calle, isReference: undefined, value: Object} @ http://localhost:3000/_next/static/chunks/11hm_next_dist_0m6rgog._.js:2441
[ 4054495ms] [LOG] [DEBUG] Renderizando celda: {columnId: direccion.calle, isReference: undefined, value: Object} @ http://localhost:3000/_next/static/chunks/11hm_next_dist_0m6rgog._.js:2441
[ 4054495ms] [LOG] [DEBUG] Renderizando celda: {columnId: direccion.codigoPostal, isReference: undefined, value: Object} @ http://localhost:3000/_next/static/chunks/11hm_next_dist_0m6rgog._.js:2441
[ 4054495ms] [LOG] [DEBUG] Renderizando celda: {columnId: direccion.codigoPostal, isReference: undefined, value: Object} @ http://localhost:3000/_next/static/chunks/11hm_next_dist_0m6rgog._.js:2441
[ 4054495ms] [LOG] [DEBUG] Renderizando celda: {columnId: direccion.provincia, isReference: undefined, value: Object} @ http://localhost:3000/_next/static/chunks/11hm_next_dist_0m6rgog._.js:2441
[ 4054495ms] [LOG] [DEBUG] Renderizando celda: {columnId: direccion.provincia, isReference: undefined, value: Object} @ http://localhost:3000/_next/static/chunks/11hm_next_dist_0m6rgog._.js:2441
[ 4054495ms] [LOG] [DEBUG] Renderizando celda: {columnId: fechaApertura, isReference: undefined, value: Object} @ http://localhost:3000/_next/static/chunks/11hm_next_dist_0m6rgog._.js:2441
[ 4054495ms] [LOG] [DEBUG] Renderizando celda: {columnId: fechaApertura, isReference: undefined, value: Object} @ http://localhost:3000/_next/static/chunks/11hm_next_dist_0m6rgog._.js:2441
[ 4054495ms] [LOG] [DEBUG] Renderizando celda: {columnId: facturacionAnual, isReference: undefined, value: Object} @ http://localhost:3000/_next/static/chunks/11hm_next_dist_0m6rgog._.js:2441
[ 4054495ms] [LOG] [DEBUG] Renderizando celda: {columnId: facturacionAnual, isReference: undefined, value: Object} @ http://localhost:3000/_next/static/chunks/11hm_next_dist_0m6rgog._.js:2441
[ 4054495ms] [LOG] [DEBUG] Renderizando celda: {columnId: empleados, isReference: undefined, value: Object} @ http://localhost:3000/_next/static/chunks/11hm_next_dist_0m6rgog._.js:2441
[ 4054495ms] [LOG] [DEBUG] Renderizando celda: {columnId: empleados, isReference: undefined, value: Object} @ http://localhost:3000/_next/static/chunks/11hm_next_dist_0m6rgog._.js:2441
[ 4054496ms] [LOG] [DEBUG] Renderizando ArrayCell: {itemsLength: 3, isPrimitiveArray: false, isObjectArray: true, firstItemType: object} @ http://localhost:3000/_next/static/chunks/11hm_next_dist_0m6rgog._.js:2441
[ 4054496ms] [LOG] [DEBUG] Renderizando ArrayCell: {itemsLength: 3, isPrimitiveArray: false, isObjectArray: true, firstItemType: object} @ http://localhost:3000/_next/static/chunks/11hm_next_dist_0m6rgog._.js:2441
[ 4054496ms] [LOG] [DEBUG] Renderizando celda: {columnId: servicios, isReference: undefined, value: Object} @ http://localhost:3000/_next/static/chunks/11hm_next_dist_0m6rgog._.js:2441
[ 4054496ms] [LOG] [DEBUG] Renderizando celda: {columnId: servicios, isReference: undefined, value: Object} @ http://localhost:3000/_next/static/chunks/11hm_next_dist_0m6rgog._.js:2441
[ 4054497ms] [LOG] [DEBUG] Renderizando ArrayCell: {itemsLength: 5, isPrimitiveArray: true, isObjectArray: false, firstItemType: string} @ http://localhost:3000/_next/static/chunks/11hm_next_dist_0m6rgog._.js:2441
[ 4054497ms] [LOG] [DEBUG] Renderizando ArrayCell: {itemsLength: 5, isPrimitiveArray: true, isObjectArray: false, firstItemType: string} @ http://localhost:3000/_next/static/chunks/11hm_next_dist_0m6rgog._.js:2441
[ 4054497ms] [LOG] [DEBUG] Renderizando celda: {columnId: membresias, isReference: undefined, value: Object} @ http://localhost:3000/_next/static/chunks/11hm_next_dist_0m6rgog._.js:2441
[ 4054497ms] [LOG] [DEBUG] Renderizando celda: {columnId: membresias, isReference: undefined, value: Object} @ http://localhost:3000/_next/static/chunks/11hm_next_dist_0m6rgog._.js:2441
[ 4054497ms] [LOG] [DEBUG] Renderizando ArrayCell: {itemsLength: 2, isPrimitiveArray: false, isObjectArray: true, firstItemType: object} @ http://localhost:3000/_next/static/chunks/11hm_next_dist_0m6rgog._.js:2441
[ 4054497ms] [LOG] [DEBUG] Renderizando ArrayCell: {itemsLength: 2, isPrimitiveArray: false, isObjectArray: true, firstItemType: object} @ http://localhost:3000/_next/static/chunks/11hm_next_dist_0m6rgog._.js:2441
[ 4054497ms] [LOG] [DEBUG] Renderizando celda: {columnId: metricas.clientesActivos, isReference: undefined, value: Object} @ http://localhost:3000/_next/static/chunks/11hm_next_dist_0m6rgog._.js:2441
[ 4054498ms] [LOG] [DEBUG] Renderizando celda: {columnId: metricas.clientesActivos, isReference: undefined, value: Object} @ http://localhost:3000/_next/static/chunks/11hm_next_dist_0m6rgog._.js:2441
[ 4054498ms] [LOG] [DEBUG] Renderizando celda: {columnId: metricas.satisfaccionMedia, isReference: undefined, value: Object} @ http://localhost:3000/_next/static/chunks/11hm_next_dist_0m6rgog._.js:2441
[ 4054498ms] [LOG] [DEBUG] Renderizando celda: {columnId: metricas.satisfaccionMedia, isReference: undefined, value: Object} @ http://localhost:3000/_next/static/chunks/11hm_next_dist_0m6rgog._.js:2441
[ 4054498ms] [LOG] [DEBUG] Renderizando celda: {columnId: metricas.ticketMedio, isReference: undefined, value: Object} @ http://localhost:3000/_next/static/chunks/11hm_next_dist_0m6rgog._.js:2441
[ 4054498ms] [LOG] [DEBUG] Renderizando celda: {columnId: metricas.ticketMedio, isReference: undefined, value: Object} @ http://localhost:3000/_next/static/chunks/11hm_next_dist_0m6rgog._.js:2441
[ 4054498ms] [LOG] [DEBUG] Renderizando celda: {columnId: etiquetas, isReference: undefined, value: Object} @ http://localhost:3000/_next/static/chunks/11hm_next_dist_0m6rgog._.js:2441
[ 4054498ms] [LOG] [DEBUG] Renderizando celda: {columnId: etiquetas, isReference: undefined, value: Object} @ http://localhost:3000/_next/static/chunks/11hm_next_dist_0m6rgog._.js:2441
[ 4054498ms] [LOG] [DEBUG] Renderizando ArrayCell: {itemsLength: 4, isPrimitiveArray: true, isObjectArray: false, firstItemType: string} @ http://localhost:3000/_next/static/chunks/11hm_next_dist_0m6rgog._.js:2441
[ 4054498ms] [LOG] [DEBUG] Renderizando ArrayCell: {itemsLength: 4, isPrimitiveArray: true, isObjectArray: false, firstItemType: string} @ http://localhost:3000/_next/static/chunks/11hm_next_dist_0m6rgog._.js:2441
[ 4054498ms] [LOG] [DEBUG] Renderizando celda: {columnId: notas, isReference: undefined, value: Object} @ http://localhost:3000/_next/static/chunks/11hm_next_dist_0m6rgog._.js:2441
[ 4054498ms] [LOG] [DEBUG] Renderizando celda: {columnId: notas, isReference: undefined, value: Object} @ http://localhost:3000/_next/static/chunks/11hm_next_dist_0m6rgog._.js:2441
[ 4054498ms] [LOG] [DEBUG] Tipo corregido: objectArray -> string {originalValue: Barbería premium enfocada en hombre. Muchos client…istas en verano. Upselling muy alto en productos., originalType: objectArray, detectedType: string} @ http://localhost:3000/_next/static/chunks/11hm_next_dist_0m6rgog._.js:2441
[ 4054498ms] [LOG] [DEBUG] Tipo corregido: objectArray -> string {originalValue: Barbería premium enfocada en hombre. Muchos client…istas en verano. Upselling muy alto en productos., originalType: objectArray, detectedType: string} @ http://localhost:3000/_next/static/chunks/11hm_next_dist_0m6rgog._.js:2441
[ 4054499ms] [LOG] [DEBUG] Renderizando celda: {columnId: id, isReference: undefined, value: Object} @ http://localhost:3000/_next/static/chunks/11hm_next_dist_0m6rgog._.js:2441
[ 4054499ms] [LOG] [DEBUG] Renderizando celda: {columnId: id, isReference: undefined, value: Object} @ http://localhost:3000/_next/static/chunks/11hm_next_dist_0m6rgog._.js:2441
[ 4054499ms] [LOG] [DEBUG] Renderizando celda: {columnId: nombre, isReference: undefined, value: Object} @ http://localhost:3000/_next/static/chunks/11hm_next_dist_0m6rgog._.js:2441
[ 4054499ms] [LOG] [DEBUG] Renderizando celda: {columnId: nombre, isReference: undefined, value: Object} @ http://localhost:3000/_next/static/chunks/11hm_next_dist_0m6rgog._.js:2441
[ 4054499ms] [LOG] [DEBUG] Renderizando celda: {columnId: email, isReference: undefined, value: Object} @ http://localhost:3000/_next/static/chunks/11hm_next_dist_0m6rgog._.js:2441
[ 4054500ms] [LOG] [DEBUG] Renderizando celda: {columnId: email, isReference: undefined, value: Object} @ http://localhost:3000/_next/static/chunks/11hm_next_dist_0m6rgog._.js:2441
[ 4054500ms] [LOG] [DEBUG] Renderizando celda: {columnId: ciudad, isReference: undefined, value: Object} @ http://localhost:3000/_next/static/chunks/11hm_next_dist_0m6rgog._.js:2441
[ 4054500ms] [LOG] [DEBUG] Renderizando celda: {columnId: ciudad, isReference: undefined, value: Object} @ http://localhost:3000/_next/static/chunks/11hm_next_dist_0m6rgog._.js:2441
[ 4054500ms] [LOG] [DEBUG] Renderizando celda: {columnId: activo, isReference: undefined, value: Object} @ http://localhost:3000/_next/static/chunks/11hm_next_dist_0m6rgog._.js:2441
[ 4054500ms] [LOG] [DEBUG] Renderizando celda: {columnId: activo, isReference: undefined, value: Object} @ http://localhost:3000/_next/static/chunks/11hm_next_dist_0m6rgog._.js:2441
[ 4054500ms] [LOG] [DEBUG] Tipo corregido: boolean -> string {originalValue: true, originalType: boolean, detectedType: string} @ http://localhost:3000/_next/static/chunks/11hm_next_dist_0m6rgog._.js:2441
[ 4054500ms] [LOG] [DEBUG] Tipo corregido: boolean -> string {originalValue: true, originalType: boolean, detectedType: string} @ http://localhost:3000/_next/static/chunks/11hm_next_dist_0m6rgog._.js:2441
[ 4054500ms] [LOG] [DEBUG] Renderizando celda: {columnId: propietario, isReference: undefined, value: Object} @ http://localhost:3000/_next/static/chunks/11hm_next_dist_0m6rgog._.js:2441
[ 4054500ms] [LOG] [DEBUG] Renderizando celda: {columnId: propietario, isReference: undefined, value: Object} @ http://localhost:3000/_next/static/chunks/11hm_next_dist_0m6rgog._.js:2441
[ 4054500ms] [LOG] [DEBUG] Renderizando celda: {columnId: web, isReference: undefined, value: Object} @ http://localhost:3000/_next/static/chunks/11hm_next_dist_0m6rgog._.js:2441
[ 4054500ms] [LOG] [DEBUG] Renderizando celda: {columnId: web, isReference: undefined, value: Object} @ http://localhost:3000/_next/static/chunks/11hm_next_dist_0m6rgog._.js:2441
[ 4054500ms] [LOG] [DEBUG] Renderizando celda: {columnId: logo, isReference: undefined, value: Object} @ http://localhost:3000/_next/static/chunks/11hm_next_dist_0m6rgog._.js:2441
[ 4054500ms] [LOG] [DEBUG] Renderizando celda: {columnId: logo, isReference: undefined, value: Object} @ http://localhost:3000/_next/static/chunks/11hm_next_dist_0m6rgog._.js:2441
[ 4054500ms] [LOG] [DEBUG] Renderizando celda: {columnId: direccion.calle, isReference: undefined, value: Object} @ http://localhost:3000/_next/static/chunks/11hm_next_dist_0m6rgog._.js:2441
[ 4054500ms] [LOG] [DEBUG] Renderizando celda: {columnId: direccion.calle, isReference: undefined, value: Object} @ http://localhost:3000/_next/static/chunks/11hm_next_dist_0m6rgog._.js:2441
[ 4054501ms] [LOG] [DEBUG] Renderizando celda: {columnId: direccion.codigoPostal, isReference: undefined, value: Object} @ http://localhost:3000/_next/static/chunks/11hm_next_dist_0m6rgog._.js:2441
[ 4054501ms] [LOG] [DEBUG] Renderizando celda: {columnId: direccion.codigoPostal, isReference: undefined, value: Object} @ http://localhost:3000/_next/static/chunks/11hm_next_dist_0m6rgog._.js:2441
[ 4054501ms] [LOG] [DEBUG] Renderizando celda: {columnId: direccion.provincia, isReference: undefined, value: Object} @ http://localhost:3000/_next/static/chunks/11hm_next_dist_0m6rgog._.js:2441
[ 4054501ms] [LOG] [DEBUG] Renderizando celda: {columnId: direccion.provincia, isReference: undefined, value: Object} @ http://localhost:3000/_next/static/chunks/11hm_next_dist_0m6rgog._.js:2441
[ 4054501ms] [LOG] [DEBUG] Renderizando celda: {columnId: fechaApertura, isReference: undefined, value: Object} @ http://localhost:3000/_next/static/chunks/11hm_next_dist_0m6rgog._.js:2441
[ 4054501ms] [LOG] [DEBUG] Renderizando celda: {columnId: fechaApertura, isReference: undefined, value: Object} @ http://localhost:3000/_next/static/chunks/11hm_next_dist_0m6rgog._.js:2441
[ 4054501ms] [LOG] [DEBUG] Renderizando celda: {columnId: facturacionAnual, isReference: undefined, value: Object} @ http://localhost:3000/_next/static/chunks/11hm_next_dist_0m6rgog._.js:2441
[ 4054501ms] [LOG] [DEBUG] Renderizando celda: {columnId: facturacionAnual, isReference: undefined, value: Object} @ http://localhost:3000/_next/static/chunks/11hm_next_dist_0m6rgog._.js:2441
[ 4054501ms] [LOG] [DEBUG] Renderizando celda: {columnId: empleados, isReference: undefined, value: Object} @ http://localhost:3000/_next/static/chunks/11hm_next_dist_0m6rgog._.js:2441
[ 4054501ms] [LOG] [DEBUG] Renderizando celda: {columnId: empleados, isReference: undefined, value: Object} @ http://localhost:3000/_next/static/chunks/11hm_next_dist_0m6rgog._.js:2441
[ 4054501ms] [LOG] [DEBUG] Renderizando ArrayCell: {itemsLength: 2, isPrimitiveArray: false, isObjectArray: true, firstItemType: object} @ http://localhost:3000/_next/static/chunks/11hm_next_dist_0m6rgog._.js:2441
[ 4054501ms] [LOG] [DEBUG] Renderizando ArrayCell: {itemsLength: 2, isPrimitiveArray: false, isObjectArray: true, firstItemType: object} @ http://localhost:3000/_next/static/chunks/11hm_next_dist_0m6rgog._.js:2441
[ 4054502ms] [LOG] [DEBUG] Renderizando celda: {columnId: servicios, isReference: undefined, value: Object} @ http://localhost:3000/_next/static/chunks/11hm_next_dist_0m6rgog._.js:2441
[ 4054502ms] [LOG] [DEBUG] Renderizando celda: {columnId: servicios, isReference: undefined, value: Object} @ http://localhost:3000/_next/static/chunks/11hm_next_dist_0m6rgog._.js:2441
[ 4054502ms] [LOG] [DEBUG] Renderizando ArrayCell: {itemsLength: 4, isPrimitiveArray: true, isObjectArray: false, firstItemType: string} @ http://localhost:3000/_next/static/chunks/11hm_next_dist_0m6rgog._.js:2441
[ 4054502ms] [LOG] [DEBUG] Renderizando ArrayCell: {itemsLength: 4, isPrimitiveArray: true, isObjectArray: false, firstItemType: string} @ http://localhost:3000/_next/static/chunks/11hm_next_dist_0m6rgog._.js:2441
[ 4054502ms] [LOG] [DEBUG] Renderizando celda: {columnId: membresias, isReference: undefined, value: Object} @ http://localhost:3000/_next/static/chunks/11hm_next_dist_0m6rgog._.js:2441
[ 4054502ms] [LOG] [DEBUG] Renderizando celda: {columnId: membresias, isReference: undefined, value: Object} @ http://localhost:3000/_next/static/chunks/11hm_next_dist_0m6rgog._.js:2441
[ 4054502ms] [LOG] [DEBUG] Renderizando ArrayCell: {itemsLength: 2, isPrimitiveArray: false, isObjectArray: true, firstItemType: object} @ http://localhost:3000/_next/static/chunks/11hm_next_dist_0m6rgog._.js:2441
[ 4054502ms] [LOG] [DEBUG] Renderizando ArrayCell: {itemsLength: 2, isPrimitiveArray: false, isObjectArray: true, firstItemType: object} @ http://localhost:3000/_next/static/chunks/11hm_next_dist_0m6rgog._.js:2441
[ 4054503ms] [LOG] [DEBUG] Renderizando celda: {columnId: metricas.clientesActivos, isReference: undefined, value: Object} @ http://localhost:3000/_next/static/chunks/11hm_next_dist_0m6rgog._.js:2441
[ 4054503ms] [LOG] [DEBUG] Renderizando celda: {columnId: metricas.clientesActivos, isReference: undefined, value: Object} @ http://localhost:3000/_next/static/chunks/11hm_next_dist_0m6rgog._.js:2441
[ 4054503ms] [LOG] [DEBUG] Renderizando celda: {columnId: metricas.satisfaccionMedia, isReference: undefined, value: Object} @ http://localhost:3000/_next/static/chunks/11hm_next_dist_0m6rgog._.js:2441
[ 4054503ms] [LOG] [DEBUG] Renderizando celda: {columnId: metricas.satisfaccionMedia, isReference: undefined, value: Object} @ http://localhost:3000/_next/static/chunks/11hm_next_dist_0m6rgog._.js:2441
[ 4054503ms] [LOG] [DEBUG] Renderizando celda: {columnId: metricas.ticketMedio, isReference: undefined, value: Object} @ http://localhost:3000/_next/static/chunks/11hm_next_dist_0m6rgog._.js:2441
[ 4054503ms] [LOG] [DEBUG] Renderizando celda: {columnId: metricas.ticketMedio, isReference: undefined, value: Object} @ http://localhost:3000/_next/static/chunks/11hm_next_dist_0m6rgog._.js:2441
[ 4054504ms] [LOG] [DEBUG] Renderizando celda: {columnId: etiquetas, isReference: undefined, value: Object} @ http://localhost:3000/_next/static/chunks/11hm_next_dist_0m6rgog._.js:2441
[ 4054504ms] [LOG] [DEBUG] Renderizando celda: {columnId: etiquetas, isReference: undefined, value: Object} @ http://localhost:3000/_next/static/chunks/11hm_next_dist_0m6rgog._.js:2441
[ 4054504ms] [LOG] [DEBUG] Renderizando ArrayCell: {itemsLength: 4, isPrimitiveArray: true, isObjectArray: false, firstItemType: string} @ http://localhost:3000/_next/static/chunks/11hm_next_dist_0m6rgog._.js:2441
[ 4054504ms] [LOG] [DEBUG] Renderizando ArrayCell: {itemsLength: 4, isPrimitiveArray: true, isObjectArray: false, firstItemType: string} @ http://localhost:3000/_next/static/chunks/11hm_next_dist_0m6rgog._.js:2441
[ 4054504ms] [LOG] [DEBUG] Renderizando celda: {columnId: notas, isReference: undefined, value: Object} @ http://localhost:3000/_next/static/chunks/11hm_next_dist_0m6rgog._.js:2441
[ 4054504ms] [LOG] [DEBUG] Renderizando celda: {columnId: notas, isReference: undefined, value: Object} @ http://localhost:3000/_next/static/chunks/11hm_next_dist_0m6rgog._.js:2441
[ 4054504ms] [LOG] [DEBUG] Tipo corregido: objectArray -> string {originalValue: Salón joven con fuerte identidad de marca. Enfoque…idad. Crecimiento acelerado en los últimos meses., originalType: objectArray, detectedType: string} @ http://localhost:3000/_next/static/chunks/11hm_next_dist_0m6rgog._.js:2441
[ 4054504ms] [LOG] [DEBUG] Tipo corregido: objectArray -> string {originalValue: Salón joven con fuerte identidad de marca. Enfoque…idad. Crecimiento acelerado en los últimos meses., originalType: objectArray, detectedType: string} @ http://localhost:3000/_next/static/chunks/11hm_next_dist_0m6rgog._.js:2441
[ 4054505ms] [LOG] [DEBUG] Renderizando SecondaryTables: {level: 0, parentId: undefined, isLoading: false, arrayColumnsCount: 0, arrayColumns: Array(0)} @ http://localhost:3000/_next/static/chunks/11hm_next_dist_0m6rgog._.js:2441
[ 4054505ms] [LOG] [DEBUG] Renderizando SecondaryTables: {level: 0, parentId: undefined, isLoading: false, arrayColumnsCount: 0, arrayColumns: Array(0)} @ http://localhost:3000/_next/static/chunks/11hm_next_dist_0m6rgog._.js:2441
[ 4054535ms] [LOG] [DEBUG] Array columns procesadas: {count: 0, totalRegistros: 0, columns: Array(0)} @ http://localhost:3000/_next/static/chunks/11hm_next_dist_0m6rgog._.js:2441
[ 4054555ms] [LOG] [DEBUG] Renderizando SecondaryTables: {level: 0, parentId: undefined, isLoading: false, arrayColumnsCount: 0, arrayColumns: Array(0)} @ http://localhost:3000/_next/static/chunks/11hm_next_dist_0m6rgog._.js:2441
[ 4054555ms] [LOG] [DEBUG] Renderizando SecondaryTables: {level: 0, parentId: undefined, isLoading: false, arrayColumnsCount: 0, arrayColumns: Array(0)} @ http://localhost:3000/_next/static/chunks/11hm_next_dist_0m6rgog._.js:2441
[ 4054565ms] [LOG] [DEBUG] Effective column order: {baseOrder: Array(14), pinnedColumnId: index, otherColumns: Array(13), hasActions: true, result: Array(15)} @ http://localhost:3000/_next/static/chunks/11hm_next_dist_0m6rgog._.js:2441
[ 4054565ms] [LOG] [DEBUG] Effective column order: {baseOrder: Array(14), pinnedColumnId: index, otherColumns: Array(13), hasActions: true, result: Array(15)} @ http://localhost:3000/_next/static/chunks/11hm_next_dist_0m6rgog._.js:2441
[ 4054566ms] [LOG] [DEBUG] Effective column order: {baseOrder: Array(14), pinnedColumnId: index, otherColumns: Array(13), hasActions: true, result: Array(15)} @ http://localhost:3000/_next/static/chunks/11hm_next_dist_0m6rgog._.js:2441
[ 4054566ms] [LOG] [DEBUG] Effective column order: {baseOrder: Array(14), pinnedColumnId: index, otherColumns: Array(13), hasActions: true, result: Array(15)} @ http://localhost:3000/_next/static/chunks/11hm_next_dist_0m6rgog._.js:2441
[ 4054581ms] [LOG] [DEBUG] Renderizando celda: {columnId: id, isReference: undefined, value: Object} @ http://localhost:3000/_next/static/chunks/11hm_next_dist_0m6rgog._.js:2441
[ 4054581ms] [LOG] [DEBUG] Renderizando celda: {columnId: id, isReference: undefined, value: Object} @ http://localhost:3000/_next/static/chunks/11hm_next_dist_0m6rgog._.js:2441
[ 4054581ms] [LOG] [DEBUG] Renderizando celda: {columnId: nombre, isReference: undefined, value: Object} @ http://localhost:3000/_next/static/chunks/11hm_next_dist_0m6rgog._.js:2441
[ 4054581ms] [LOG] [DEBUG] Renderizando celda: {columnId: nombre, isReference: undefined, value: Object} @ http://localhost:3000/_next/static/chunks/11hm_next_dist_0m6rgog._.js:2441
[ 4054581ms] [LOG] [DEBUG] Renderizando celda: {columnId: email, isReference: undefined, value: Object} @ http://localhost:3000/_next/static/chunks/11hm_next_dist_0m6rgog._.js:2441
[ 4054581ms] [LOG] [DEBUG] Renderizando celda: {columnId: email, isReference: undefined, value: Object} @ http://localhost:3000/_next/static/chunks/11hm_next_dist_0m6rgog._.js:2441
[ 4054582ms] [LOG] [DEBUG] Renderizando celda: {columnId: ciudad, isReference: undefined, value: Object} @ http://localhost:3000/_next/static/chunks/11hm_next_dist_0m6rgog._.js:2441
[ 4054582ms] [LOG] [DEBUG] Renderizando celda: {columnId: ciudad, isReference: undefined, value: Object} @ http://localhost:3000/_next/static/chunks/11hm_next_dist_0m6rgog._.js:2441
[ 4054582ms] [LOG] [DEBUG] Renderizando celda: {columnId: activo, isReference: undefined, value: Object} @ http://localhost:3000/_next/static/chunks/11hm_next_dist_0m6rgog._.js:2441
[ 4054582ms] [LOG] [DEBUG] Renderizando celda: {columnId: activo, isReference: undefined, value: Object} @ http://localhost:3000/_next/static/chunks/11hm_next_dist_0m6rgog._.js:2441
[ 4054582ms] [LOG] [DEBUG] Renderizando celda: {columnId: propietario, isReference: undefined, value: Object} @ http://localhost:3000/_next/static/chunks/11hm_next_dist_0m6rgog._.js:2441
[ 4054582ms] [LOG] [DEBUG] Renderizando celda: {columnId: propietario, isReference: undefined, value: Object} @ http://localhost:3000/_next/static/chunks/11hm_next_dist_0m6rgog._.js:2441
[ 4054582ms] [LOG] [DEBUG] Renderizando celda: {columnId: web, isReference: undefined, value: Object} @ http://localhost:3000/_next/static/chunks/11hm_next_dist_0m6rgog._.js:2441
[ 4054582ms] [LOG] [DEBUG] Renderizando celda: {columnId: web, isReference: undefined, value: Object} @ http://localhost:3000/_next/static/chunks/11hm_next_dist_0m6rgog._.js:2441
[ 4054582ms] [LOG] [DEBUG] Renderizando celda: {columnId: logo, isReference: undefined, value: Object} @ http://localhost:3000/_next/static/chunks/11hm_next_dist_0m6rgog._.js:2441
[ 4054582ms] [LOG] [DEBUG] Renderizando celda: {columnId: logo, isReference: undefined, value: Object} @ http://localhost:3000/_next/static/chunks/11hm_next_dist_0m6rgog._.js:2441
[ 4054582ms] [LOG] [DEBUG] Renderizando celda: {columnId: direccion.calle, isReference: undefined, value: Object} @ http://localhost:3000/_next/static/chunks/11hm_next_dist_0m6rgog._.js:2441
[ 4054582ms] [LOG] [DEBUG] Renderizando celda: {columnId: direccion.calle, isReference: undefined, value: Object} @ http://localhost:3000/_next/static/chunks/11hm_next_dist_0m6rgog._.js:2441
[ 4054582ms] [LOG] [DEBUG] Renderizando celda: {columnId: direccion.codigoPostal, isReference: undefined, value: Object} @ http://localhost:3000/_next/static/chunks/11hm_next_dist_0m6rgog._.js:2441
[ 4054582ms] [LOG] [DEBUG] Renderizando celda: {columnId: direccion.codigoPostal, isReference: undefined, value: Object} @ http://localhost:3000/_next/static/chunks/11hm_next_dist_0m6rgog._.js:2441
[ 4054582ms] [LOG] [DEBUG] Renderizando celda: {columnId: direccion.provincia, isReference: undefined, value: Object} @ http://localhost:3000/_next/static/chunks/11hm_next_dist_0m6rgog._.js:2441
[ 4054582ms] [LOG] [DEBUG] Renderizando celda: {columnId: direccion.provincia, isReference: undefined, value: Object} @ http://localhost:3000/_next/static/chunks/11hm_next_dist_0m6rgog._.js:2441
[ 4054583ms] [LOG] [DEBUG] Renderizando celda: {columnId: fechaApertura, isReference: undefined, value: Object} @ http://localhost:3000/_next/static/chunks/11hm_next_dist_0m6rgog._.js:2441
[ 4054583ms] [LOG] [DEBUG] Renderizando celda: {columnId: fechaApertura, isReference: undefined, value: Object} @ http://localhost:3000/_next/static/chunks/11hm_next_dist_0m6rgog._.js:2441
[ 4054583ms] [LOG] [DEBUG] Renderizando celda: {columnId: facturacionAnual, isReference: undefined, value: Object} @ http://localhost:3000/_next/static/chunks/11hm_next_dist_0m6rgog._.js:2441
[ 4054583ms] [LOG] [DEBUG] Renderizando celda: {columnId: facturacionAnual, isReference: undefined, value: Object} @ http://localhost:3000/_next/static/chunks/11hm_next_dist_0m6rgog._.js:2441
[ 4054583ms] [LOG] [DEBUG] Renderizando celda: {columnId: empleados, isReference: undefined, value: Object} @ http://localhost:3000/_next/static/chunks/11hm_next_dist_0m6rgog._.js:2441
[ 4054583ms] [LOG] [DEBUG] Renderizando celda: {columnId: empleados, isReference: undefined, value: Object} @ http://localhost:3000/_next/static/chunks/11hm_next_dist_0m6rgog._.js:2441
[ 4054583ms] [LOG] [DEBUG] Renderizando celda: {columnId: servicios, isReference: undefined, value: Object} @ http://localhost:3000/_next/static/chunks/11hm_next_dist_0m6rgog._.js:2441
[ 4054583ms] [LOG] [DEBUG] Renderizando celda: {columnId: servicios, isReference: undefined, value: Object} @ http://localhost:3000/_next/static/chunks/11hm_next_dist_0m6rgog._.js:2441
[ 4054583ms] [LOG] [DEBUG] Renderizando celda: {columnId: membresias, isReference: undefined, value: Object} @ http://localhost:3000/_next/static/chunks/11hm_next_dist_0m6rgog._.js:2441
[ 4054583ms] [LOG] [DEBUG] Renderizando celda: {columnId: membresias, isReference: undefined, value: Object} @ http://localhost:3000/_next/static/chunks/11hm_next_dist_0m6rgog._.js:2441
[ 4054584ms] [LOG] [DEBUG] Renderizando celda: {columnId: metricas.clientesActivos, isReference: undefined, value: Object} @ http://localhost:3000/_next/static/chunks/11hm_next_dist_0m6rgog._.js:2441
[ 4054584ms] [LOG] [DEBUG] Renderizando celda: {columnId: metricas.clientesActivos, isReference: undefined, value: Object} @ http://localhost:3000/_next/static/chunks/11hm_next_dist_0m6rgog._.js:2441
[ 4054584ms] [LOG] [DEBUG] Renderizando celda: {columnId: metricas.satisfaccionMedia, isReference: undefined, value: Object} @ http://localhost:3000/_next/static/chunks/11hm_next_dist_0m6rgog._.js:2441
[ 4054584ms] [LOG] [DEBUG] Renderizando celda: {columnId: metricas.satisfaccionMedia, isReference: undefined, value: Object} @ http://localhost:3000/_next/static/chunks/11hm_next_dist_0m6rgog._.js:2441
[ 4054584ms] [LOG] [DEBUG] Renderizando celda: {columnId: metricas.ticketMedio, isReference: undefined, value: Object} @ http://localhost:3000/_next/static/chunks/11hm_next_dist_0m6rgog._.js:2441
[ 4054584ms] [LOG] [DEBUG] Renderizando celda: {columnId: metricas.ticketMedio, isReference: undefined, value: Object} @ http://localhost:3000/_next/static/chunks/11hm_next_dist_0m6rgog._.js:2441
[ 4054584ms] [LOG] [DEBUG] Renderizando celda: {columnId: etiquetas, isReference: undefined, value: Object} @ http://localhost:3000/_next/static/chunks/11hm_next_dist_0m6rgog._.js:2441
[ 4054584ms] [LOG] [DEBUG] Renderizando celda: {columnId: etiquetas, isReference: undefined, value: Object} @ http://localhost:3000/_next/static/chunks/11hm_next_dist_0m6rgog._.js:2441
[ 4054584ms] [LOG] [DEBUG] Renderizando celda: {columnId: notas, isReference: undefined, value: Object} @ http://localhost:3000/_next/static/chunks/11hm_next_dist_0m6rgog._.js:2441
[ 4054584ms] [LOG] [DEBUG] Renderizando celda: {columnId: notas, isReference: undefined, value: Object} @ http://localhost:3000/_next/static/chunks/11hm_next_dist_0m6rgog._.js:2441
[ 4054585ms] [LOG] [DEBUG] Renderizando celda: {columnId: id, isReference: undefined, value: Object} @ http://localhost:3000/_next/static/chunks/11hm_next_dist_0m6rgog._.js:2441
[ 4054585ms] [LOG] [DEBUG] Renderizando celda: {columnId: id, isReference: undefined, value: Object} @ http://localhost:3000/_next/static/chunks/11hm_next_dist_0m6rgog._.js:2441
[ 4054586ms] [LOG] [DEBUG] Renderizando celda: {columnId: nombre, isReference: undefined, value: Object} @ http://localhost:3000/_next/static/chunks/11hm_next_dist_0m6rgog._.js:2441
[ 4054586ms] [LOG] [DEBUG] Renderizando celda: {columnId: nombre, isReference: undefined, value: Object} @ http://localhost:3000/_next/static/chunks/11hm_next_dist_0m6rgog._.js:2441
[ 4054586ms] [LOG] [DEBUG] Renderizando celda: {columnId: email, isReference: undefined, value: Object} @ http://localhost:3000/_next/static/chunks/11hm_next_dist_0m6rgog._.js:2441
[ 4054586ms] [LOG] [DEBUG] Renderizando celda: {columnId: email, isReference: undefined, value: Object} @ http://localhost:3000/_next/static/chunks/11hm_next_dist_0m6rgog._.js:2441
[ 4054586ms] [LOG] [DEBUG] Renderizando celda: {columnId: ciudad, isReference: undefined, value: Object} @ http://localhost:3000/_next/static/chunks/11hm_next_dist_0m6rgog._.js:2441
[ 4054586ms] [LOG] [DEBUG] Renderizando celda: {columnId: ciudad, isReference: undefined, value: Object} @ http://localhost:3000/_next/static/chunks/11hm_next_dist_0m6rgog._.js:2441
[ 4054586ms] [LOG] [DEBUG] Renderizando celda: {columnId: activo, isReference: undefined, value: Object} @ http://localhost:3000/_next/static/chunks/11hm_next_dist_0m6rgog._.js:2441
[ 4054586ms] [LOG] [DEBUG] Renderizando celda: {columnId: activo, isReference: undefined, value: Object} @ http://localhost:3000/_next/static/chunks/11hm_next_dist_0m6rgog._.js:2441
[ 4054586ms] [LOG] [DEBUG] Renderizando celda: {columnId: propietario, isReference: undefined, value: Object} @ http://localhost:3000/_next/static/chunks/11hm_next_dist_0m6rgog._.js:2441
[ 4054587ms] [LOG] [DEBUG] Renderizando celda: {columnId: propietario, isReference: undefined, value: Object} @ http://localhost:3000/_next/static/chunks/11hm_next_dist_0m6rgog._.js:2441
[ 4054587ms] [LOG] [DEBUG] Renderizando celda: {columnId: web, isReference: undefined, value: Object} @ http://localhost:3000/_next/static/chunks/11hm_next_dist_0m6rgog._.js:2441
[ 4054587ms] [LOG] [DEBUG] Renderizando celda: {columnId: web, isReference: undefined, value: Object} @ http://localhost:3000/_next/static/chunks/11hm_next_dist_0m6rgog._.js:2441
[ 4054587ms] [LOG] [DEBUG] Renderizando celda: {columnId: logo, isReference: undefined, value: Object} @ http://localhost:3000/_next/static/chunks/11hm_next_dist_0m6rgog._.js:2441
[ 4054587ms] [LOG] [DEBUG] Renderizando celda: {columnId: logo, isReference: undefined, value: Object} @ http://localhost:3000/_next/static/chunks/11hm_next_dist_0m6rgog._.js:2441
[ 4054587ms] [LOG] [DEBUG] Renderizando celda: {columnId: direccion.calle, isReference: undefined, value: Object} @ http://localhost:3000/_next/static/chunks/11hm_next_dist_0m6rgog._.js:2441
[ 4054587ms] [LOG] [DEBUG] Renderizando celda: {columnId: direccion.calle, isReference: undefined, value: Object} @ http://localhost:3000/_next/static/chunks/11hm_next_dist_0m6rgog._.js:2441
[ 4054587ms] [LOG] [DEBUG] Renderizando celda: {columnId: direccion.codigoPostal, isReference: undefined, value: Object} @ http://localhost:3000/_next/static/chunks/11hm_next_dist_0m6rgog._.js:2441
[ 4054587ms] [LOG] [DEBUG] Renderizando celda: {columnId: direccion.codigoPostal, isReference: undefined, value: Object} @ http://localhost:3000/_next/static/chunks/11hm_next_dist_0m6rgog._.js:2441
[ 4054587ms] [LOG] [DEBUG] Renderizando celda: {columnId: direccion.provincia, isReference: undefined, value: Object} @ http://localhost:3000/_next/static/chunks/11hm_next_dist_0m6rgog._.js:2441
[ 4054587ms] [LOG] [DEBUG] Renderizando celda: {columnId: direccion.provincia, isReference: undefined, value: Object} @ http://localhost:3000/_next/static/chunks/11hm_next_dist_0m6rgog._.js:2441
[ 4054587ms] [LOG] [DEBUG] Renderizando celda: {columnId: fechaApertura, isReference: undefined, value: Object} @ http://localhost:3000/_next/static/chunks/11hm_next_dist_0m6rgog._.js:2441
[ 4054588ms] [LOG] [DEBUG] Renderizando celda: {columnId: fechaApertura, isReference: undefined, value: Object} @ http://localhost:3000/_next/static/chunks/11hm_next_dist_0m6rgog._.js:2441
[ 4054588ms] [LOG] [DEBUG] Renderizando celda: {columnId: facturacionAnual, isReference: undefined, value: Object} @ http://localhost:3000/_next/static/chunks/11hm_next_dist_0m6rgog._.js:2441
[ 4054588ms] [LOG] [DEBUG] Renderizando celda: {columnId: facturacionAnual, isReference: undefined, value: Object} @ http://localhost:3000/_next/static/chunks/11hm_next_dist_0m6rgog._.js:2441
[ 4054588ms] [LOG] [DEBUG] Renderizando celda: {columnId: empleados, isReference: undefined, value: Object} @ http://localhost:3000/_next/static/chunks/11hm_next_dist_0m6rgog._.js:2441
[ 4054588ms] [LOG] [DEBUG] Renderizando celda: {columnId: empleados, isReference: undefined, value: Object} @ http://localhost:3000/_next/static/chunks/11hm_next_dist_0m6rgog._.js:2441
[ 4054588ms] [LOG] [DEBUG] Renderizando celda: {columnId: servicios, isReference: undefined, value: Object} @ http://localhost:3000/_next/static/chunks/11hm_next_dist_0m6rgog._.js:2441
[ 4054588ms] [LOG] [DEBUG] Renderizando celda: {columnId: servicios, isReference: undefined, value: Object} @ http://localhost:3000/_next/static/chunks/11hm_next_dist_0m6rgog._.js:2441
[ 4054588ms] [LOG] [DEBUG] Renderizando celda: {columnId: membresias, isReference: undefined, value: Object} @ http://localhost:3000/_next/static/chunks/11hm_next_dist_0m6rgog._.js:2441
[ 4054588ms] [LOG] [DEBUG] Renderizando celda: {columnId: membresias, isReference: undefined, value: Object} @ http://localhost:3000/_next/static/chunks/11hm_next_dist_0m6rgog._.js:2441
[ 4054588ms] [LOG] [DEBUG] Renderizando celda: {columnId: metricas.clientesActivos, isReference: undefined, value: Object} @ http://localhost:3000/_next/static/chunks/11hm_next_dist_0m6rgog._.js:2441
[ 4054588ms] [LOG] [DEBUG] Renderizando celda: {columnId: metricas.clientesActivos, isReference: undefined, value: Object} @ http://localhost:3000/_next/static/chunks/11hm_next_dist_0m6rgog._.js:2441
[ 4054588ms] [LOG] [DEBUG] Renderizando celda: {columnId: metricas.satisfaccionMedia, isReference: undefined, value: Object} @ http://localhost:3000/_next/static/chunks/11hm_next_dist_0m6rgog._.js:2441
[ 4054589ms] [LOG] [DEBUG] Renderizando celda: {columnId: metricas.satisfaccionMedia, isReference: undefined, value: Object} @ http://localhost:3000/_next/static/chunks/11hm_next_dist_0m6rgog._.js:2441
[ 4054589ms] [LOG] [DEBUG] Renderizando celda: {columnId: metricas.ticketMedio, isReference: undefined, value: Object} @ http://localhost:3000/_next/static/chunks/11hm_next_dist_0m6rgog._.js:2441
[ 4054589ms] [LOG] [DEBUG] Renderizando celda: {columnId: metricas.ticketMedio, isReference: undefined, value: Object} @ http://localhost:3000/_next/static/chunks/11hm_next_dist_0m6rgog._.js:2441
[ 4054589ms] [LOG] [DEBUG] Renderizando celda: {columnId: etiquetas, isReference: undefined, value: Object} @ http://localhost:3000/_next/static/chunks/11hm_next_dist_0m6rgog._.js:2441
[ 4054589ms] [LOG] [DEBUG] Renderizando celda: {columnId: etiquetas, isReference: undefined, value: Object} @ http://localhost:3000/_next/static/chunks/11hm_next_dist_0m6rgog._.js:2441
[ 4054589ms] [LOG] [DEBUG] Renderizando celda: {columnId: notas, isReference: undefined, value: Object} @ http://localhost:3000/_next/static/chunks/11hm_next_dist_0m6rgog._.js:2441
[ 4054589ms] [LOG] [DEBUG] Renderizando celda: {columnId: notas, isReference: undefined, value: Object} @ http://localhost:3000/_next/static/chunks/11hm_next_dist_0m6rgog._.js:2441
[ 4054590ms] [LOG] [DEBUG] Renderizando celda: {columnId: id, isReference: undefined, value: Object} @ http://localhost:3000/_next/static/chunks/11hm_next_dist_0m6rgog._.js:2441
[ 4054590ms] [LOG] [DEBUG] Renderizando celda: {columnId: id, isReference: undefined, value: Object} @ http://localhost:3000/_next/static/chunks/11hm_next_dist_0m6rgog._.js:2441
[ 4054590ms] [LOG] [DEBUG] Renderizando celda: {columnId: nombre, isReference: undefined, value: Object} @ http://localhost:3000/_next/static/chunks/11hm_next_dist_0m6rgog._.js:2441
[ 4054590ms] [LOG] [DEBUG] Renderizando celda: {columnId: nombre, isReference: undefined, value: Object} @ http://localhost:3000/_next/static/chunks/11hm_next_dist_0m6rgog._.js:2441
[ 4054590ms] [LOG] [DEBUG] Renderizando celda: {columnId: email, isReference: undefined, value: Object} @ http://localhost:3000/_next/static/chunks/11hm_next_dist_0m6rgog._.js:2441
[ 4054591ms] [LOG] [DEBUG] Renderizando celda: {columnId: email, isReference: undefined, value: Object} @ http://localhost:3000/_next/static/chunks/11hm_next_dist_0m6rgog._.js:2441
[ 4054591ms] [LOG] [DEBUG] Renderizando celda: {columnId: ciudad, isReference: undefined, value: Object} @ http://localhost:3000/_next/static/chunks/11hm_next_dist_0m6rgog._.js:2441
[ 4054591ms] [LOG] [DEBUG] Renderizando celda: {columnId: ciudad, isReference: undefined, value: Object} @ http://localhost:3000/_next/static/chunks/11hm_next_dist_0m6rgog._.js:2441
[ 4054591ms] [LOG] [DEBUG] Renderizando celda: {columnId: activo, isReference: undefined, value: Object} @ http://localhost:3000/_next/static/chunks/11hm_next_dist_0m6rgog._.js:2441
[ 4054591ms] [LOG] [DEBUG] Renderizando celda: {columnId: activo, isReference: undefined, value: Object} @ http://localhost:3000/_next/static/chunks/11hm_next_dist_0m6rgog._.js:2441
[ 4054591ms] [LOG] [DEBUG] Renderizando celda: {columnId: propietario, isReference: undefined, value: Object} @ http://localhost:3000/_next/static/chunks/11hm_next_dist_0m6rgog._.js:2441
[ 4054591ms] [LOG] [DEBUG] Renderizando celda: {columnId: propietario, isReference: undefined, value: Object} @ http://localhost:3000/_next/static/chunks/11hm_next_dist_0m6rgog._.js:2441
[ 4054591ms] [LOG] [DEBUG] Renderizando celda: {columnId: web, isReference: undefined, value: Object} @ http://localhost:3000/_next/static/chunks/11hm_next_dist_0m6rgog._.js:2441
[ 4054591ms] [LOG] [DEBUG] Renderizando celda: {columnId: web, isReference: undefined, value: Object} @ http://localhost:3000/_next/static/chunks/11hm_next_dist_0m6rgog._.js:2441
[ 4054591ms] [LOG] [DEBUG] Renderizando celda: {columnId: logo, isReference: undefined, value: Object} @ http://localhost:3000/_next/static/chunks/11hm_next_dist_0m6rgog._.js:2441
[ 4054591ms] [LOG] [DEBUG] Renderizando celda: {columnId: logo, isReference: undefined, value: Object} @ http://localhost:3000/_next/static/chunks/11hm_next_dist_0m6rgog._.js:2441
[ 4054591ms] [LOG] [DEBUG] Renderizando celda: {columnId: direccion.calle, isReference: undefined, value: Object} @ http://localhost:3000/_next/static/chunks/11hm_next_dist_0m6rgog._.js:2441
[ 4054591ms] [LOG] [DEBUG] Renderizando celda: {columnId: direccion.calle, isReference: undefined, value: Object} @ http://localhost:3000/_next/static/chunks/11hm_next_dist_0m6rgog._.js:2441
[ 4054591ms] [LOG] [DEBUG] Renderizando celda: {columnId: direccion.codigoPostal, isReference: undefined, value: Object} @ http://localhost:3000/_next/static/chunks/11hm_next_dist_0m6rgog._.js:2441
[ 4054592ms] [LOG] [DEBUG] Renderizando celda: {columnId: direccion.codigoPostal, isReference: undefined, value: Object} @ http://localhost:3000/_next/static/chunks/11hm_next_dist_0m6rgog._.js:2441
[ 4054592ms] [LOG] [DEBUG] Renderizando celda: {columnId: direccion.provincia, isReference: undefined, value: Object} @ http://localhost:3000/_next/static/chunks/11hm_next_dist_0m6rgog._.js:2441
[ 4054592ms] [LOG] [DEBUG] Renderizando celda: {columnId: direccion.provincia, isReference: undefined, value: Object} @ http://localhost:3000/_next/static/chunks/11hm_next_dist_0m6rgog._.js:2441
[ 4054592ms] [LOG] [DEBUG] Renderizando celda: {columnId: fechaApertura, isReference: undefined, value: Object} @ http://localhost:3000/_next/static/chunks/11hm_next_dist_0m6rgog._.js:2441
[ 4054592ms] [LOG] [DEBUG] Renderizando celda: {columnId: fechaApertura, isReference: undefined, value: Object} @ http://localhost:3000/_next/static/chunks/11hm_next_dist_0m6rgog._.js:2441
[ 4054592ms] [LOG] [DEBUG] Renderizando celda: {columnId: facturacionAnual, isReference: undefined, value: Object} @ http://localhost:3000/_next/static/chunks/11hm_next_dist_0m6rgog._.js:2441
[ 4054592ms] [LOG] [DEBUG] Renderizando celda: {columnId: facturacionAnual, isReference: undefined, value: Object} @ http://localhost:3000/_next/static/chunks/11hm_next_dist_0m6rgog._.js:2441
[ 4054592ms] [LOG] [DEBUG] Renderizando celda: {columnId: empleados, isReference: undefined, value: Object} @ http://localhost:3000/_next/static/chunks/11hm_next_dist_0m6rgog._.js:2441
[ 4054592ms] [LOG] [DEBUG] Renderizando celda: {columnId: empleados, isReference: undefined, value: Object} @ http://localhost:3000/_next/static/chunks/11hm_next_dist_0m6rgog._.js:2441
[ 4054592ms] [LOG] [DEBUG] Renderizando celda: {columnId: servicios, isReference: undefined, value: Object} @ http://localhost:3000/_next/static/chunks/11hm_next_dist_0m6rgog._.js:2441
[ 4054592ms] [LOG] [DEBUG] Renderizando celda: {columnId: servicios, isReference: undefined, value: Object} @ http://localhost:3000/_next/static/chunks/11hm_next_dist_0m6rgog._.js:2441
[ 4054592ms] [LOG] [DEBUG] Renderizando celda: {columnId: membresias, isReference: undefined, value: Object} @ http://localhost:3000/_next/static/chunks/11hm_next_dist_0m6rgog._.js:2441
[ 4054593ms] [LOG] [DEBUG] Renderizando celda: {columnId: membresias, isReference: undefined, value: Object} @ http://localhost:3000/_next/static/chunks/11hm_next_dist_0m6rgog._.js:2441
[ 4054593ms] [LOG] [DEBUG] Renderizando celda: {columnId: metricas.clientesActivos, isReference: undefined, value: Object} @ http://localhost:3000/_next/static/chunks/11hm_next_dist_0m6rgog._.js:2441
[ 4054593ms] [LOG] [DEBUG] Renderizando celda: {columnId: metricas.clientesActivos, isReference: undefined, value: Object} @ http://localhost:3000/_next/static/chunks/11hm_next_dist_0m6rgog._.js:2441
[ 4054593ms] [LOG] [DEBUG] Renderizando celda: {columnId: metricas.satisfaccionMedia, isReference: undefined, value: Object} @ http://localhost:3000/_next/static/chunks/11hm_next_dist_0m6rgog._.js:2441
[ 4054593ms] [LOG] [DEBUG] Renderizando celda: {columnId: metricas.satisfaccionMedia, isReference: undefined, value: Object} @ http://localhost:3000/_next/static/chunks/11hm_next_dist_0m6rgog._.js:2441
[ 4054593ms] [LOG] [DEBUG] Renderizando celda: {columnId: metricas.ticketMedio, isReference: undefined, value: Object} @ http://localhost:3000/_next/static/chunks/11hm_next_dist_0m6rgog._.js:2441
[ 4054593ms] [LOG] [DEBUG] Renderizando celda: {columnId: metricas.ticketMedio, isReference: undefined, value: Object} @ http://localhost:3000/_next/static/chunks/11hm_next_dist_0m6rgog._.js:2441
[ 4054593ms] [LOG] [DEBUG] Renderizando celda: {columnId: etiquetas, isReference: undefined, value: Object} @ http://localhost:3000/_next/static/chunks/11hm_next_dist_0m6rgog._.js:2441
[ 4054593ms] [LOG] [DEBUG] Renderizando celda: {columnId: etiquetas, isReference: undefined, value: Object} @ http://localhost:3000/_next/static/chunks/11hm_next_dist_0m6rgog._.js:2441
[ 4054593ms] [LOG] [DEBUG] Renderizando celda: {columnId: notas, isReference: undefined, value: Object} @ http://localhost:3000/_next/static/chunks/11hm_next_dist_0m6rgog._.js:2441
[ 4054594ms] [LOG] [DEBUG] Renderizando celda: {columnId: notas, isReference: undefined, value: Object} @ http://localhost:3000/_next/static/chunks/11hm_next_dist_0m6rgog._.js:2441
[ 4054595ms] [LOG] [DEBUG] Renderizando celda: {columnId: id, isReference: undefined, value: Object} @ http://localhost:3000/_next/static/chunks/11hm_next_dist_0m6rgog._.js:2441
[ 4054595ms] [LOG] [DEBUG] Renderizando celda: {columnId: id, isReference: undefined, value: Object} @ http://localhost:3000/_next/static/chunks/11hm_next_dist_0m6rgog._.js:2441
[ 4054595ms] [LOG] [DEBUG] Renderizando celda: {columnId: nombre, isReference: undefined, value: Object} @ http://localhost:3000/_next/static/chunks/11hm_next_dist_0m6rgog._.js:2441
[ 4054595ms] [LOG] [DEBUG] Renderizando celda: {columnId: nombre, isReference: undefined, value: Object} @ http://localhost:3000/_next/static/chunks/11hm_next_dist_0m6rgog._.js:2441
[ 4054596ms] [LOG] [DEBUG] Renderizando celda: {columnId: email, isReference: undefined, value: Object} @ http://localhost:3000/_next/static/chunks/11hm_next_dist_0m6rgog._.js:2441
[ 4054596ms] [LOG] [DEBUG] Renderizando celda: {columnId: email, isReference: undefined, value: Object} @ http://localhost:3000/_next/static/chunks/11hm_next_dist_0m6rgog._.js:2441
[ 4054596ms] [LOG] [DEBUG] Renderizando celda: {columnId: ciudad, isReference: undefined, value: Object} @ http://localhost:3000/_next/static/chunks/11hm_next_dist_0m6rgog._.js:2441
[ 4054596ms] [LOG] [DEBUG] Renderizando celda: {columnId: ciudad, isReference: undefined, value: Object} @ http://localhost:3000/_next/static/chunks/11hm_next_dist_0m6rgog._.js:2441
[ 4054596ms] [LOG] [DEBUG] Renderizando celda: {columnId: activo, isReference: undefined, value: Object} @ http://localhost:3000/_next/static/chunks/11hm_next_dist_0m6rgog._.js:2441
[ 4054596ms] [LOG] [DEBUG] Renderizando celda: {columnId: activo, isReference: undefined, value: Object} @ http://localhost:3000/_next/static/chunks/11hm_next_dist_0m6rgog._.js:2441
[ 4054596ms] [LOG] [DEBUG] Renderizando celda: {columnId: propietario, isReference: undefined, value: Object} @ http://localhost:3000/_next/static/chunks/11hm_next_dist_0m6rgog._.js:2441
[ 4054596ms] [LOG] [DEBUG] Renderizando celda: {columnId: propietario, isReference: undefined, value: Object} @ http://localhost:3000/_next/static/chunks/11hm_next_dist_0m6rgog._.js:2441
[ 4054596ms] [LOG] [DEBUG] Renderizando celda: {columnId: web, isReference: undefined, value: Object} @ http://localhost:3000/_next/static/chunks/11hm_next_dist_0m6rgog._.js:2441
[ 4054596ms] [LOG] [DEBUG] Renderizando celda: {columnId: web, isReference: undefined, value: Object} @ http://localhost:3000/_next/static/chunks/11hm_next_dist_0m6rgog._.js:2441
[ 4054596ms] [LOG] [DEBUG] Renderizando celda: {columnId: logo, isReference: undefined, value: Object} @ http://localhost:3000/_next/static/chunks/11hm_next_dist_0m6rgog._.js:2441
[ 4054596ms] [LOG] [DEBUG] Renderizando celda: {columnId: logo, isReference: undefined, value: Object} @ http://localhost:3000/_next/static/chunks/11hm_next_dist_0m6rgog._.js:2441
[ 4054596ms] [LOG] [DEBUG] Renderizando celda: {columnId: direccion.calle, isReference: undefined, value: Object} @ http://localhost:3000/_next/static/chunks/11hm_next_dist_0m6rgog._.js:2441
[ 4054596ms] [LOG] [DEBUG] Renderizando celda: {columnId: direccion.calle, isReference: undefined, value: Object} @ http://localhost:3000/_next/static/chunks/11hm_next_dist_0m6rgog._.js:2441
[ 4054596ms] [LOG] [DEBUG] Renderizando celda: {columnId: direccion.codigoPostal, isReference: undefined, value: Object} @ http://localhost:3000/_next/static/chunks/11hm_next_dist_0m6rgog._.js:2441
[ 4054597ms] [LOG] [DEBUG] Renderizando celda: {columnId: direccion.codigoPostal, isReference: undefined, value: Object} @ http://localhost:3000/_next/static/chunks/11hm_next_dist_0m6rgog._.js:2441
[ 4054597ms] [LOG] [DEBUG] Renderizando celda: {columnId: direccion.provincia, isReference: undefined, value: Object} @ http://localhost:3000/_next/static/chunks/11hm_next_dist_0m6rgog._.js:2441
[ 4054597ms] [LOG] [DEBUG] Renderizando celda: {columnId: direccion.provincia, isReference: undefined, value: Object} @ http://localhost:3000/_next/static/chunks/11hm_next_dist_0m6rgog._.js:2441
[ 4054597ms] [LOG] [DEBUG] Renderizando celda: {columnId: fechaApertura, isReference: undefined, value: Object} @ http://localhost:3000/_next/static/chunks/11hm_next_dist_0m6rgog._.js:2441
[ 4054597ms] [LOG] [DEBUG] Renderizando celda: {columnId: fechaApertura, isReference: undefined, value: Object} @ http://localhost:3000/_next/static/chunks/11hm_next_dist_0m6rgog._.js:2441
[ 4054597ms] [LOG] [DEBUG] Renderizando celda: {columnId: facturacionAnual, isReference: undefined, value: Object} @ http://localhost:3000/_next/static/chunks/11hm_next_dist_0m6rgog._.js:2441
[ 4054597ms] [LOG] [DEBUG] Renderizando celda: {columnId: facturacionAnual, isReference: undefined, value: Object} @ http://localhost:3000/_next/static/chunks/11hm_next_dist_0m6rgog._.js:2441
[ 4054597ms] [LOG] [DEBUG] Renderizando celda: {columnId: empleados, isReference: undefined, value: Object} @ http://localhost:3000/_next/static/chunks/11hm_next_dist_0m6rgog._.js:2441
[ 4054597ms] [LOG] [DEBUG] Renderizando celda: {columnId: empleados, isReference: undefined, value: Object} @ http://localhost:3000/_next/static/chunks/11hm_next_dist_0m6rgog._.js:2441
[ 4054597ms] [LOG] [DEBUG] Renderizando celda: {columnId: servicios, isReference: undefined, value: Object} @ http://localhost:3000/_next/static/chunks/11hm_next_dist_0m6rgog._.js:2441
[ 4054597ms] [LOG] [DEBUG] Renderizando celda: {columnId: servicios, isReference: undefined, value: Object} @ http://localhost:3000/_next/static/chunks/11hm_next_dist_0m6rgog._.js:2441
[ 4054597ms] [LOG] [DEBUG] Renderizando celda: {columnId: membresias, isReference: undefined, value: Object} @ http://localhost:3000/_next/static/chunks/11hm_next_dist_0m6rgog._.js:2441
[ 4054597ms] [LOG] [DEBUG] Renderizando celda: {columnId: membresias, isReference: undefined, value: Object} @ http://localhost:3000/_next/static/chunks/11hm_next_dist_0m6rgog._.js:2441
[ 4054597ms] [LOG] [DEBUG] Renderizando celda: {columnId: metricas.clientesActivos, isReference: undefined, value: Object} @ http://localhost:3000/_next/static/chunks/11hm_next_dist_0m6rgog._.js:2441
[ 4054597ms] [LOG] [DEBUG] Renderizando celda: {columnId: metricas.clientesActivos, isReference: undefined, value: Object} @ http://localhost:3000/_next/static/chunks/11hm_next_dist_0m6rgog._.js:2441
[ 4054598ms] [LOG] [DEBUG] Renderizando celda: {columnId: metricas.satisfaccionMedia, isReference: undefined, value: Object} @ http://localhost:3000/_next/static/chunks/11hm_next_dist_0m6rgog._.js:2441
[ 4054598ms] [LOG] [DEBUG] Renderizando celda: {columnId: metricas.satisfaccionMedia, isReference: undefined, value: Object} @ http://localhost:3000/_next/static/chunks/11hm_next_dist_0m6rgog._.js:2441
[ 4054598ms] [LOG] [DEBUG] Renderizando celda: {columnId: metricas.ticketMedio, isReference: undefined, value: Object} @ http://localhost:3000/_next/static/chunks/11hm_next_dist_0m6rgog._.js:2441
[ 4054598ms] [LOG] [DEBUG] Renderizando celda: {columnId: metricas.ticketMedio, isReference: undefined, value: Object} @ http://localhost:3000/_next/static/chunks/11hm_next_dist_0m6rgog._.js:2441
[ 4054598ms] [LOG] [DEBUG] Renderizando celda: {columnId: etiquetas, isReference: undefined, value: Object} @ http://localhost:3000/_next/static/chunks/11hm_next_dist_0m6rgog._.js:2441
[ 4054598ms] [LOG] [DEBUG] Renderizando celda: {columnId: etiquetas, isReference: undefined, value: Object} @ http://localhost:3000/_next/static/chunks/11hm_next_dist_0m6rgog._.js:2441
[ 4054598ms] [LOG] [DEBUG] Renderizando celda: {columnId: notas, isReference: undefined, value: Object} @ http://localhost:3000/_next/static/chunks/11hm_next_dist_0m6rgog._.js:2441
[ 4054598ms] [LOG] [DEBUG] Renderizando celda: {columnId: notas, isReference: undefined, value: Object} @ http://localhost:3000/_next/static/chunks/11hm_next_dist_0m6rgog._.js:2441
[ 4054599ms] [LOG] [DEBUG] Renderizando celda: {columnId: id, isReference: undefined, value: Object} @ http://localhost:3000/_next/static/chunks/11hm_next_dist_0m6rgog._.js:2441
[ 4054599ms] [LOG] [DEBUG] Renderizando celda: {columnId: id, isReference: undefined, value: Object} @ http://localhost:3000/_next/static/chunks/11hm_next_dist_0m6rgog._.js:2441
[ 4054599ms] [LOG] [DEBUG] Renderizando celda: {columnId: nombre, isReference: undefined, value: Object} @ http://localhost:3000/_next/static/chunks/11hm_next_dist_0m6rgog._.js:2441
[ 4054599ms] [LOG] [DEBUG] Renderizando celda: {columnId: nombre, isReference: undefined, value: Object} @ http://localhost:3000/_next/static/chunks/11hm_next_dist_0m6rgog._.js:2441
[ 4054599ms] [LOG] [DEBUG] Renderizando celda: {columnId: email, isReference: undefined, value: Object} @ http://localhost:3000/_next/static/chunks/11hm_next_dist_0m6rgog._.js:2441
[ 4054599ms] [LOG] [DEBUG] Renderizando celda: {columnId: email, isReference: undefined, value: Object} @ http://localhost:3000/_next/static/chunks/11hm_next_dist_0m6rgog._.js:2441
[ 4054599ms] [LOG] [DEBUG] Renderizando celda: {columnId: ciudad, isReference: undefined, value: Object} @ http://localhost:3000/_next/static/chunks/11hm_next_dist_0m6rgog._.js:2441
[ 4054599ms] [LOG] [DEBUG] Renderizando celda: {columnId: ciudad, isReference: undefined, value: Object} @ http://localhost:3000/_next/static/chunks/11hm_next_dist_0m6rgog._.js:2441
[ 4054599ms] [LOG] [DEBUG] Renderizando celda: {columnId: activo, isReference: undefined, value: Object} @ http://localhost:3000/_next/static/chunks/11hm_next_dist_0m6rgog._.js:2441
[ 4054599ms] [LOG] [DEBUG] Renderizando celda: {columnId: activo, isReference: undefined, value: Object} @ http://localhost:3000/_next/static/chunks/11hm_next_dist_0m6rgog._.js:2441
[ 4054599ms] [LOG] [DEBUG] Renderizando celda: {columnId: propietario, isReference: undefined, value: Object} @ http://localhost:3000/_next/static/chunks/11hm_next_dist_0m6rgog._.js:2441
[ 4054600ms] [LOG] [DEBUG] Renderizando celda: {columnId: propietario, isReference: undefined, value: Object} @ http://localhost:3000/_next/static/chunks/11hm_next_dist_0m6rgog._.js:2441
[ 4054600ms] [LOG] [DEBUG] Renderizando celda: {columnId: web, isReference: undefined, value: Object} @ http://localhost:3000/_next/static/chunks/11hm_next_dist_0m6rgog._.js:2441
[ 4054600ms] [LOG] [DEBUG] Renderizando celda: {columnId: web, isReference: undefined, value: Object} @ http://localhost:3000/_next/static/chunks/11hm_next_dist_0m6rgog._.js:2441
[ 4054600ms] [LOG] [DEBUG] Renderizando celda: {columnId: logo, isReference: undefined, value: Object} @ http://localhost:3000/_next/static/chunks/11hm_next_dist_0m6rgog._.js:2441
[ 4054600ms] [LOG] [DEBUG] Renderizando celda: {columnId: logo, isReference: undefined, value: Object} @ http://localhost:3000/_next/static/chunks/11hm_next_dist_0m6rgog._.js:2441
[ 4054600ms] [LOG] [DEBUG] Renderizando celda: {columnId: direccion.calle, isReference: undefined, value: Object} @ http://localhost:3000/_next/static/chunks/11hm_next_dist_0m6rgog._.js:2441
[ 4054600ms] [LOG] [DEBUG] Renderizando celda: {columnId: direccion.calle, isReference: undefined, value: Object} @ http://localhost:3000/_next/static/chunks/11hm_next_dist_0m6rgog._.js:2441
[ 4054600ms] [LOG] [DEBUG] Renderizando celda: {columnId: direccion.codigoPostal, isReference: undefined, value: Object} @ http://localhost:3000/_next/static/chunks/11hm_next_dist_0m6rgog._.js:2441
[ 4054601ms] [LOG] [DEBUG] Renderizando celda: {columnId: direccion.codigoPostal, isReference: undefined, value: Object} @ http://localhost:3000/_next/static/chunks/11hm_next_dist_0m6rgog._.js:2441
[ 4054601ms] [LOG] [DEBUG] Renderizando celda: {columnId: direccion.provincia, isReference: undefined, value: Object} @ http://localhost:3000/_next/static/chunks/11hm_next_dist_0m6rgog._.js:2441
[ 4054601ms] [LOG] [DEBUG] Renderizando celda: {columnId: direccion.provincia, isReference: undefined, value: Object} @ http://localhost:3000/_next/static/chunks/11hm_next_dist_0m6rgog._.js:2441
[ 4054601ms] [LOG] [DEBUG] Renderizando celda: {columnId: fechaApertura, isReference: undefined, value: Object} @ http://localhost:3000/_next/static/chunks/11hm_next_dist_0m6rgog._.js:2441
[ 4054601ms] [LOG] [DEBUG] Renderizando celda: {columnId: fechaApertura, isReference: undefined, value: Object} @ http://localhost:3000/_next/static/chunks/11hm_next_dist_0m6rgog._.js:2441
[ 4054601ms] [LOG] [DEBUG] Renderizando celda: {columnId: facturacionAnual, isReference: undefined, value: Object} @ http://localhost:3000/_next/static/chunks/11hm_next_dist_0m6rgog._.js:2441
[ 4054601ms] [LOG] [DEBUG] Renderizando celda: {columnId: facturacionAnual, isReference: undefined, value: Object} @ http://localhost:3000/_next/static/chunks/11hm_next_dist_0m6rgog._.js:2441
[ 4054601ms] [LOG] [DEBUG] Renderizando celda: {columnId: empleados, isReference: undefined, value: Object} @ http://localhost:3000/_next/static/chunks/11hm_next_dist_0m6rgog._.js:2441
[ 4054602ms] [LOG] [DEBUG] Renderizando celda: {columnId: empleados, isReference: undefined, value: Object} @ http://localhost:3000/_next/static/chunks/11hm_next_dist_0m6rgog._.js:2441
[ 4054602ms] [LOG] [DEBUG] Renderizando celda: {columnId: servicios, isReference: undefined, value: Object} @ http://localhost:3000/_next/static/chunks/11hm_next_dist_0m6rgog._.js:2441
[ 4054602ms] [LOG] [DEBUG] Renderizando celda: {columnId: servicios, isReference: undefined, value: Object} @ http://localhost:3000/_next/static/chunks/11hm_next_dist_0m6rgog._.js:2441
[ 4054602ms] [LOG] [DEBUG] Renderizando celda: {columnId: membresias, isReference: undefined, value: Object} @ http://localhost:3000/_next/static/chunks/11hm_next_dist_0m6rgog._.js:2441
[ 4054602ms] [LOG] [DEBUG] Renderizando celda: {columnId: membresias, isReference: undefined, value: Object} @ http://localhost:3000/_next/static/chunks/11hm_next_dist_0m6rgog._.js:2441
[ 4054603ms] [LOG] [DEBUG] Renderizando celda: {columnId: metricas.clientesActivos, isReference: undefined, value: Object} @ http://localhost:3000/_next/static/chunks/11hm_next_dist_0m6rgog._.js:2441
[ 4054603ms] [LOG] [DEBUG] Renderizando celda: {columnId: metricas.clientesActivos, isReference: undefined, value: Object} @ http://localhost:3000/_next/static/chunks/11hm_next_dist_0m6rgog._.js:2441
[ 4054603ms] [LOG] [DEBUG] Renderizando celda: {columnId: metricas.satisfaccionMedia, isReference: undefined, value: Object} @ http://localhost:3000/_next/static/chunks/11hm_next_dist_0m6rgog._.js:2441
[ 4054603ms] [LOG] [DEBUG] Renderizando celda: {columnId: metricas.satisfaccionMedia, isReference: undefined, value: Object} @ http://localhost:3000/_next/static/chunks/11hm_next_dist_0m6rgog._.js:2441
[ 4054603ms] [LOG] [DEBUG] Renderizando celda: {columnId: metricas.ticketMedio, isReference: undefined, value: Object} @ http://localhost:3000/_next/static/chunks/11hm_next_dist_0m6rgog._.js:2441
[ 4054603ms] [LOG] [DEBUG] Renderizando celda: {columnId: metricas.ticketMedio, isReference: undefined, value: Object} @ http://localhost:3000/_next/static/chunks/11hm_next_dist_0m6rgog._.js:2441
[ 4054603ms] [LOG] [DEBUG] Renderizando celda: {columnId: etiquetas, isReference: undefined, value: Object} @ http://localhost:3000/_next/static/chunks/11hm_next_dist_0m6rgog._.js:2441
[ 4054603ms] [LOG] [DEBUG] Renderizando celda: {columnId: etiquetas, isReference: undefined, value: Object} @ http://localhost:3000/_next/static/chunks/11hm_next_dist_0m6rgog._.js:2441
[ 4054603ms] [LOG] [DEBUG] Renderizando celda: {columnId: notas, isReference: undefined, value: Object} @ http://localhost:3000/_next/static/chunks/11hm_next_dist_0m6rgog._.js:2441
[ 4054603ms] [LOG] [DEBUG] Renderizando celda: {columnId: notas, isReference: undefined, value: Object} @ http://localhost:3000/_next/static/chunks/11hm_next_dist_0m6rgog._.js:2441
[ 4054606ms] [LOG] [DEBUG] Renderizando celda: {columnId: id, isReference: undefined, value: Object} @ http://localhost:3000/_next/static/chunks/11hm_next_dist_0m6rgog._.js:2441
[ 4054606ms] [LOG] [DEBUG] Renderizando celda: {columnId: id, isReference: undefined, value: Object} @ http://localhost:3000/_next/static/chunks/11hm_next_dist_0m6rgog._.js:2441
[ 4054606ms] [LOG] [DEBUG] Renderizando celda: {columnId: nombre, isReference: undefined, value: Object} @ http://localhost:3000/_next/static/chunks/11hm_next_dist_0m6rgog._.js:2441
[ 4054606ms] [LOG] [DEBUG] Renderizando celda: {columnId: nombre, isReference: undefined, value: Object} @ http://localhost:3000/_next/static/chunks/11hm_next_dist_0m6rgog._.js:2441
[ 4054606ms] [LOG] [DEBUG] Renderizando celda: {columnId: email, isReference: undefined, value: Object} @ http://localhost:3000/_next/static/chunks/11hm_next_dist_0m6rgog._.js:2441
[ 4054606ms] [LOG] [DEBUG] Renderizando celda: {columnId: email, isReference: undefined, value: Object} @ http://localhost:3000/_next/static/chunks/11hm_next_dist_0m6rgog._.js:2441
[ 4054607ms] [LOG] [DEBUG] Renderizando celda: {columnId: ciudad, isReference: undefined, value: Object} @ http://localhost:3000/_next/static/chunks/11hm_next_dist_0m6rgog._.js:2441
[ 4054607ms] [LOG] [DEBUG] Renderizando celda: {columnId: ciudad, isReference: undefined, value: Object} @ http://localhost:3000/_next/static/chunks/11hm_next_dist_0m6rgog._.js:2441
[ 4054607ms] [LOG] [DEBUG] Renderizando celda: {columnId: activo, isReference: undefined, value: Object} @ http://localhost:3000/_next/static/chunks/11hm_next_dist_0m6rgog._.js:2441
[ 4054607ms] [LOG] [DEBUG] Renderizando celda: {columnId: activo, isReference: undefined, value: Object} @ http://localhost:3000/_next/static/chunks/11hm_next_dist_0m6rgog._.js:2441
[ 4054607ms] [LOG] [DEBUG] Renderizando celda: {columnId: propietario, isReference: undefined, value: Object} @ http://localhost:3000/_next/static/chunks/11hm_next_dist_0m6rgog._.js:2441
[ 4054607ms] [LOG] [DEBUG] Renderizando celda: {columnId: propietario, isReference: undefined, value: Object} @ http://localhost:3000/_next/static/chunks/11hm_next_dist_0m6rgog._.js:2441
[ 4054607ms] [LOG] [DEBUG] Renderizando celda: {columnId: web, isReference: undefined, value: Object} @ http://localhost:3000/_next/static/chunks/11hm_next_dist_0m6rgog._.js:2441
[ 4054607ms] [LOG] [DEBUG] Renderizando celda: {columnId: web, isReference: undefined, value: Object} @ http://localhost:3000/_next/static/chunks/11hm_next_dist_0m6rgog._.js:2441
[ 4054607ms] [LOG] [DEBUG] Renderizando celda: {columnId: logo, isReference: undefined, value: Object} @ http://localhost:3000/_next/static/chunks/11hm_next_dist_0m6rgog._.js:2441
[ 4054607ms] [LOG] [DEBUG] Renderizando celda: {columnId: logo, isReference: undefined, value: Object} @ http://localhost:3000/_next/static/chunks/11hm_next_dist_0m6rgog._.js:2441
[ 4054607ms] [LOG] [DEBUG] Renderizando celda: {columnId: direccion.calle, isReference: undefined, value: Object} @ http://localhost:3000/_next/static/chunks/11hm_next_dist_0m6rgog._.js:2441
[ 4054607ms] [LOG] [DEBUG] Renderizando celda: {columnId: direccion.calle, isReference: undefined, value: Object} @ http://localhost:3000/_next/static/chunks/11hm_next_dist_0m6rgog._.js:2441
[ 4054607ms] [LOG] [DEBUG] Renderizando celda: {columnId: direccion.codigoPostal, isReference: undefined, value: Object} @ http://localhost:3000/_next/static/chunks/11hm_next_dist_0m6rgog._.js:2441
[ 4054607ms] [LOG] [DEBUG] Renderizando celda: {columnId: direccion.codigoPostal, isReference: undefined, value: Object} @ http://localhost:3000/_next/static/chunks/11hm_next_dist_0m6rgog._.js:2441
[ 4054607ms] [LOG] [DEBUG] Renderizando celda: {columnId: direccion.provincia, isReference: undefined, value: Object} @ http://localhost:3000/_next/static/chunks/11hm_next_dist_0m6rgog._.js:2441
[ 4054607ms] [LOG] [DEBUG] Renderizando celda: {columnId: direccion.provincia, isReference: undefined, value: Object} @ http://localhost:3000/_next/static/chunks/11hm_next_dist_0m6rgog._.js:2441
[ 4054607ms] [LOG] [DEBUG] Renderizando celda: {columnId: fechaApertura, isReference: undefined, value: Object} @ http://localhost:3000/_next/static/chunks/11hm_next_dist_0m6rgog._.js:2441
[ 4054607ms] [LOG] [DEBUG] Renderizando celda: {columnId: fechaApertura, isReference: undefined, value: Object} @ http://localhost:3000/_next/static/chunks/11hm_next_dist_0m6rgog._.js:2441
[ 4054608ms] [LOG] [DEBUG] Renderizando celda: {columnId: facturacionAnual, isReference: undefined, value: Object} @ http://localhost:3000/_next/static/chunks/11hm_next_dist_0m6rgog._.js:2441
[ 4054608ms] [LOG] [DEBUG] Renderizando celda: {columnId: facturacionAnual, isReference: undefined, value: Object} @ http://localhost:3000/_next/static/chunks/11hm_next_dist_0m6rgog._.js:2441
[ 4054608ms] [LOG] [DEBUG] Renderizando celda: {columnId: empleados, isReference: undefined, value: Object} @ http://localhost:3000/_next/static/chunks/11hm_next_dist_0m6rgog._.js:2441
[ 4054608ms] [LOG] [DEBUG] Renderizando celda: {columnId: empleados, isReference: undefined, value: Object} @ http://localhost:3000/_next/static/chunks/11hm_next_dist_0m6rgog._.js:2441
[ 4054608ms] [LOG] [DEBUG] Renderizando celda: {columnId: servicios, isReference: undefined, value: Object} @ http://localhost:3000/_next/static/chunks/11hm_next_dist_0m6rgog._.js:2441
[ 4054608ms] [LOG] [DEBUG] Renderizando celda: {columnId: servicios, isReference: undefined, value: Object} @ http://localhost:3000/_next/static/chunks/11hm_next_dist_0m6rgog._.js:2441
[ 4054608ms] [LOG] [DEBUG] Renderizando celda: {columnId: membresias, isReference: undefined, value: Object} @ http://localhost:3000/_next/static/chunks/11hm_next_dist_0m6rgog._.js:2441
[ 4054608ms] [LOG] [DEBUG] Renderizando celda: {columnId: membresias, isReference: undefined, value: Object} @ http://localhost:3000/_next/static/chunks/11hm_next_dist_0m6rgog._.js:2441
[ 4054608ms] [LOG] [DEBUG] Renderizando celda: {columnId: metricas.clientesActivos, isReference: undefined, value: Object} @ http://localhost:3000/_next/static/chunks/11hm_next_dist_0m6rgog._.js:2441
[ 4054608ms] [LOG] [DEBUG] Renderizando celda: {columnId: metricas.clientesActivos, isReference: undefined, value: Object} @ http://localhost:3000/_next/static/chunks/11hm_next_dist_0m6rgog._.js:2441
[ 4054608ms] [LOG] [DEBUG] Renderizando celda: {columnId: metricas.satisfaccionMedia, isReference: undefined, value: Object} @ http://localhost:3000/_next/static/chunks/11hm_next_dist_0m6rgog._.js:2441
[ 4054608ms] [LOG] [DEBUG] Renderizando celda: {columnId: metricas.satisfaccionMedia, isReference: undefined, value: Object} @ http://localhost:3000/_next/static/chunks/11hm_next_dist_0m6rgog._.js:2441
[ 4054608ms] [LOG] [DEBUG] Renderizando celda: {columnId: metricas.ticketMedio, isReference: undefined, value: Object} @ http://localhost:3000/_next/static/chunks/11hm_next_dist_0m6rgog._.js:2441
[ 4054608ms] [LOG] [DEBUG] Renderizando celda: {columnId: metricas.ticketMedio, isReference: undefined, value: Object} @ http://localhost:3000/_next/static/chunks/11hm_next_dist_0m6rgog._.js:2441
[ 4054608ms] [LOG] [DEBUG] Renderizando celda: {columnId: etiquetas, isReference: undefined, value: Object} @ http://localhost:3000/_next/static/chunks/11hm_next_dist_0m6rgog._.js:2441
[ 4054608ms] [LOG] [DEBUG] Renderizando celda: {columnId: etiquetas, isReference: undefined, value: Object} @ http://localhost:3000/_next/static/chunks/11hm_next_dist_0m6rgog._.js:2441
[ 4054609ms] [LOG] [DEBUG] Renderizando celda: {columnId: notas, isReference: undefined, value: Object} @ http://localhost:3000/_next/static/chunks/11hm_next_dist_0m6rgog._.js:2441
[ 4054609ms] [LOG] [DEBUG] Renderizando celda: {columnId: notas, isReference: undefined, value: Object} @ http://localhost:3000/_next/static/chunks/11hm_next_dist_0m6rgog._.js:2441
[ 4054609ms] [LOG] [DEBUG] Renderizando celda: {columnId: id, isReference: undefined, value: Object} @ http://localhost:3000/_next/static/chunks/11hm_next_dist_0m6rgog._.js:2441
[ 4054609ms] [LOG] [DEBUG] Renderizando celda: {columnId: id, isReference: undefined, value: Object} @ http://localhost:3000/_next/static/chunks/11hm_next_dist_0m6rgog._.js:2441
[ 4054610ms] [LOG] [DEBUG] Renderizando celda: {columnId: nombre, isReference: undefined, value: Object} @ http://localhost:3000/_next/static/chunks/11hm_next_dist_0m6rgog._.js:2441
[ 4054610ms] [LOG] [DEBUG] Renderizando celda: {columnId: nombre, isReference: undefined, value: Object} @ http://localhost:3000/_next/static/chunks/11hm_next_dist_0m6rgog._.js:2441
[ 4054610ms] [LOG] [DEBUG] Renderizando celda: {columnId: email, isReference: undefined, value: Object} @ http://localhost:3000/_next/static/chunks/11hm_next_dist_0m6rgog._.js:2441
[ 4054610ms] [LOG] [DEBUG] Renderizando celda: {columnId: email, isReference: undefined, value: Object} @ http://localhost:3000/_next/static/chunks/11hm_next_dist_0m6rgog._.js:2441
[ 4054610ms] [LOG] [DEBUG] Renderizando celda: {columnId: ciudad, isReference: undefined, value: Object} @ http://localhost:3000/_next/static/chunks/11hm_next_dist_0m6rgog._.js:2441
[ 4054610ms] [LOG] [DEBUG] Renderizando celda: {columnId: ciudad, isReference: undefined, value: Object} @ http://localhost:3000/_next/static/chunks/11hm_next_dist_0m6rgog._.js:2441
[ 4054610ms] [LOG] [DEBUG] Renderizando celda: {columnId: activo, isReference: undefined, value: Object} @ http://localhost:3000/_next/static/chunks/11hm_next_dist_0m6rgog._.js:2441
[ 4054610ms] [LOG] [DEBUG] Renderizando celda: {columnId: activo, isReference: undefined, value: Object} @ http://localhost:3000/_next/static/chunks/11hm_next_dist_0m6rgog._.js:2441
[ 4054610ms] [LOG] [DEBUG] Renderizando celda: {columnId: propietario, isReference: undefined, value: Object} @ http://localhost:3000/_next/static/chunks/11hm_next_dist_0m6rgog._.js:2441
[ 4054610ms] [LOG] [DEBUG] Renderizando celda: {columnId: propietario, isReference: undefined, value: Object} @ http://localhost:3000/_next/static/chunks/11hm_next_dist_0m6rgog._.js:2441
[ 4054610ms] [LOG] [DEBUG] Renderizando celda: {columnId: web, isReference: undefined, value: Object} @ http://localhost:3000/_next/static/chunks/11hm_next_dist_0m6rgog._.js:2441
[ 4054610ms] [LOG] [DEBUG] Renderizando celda: {columnId: web, isReference: undefined, value: Object} @ http://localhost:3000/_next/static/chunks/11hm_next_dist_0m6rgog._.js:2441
[ 4054610ms] [LOG] [DEBUG] Renderizando celda: {columnId: logo, isReference: undefined, value: Object} @ http://localhost:3000/_next/static/chunks/11hm_next_dist_0m6rgog._.js:2441
[ 4054610ms] [LOG] [DEBUG] Renderizando celda: {columnId: logo, isReference: undefined, value: Object} @ http://localhost:3000/_next/static/chunks/11hm_next_dist_0m6rgog._.js:2441
[ 4054610ms] [LOG] [DEBUG] Renderizando celda: {columnId: direccion.calle, isReference: undefined, value: Object} @ http://localhost:3000/_next/static/chunks/11hm_next_dist_0m6rgog._.js:2441
[ 4054610ms] [LOG] [DEBUG] Renderizando celda: {columnId: direccion.calle, isReference: undefined, value: Object} @ http://localhost:3000/_next/static/chunks/11hm_next_dist_0m6rgog._.js:2441
[ 4054610ms] [LOG] [DEBUG] Renderizando celda: {columnId: direccion.codigoPostal, isReference: undefined, value: Object} @ http://localhost:3000/_next/static/chunks/11hm_next_dist_0m6rgog._.js:2441
[ 4054611ms] [LOG] [DEBUG] Renderizando celda: {columnId: direccion.codigoPostal, isReference: undefined, value: Object} @ http://localhost:3000/_next/static/chunks/11hm_next_dist_0m6rgog._.js:2441
[ 4054611ms] [LOG] [DEBUG] Renderizando celda: {columnId: direccion.provincia, isReference: undefined, value: Object} @ http://localhost:3000/_next/static/chunks/11hm_next_dist_0m6rgog._.js:2441
[ 4054611ms] [LOG] [DEBUG] Renderizando celda: {columnId: direccion.provincia, isReference: undefined, value: Object} @ http://localhost:3000/_next/static/chunks/11hm_next_dist_0m6rgog._.js:2441
[ 4054611ms] [LOG] [DEBUG] Renderizando celda: {columnId: fechaApertura, isReference: undefined, value: Object} @ http://localhost:3000/_next/static/chunks/11hm_next_dist_0m6rgog._.js:2441
[ 4054611ms] [LOG] [DEBUG] Renderizando celda: {columnId: fechaApertura, isReference: undefined, value: Object} @ http://localhost:3000/_next/static/chunks/11hm_next_dist_0m6rgog._.js:2441
[ 4054611ms] [LOG] [DEBUG] Renderizando celda: {columnId: facturacionAnual, isReference: undefined, value: Object} @ http://localhost:3000/_next/static/chunks/11hm_next_dist_0m6rgog._.js:2441
[ 4054611ms] [LOG] [DEBUG] Renderizando celda: {columnId: facturacionAnual, isReference: undefined, value: Object} @ http://localhost:3000/_next/static/chunks/11hm_next_dist_0m6rgog._.js:2441
[ 4054611ms] [LOG] [DEBUG] Renderizando celda: {columnId: empleados, isReference: undefined, value: Object} @ http://localhost:3000/_next/static/chunks/11hm_next_dist_0m6rgog._.js:2441
[ 4054611ms] [LOG] [DEBUG] Renderizando celda: {columnId: empleados, isReference: undefined, value: Object} @ http://localhost:3000/_next/static/chunks/11hm_next_dist_0m6rgog._.js:2441
[ 4054611ms] [LOG] [DEBUG] Renderizando celda: {columnId: servicios, isReference: undefined, value: Object} @ http://localhost:3000/_next/static/chunks/11hm_next_dist_0m6rgog._.js:2441
[ 4054611ms] [LOG] [DEBUG] Renderizando celda: {columnId: servicios, isReference: undefined, value: Object} @ http://localhost:3000/_next/static/chunks/11hm_next_dist_0m6rgog._.js:2441
[ 4054611ms] [LOG] [DEBUG] Renderizando celda: {columnId: membresias, isReference: undefined, value: Object} @ http://localhost:3000/_next/static/chunks/11hm_next_dist_0m6rgog._.js:2441
[ 4054611ms] [LOG] [DEBUG] Renderizando celda: {columnId: membresias, isReference: undefined, value: Object} @ http://localhost:3000/_next/static/chunks/11hm_next_dist_0m6rgog._.js:2441
[ 4054611ms] [LOG] [DEBUG] Renderizando celda: {columnId: metricas.clientesActivos, isReference: undefined, value: Object} @ http://localhost:3000/_next/static/chunks/11hm_next_dist_0m6rgog._.js:2441
[ 4054611ms] [LOG] [DEBUG] Renderizando celda: {columnId: metricas.clientesActivos, isReference: undefined, value: Object} @ http://localhost:3000/_next/static/chunks/11hm_next_dist_0m6rgog._.js:2441
[ 4054611ms] [LOG] [DEBUG] Renderizando celda: {columnId: metricas.satisfaccionMedia, isReference: undefined, value: Object} @ http://localhost:3000/_next/static/chunks/11hm_next_dist_0m6rgog._.js:2441
[ 4054612ms] [LOG] [DEBUG] Renderizando celda: {columnId: metricas.satisfaccionMedia, isReference: undefined, value: Object} @ http://localhost:3000/_next/static/chunks/11hm_next_dist_0m6rgog._.js:2441
[ 4054612ms] [LOG] [DEBUG] Renderizando celda: {columnId: metricas.ticketMedio, isReference: undefined, value: Object} @ http://localhost:3000/_next/static/chunks/11hm_next_dist_0m6rgog._.js:2441
[ 4054612ms] [LOG] [DEBUG] Renderizando celda: {columnId: metricas.ticketMedio, isReference: undefined, value: Object} @ http://localhost:3000/_next/static/chunks/11hm_next_dist_0m6rgog._.js:2441
[ 4054612ms] [LOG] [DEBUG] Renderizando celda: {columnId: etiquetas, isReference: undefined, value: Object} @ http://localhost:3000/_next/static/chunks/11hm_next_dist_0m6rgog._.js:2441
[ 4054612ms] [LOG] [DEBUG] Renderizando celda: {columnId: etiquetas, isReference: undefined, value: Object} @ http://localhost:3000/_next/static/chunks/11hm_next_dist_0m6rgog._.js:2441
[ 4054612ms] [LOG] [DEBUG] Renderizando celda: {columnId: notas, isReference: undefined, value: Object} @ http://localhost:3000/_next/static/chunks/11hm_next_dist_0m6rgog._.js:2441
[ 4054612ms] [LOG] [DEBUG] Renderizando celda: {columnId: notas, isReference: undefined, value: Object} @ http://localhost:3000/_next/static/chunks/11hm_next_dist_0m6rgog._.js:2441
[ 4054613ms] [LOG] [DEBUG] Renderizando celda: {columnId: id, isReference: undefined, value: Object} @ http://localhost:3000/_next/static/chunks/11hm_next_dist_0m6rgog._.js:2441
[ 4054613ms] [LOG] [DEBUG] Renderizando celda: {columnId: id, isReference: undefined, value: Object} @ http://localhost:3000/_next/static/chunks/11hm_next_dist_0m6rgog._.js:2441
[ 4054613ms] [LOG] [DEBUG] Renderizando celda: {columnId: nombre, isReference: undefined, value: Object} @ http://localhost:3000/_next/static/chunks/11hm_next_dist_0m6rgog._.js:2441
[ 4054613ms] [LOG] [DEBUG] Renderizando celda: {columnId: nombre, isReference: undefined, value: Object} @ http://localhost:3000/_next/static/chunks/11hm_next_dist_0m6rgog._.js:2441
[ 4054613ms] [LOG] [DEBUG] Renderizando celda: {columnId: email, isReference: undefined, value: Object} @ http://localhost:3000/_next/static/chunks/11hm_next_dist_0m6rgog._.js:2441
[ 4054613ms] [LOG] [DEBUG] Renderizando celda: {columnId: email, isReference: undefined, value: Object} @ http://localhost:3000/_next/static/chunks/11hm_next_dist_0m6rgog._.js:2441
[ 4054613ms] [LOG] [DEBUG] Renderizando celda: {columnId: ciudad, isReference: undefined, value: Object} @ http://localhost:3000/_next/static/chunks/11hm_next_dist_0m6rgog._.js:2441
[ 4054613ms] [LOG] [DEBUG] Renderizando celda: {columnId: ciudad, isReference: undefined, value: Object} @ http://localhost:3000/_next/static/chunks/11hm_next_dist_0m6rgog._.js:2441
[ 4054613ms] [LOG] [DEBUG] Renderizando celda: {columnId: activo, isReference: undefined, value: Object} @ http://localhost:3000/_next/static/chunks/11hm_next_dist_0m6rgog._.js:2441
[ 4054613ms] [LOG] [DEBUG] Renderizando celda: {columnId: activo, isReference: undefined, value: Object} @ http://localhost:3000/_next/static/chunks/11hm_next_dist_0m6rgog._.js:2441
[ 4054613ms] [LOG] [DEBUG] Renderizando celda: {columnId: propietario, isReference: undefined, value: Object} @ http://localhost:3000/_next/static/chunks/11hm_next_dist_0m6rgog._.js:2441
[ 4054613ms] [LOG] [DEBUG] Renderizando celda: {columnId: propietario, isReference: undefined, value: Object} @ http://localhost:3000/_next/static/chunks/11hm_next_dist_0m6rgog._.js:2441
[ 4054613ms] [LOG] [DEBUG] Renderizando celda: {columnId: web, isReference: undefined, value: Object} @ http://localhost:3000/_next/static/chunks/11hm_next_dist_0m6rgog._.js:2441
[ 4054613ms] [LOG] [DEBUG] Renderizando celda: {columnId: web, isReference: undefined, value: Object} @ http://localhost:3000/_next/static/chunks/11hm_next_dist_0m6rgog._.js:2441
[ 4054614ms] [LOG] [DEBUG] Renderizando celda: {columnId: logo, isReference: undefined, value: Object} @ http://localhost:3000/_next/static/chunks/11hm_next_dist_0m6rgog._.js:2441
[ 4054614ms] [LOG] [DEBUG] Renderizando celda: {columnId: logo, isReference: undefined, value: Object} @ http://localhost:3000/_next/static/chunks/11hm_next_dist_0m6rgog._.js:2441
[ 4054614ms] [LOG] [DEBUG] Renderizando celda: {columnId: direccion.calle, isReference: undefined, value: Object} @ http://localhost:3000/_next/static/chunks/11hm_next_dist_0m6rgog._.js:2441
[ 4054614ms] [LOG] [DEBUG] Renderizando celda: {columnId: direccion.calle, isReference: undefined, value: Object} @ http://localhost:3000/_next/static/chunks/11hm_next_dist_0m6rgog._.js:2441
[ 4054614ms] [LOG] [DEBUG] Renderizando celda: {columnId: direccion.codigoPostal, isReference: undefined, value: Object} @ http://localhost:3000/_next/static/chunks/11hm_next_dist_0m6rgog._.js:2441
[ 4054614ms] [LOG] [DEBUG] Renderizando celda: {columnId: direccion.codigoPostal, isReference: undefined, value: Object} @ http://localhost:3000/_next/static/chunks/11hm_next_dist_0m6rgog._.js:2441
[ 4054614ms] [LOG] [DEBUG] Renderizando celda: {columnId: direccion.provincia, isReference: undefined, value: Object} @ http://localhost:3000/_next/static/chunks/11hm_next_dist_0m6rgog._.js:2441
[ 4054614ms] [LOG] [DEBUG] Renderizando celda: {columnId: direccion.provincia, isReference: undefined, value: Object} @ http://localhost:3000/_next/static/chunks/11hm_next_dist_0m6rgog._.js:2441
[ 4054614ms] [LOG] [DEBUG] Renderizando celda: {columnId: fechaApertura, isReference: undefined, value: Object} @ http://localhost:3000/_next/static/chunks/11hm_next_dist_0m6rgog._.js:2441
[ 4054614ms] [LOG] [DEBUG] Renderizando celda: {columnId: fechaApertura, isReference: undefined, value: Object} @ http://localhost:3000/_next/static/chunks/11hm_next_dist_0m6rgog._.js:2441
[ 4054614ms] [LOG] [DEBUG] Renderizando celda: {columnId: facturacionAnual, isReference: undefined, value: Object} @ http://localhost:3000/_next/static/chunks/11hm_next_dist_0m6rgog._.js:2441
[ 4054614ms] [LOG] [DEBUG] Renderizando celda: {columnId: facturacionAnual, isReference: undefined, value: Object} @ http://localhost:3000/_next/static/chunks/11hm_next_dist_0m6rgog._.js:2441
[ 4054614ms] [LOG] [DEBUG] Renderizando celda: {columnId: empleados, isReference: undefined, value: Object} @ http://localhost:3000/_next/static/chunks/11hm_next_dist_0m6rgog._.js:2441
[ 4054614ms] [LOG] [DEBUG] Renderizando celda: {columnId: empleados, isReference: undefined, value: Object} @ http://localhost:3000/_next/static/chunks/11hm_next_dist_0m6rgog._.js:2441
[ 4054614ms] [LOG] [DEBUG] Renderizando celda: {columnId: servicios, isReference: undefined, value: Object} @ http://localhost:3000/_next/static/chunks/11hm_next_dist_0m6rgog._.js:2441
[ 4054614ms] [LOG] [DEBUG] Renderizando celda: {columnId: servicios, isReference: undefined, value: Object} @ http://localhost:3000/_next/static/chunks/11hm_next_dist_0m6rgog._.js:2441
[ 4054614ms] [LOG] [DEBUG] Renderizando celda: {columnId: membresias, isReference: undefined, value: Object} @ http://localhost:3000/_next/static/chunks/11hm_next_dist_0m6rgog._.js:2441
[ 4054615ms] [LOG] [DEBUG] Renderizando celda: {columnId: membresias, isReference: undefined, value: Object} @ http://localhost:3000/_next/static/chunks/11hm_next_dist_0m6rgog._.js:2441
[ 4054615ms] [LOG] [DEBUG] Renderizando celda: {columnId: metricas.clientesActivos, isReference: undefined, value: Object} @ http://localhost:3000/_next/static/chunks/11hm_next_dist_0m6rgog._.js:2441
[ 4054615ms] [LOG] [DEBUG] Renderizando celda: {columnId: metricas.clientesActivos, isReference: undefined, value: Object} @ http://localhost:3000/_next/static/chunks/11hm_next_dist_0m6rgog._.js:2441
[ 4054615ms] [LOG] [DEBUG] Renderizando celda: {columnId: metricas.satisfaccionMedia, isReference: undefined, value: Object} @ http://localhost:3000/_next/static/chunks/11hm_next_dist_0m6rgog._.js:2441
[ 4054615ms] [LOG] [DEBUG] Renderizando celda: {columnId: metricas.satisfaccionMedia, isReference: undefined, value: Object} @ http://localhost:3000/_next/static/chunks/11hm_next_dist_0m6rgog._.js:2441
[ 4054615ms] [LOG] [DEBUG] Renderizando celda: {columnId: metricas.ticketMedio, isReference: undefined, value: Object} @ http://localhost:3000/_next/static/chunks/11hm_next_dist_0m6rgog._.js:2441
[ 4054615ms] [LOG] [DEBUG] Renderizando celda: {columnId: metricas.ticketMedio, isReference: undefined, value: Object} @ http://localhost:3000/_next/static/chunks/11hm_next_dist_0m6rgog._.js:2441
[ 4054615ms] [LOG] [DEBUG] Renderizando celda: {columnId: etiquetas, isReference: undefined, value: Object} @ http://localhost:3000/_next/static/chunks/11hm_next_dist_0m6rgog._.js:2441
[ 4054615ms] [LOG] [DEBUG] Renderizando celda: {columnId: etiquetas, isReference: undefined, value: Object} @ http://localhost:3000/_next/static/chunks/11hm_next_dist_0m6rgog._.js:2441
[ 4054615ms] [LOG] [DEBUG] Renderizando celda: {columnId: notas, isReference: undefined, value: Object} @ http://localhost:3000/_next/static/chunks/11hm_next_dist_0m6rgog._.js:2441
[ 4054615ms] [LOG] [DEBUG] Renderizando celda: {columnId: notas, isReference: undefined, value: Object} @ http://localhost:3000/_next/static/chunks/11hm_next_dist_0m6rgog._.js:2441
[ 4054616ms] [LOG] [DEBUG] Renderizando celda: {columnId: id, isReference: undefined, value: Object} @ http://localhost:3000/_next/static/chunks/11hm_next_dist_0m6rgog._.js:2441
[ 4054616ms] [LOG] [DEBUG] Renderizando celda: {columnId: id, isReference: undefined, value: Object} @ http://localhost:3000/_next/static/chunks/11hm_next_dist_0m6rgog._.js:2441
[ 4054616ms] [LOG] [DEBUG] Renderizando celda: {columnId: nombre, isReference: undefined, value: Object} @ http://localhost:3000/_next/static/chunks/11hm_next_dist_0m6rgog._.js:2441
[ 4054616ms] [LOG] [DEBUG] Renderizando celda: {columnId: nombre, isReference: undefined, value: Object} @ http://localhost:3000/_next/static/chunks/11hm_next_dist_0m6rgog._.js:2441
[ 4054616ms] [LOG] [DEBUG] Renderizando celda: {columnId: email, isReference: undefined, value: Object} @ http://localhost:3000/_next/static/chunks/11hm_next_dist_0m6rgog._.js:2441
[ 4054616ms] [LOG] [DEBUG] Renderizando celda: {columnId: email, isReference: undefined, value: Object} @ http://localhost:3000/_next/static/chunks/11hm_next_dist_0m6rgog._.js:2441
[ 4054616ms] [LOG] [DEBUG] Renderizando celda: {columnId: ciudad, isReference: undefined, value: Object} @ http://localhost:3000/_next/static/chunks/11hm_next_dist_0m6rgog._.js:2441
[ 4054616ms] [LOG] [DEBUG] Renderizando celda: {columnId: ciudad, isReference: undefined, value: Object} @ http://localhost:3000/_next/static/chunks/11hm_next_dist_0m6rgog._.js:2441
[ 4054616ms] [LOG] [DEBUG] Renderizando celda: {columnId: activo, isReference: undefined, value: Object} @ http://localhost:3000/_next/static/chunks/11hm_next_dist_0m6rgog._.js:2441
[ 4054616ms] [LOG] [DEBUG] Renderizando celda: {columnId: activo, isReference: undefined, value: Object} @ http://localhost:3000/_next/static/chunks/11hm_next_dist_0m6rgog._.js:2441
[ 4054616ms] [LOG] [DEBUG] Renderizando celda: {columnId: propietario, isReference: undefined, value: Object} @ http://localhost:3000/_next/static/chunks/11hm_next_dist_0m6rgog._.js:2441
[ 4054616ms] [LOG] [DEBUG] Renderizando celda: {columnId: propietario, isReference: undefined, value: Object} @ http://localhost:3000/_next/static/chunks/11hm_next_dist_0m6rgog._.js:2441
[ 4054616ms] [LOG] [DEBUG] Renderizando celda: {columnId: web, isReference: undefined, value: Object} @ http://localhost:3000/_next/static/chunks/11hm_next_dist_0m6rgog._.js:2441
[ 4054617ms] [LOG] [DEBUG] Renderizando celda: {columnId: web, isReference: undefined, value: Object} @ http://localhost:3000/_next/static/chunks/11hm_next_dist_0m6rgog._.js:2441
[ 4054617ms] [LOG] [DEBUG] Renderizando celda: {columnId: logo, isReference: undefined, value: Object} @ http://localhost:3000/_next/static/chunks/11hm_next_dist_0m6rgog._.js:2441
[ 4054617ms] [LOG] [DEBUG] Renderizando celda: {columnId: logo, isReference: undefined, value: Object} @ http://localhost:3000/_next/static/chunks/11hm_next_dist_0m6rgog._.js:2441
[ 4054617ms] [LOG] [DEBUG] Renderizando celda: {columnId: direccion.calle, isReference: undefined, value: Object} @ http://localhost:3000/_next/static/chunks/11hm_next_dist_0m6rgog._.js:2441
[ 4054617ms] [LOG] [DEBUG] Renderizando celda: {columnId: direccion.calle, isReference: undefined, value: Object} @ http://localhost:3000/_next/static/chunks/11hm_next_dist_0m6rgog._.js:2441
[ 4054617ms] [LOG] [DEBUG] Renderizando celda: {columnId: direccion.codigoPostal, isReference: undefined, value: Object} @ http://localhost:3000/_next/static/chunks/11hm_next_dist_0m6rgog._.js:2441
[ 4054617ms] [LOG] [DEBUG] Renderizando celda: {columnId: direccion.codigoPostal, isReference: undefined, value: Object} @ http://localhost:3000/_next/static/chunks/11hm_next_dist_0m6rgog._.js:2441
[ 4054617ms] [LOG] [DEBUG] Renderizando celda: {columnId: direccion.provincia, isReference: undefined, value: Object} @ http://localhost:3000/_next/static/chunks/11hm_next_dist_0m6rgog._.js:2441
[ 4054617ms] [LOG] [DEBUG] Renderizando celda: {columnId: direccion.provincia, isReference: undefined, value: Object} @ http://localhost:3000/_next/static/chunks/11hm_next_dist_0m6rgog._.js:2441
[ 4054617ms] [LOG] [DEBUG] Renderizando celda: {columnId: fechaApertura, isReference: undefined, value: Object} @ http://localhost:3000/_next/static/chunks/11hm_next_dist_0m6rgog._.js:2441
[ 4054617ms] [LOG] [DEBUG] Renderizando celda: {columnId: fechaApertura, isReference: undefined, value: Object} @ http://localhost:3000/_next/static/chunks/11hm_next_dist_0m6rgog._.js:2441
[ 4054617ms] [LOG] [DEBUG] Renderizando celda: {columnId: facturacionAnual, isReference: undefined, value: Object} @ http://localhost:3000/_next/static/chunks/11hm_next_dist_0m6rgog._.js:2441
[ 4054617ms] [LOG] [DEBUG] Renderizando celda: {columnId: facturacionAnual, isReference: undefined, value: Object} @ http://localhost:3000/_next/static/chunks/11hm_next_dist_0m6rgog._.js:2441
[ 4054617ms] [LOG] [DEBUG] Renderizando celda: {columnId: empleados, isReference: undefined, value: Object} @ http://localhost:3000/_next/static/chunks/11hm_next_dist_0m6rgog._.js:2441
[ 4054617ms] [LOG] [DEBUG] Renderizando celda: {columnId: empleados, isReference: undefined, value: Object} @ http://localhost:3000/_next/static/chunks/11hm_next_dist_0m6rgog._.js:2441
[ 4054617ms] [LOG] [DEBUG] Renderizando celda: {columnId: servicios, isReference: undefined, value: Object} @ http://localhost:3000/_next/static/chunks/11hm_next_dist_0m6rgog._.js:2441
[ 4054617ms] [LOG] [DEBUG] Renderizando celda: {columnId: servicios, isReference: undefined, value: Object} @ http://localhost:3000/_next/static/chunks/11hm_next_dist_0m6rgog._.js:2441
[ 4054618ms] [LOG] [DEBUG] Renderizando celda: {columnId: membresias, isReference: undefined, value: Object} @ http://localhost:3000/_next/static/chunks/11hm_next_dist_0m6rgog._.js:2441
[ 4054618ms] [LOG] [DEBUG] Renderizando celda: {columnId: membresias, isReference: undefined, value: Object} @ http://localhost:3000/_next/static/chunks/11hm_next_dist_0m6rgog._.js:2441
[ 4054618ms] [LOG] [DEBUG] Renderizando celda: {columnId: metricas.clientesActivos, isReference: undefined, value: Object} @ http://localhost:3000/_next/static/chunks/11hm_next_dist_0m6rgog._.js:2441
[ 4054618ms] [LOG] [DEBUG] Renderizando celda: {columnId: metricas.clientesActivos, isReference: undefined, value: Object} @ http://localhost:3000/_next/static/chunks/11hm_next_dist_0m6rgog._.js:2441
[ 4054618ms] [LOG] [DEBUG] Renderizando celda: {columnId: metricas.satisfaccionMedia, isReference: undefined, value: Object} @ http://localhost:3000/_next/static/chunks/11hm_next_dist_0m6rgog._.js:2441
[ 4054618ms] [LOG] [DEBUG] Renderizando celda: {columnId: metricas.satisfaccionMedia, isReference: undefined, value: Object} @ http://localhost:3000/_next/static/chunks/11hm_next_dist_0m6rgog._.js:2441
[ 4054618ms] [LOG] [DEBUG] Renderizando celda: {columnId: metricas.ticketMedio, isReference: undefined, value: Object} @ http://localhost:3000/_next/static/chunks/11hm_next_dist_0m6rgog._.js:2441
[ 4054618ms] [LOG] [DEBUG] Renderizando celda: {columnId: metricas.ticketMedio, isReference: undefined, value: Object} @ http://localhost:3000/_next/static/chunks/11hm_next_dist_0m6rgog._.js:2441
[ 4054618ms] [LOG] [DEBUG] Renderizando celda: {columnId: etiquetas, isReference: undefined, value: Object} @ http://localhost:3000/_next/static/chunks/11hm_next_dist_0m6rgog._.js:2441
[ 4054618ms] [LOG] [DEBUG] Renderizando celda: {columnId: etiquetas, isReference: undefined, value: Object} @ http://localhost:3000/_next/static/chunks/11hm_next_dist_0m6rgog._.js:2441
[ 4054618ms] [LOG] [DEBUG] Renderizando celda: {columnId: notas, isReference: undefined, value: Object} @ http://localhost:3000/_next/static/chunks/11hm_next_dist_0m6rgog._.js:2441
[ 4054618ms] [LOG] [DEBUG] Renderizando celda: {columnId: notas, isReference: undefined, value: Object} @ http://localhost:3000/_next/static/chunks/11hm_next_dist_0m6rgog._.js:2441
[ 4054619ms] [LOG] [DEBUG] Renderizando celda: {columnId: id, isReference: undefined, value: Object} @ http://localhost:3000/_next/static/chunks/11hm_next_dist_0m6rgog._.js:2441
[ 4054619ms] [LOG] [DEBUG] Renderizando celda: {columnId: id, isReference: undefined, value: Object} @ http://localhost:3000/_next/static/chunks/11hm_next_dist_0m6rgog._.js:2441
[ 4054619ms] [LOG] [DEBUG] Renderizando celda: {columnId: nombre, isReference: undefined, value: Object} @ http://localhost:3000/_next/static/chunks/11hm_next_dist_0m6rgog._.js:2441
[ 4054619ms] [LOG] [DEBUG] Renderizando celda: {columnId: nombre, isReference: undefined, value: Object} @ http://localhost:3000/_next/static/chunks/11hm_next_dist_0m6rgog._.js:2441
[ 4054619ms] [LOG] [DEBUG] Renderizando celda: {columnId: email, isReference: undefined, value: Object} @ http://localhost:3000/_next/static/chunks/11hm_next_dist_0m6rgog._.js:2441
[ 4054619ms] [LOG] [DEBUG] Renderizando celda: {columnId: email, isReference: undefined, value: Object} @ http://localhost:3000/_next/static/chunks/11hm_next_dist_0m6rgog._.js:2441
[ 4054619ms] [LOG] [DEBUG] Renderizando celda: {columnId: ciudad, isReference: undefined, value: Object} @ http://localhost:3000/_next/static/chunks/11hm_next_dist_0m6rgog._.js:2441
[ 4054619ms] [LOG] [DEBUG] Renderizando celda: {columnId: ciudad, isReference: undefined, value: Object} @ http://localhost:3000/_next/static/chunks/11hm_next_dist_0m6rgog._.js:2441
[ 4054619ms] [LOG] [DEBUG] Renderizando celda: {columnId: activo, isReference: undefined, value: Object} @ http://localhost:3000/_next/static/chunks/11hm_next_dist_0m6rgog._.js:2441
[ 4054619ms] [LOG] [DEBUG] Renderizando celda: {columnId: activo, isReference: undefined, value: Object} @ http://localhost:3000/_next/static/chunks/11hm_next_dist_0m6rgog._.js:2441
[ 4054619ms] [LOG] [DEBUG] Renderizando celda: {columnId: propietario, isReference: undefined, value: Object} @ http://localhost:3000/_next/static/chunks/11hm_next_dist_0m6rgog._.js:2441
[ 4054619ms] [LOG] [DEBUG] Renderizando celda: {columnId: propietario, isReference: undefined, value: Object} @ http://localhost:3000/_next/static/chunks/11hm_next_dist_0m6rgog._.js:2441
[ 4054619ms] [LOG] [DEBUG] Renderizando celda: {columnId: web, isReference: undefined, value: Object} @ http://localhost:3000/_next/static/chunks/11hm_next_dist_0m6rgog._.js:2441
[ 4054620ms] [LOG] [DEBUG] Renderizando celda: {columnId: web, isReference: undefined, value: Object} @ http://localhost:3000/_next/static/chunks/11hm_next_dist_0m6rgog._.js:2441
[ 4054620ms] [LOG] [DEBUG] Renderizando celda: {columnId: logo, isReference: undefined, value: Object} @ http://localhost:3000/_next/static/chunks/11hm_next_dist_0m6rgog._.js:2441
[ 4054620ms] [LOG] [DEBUG] Renderizando celda: {columnId: logo, isReference: undefined, value: Object} @ http://localhost:3000/_next/static/chunks/11hm_next_dist_0m6rgog._.js:2441
[ 4054620ms] [LOG] [DEBUG] Renderizando celda: {columnId: direccion.calle, isReference: undefined, value: Object} @ http://localhost:3000/_next/static/chunks/11hm_next_dist_0m6rgog._.js:2441
[ 4054620ms] [LOG] [DEBUG] Renderizando celda: {columnId: direccion.calle, isReference: undefined, value: Object} @ http://localhost:3000/_next/static/chunks/11hm_next_dist_0m6rgog._.js:2441
[ 4054620ms] [LOG] [DEBUG] Renderizando celda: {columnId: direccion.codigoPostal, isReference: undefined, value: Object} @ http://localhost:3000/_next/static/chunks/11hm_next_dist_0m6rgog._.js:2441
[ 4054620ms] [LOG] [DEBUG] Renderizando celda: {columnId: direccion.codigoPostal, isReference: undefined, value: Object} @ http://localhost:3000/_next/static/chunks/11hm_next_dist_0m6rgog._.js:2441
[ 4054620ms] [LOG] [DEBUG] Renderizando celda: {columnId: direccion.provincia, isReference: undefined, value: Object} @ http://localhost:3000/_next/static/chunks/11hm_next_dist_0m6rgog._.js:2441
[ 4054620ms] [LOG] [DEBUG] Renderizando celda: {columnId: direccion.provincia, isReference: undefined, value: Object} @ http://localhost:3000/_next/static/chunks/11hm_next_dist_0m6rgog._.js:2441
[ 4054620ms] [LOG] [DEBUG] Renderizando celda: {columnId: fechaApertura, isReference: undefined, value: Object} @ http://localhost:3000/_next/static/chunks/11hm_next_dist_0m6rgog._.js:2441
[ 4054620ms] [LOG] [DEBUG] Renderizando celda: {columnId: fechaApertura, isReference: undefined, value: Object} @ http://localhost:3000/_next/static/chunks/11hm_next_dist_0m6rgog._.js:2441
[ 4054620ms] [LOG] [DEBUG] Renderizando celda: {columnId: facturacionAnual, isReference: undefined, value: Object} @ http://localhost:3000/_next/static/chunks/11hm_next_dist_0m6rgog._.js:2441
[ 4054620ms] [LOG] [DEBUG] Renderizando celda: {columnId: facturacionAnual, isReference: undefined, value: Object} @ http://localhost:3000/_next/static/chunks/11hm_next_dist_0m6rgog._.js:2441
[ 4054620ms] [LOG] [DEBUG] Renderizando celda: {columnId: empleados, isReference: undefined, value: Object} @ http://localhost:3000/_next/static/chunks/11hm_next_dist_0m6rgog._.js:2441
[ 4054620ms] [LOG] [DEBUG] Renderizando celda: {columnId: empleados, isReference: undefined, value: Object} @ http://localhost:3000/_next/static/chunks/11hm_next_dist_0m6rgog._.js:2441
[ 4054620ms] [LOG] [DEBUG] Renderizando celda: {columnId: servicios, isReference: undefined, value: Object} @ http://localhost:3000/_next/static/chunks/11hm_next_dist_0m6rgog._.js:2441
[ 4054621ms] [LOG] [DEBUG] Renderizando celda: {columnId: servicios, isReference: undefined, value: Object} @ http://localhost:3000/_next/static/chunks/11hm_next_dist_0m6rgog._.js:2441
[ 4054621ms] [LOG] [DEBUG] Renderizando celda: {columnId: membresias, isReference: undefined, value: Object} @ http://localhost:3000/_next/static/chunks/11hm_next_dist_0m6rgog._.js:2441
[ 4054621ms] [LOG] [DEBUG] Renderizando celda: {columnId: membresias, isReference: undefined, value: Object} @ http://localhost:3000/_next/static/chunks/11hm_next_dist_0m6rgog._.js:2441
[ 4054621ms] [LOG] [DEBUG] Renderizando celda: {columnId: metricas.clientesActivos, isReference: undefined, value: Object} @ http://localhost:3000/_next/static/chunks/11hm_next_dist_0m6rgog._.js:2441
[ 4054621ms] [LOG] [DEBUG] Renderizando celda: {columnId: metricas.clientesActivos, isReference: undefined, value: Object} @ http://localhost:3000/_next/static/chunks/11hm_next_dist_0m6rgog._.js:2441
[ 4054621ms] [LOG] [DEBUG] Renderizando celda: {columnId: metricas.satisfaccionMedia, isReference: undefined, value: Object} @ http://localhost:3000/_next/static/chunks/11hm_next_dist_0m6rgog._.js:2441
[ 4054621ms] [LOG] [DEBUG] Renderizando celda: {columnId: metricas.satisfaccionMedia, isReference: undefined, value: Object} @ http://localhost:3000/_next/static/chunks/11hm_next_dist_0m6rgog._.js:2441
[ 4054621ms] [LOG] [DEBUG] Renderizando celda: {columnId: metricas.ticketMedio, isReference: undefined, value: Object} @ http://localhost:3000/_next/static/chunks/11hm_next_dist_0m6rgog._.js:2441
[ 4054621ms] [LOG] [DEBUG] Renderizando celda: {columnId: metricas.ticketMedio, isReference: undefined, value: Object} @ http://localhost:3000/_next/static/chunks/11hm_next_dist_0m6rgog._.js:2441
[ 4054621ms] [LOG] [DEBUG] Renderizando celda: {columnId: etiquetas, isReference: undefined, value: Object} @ http://localhost:3000/_next/static/chunks/11hm_next_dist_0m6rgog._.js:2441
[ 4054621ms] [LOG] [DEBUG] Renderizando celda: {columnId: etiquetas, isReference: undefined, value: Object} @ http://localhost:3000/_next/static/chunks/11hm_next_dist_0m6rgog._.js:2441
[ 4054621ms] [LOG] [DEBUG] Renderizando celda: {columnId: notas, isReference: undefined, value: Object} @ http://localhost:3000/_next/static/chunks/11hm_next_dist_0m6rgog._.js:2441
[ 4054621ms] [LOG] [DEBUG] Renderizando celda: {columnId: notas, isReference: undefined, value: Object} @ http://localhost:3000/_next/static/chunks/11hm_next_dist_0m6rgog._.js:2441
[ 4054622ms] [LOG] [DEBUG] Renderizando SecondaryTables: {level: 0, parentId: undefined, isLoading: false, arrayColumnsCount: 0, arrayColumns: Array(0)} @ http://localhost:3000/_next/static/chunks/11hm_next_dist_0m6rgog._.js:2441
[ 4054622ms] [LOG] [DEBUG] Renderizando SecondaryTables: {level: 0, parentId: undefined, isLoading: false, arrayColumnsCount: 0, arrayColumns: Array(0)} @ http://localhost:3000/_next/static/chunks/11hm_next_dist_0m6rgog._.js:2441
[ 4061283ms] [LOG] [DEBUG] Iniciando procesamiento por lotes: {totalRows: 25, sampleSize: 100} @ http://localhost:3000/_next/static/chunks/11hm_next_dist_0m6rgog._.js:2441
[ 4061284ms] [LOG] [DEBUG] Iniciando análisis de tipos por columna... @ http://localhost:3000/_next/static/chunks/11hm_next_dist_0m6rgog._.js:2441
[ 4061284ms] [LOG] [DEBUG] Analizando columna: id {totalValores: 25, sampleSize: 25} @ http://localhost:3000/_next/static/chunks/11hm_next_dist_0m6rgog._.js:2441
[ 4061287ms] [LOG] [DEBUG] Tipo inferido para id: {type: number, normalizer: } @ http://localhost:3000/_next/static/chunks/11hm_next_dist_0m6rgog._.js:2441
[ 4061287ms] [LOG] [DEBUG] Analizando columna: nombre {totalValores: 25, sampleSize: 25} @ http://localhost:3000/_next/static/chunks/11hm_next_dist_0m6rgog._.js:2441
[ 4061288ms] [LOG] [DEBUG] Columna nombre: Tratando como string por defecto @ http://localhost:3000/_next/static/chunks/11hm_next_dist_0m6rgog._.js:2441
[ 4061288ms] [LOG] [DEBUG] Tipo inferido para nombre: {type: string, normalizer: } @ http://localhost:3000/_next/static/chunks/11hm_next_dist_0m6rgog._.js:2441
[ 4061289ms] [LOG] [DEBUG] Analizando columna: email {totalValores: 25, sampleSize: 25} @ http://localhost:3000/_next/static/chunks/11hm_next_dist_0m6rgog._.js:2441
[ 4061289ms] [LOG] [DEBUG] Columna email: Tratando como string por defecto @ http://localhost:3000/_next/static/chunks/11hm_next_dist_0m6rgog._.js:2441
[ 4061289ms] [LOG] [DEBUG] Tipo inferido para email: {type: string, normalizer: } @ http://localhost:3000/_next/static/chunks/11hm_next_dist_0m6rgog._.js:2441
[ 4061290ms] [LOG] [DEBUG] Analizando columna: telefono {totalValores: 25, sampleSize: 25} @ http://localhost:3000/_next/static/chunks/11hm_next_dist_0m6rgog._.js:2441
[ 4061290ms] [LOG] [DEBUG] Tipo inferido para telefono: {type: number, normalizer: } @ http://localhost:3000/_next/static/chunks/11hm_next_dist_0m6rgog._.js:2441
[ 4061290ms] [LOG] [DEBUG] Analizando columna: ciudad {totalValores: 25, sampleSize: 25} @ http://localhost:3000/_next/static/chunks/11hm_next_dist_0m6rgog._.js:2441
[ 4061291ms] [LOG] [DEBUG] Tipo inferido para ciudad: {type: string, normalizer: } @ http://localhost:3000/_next/static/chunks/11hm_next_dist_0m6rgog._.js:2441
[ 4061291ms] [LOG] [DEBUG] Analizando columna: rol {totalValores: 25, sampleSize: 25} @ http://localhost:3000/_next/static/chunks/11hm_next_dist_0m6rgog._.js:2441
[ 4061291ms] [LOG] [DEBUG] Columna rol: Tratando como string por defecto @ http://localhost:3000/_next/static/chunks/11hm_next_dist_0m6rgog._.js:2441
[ 4061291ms] [LOG] [DEBUG] Tipo inferido para rol: {type: string, normalizer: } @ http://localhost:3000/_next/static/chunks/11hm_next_dist_0m6rgog._.js:2441
[ 4061292ms] [LOG] [DEBUG] Analizando columna: estado {totalValores: 25, sampleSize: 25} @ http://localhost:3000/_next/static/chunks/11hm_next_dist_0m6rgog._.js:2441
[ 4061292ms] [LOG] [DEBUG] Columna estado: Tratando como string por defecto @ http://localhost:3000/_next/static/chunks/11hm_next_dist_0m6rgog._.js:2441
[ 4061292ms] [LOG] [DEBUG] Tipo inferido para estado: {type: string, normalizer: } @ http://localhost:3000/_next/static/chunks/11hm_next_dist_0m6rgog._.js:2441
[ 4061292ms] [LOG] [DEBUG] Analizando columna: fechaRegistro {totalValores: 25, sampleSize: 25} @ http://localhost:3000/_next/static/chunks/11hm_next_dist_0m6rgog._.js:2441
[ 4061293ms] [LOG] [DEBUG] Análisis de fechas para fechaRegistro: {total: 25, compatibles: 25, porcentaje: 100.00%, umbral: 30.00%} @ http://localhost:3000/_next/static/chunks/11hm_next_dist_0m6rgog._.js:2441
[ 4061293ms] [LOG] [DEBUG] Columna fechaRegistro: Detectado tipo fecha (confidence: 1.00) @ http://localhost:3000/_next/static/chunks/11hm_next_dist_0m6rgog._.js:2441
[ 4061293ms] [LOG] [DEBUG] Tipo inferido para fechaRegistro: {type: date, normalizer: } @ http://localhost:3000/_next/static/chunks/11hm_next_dist_0m6rgog._.js:2441
[ 4061293ms] [LOG] [DEBUG] Analizando columna: ultimoContacto {totalValores: 25, sampleSize: 25} @ http://localhost:3000/_next/static/chunks/11hm_next_dist_0m6rgog._.js:2441
[ 4061294ms] [LOG] [DEBUG] Análisis de fechas para ultimoContacto: {total: 25, compatibles: 25, porcentaje: 100.00%, umbral: 70.00%} @ http://localhost:3000/_next/static/chunks/11hm_next_dist_0m6rgog._.js:2441
[ 4061294ms] [LOG] [DEBUG] Columna ultimoContacto: Detectado tipo fecha (confidence: 1.00) @ http://localhost:3000/_next/static/chunks/11hm_next_dist_0m6rgog._.js:2441
[ 4061294ms] [LOG] [DEBUG] Tipo inferido para ultimoContacto: {type: date, normalizer: } @ http://localhost:3000/_next/static/chunks/11hm_next_dist_0m6rgog._.js:2441
[ 4061294ms] [LOG] [DEBUG] Analizando columna: valorTotal {totalValores: 25, sampleSize: 25} @ http://localhost:3000/_next/static/chunks/11hm_next_dist_0m6rgog._.js:2441
[ 4061295ms] [LOG] [DEBUG] Columna valorTotal: Tratando como string para valores numéricos específicos @ http://localhost:3000/_next/static/chunks/11hm_next_dist_0m6rgog._.js:2441
[ 4061295ms] [LOG] [DEBUG] Tipo inferido para valorTotal: {type: string, normalizer: } @ http://localhost:3000/_next/static/chunks/11hm_next_dist_0m6rgog._.js:2441
[ 4061295ms] [LOG] [DEBUG] Analizando columna: satisfaccion {totalValores: 25, sampleSize: 25} @ http://localhost:3000/_next/static/chunks/11hm_next_dist_0m6rgog._.js:2441
[ 4061295ms] [LOG] [DEBUG] Tipo inferido para satisfaccion: {type: number, normalizer: } @ http://localhost:3000/_next/static/chunks/11hm_next_dist_0m6rgog._.js:2441
[ 4061296ms] [LOG] [DEBUG] Analizando columna: activo {totalValores: 25, sampleSize: 25} @ http://localhost:3000/_next/static/chunks/11hm_next_dist_0m6rgog._.js:2441
[ 4061296ms] [LOG] [DEBUG] Tipo inferido para activo: {type: boolean, normalizer: } @ http://localhost:3000/_next/static/chunks/11hm_next_dist_0m6rgog._.js:2441
[ 4061296ms] [LOG] [DEBUG] Procesando fila 0/25 @ http://localhost:3000/_next/static/chunks/11hm_next_dist_0m6rgog._.js:2441
[ 4061302ms] [LOG] [DEBUG] Iniciando procesamiento por lotes: {totalRows: 25, sampleSize: 100} @ http://localhost:3000/_next/static/chunks/11hm_next_dist_0m6rgog._.js:2441
[ 4061302ms] [LOG] [DEBUG] Iniciando análisis de tipos por columna... @ http://localhost:3000/_next/static/chunks/11hm_next_dist_0m6rgog._.js:2441
[ 4061303ms] [LOG] [DEBUG] Analizando columna: id {totalValores: 25, sampleSize: 25} @ http://localhost:3000/_next/static/chunks/11hm_next_dist_0m6rgog._.js:2441
[ 4061303ms] [LOG] [DEBUG] Tipo inferido para id: {type: number, normalizer: } @ http://localhost:3000/_next/static/chunks/11hm_next_dist_0m6rgog._.js:2441
[ 4061303ms] [LOG] [DEBUG] Analizando columna: nombre {totalValores: 25, sampleSize: 25} @ http://localhost:3000/_next/static/chunks/11hm_next_dist_0m6rgog._.js:2441
[ 4061303ms] [LOG] [DEBUG] Tipo inferido para nombre: {type: string, normalizer: } @ http://localhost:3000/_next/static/chunks/11hm_next_dist_0m6rgog._.js:2441
[ 4061303ms] [LOG] [DEBUG] Analizando columna: email {totalValores: 25, sampleSize: 25} @ http://localhost:3000/_next/static/chunks/11hm_next_dist_0m6rgog._.js:2441
[ 4061303ms] [LOG] [DEBUG] Tipo inferido para email: {type: string, normalizer: } @ http://localhost:3000/_next/static/chunks/11hm_next_dist_0m6rgog._.js:2441
[ 4061304ms] [LOG] [DEBUG] Analizando columna: telefono {totalValores: 25, sampleSize: 25} @ http://localhost:3000/_next/static/chunks/11hm_next_dist_0m6rgog._.js:2441
[ 4061304ms] [LOG] [DEBUG] Tipo inferido para telefono: {type: number, normalizer: } @ http://localhost:3000/_next/static/chunks/11hm_next_dist_0m6rgog._.js:2441
[ 4061304ms] [LOG] [DEBUG] Analizando columna: ciudad {totalValores: 25, sampleSize: 25} @ http://localhost:3000/_next/static/chunks/11hm_next_dist_0m6rgog._.js:2441
[ 4061304ms] [LOG] [DEBUG] Tipo inferido para ciudad: {type: string, normalizer: } @ http://localhost:3000/_next/static/chunks/11hm_next_dist_0m6rgog._.js:2441
[ 4061304ms] [LOG] [DEBUG] Analizando columna: rol {totalValores: 25, sampleSize: 25} @ http://localhost:3000/_next/static/chunks/11hm_next_dist_0m6rgog._.js:2441
[ 4061304ms] [LOG] [DEBUG] Tipo inferido para rol: {type: string, normalizer: } @ http://localhost:3000/_next/static/chunks/11hm_next_dist_0m6rgog._.js:2441
[ 4061305ms] [LOG] [DEBUG] Analizando columna: estado {totalValores: 25, sampleSize: 25} @ http://localhost:3000/_next/static/chunks/11hm_next_dist_0m6rgog._.js:2441
[ 4061305ms] [LOG] [DEBUG] Tipo inferido para estado: {type: string, normalizer: } @ http://localhost:3000/_next/static/chunks/11hm_next_dist_0m6rgog._.js:2441
[ 4061305ms] [LOG] [DEBUG] Analizando columna: fechaRegistro {totalValores: 25, sampleSize: 25} @ http://localhost:3000/_next/static/chunks/11hm_next_dist_0m6rgog._.js:2441
[ 4061305ms] [LOG] [DEBUG] Tipo inferido para fechaRegistro: {type: date, normalizer: } @ http://localhost:3000/_next/static/chunks/11hm_next_dist_0m6rgog._.js:2441
[ 4061305ms] [LOG] [DEBUG] Analizando columna: ultimoContacto {totalValores: 25, sampleSize: 25} @ http://localhost:3000/_next/static/chunks/11hm_next_dist_0m6rgog._.js:2441
[ 4061305ms] [LOG] [DEBUG] Tipo inferido para ultimoContacto: {type: date, normalizer: } @ http://localhost:3000/_next/static/chunks/11hm_next_dist_0m6rgog._.js:2441
[ 4061305ms] [LOG] [DEBUG] Analizando columna: valorTotal {totalValores: 25, sampleSize: 25} @ http://localhost:3000/_next/static/chunks/11hm_next_dist_0m6rgog._.js:2441
[ 4061306ms] [LOG] [DEBUG] Tipo inferido para valorTotal: {type: string, normalizer: } @ http://localhost:3000/_next/static/chunks/11hm_next_dist_0m6rgog._.js:2441
[ 4061306ms] [LOG] [DEBUG] Analizando columna: satisfaccion {totalValores: 25, sampleSize: 25} @ http://localhost:3000/_next/static/chunks/11hm_next_dist_0m6rgog._.js:2441
[ 4061306ms] [LOG] [DEBUG] Tipo inferido para satisfaccion: {type: number, normalizer: } @ http://localhost:3000/_next/static/chunks/11hm_next_dist_0m6rgog._.js:2441
[ 4061306ms] [LOG] [DEBUG] Analizando columna: activo {totalValores: 25, sampleSize: 25} @ http://localhost:3000/_next/static/chunks/11hm_next_dist_0m6rgog._.js:2441
[ 4061306ms] [LOG] [DEBUG] Tipo inferido para activo: {type: boolean, normalizer: } @ http://localhost:3000/_next/static/chunks/11hm_next_dist_0m6rgog._.js:2441
[ 4061306ms] [LOG] [DEBUG] Procesando fila 0/25 @ http://localhost:3000/_next/static/chunks/11hm_next_dist_0m6rgog._.js:2441
[ 4061310ms] [LOG] [DEBUG] Creando definicion de columna: {columnId: id, isReference: false, type: number, path: Array(1)} @ http://localhost:3000/_next/static/chunks/11hm_next_dist_0m6rgog._.js:2441
[ 4061310ms] [LOG] [DEBUG] Creando definicion de columna: {columnId: nombre, isReference: false, type: string, path: Array(1)} @ http://localhost:3000/_next/static/chunks/11hm_next_dist_0m6rgog._.js:2441
[ 4061310ms] [LOG] [DEBUG] Creando definicion de columna: {columnId: email, isReference: false, type: string, path: Array(1)} @ http://localhost:3000/_next/static/chunks/11hm_next_dist_0m6rgog._.js:2441
[ 4061310ms] [LOG] [DEBUG] Creando definicion de columna: {columnId: telefono, isReference: false, type: number, path: Array(1)} @ http://localhost:3000/_next/static/chunks/11hm_next_dist_0m6rgog._.js:2441
[ 4061311ms] [LOG] [DEBUG] Creando definicion de columna: {columnId: ciudad, isReference: false, type: string, path: Array(1)} @ http://localhost:3000/_next/static/chunks/11hm_next_dist_0m6rgog._.js:2441
[ 4061311ms] [LOG] [DEBUG] Creando definicion de columna: {columnId: rol, isReference: false, type: string, path: Array(1)} @ http://localhost:3000/_next/static/chunks/11hm_next_dist_0m6rgog._.js:2441
[ 4061311ms] [LOG] [DEBUG] Creando definicion de columna: {columnId: estado, isReference: false, type: string, path: Array(1)} @ http://localhost:3000/_next/static/chunks/11hm_next_dist_0m6rgog._.js:2441
[ 4061311ms] [LOG] [DEBUG] Creando definicion de columna: {columnId: fechaRegistro, isReference: false, type: date, path: Array(1)} @ http://localhost:3000/_next/static/chunks/11hm_next_dist_0m6rgog._.js:2441
[ 4061311ms] [LOG] [DEBUG] Creando definicion de columna: {columnId: ultimoContacto, isReference: false, type: date, path: Array(1)} @ http://localhost:3000/_next/static/chunks/11hm_next_dist_0m6rgog._.js:2441
[ 4061311ms] [LOG] [DEBUG] Creando definicion de columna: {columnId: valorTotal, isReference: false, type: string, path: Array(1)} @ http://localhost:3000/_next/static/chunks/11hm_next_dist_0m6rgog._.js:2441
[ 4061311ms] [LOG] [DEBUG] Creando definicion de columna: {columnId: satisfaccion, isReference: false, type: number, path: Array(1)} @ http://localhost:3000/_next/static/chunks/11hm_next_dist_0m6rgog._.js:2441
[ 4061311ms] [LOG] [DEBUG] Creando definicion de columna: {columnId: activo, isReference: false, type: boolean, path: Array(1)} @ http://localhost:3000/_next/static/chunks/11hm_next_dist_0m6rgog._.js:2441
[ 4061312ms] [LOG] [DEBUG] Creando definicion de columna: {columnId: id, isReference: false, type: number, path: Array(1)} @ http://localhost:3000/_next/static/chunks/11hm_next_dist_0m6rgog._.js:2441
[ 4061312ms] [LOG] [DEBUG] Creando definicion de columna: {columnId: nombre, isReference: false, type: string, path: Array(1)} @ http://localhost:3000/_next/static/chunks/11hm_next_dist_0m6rgog._.js:2441
[ 4061312ms] [LOG] [DEBUG] Creando definicion de columna: {columnId: email, isReference: false, type: string, path: Array(1)} @ http://localhost:3000/_next/static/chunks/11hm_next_dist_0m6rgog._.js:2441
[ 4061312ms] [LOG] [DEBUG] Creando definicion de columna: {columnId: telefono, isReference: false, type: number, path: Array(1)} @ http://localhost:3000/_next/static/chunks/11hm_next_dist_0m6rgog._.js:2441
[ 4061312ms] [LOG] [DEBUG] Creando definicion de columna: {columnId: ciudad, isReference: false, type: string, path: Array(1)} @ http://localhost:3000/_next/static/chunks/11hm_next_dist_0m6rgog._.js:2441
[ 4061312ms] [LOG] [DEBUG] Creando definicion de columna: {columnId: rol, isReference: false, type: string, path: Array(1)} @ http://localhost:3000/_next/static/chunks/11hm_next_dist_0m6rgog._.js:2441
[ 4061312ms] [LOG] [DEBUG] Creando definicion de columna: {columnId: estado, isReference: false, type: string, path: Array(1)} @ http://localhost:3000/_next/static/chunks/11hm_next_dist_0m6rgog._.js:2441
[ 4061312ms] [LOG] [DEBUG] Creando definicion de columna: {columnId: fechaRegistro, isReference: false, type: date, path: Array(1)} @ http://localhost:3000/_next/static/chunks/11hm_next_dist_0m6rgog._.js:2441
[ 4061313ms] [LOG] [DEBUG] Creando definicion de columna: {columnId: ultimoContacto, isReference: false, type: date, path: Array(1)} @ http://localhost:3000/_next/static/chunks/11hm_next_dist_0m6rgog._.js:2441
[ 4061313ms] [LOG] [DEBUG] Creando definicion de columna: {columnId: valorTotal, isReference: false, type: string, path: Array(1)} @ http://localhost:3000/_next/static/chunks/11hm_next_dist_0m6rgog._.js:2441
[ 4061313ms] [LOG] [DEBUG] Creando definicion de columna: {columnId: satisfaccion, isReference: false, type: number, path: Array(1)} @ http://localhost:3000/_next/static/chunks/11hm_next_dist_0m6rgog._.js:2441
[ 4061313ms] [LOG] [DEBUG] Creando definicion de columna: {columnId: activo, isReference: false, type: boolean, path: Array(1)} @ http://localhost:3000/_next/static/chunks/11hm_next_dist_0m6rgog._.js:2441
[ 4061313ms] [LOG] [DEBUG] Effective column order: {baseOrder: Array(14), pinnedColumnId: index, otherColumns: Array(13), hasActions: true, result: Array(15)} @ http://localhost:3000/_next/static/chunks/11hm_next_dist_0m6rgog._.js:2441
[ 4061313ms] [LOG] [DEBUG] Effective column order: {baseOrder: Array(14), pinnedColumnId: index, otherColumns: Array(13), hasActions: true, result: Array(15)} @ http://localhost:3000/_next/static/chunks/11hm_next_dist_0m6rgog._.js:2441
[ 4061324ms] [LOG] [DEBUG] Effective column order: {baseOrder: Array(14), pinnedColumnId: index, otherColumns: Array(13), hasActions: true, result: Array(15)} @ http://localhost:3000/_next/static/chunks/11hm_next_dist_0m6rgog._.js:2441
[ 4061324ms] [LOG] [DEBUG] Effective column order: {baseOrder: Array(14), pinnedColumnId: index, otherColumns: Array(13), hasActions: true, result: Array(15)} @ http://localhost:3000/_next/static/chunks/11hm_next_dist_0m6rgog._.js:2441
[ 4061384ms] [LOG] [DEBUG] Renderizando celda: {columnId: id, isReference: undefined, value: Object} @ http://localhost:3000/_next/static/chunks/11hm_next_dist_0m6rgog._.js:2441
[ 4061384ms] [LOG] [DEBUG] Renderizando celda: {columnId: id, isReference: undefined, value: Object} @ http://localhost:3000/_next/static/chunks/11hm_next_dist_0m6rgog._.js:2441
[ 4061385ms] [LOG] [DEBUG] Renderizando celda: {columnId: nombre, isReference: undefined, value: Object} @ http://localhost:3000/_next/static/chunks/11hm_next_dist_0m6rgog._.js:2441
[ 4061385ms] [LOG] [DEBUG] Renderizando celda: {columnId: nombre, isReference: undefined, value: Object} @ http://localhost:3000/_next/static/chunks/11hm_next_dist_0m6rgog._.js:2441
[ 4061385ms] [LOG] [DEBUG] Renderizando celda: {columnId: email, isReference: undefined, value: Object} @ http://localhost:3000/_next/static/chunks/11hm_next_dist_0m6rgog._.js:2441
[ 4061385ms] [LOG] [DEBUG] Renderizando celda: {columnId: email, isReference: undefined, value: Object} @ http://localhost:3000/_next/static/chunks/11hm_next_dist_0m6rgog._.js:2441
[ 4061385ms] [LOG] [DEBUG] Renderizando celda: {columnId: telefono, isReference: undefined, value: Object} @ http://localhost:3000/_next/static/chunks/11hm_next_dist_0m6rgog._.js:2441
[ 4061385ms] [LOG] [DEBUG] Renderizando celda: {columnId: telefono, isReference: undefined, value: Object} @ http://localhost:3000/_next/static/chunks/11hm_next_dist_0m6rgog._.js:2441
[ 4061385ms] [LOG] [DEBUG] Tipo corregido: number -> date {originalValue: 34612345678, originalType: number, detectedType: date} @ http://localhost:3000/_next/static/chunks/11hm_next_dist_0m6rgog._.js:2441
[ 4061386ms] [LOG] [DEBUG] Tipo corregido: number -> date {originalValue: 34612345678, originalType: number, detectedType: date} @ http://localhost:3000/_next/static/chunks/11hm_next_dist_0m6rgog._.js:2441
[ 4061386ms] [LOG] [DEBUG] Renderizando celda: {columnId: ciudad, isReference: undefined, value: Object} @ http://localhost:3000/_next/static/chunks/11hm_next_dist_0m6rgog._.js:2441
[ 4061386ms] [LOG] [DEBUG] Renderizando celda: {columnId: ciudad, isReference: undefined, value: Object} @ http://localhost:3000/_next/static/chunks/11hm_next_dist_0m6rgog._.js:2441
[ 4061386ms] [LOG] [DEBUG] Renderizando celda: {columnId: rol, isReference: undefined, value: Object} @ http://localhost:3000/_next/static/chunks/11hm_next_dist_0m6rgog._.js:2441
[ 4061386ms] [LOG] [DEBUG] Renderizando celda: {columnId: rol, isReference: undefined, value: Object} @ http://localhost:3000/_next/static/chunks/11hm_next_dist_0m6rgog._.js:2441
[ 4061386ms] [LOG] [DEBUG] Renderizando celda: {columnId: estado, isReference: undefined, value: Object} @ http://localhost:3000/_next/static/chunks/11hm_next_dist_0m6rgog._.js:2441
[ 4061386ms] [LOG] [DEBUG] Renderizando celda: {columnId: estado, isReference: undefined, value: Object} @ http://localhost:3000/_next/static/chunks/11hm_next_dist_0m6rgog._.js:2441
[ 4061386ms] [LOG] [DEBUG] Renderizando celda: {columnId: fechaRegistro, isReference: undefined, value: Object} @ http://localhost:3000/_next/static/chunks/11hm_next_dist_0m6rgog._.js:2441
[ 4061386ms] [LOG] [DEBUG] Renderizando celda: {columnId: fechaRegistro, isReference: undefined, value: Object} @ http://localhost:3000/_next/static/chunks/11hm_next_dist_0m6rgog._.js:2441
[ 4061387ms] [LOG] [DEBUG] Renderizando celda: {columnId: ultimoContacto, isReference: undefined, value: Object} @ http://localhost:3000/_next/static/chunks/11hm_next_dist_0m6rgog._.js:2441
[ 4061387ms] [LOG] [DEBUG] Renderizando celda: {columnId: ultimoContacto, isReference: undefined, value: Object} @ http://localhost:3000/_next/static/chunks/11hm_next_dist_0m6rgog._.js:2441
[ 4061387ms] [LOG] [DEBUG] Renderizando celda: {columnId: valorTotal, isReference: undefined, value: Object} @ http://localhost:3000/_next/static/chunks/11hm_next_dist_0m6rgog._.js:2441
[ 4061387ms] [LOG] [DEBUG] Renderizando celda: {columnId: valorTotal, isReference: undefined, value: Object} @ http://localhost:3000/_next/static/chunks/11hm_next_dist_0m6rgog._.js:2441
[ 4061387ms] [LOG] [DEBUG] Tipo corregido: string -> number {originalValue: 3840, originalType: string, detectedType: number} @ http://localhost:3000/_next/static/chunks/11hm_next_dist_0m6rgog._.js:2441
[ 4061387ms] [LOG] [DEBUG] Tipo corregido: string -> number {originalValue: 3840, originalType: string, detectedType: number} @ http://localhost:3000/_next/static/chunks/11hm_next_dist_0m6rgog._.js:2441
[ 4061387ms] [LOG] [DEBUG] Renderizando celda: {columnId: satisfaccion, isReference: undefined, value: Object} @ http://localhost:3000/_next/static/chunks/11hm_next_dist_0m6rgog._.js:2441
[ 4061387ms] [LOG] [DEBUG] Renderizando celda: {columnId: satisfaccion, isReference: undefined, value: Object} @ http://localhost:3000/_next/static/chunks/11hm_next_dist_0m6rgog._.js:2441
[ 4061387ms] [LOG] [DEBUG] Renderizando celda: {columnId: activo, isReference: undefined, value: Object} @ http://localhost:3000/_next/static/chunks/11hm_next_dist_0m6rgog._.js:2441
[ 4061387ms] [LOG] [DEBUG] Renderizando celda: {columnId: activo, isReference: undefined, value: Object} @ http://localhost:3000/_next/static/chunks/11hm_next_dist_0m6rgog._.js:2441
[ 4061387ms] [LOG] [DEBUG] Tipo corregido: boolean -> string {originalValue: true, originalType: boolean, detectedType: string} @ http://localhost:3000/_next/static/chunks/11hm_next_dist_0m6rgog._.js:2441
[ 4061388ms] [LOG] [DEBUG] Tipo corregido: boolean -> string {originalValue: true, originalType: boolean, detectedType: string} @ http://localhost:3000/_next/static/chunks/11hm_next_dist_0m6rgog._.js:2441
[ 4061393ms] [LOG] [DEBUG] Renderizando celda: {columnId: id, isReference: undefined, value: Object} @ http://localhost:3000/_next/static/chunks/11hm_next_dist_0m6rgog._.js:2441
[ 4061393ms] [LOG] [DEBUG] Renderizando celda: {columnId: id, isReference: undefined, value: Object} @ http://localhost:3000/_next/static/chunks/11hm_next_dist_0m6rgog._.js:2441
[ 4061393ms] [LOG] [DEBUG] Renderizando celda: {columnId: nombre, isReference: undefined, value: Object} @ http://localhost:3000/_next/static/chunks/11hm_next_dist_0m6rgog._.js:2441
[ 4061393ms] [LOG] [DEBUG] Renderizando celda: {columnId: nombre, isReference: undefined, value: Object} @ http://localhost:3000/_next/static/chunks/11hm_next_dist_0m6rgog._.js:2441
[ 4061393ms] [LOG] [DEBUG] Renderizando celda: {columnId: email, isReference: undefined, value: Object} @ http://localhost:3000/_next/static/chunks/11hm_next_dist_0m6rgog._.js:2441
[ 4061393ms] [LOG] [DEBUG] Renderizando celda: {columnId: email, isReference: undefined, value: Object} @ http://localhost:3000/_next/static/chunks/11hm_next_dist_0m6rgog._.js:2441
[ 4061393ms] [LOG] [DEBUG] Renderizando celda: {columnId: telefono, isReference: undefined, value: Object} @ http://localhost:3000/_next/static/chunks/11hm_next_dist_0m6rgog._.js:2441
[ 4061394ms] [LOG] [DEBUG] Renderizando celda: {columnId: telefono, isReference: undefined, value: Object} @ http://localhost:3000/_next/static/chunks/11hm_next_dist_0m6rgog._.js:2441
[ 4061394ms] [LOG] [DEBUG] Tipo corregido: number -> date {originalValue: 34634567890, originalType: number, detectedType: date} @ http://localhost:3000/_next/static/chunks/11hm_next_dist_0m6rgog._.js:2441
[ 4061394ms] [LOG] [DEBUG] Tipo corregido: number -> date {originalValue: 34634567890, originalType: number, detectedType: date} @ http://localhost:3000/_next/static/chunks/11hm_next_dist_0m6rgog._.js:2441
[ 4061394ms] [LOG] [DEBUG] Renderizando celda: {columnId: ciudad, isReference: undefined, value: Object} @ http://localhost:3000/_next/static/chunks/11hm_next_dist_0m6rgog._.js:2441
[ 4061394ms] [LOG] [DEBUG] Renderizando celda: {columnId: ciudad, isReference: undefined, value: Object} @ http://localhost:3000/_next/static/chunks/11hm_next_dist_0m6rgog._.js:2441
[ 4061394ms] [LOG] [DEBUG] Renderizando celda: {columnId: rol, isReference: undefined, value: Object} @ http://localhost:3000/_next/static/chunks/11hm_next_dist_0m6rgog._.js:2441
[ 4061394ms] [LOG] [DEBUG] Renderizando celda: {columnId: rol, isReference: undefined, value: Object} @ http://localhost:3000/_next/static/chunks/11hm_next_dist_0m6rgog._.js:2441
[ 4061395ms] [LOG] [DEBUG] Renderizando celda: {columnId: estado, isReference: undefined, value: Object} @ http://localhost:3000/_next/static/chunks/11hm_next_dist_0m6rgog._.js:2441
[ 4061395ms] [LOG] [DEBUG] Renderizando celda: {columnId: estado, isReference: undefined, value: Object} @ http://localhost:3000/_next/static/chunks/11hm_next_dist_0m6rgog._.js:2441
[ 4061395ms] [LOG] [DEBUG] Renderizando celda: {columnId: fechaRegistro, isReference: undefined, value: Object} @ http://localhost:3000/_next/static/chunks/11hm_next_dist_0m6rgog._.js:2441
[ 4061395ms] [LOG] [DEBUG] Renderizando celda: {columnId: fechaRegistro, isReference: undefined, value: Object} @ http://localhost:3000/_next/static/chunks/11hm_next_dist_0m6rgog._.js:2441
[ 4061395ms] [LOG] [DEBUG] Renderizando celda: {columnId: ultimoContacto, isReference: undefined, value: Object} @ http://localhost:3000/_next/static/chunks/11hm_next_dist_0m6rgog._.js:2441
[ 4061395ms] [LOG] [DEBUG] Renderizando celda: {columnId: ultimoContacto, isReference: undefined, value: Object} @ http://localhost:3000/_next/static/chunks/11hm_next_dist_0m6rgog._.js:2441
[ 4061395ms] [LOG] [DEBUG] Renderizando celda: {columnId: valorTotal, isReference: undefined, value: Object} @ http://localhost:3000/_next/static/chunks/11hm_next_dist_0m6rgog._.js:2441
[ 4061396ms] [LOG] [DEBUG] Renderizando celda: {columnId: valorTotal, isReference: undefined, value: Object} @ http://localhost:3000/_next/static/chunks/11hm_next_dist_0m6rgog._.js:2441
[ 4061396ms] [LOG] [DEBUG] Tipo corregido: string -> number {originalValue: 6120, originalType: string, detectedType: number} @ http://localhost:3000/_next/static/chunks/11hm_next_dist_0m6rgog._.js:2441
[ 4061396ms] [LOG] [DEBUG] Tipo corregido: string -> number {originalValue: 6120, originalType: string, detectedType: number} @ http://localhost:3000/_next/static/chunks/11hm_next_dist_0m6rgog._.js:2441
[ 4061396ms] [LOG] [DEBUG] Renderizando celda: {columnId: satisfaccion, isReference: undefined, value: Object} @ http://localhost:3000/_next/static/chunks/11hm_next_dist_0m6rgog._.js:2441
[ 4061396ms] [LOG] [DEBUG] Renderizando celda: {columnId: satisfaccion, isReference: undefined, value: Object} @ http://localhost:3000/_next/static/chunks/11hm_next_dist_0m6rgog._.js:2441
[ 4061396ms] [LOG] [DEBUG] Renderizando celda: {columnId: activo, isReference: undefined, value: Object} @ http://localhost:3000/_next/static/chunks/11hm_next_dist_0m6rgog._.js:2441
[ 4061396ms] [LOG] [DEBUG] Renderizando celda: {columnId: activo, isReference: undefined, value: Object} @ http://localhost:3000/_next/static/chunks/11hm_next_dist_0m6rgog._.js:2441
[ 4061396ms] [LOG] [DEBUG] Tipo corregido: boolean -> string {originalValue: true, originalType: boolean, detectedType: string} @ http://localhost:3000/_next/static/chunks/11hm_next_dist_0m6rgog._.js:2441
[ 4061396ms] [LOG] [DEBUG] Tipo corregido: boolean -> string {originalValue: true, originalType: boolean, detectedType: string} @ http://localhost:3000/_next/static/chunks/11hm_next_dist_0m6rgog._.js:2441
[ 4061401ms] [LOG] [DEBUG] Renderizando celda: {columnId: id, isReference: undefined, value: Object} @ http://localhost:3000/_next/static/chunks/11hm_next_dist_0m6rgog._.js:2441
[ 4061401ms] [LOG] [DEBUG] Renderizando celda: {columnId: id, isReference: undefined, value: Object} @ http://localhost:3000/_next/static/chunks/11hm_next_dist_0m6rgog._.js:2441
[ 4061401ms] [LOG] [DEBUG] Renderizando celda: {columnId: nombre, isReference: undefined, value: Object} @ http://localhost:3000/_next/static/chunks/11hm_next_dist_0m6rgog._.js:2441
[ 4061402ms] [LOG] [DEBUG] Renderizando celda: {columnId: nombre, isReference: undefined, value: Object} @ http://localhost:3000/_next/static/chunks/11hm_next_dist_0m6rgog._.js:2441
[ 4061402ms] [LOG] [DEBUG] Renderizando celda: {columnId: email, isReference: undefined, value: Object} @ http://localhost:3000/_next/static/chunks/11hm_next_dist_0m6rgog._.js:2441
[ 4061402ms] [LOG] [DEBUG] Renderizando celda: {columnId: email, isReference: undefined, value: Object} @ http://localhost:3000/_next/static/chunks/11hm_next_dist_0m6rgog._.js:2441
[ 4061402ms] [LOG] [DEBUG] Renderizando celda: {columnId: telefono, isReference: undefined, value: Object} @ http://localhost:3000/_next/static/chunks/11hm_next_dist_0m6rgog._.js:2441
[ 4061402ms] [LOG] [DEBUG] Renderizando celda: {columnId: telefono, isReference: undefined, value: Object} @ http://localhost:3000/_next/static/chunks/11hm_next_dist_0m6rgog._.js:2441
[ 4061402ms] [LOG] [DEBUG] Tipo corregido: number -> date {originalValue: 34655678901, originalType: number, detectedType: date} @ http://localhost:3000/_next/static/chunks/11hm_next_dist_0m6rgog._.js:2441
[ 4061402ms] [LOG] [DEBUG] Tipo corregido: number -> date {originalValue: 34655678901, originalType: number, detectedType: date} @ http://localhost:3000/_next/static/chunks/11hm_next_dist_0m6rgog._.js:2441
[ 4061402ms] [LOG] [DEBUG] Renderizando celda: {columnId: ciudad, isReference: undefined, value: Object} @ http://localhost:3000/_next/static/chunks/11hm_next_dist_0m6rgog._.js:2441
[ 4061402ms] [LOG] [DEBUG] Renderizando celda: {columnId: ciudad, isReference: undefined, value: Object} @ http://localhost:3000/_next/static/chunks/11hm_next_dist_0m6rgog._.js:2441
[ 4061402ms] [LOG] [DEBUG] Renderizando celda: {columnId: rol, isReference: undefined, value: Object} @ http://localhost:3000/_next/static/chunks/11hm_next_dist_0m6rgog._.js:2441
[ 4061402ms] [LOG] [DEBUG] Renderizando celda: {columnId: rol, isReference: undefined, value: Object} @ http://localhost:3000/_next/static/chunks/11hm_next_dist_0m6rgog._.js:2441
[ 4061403ms] [LOG] [DEBUG] Renderizando celda: {columnId: estado, isReference: undefined, value: Object} @ http://localhost:3000/_next/static/chunks/11hm_next_dist_0m6rgog._.js:2441
[ 4061403ms] [LOG] [DEBUG] Renderizando celda: {columnId: estado, isReference: undefined, value: Object} @ http://localhost:3000/_next/static/chunks/11hm_next_dist_0m6rgog._.js:2441
[ 4061403ms] [LOG] [DEBUG] Renderizando celda: {columnId: fechaRegistro, isReference: undefined, value: Object} @ http://localhost:3000/_next/static/chunks/11hm_next_dist_0m6rgog._.js:2441
[ 4061403ms] [LOG] [DEBUG] Renderizando celda: {columnId: fechaRegistro, isReference: undefined, value: Object} @ http://localhost:3000/_next/static/chunks/11hm_next_dist_0m6rgog._.js:2441
[ 4061403ms] [LOG] [DEBUG] Renderizando celda: {columnId: ultimoContacto, isReference: undefined, value: Object} @ http://localhost:3000/_next/static/chunks/11hm_next_dist_0m6rgog._.js:2441
[ 4061403ms] [LOG] [DEBUG] Renderizando celda: {columnId: ultimoContacto, isReference: undefined, value: Object} @ http://localhost:3000/_next/static/chunks/11hm_next_dist_0m6rgog._.js:2441
[ 4061403ms] [LOG] [DEBUG] Renderizando celda: {columnId: valorTotal, isReference: undefined, value: Object} @ http://localhost:3000/_next/static/chunks/11hm_next_dist_0m6rgog._.js:2441
[ 4061403ms] [LOG] [DEBUG] Renderizando celda: {columnId: valorTotal, isReference: undefined, value: Object} @ http://localhost:3000/_next/static/chunks/11hm_next_dist_0m6rgog._.js:2441
[ 4061403ms] [LOG] [DEBUG] Tipo corregido: string -> number {originalValue: 0, originalType: string, detectedType: number} @ http://localhost:3000/_next/static/chunks/11hm_next_dist_0m6rgog._.js:2441
[ 4061403ms] [LOG] [DEBUG] Tipo corregido: string -> number {originalValue: 0, originalType: string, detectedType: number} @ http://localhost:3000/_next/static/chunks/11hm_next_dist_0m6rgog._.js:2441
[ 4061404ms] [LOG] [DEBUG] Renderizando celda: {columnId: satisfaccion, isReference: undefined, value: Object} @ http://localhost:3000/_next/static/chunks/11hm_next_dist_0m6rgog._.js:2441
[ 4061404ms] [LOG] [DEBUG] Renderizando celda: {columnId: satisfaccion, isReference: undefined, value: Object} @ http://localhost:3000/_next/static/chunks/11hm_next_dist_0m6rgog._.js:2441
[ 4061404ms] [LOG] [DEBUG] Renderizando celda: {columnId: activo, isReference: undefined, value: Object} @ http://localhost:3000/_next/static/chunks/11hm_next_dist_0m6rgog._.js:2441
[ 4061404ms] [LOG] [DEBUG] Renderizando celda: {columnId: activo, isReference: undefined, value: Object} @ http://localhost:3000/_next/static/chunks/11hm_next_dist_0m6rgog._.js:2441
[ 4061404ms] [LOG] [DEBUG] Tipo corregido: boolean -> string {originalValue: false, originalType: boolean, detectedType: string} @ http://localhost:3000/_next/static/chunks/11hm_next_dist_0m6rgog._.js:2441
[ 4061404ms] [LOG] [DEBUG] Tipo corregido: boolean -> string {originalValue: false, originalType: boolean, detectedType: string} @ http://localhost:3000/_next/static/chunks/11hm_next_dist_0m6rgog._.js:2441
[ 4061409ms] [LOG] [DEBUG] Renderizando celda: {columnId: id, isReference: undefined, value: Object} @ http://localhost:3000/_next/static/chunks/11hm_next_dist_0m6rgog._.js:2441
[ 4061409ms] [LOG] [DEBUG] Renderizando celda: {columnId: id, isReference: undefined, value: Object} @ http://localhost:3000/_next/static/chunks/11hm_next_dist_0m6rgog._.js:2441
[ 4061409ms] [LOG] [DEBUG] Renderizando celda: {columnId: nombre, isReference: undefined, value: Object} @ http://localhost:3000/_next/static/chunks/11hm_next_dist_0m6rgog._.js:2441
[ 4061409ms] [LOG] [DEBUG] Renderizando celda: {columnId: nombre, isReference: undefined, value: Object} @ http://localhost:3000/_next/static/chunks/11hm_next_dist_0m6rgog._.js:2441
[ 4061409ms] [LOG] [DEBUG] Renderizando celda: {columnId: email, isReference: undefined, value: Object} @ http://localhost:3000/_next/static/chunks/11hm_next_dist_0m6rgog._.js:2441
[ 4061409ms] [LOG] [DEBUG] Renderizando celda: {columnId: email, isReference: undefined, value: Object} @ http://localhost:3000/_next/static/chunks/11hm_next_dist_0m6rgog._.js:2441
[ 4061409ms] [LOG] [DEBUG] Renderizando celda: {columnId: telefono, isReference: undefined, value: Object} @ http://localhost:3000/_next/static/chunks/11hm_next_dist_0m6rgog._.js:2441
[ 4061409ms] [LOG] [DEBUG] Renderizando celda: {columnId: telefono, isReference: undefined, value: Object} @ http://localhost:3000/_next/static/chunks/11hm_next_dist_0m6rgog._.js:2441
[ 4061409ms] [LOG] [DEBUG] Tipo corregido: number -> date {originalValue: 34676789012, originalType: number, detectedType: date} @ http://localhost:3000/_next/static/chunks/11hm_next_dist_0m6rgog._.js:2441
[ 4061409ms] [LOG] [DEBUG] Tipo corregido: number -> date {originalValue: 34676789012, originalType: number, detectedType: date} @ http://localhost:3000/_next/static/chunks/11hm_next_dist_0m6rgog._.js:2441
[ 4061410ms] [LOG] [DEBUG] Renderizando celda: {columnId: ciudad, isReference: undefined, value: Object} @ http://localhost:3000/_next/static/chunks/11hm_next_dist_0m6rgog._.js:2441
[ 4061410ms] [LOG] [DEBUG] Renderizando celda: {columnId: ciudad, isReference: undefined, value: Object} @ http://localhost:3000/_next/static/chunks/11hm_next_dist_0m6rgog._.js:2441
[ 4061410ms] [LOG] [DEBUG] Renderizando celda: {columnId: rol, isReference: undefined, value: Object} @ http://localhost:3000/_next/static/chunks/11hm_next_dist_0m6rgog._.js:2441
[ 4061410ms] [LOG] [DEBUG] Renderizando celda: {columnId: rol, isReference: undefined, value: Object} @ http://localhost:3000/_next/static/chunks/11hm_next_dist_0m6rgog._.js:2441
[ 4061410ms] [LOG] [DEBUG] Renderizando celda: {columnId: estado, isReference: undefined, value: Object} @ http://localhost:3000/_next/static/chunks/11hm_next_dist_0m6rgog._.js:2441
[ 4061410ms] [LOG] [DEBUG] Renderizando celda: {columnId: estado, isReference: undefined, value: Object} @ http://localhost:3000/_next/static/chunks/11hm_next_dist_0m6rgog._.js:2441
[ 4061410ms] [LOG] [DEBUG] Renderizando celda: {columnId: fechaRegistro, isReference: undefined, value: Object} @ http://localhost:3000/_next/static/chunks/11hm_next_dist_0m6rgog._.js:2441
[ 4061410ms] [LOG] [DEBUG] Renderizando celda: {columnId: fechaRegistro, isReference: undefined, value: Object} @ http://localhost:3000/_next/static/chunks/11hm_next_dist_0m6rgog._.js:2441
[ 4061410ms] [LOG] [DEBUG] Renderizando celda: {columnId: ultimoContacto, isReference: undefined, value: Object} @ http://localhost:3000/_next/static/chunks/11hm_next_dist_0m6rgog._.js:2441
[ 4061410ms] [LOG] [DEBUG] Renderizando celda: {columnId: ultimoContacto, isReference: undefined, value: Object} @ http://localhost:3000/_next/static/chunks/11hm_next_dist_0m6rgog._.js:2441
[ 4061411ms] [LOG] [DEBUG] Renderizando celda: {columnId: valorTotal, isReference: undefined, value: Object} @ http://localhost:3000/_next/static/chunks/11hm_next_dist_0m6rgog._.js:2441
[ 4061411ms] [LOG] [DEBUG] Renderizando celda: {columnId: valorTotal, isReference: undefined, value: Object} @ http://localhost:3000/_next/static/chunks/11hm_next_dist_0m6rgog._.js:2441
[ 4061411ms] [LOG] [DEBUG] Tipo corregido: string -> number {originalValue: 2280, originalType: string, detectedType: number} @ http://localhost:3000/_next/static/chunks/11hm_next_dist_0m6rgog._.js:2441
[ 4061411ms] [LOG] [DEBUG] Tipo corregido: string -> number {originalValue: 2280, originalType: string, detectedType: number} @ http://localhost:3000/_next/static/chunks/11hm_next_dist_0m6rgog._.js:2441
[ 4061411ms] [LOG] [DEBUG] Renderizando celda: {columnId: satisfaccion, isReference: undefined, value: Object} @ http://localhost:3000/_next/static/chunks/11hm_next_dist_0m6rgog._.js:2441
[ 4061411ms] [LOG] [DEBUG] Renderizando celda: {columnId: satisfaccion, isReference: undefined, value: Object} @ http://localhost:3000/_next/static/chunks/11hm_next_dist_0m6rgog._.js:2441
[ 4061411ms] [LOG] [DEBUG] Renderizando celda: {columnId: activo, isReference: undefined, value: Object} @ http://localhost:3000/_next/static/chunks/11hm_next_dist_0m6rgog._.js:2441
[ 4061411ms] [LOG] [DEBUG] Renderizando celda: {columnId: activo, isReference: undefined, value: Object} @ http://localhost:3000/_next/static/chunks/11hm_next_dist_0m6rgog._.js:2441
[ 4061411ms] [LOG] [DEBUG] Tipo corregido: boolean -> string {originalValue: false, originalType: boolean, detectedType: string} @ http://localhost:3000/_next/static/chunks/11hm_next_dist_0m6rgog._.js:2441
[ 4061411ms] [LOG] [DEBUG] Tipo corregido: boolean -> string {originalValue: false, originalType: boolean, detectedType: string} @ http://localhost:3000/_next/static/chunks/11hm_next_dist_0m6rgog._.js:2441
[ 4061416ms] [LOG] [DEBUG] Renderizando celda: {columnId: id, isReference: undefined, value: Object} @ http://localhost:3000/_next/static/chunks/11hm_next_dist_0m6rgog._.js:2441
[ 4061416ms] [LOG] [DEBUG] Renderizando celda: {columnId: id, isReference: undefined, value: Object} @ http://localhost:3000/_next/static/chunks/11hm_next_dist_0m6rgog._.js:2441
[ 4061416ms] [LOG] [DEBUG] Renderizando celda: {columnId: nombre, isReference: undefined, value: Object} @ http://localhost:3000/_next/static/chunks/11hm_next_dist_0m6rgog._.js:2441
[ 4061416ms] [LOG] [DEBUG] Renderizando celda: {columnId: nombre, isReference: undefined, value: Object} @ http://localhost:3000/_next/static/chunks/11hm_next_dist_0m6rgog._.js:2441
[ 4061416ms] [LOG] [DEBUG] Renderizando celda: {columnId: email, isReference: undefined, value: Object} @ http://localhost:3000/_next/static/chunks/11hm_next_dist_0m6rgog._.js:2441
[ 4061416ms] [LOG] [DEBUG] Renderizando celda: {columnId: email, isReference: undefined, value: Object} @ http://localhost:3000/_next/static/chunks/11hm_next_dist_0m6rgog._.js:2441
[ 4061416ms] [LOG] [DEBUG] Renderizando celda: {columnId: telefono, isReference: undefined, value: Object} @ http://localhost:3000/_next/static/chunks/11hm_next_dist_0m6rgog._.js:2441
[ 4061417ms] [LOG] [DEBUG] Renderizando celda: {columnId: telefono, isReference: undefined, value: Object} @ http://localhost:3000/_next/static/chunks/11hm_next_dist_0m6rgog._.js:2441
[ 4061417ms] [LOG] [DEBUG] Tipo corregido: number -> date {originalValue: 34697890123, originalType: number, detectedType: date} @ http://localhost:3000/_next/static/chunks/11hm_next_dist_0m6rgog._.js:2441
[ 4061417ms] [LOG] [DEBUG] Tipo corregido: number -> date {originalValue: 34697890123, originalType: number, detectedType: date} @ http://localhost:3000/_next/static/chunks/11hm_next_dist_0m6rgog._.js:2441
[ 4061417ms] [LOG] [DEBUG] Renderizando celda: {columnId: ciudad, isReference: undefined, value: Object} @ http://localhost:3000/_next/static/chunks/11hm_next_dist_0m6rgog._.js:2441
[ 4061417ms] [LOG] [DEBUG] Renderizando celda: {columnId: ciudad, isReference: undefined, value: Object} @ http://localhost:3000/_next/static/chunks/11hm_next_dist_0m6rgog._.js:2441
[ 4061417ms] [LOG] [DEBUG] Renderizando celda: {columnId: rol, isReference: undefined, value: Object} @ http://localhost:3000/_next/static/chunks/11hm_next_dist_0m6rgog._.js:2441
[ 4061417ms] [LOG] [DEBUG] Renderizando celda: {columnId: rol, isReference: undefined, value: Object} @ http://localhost:3000/_next/static/chunks/11hm_next_dist_0m6rgog._.js:2441
[ 4061417ms] [LOG] [DEBUG] Renderizando celda: {columnId: estado, isReference: undefined, value: Object} @ http://localhost:3000/_next/static/chunks/11hm_next_dist_0m6rgog._.js:2441
[ 4061417ms] [LOG] [DEBUG] Renderizando celda: {columnId: estado, isReference: undefined, value: Object} @ http://localhost:3000/_next/static/chunks/11hm_next_dist_0m6rgog._.js:2441
[ 4061417ms] [LOG] [DEBUG] Renderizando celda: {columnId: fechaRegistro, isReference: undefined, value: Object} @ http://localhost:3000/_next/static/chunks/11hm_next_dist_0m6rgog._.js:2441
[ 4061417ms] [LOG] [DEBUG] Renderizando celda: {columnId: fechaRegistro, isReference: undefined, value: Object} @ http://localhost:3000/_next/static/chunks/11hm_next_dist_0m6rgog._.js:2441
[ 4061418ms] [LOG] [DEBUG] Renderizando celda: {columnId: ultimoContacto, isReference: undefined, value: Object} @ http://localhost:3000/_next/static/chunks/11hm_next_dist_0m6rgog._.js:2441
[ 4061418ms] [LOG] [DEBUG] Renderizando celda: {columnId: ultimoContacto, isReference: undefined, value: Object} @ http://localhost:3000/_next/static/chunks/11hm_next_dist_0m6rgog._.js:2441
[ 4061418ms] [LOG] [DEBUG] Renderizando celda: {columnId: valorTotal, isReference: undefined, value: Object} @ http://localhost:3000/_next/static/chunks/11hm_next_dist_0m6rgog._.js:2441
[ 4061418ms] [LOG] [DEBUG] Renderizando celda: {columnId: valorTotal, isReference: undefined, value: Object} @ http://localhost:3000/_next/static/chunks/11hm_next_dist_0m6rgog._.js:2441
[ 4061418ms] [LOG] [DEBUG] Tipo corregido: string -> number {originalValue: 4560, originalType: string, detectedType: number} @ http://localhost:3000/_next/static/chunks/11hm_next_dist_0m6rgog._.js:2441
[ 4061418ms] [LOG] [DEBUG] Tipo corregido: string -> number {originalValue: 4560, originalType: string, detectedType: number} @ http://localhost:3000/_next/static/chunks/11hm_next_dist_0m6rgog._.js:2441
[ 4061418ms] [LOG] [DEBUG] Renderizando celda: {columnId: satisfaccion, isReference: undefined, value: Object} @ http://localhost:3000/_next/static/chunks/11hm_next_dist_0m6rgog._.js:2441
[ 4061418ms] [LOG] [DEBUG] Renderizando celda: {columnId: satisfaccion, isReference: undefined, value: Object} @ http://localhost:3000/_next/static/chunks/11hm_next_dist_0m6rgog._.js:2441
[ 4061418ms] [LOG] [DEBUG] Renderizando celda: {columnId: activo, isReference: undefined, value: Object} @ http://localhost:3000/_next/static/chunks/11hm_next_dist_0m6rgog._.js:2441
[ 4061418ms] [LOG] [DEBUG] Renderizando celda: {columnId: activo, isReference: undefined, value: Object} @ http://localhost:3000/_next/static/chunks/11hm_next_dist_0m6rgog._.js:2441
[ 4061418ms] [LOG] [DEBUG] Tipo corregido: boolean -> string {originalValue: true, originalType: boolean, detectedType: string} @ http://localhost:3000/_next/static/chunks/11hm_next_dist_0m6rgog._.js:2441
[ 4061418ms] [LOG] [DEBUG] Tipo corregido: boolean -> string {originalValue: true, originalType: boolean, detectedType: string} @ http://localhost:3000/_next/static/chunks/11hm_next_dist_0m6rgog._.js:2441
[ 4061423ms] [LOG] [DEBUG] Renderizando celda: {columnId: id, isReference: undefined, value: Object} @ http://localhost:3000/_next/static/chunks/11hm_next_dist_0m6rgog._.js:2441
[ 4061423ms] [LOG] [DEBUG] Renderizando celda: {columnId: id, isReference: undefined, value: Object} @ http://localhost:3000/_next/static/chunks/11hm_next_dist_0m6rgog._.js:2441
[ 4061423ms] [LOG] [DEBUG] Renderizando celda: {columnId: nombre, isReference: undefined, value: Object} @ http://localhost:3000/_next/static/chunks/11hm_next_dist_0m6rgog._.js:2441
[ 4061423ms] [LOG] [DEBUG] Renderizando celda: {columnId: nombre, isReference: undefined, value: Object} @ http://localhost:3000/_next/static/chunks/11hm_next_dist_0m6rgog._.js:2441
[ 4061424ms] [LOG] [DEBUG] Renderizando celda: {columnId: email, isReference: undefined, value: Object} @ http://localhost:3000/_next/static/chunks/11hm_next_dist_0m6rgog._.js:2441
[ 4061424ms] [LOG] [DEBUG] Renderizando celda: {columnId: email, isReference: undefined, value: Object} @ http://localhost:3000/_next/static/chunks/11hm_next_dist_0m6rgog._.js:2441
[ 4061424ms] [LOG] [DEBUG] Renderizando celda: {columnId: telefono, isReference: undefined, value: Object} @ http://localhost:3000/_next/static/chunks/11hm_next_dist_0m6rgog._.js:2441
[ 4061424ms] [LOG] [DEBUG] Renderizando celda: {columnId: telefono, isReference: undefined, value: Object} @ http://localhost:3000/_next/static/chunks/11hm_next_dist_0m6rgog._.js:2441
[ 4061424ms] [LOG] [DEBUG] Tipo corregido: number -> date {originalValue: 34900123456, originalType: number, detectedType: date} @ http://localhost:3000/_next/static/chunks/11hm_next_dist_0m6rgog._.js:2441
[ 4061424ms] [LOG] [DEBUG] Tipo corregido: number -> date {originalValue: 34900123456, originalType: number, detectedType: date} @ http://localhost:3000/_next/static/chunks/11hm_next_dist_0m6rgog._.js:2441
[ 4061424ms] [LOG] [DEBUG] Renderizando celda: {columnId: ciudad, isReference: undefined, value: Object} @ http://localhost:3000/_next/static/chunks/11hm_next_dist_0m6rgog._.js:2441
[ 4061424ms] [LOG] [DEBUG] Renderizando celda: {columnId: ciudad, isReference: undefined, value: Object} @ http://localhost:3000/_next/static/chunks/11hm_next_dist_0m6rgog._.js:2441
[ 4061424ms] [LOG] [DEBUG] Renderizando celda: {columnId: rol, isReference: undefined, value: Object} @ http://localhost:3000/_next/static/chunks/11hm_next_dist_0m6rgog._.js:2441
[ 4061424ms] [LOG] [DEBUG] Renderizando celda: {columnId: rol, isReference: undefined, value: Object} @ http://localhost:3000/_next/static/chunks/11hm_next_dist_0m6rgog._.js:2441
[ 4061425ms] [LOG] [DEBUG] Renderizando celda: {columnId: estado, isReference: undefined, value: Object} @ http://localhost:3000/_next/static/chunks/11hm_next_dist_0m6rgog._.js:2441
[ 4061425ms] [LOG] [DEBUG] Renderizando celda: {columnId: estado, isReference: undefined, value: Object} @ http://localhost:3000/_next/static/chunks/11hm_next_dist_0m6rgog._.js:2441
[ 4061425ms] [LOG] [DEBUG] Renderizando celda: {columnId: fechaRegistro, isReference: undefined, value: Object} @ http://localhost:3000/_next/static/chunks/11hm_next_dist_0m6rgog._.js:2441
[ 4061425ms] [LOG] [DEBUG] Renderizando celda: {columnId: fechaRegistro, isReference: undefined, value: Object} @ http://localhost:3000/_next/static/chunks/11hm_next_dist_0m6rgog._.js:2441
[ 4061425ms] [LOG] [DEBUG] Renderizando celda: {columnId: ultimoContacto, isReference: undefined, value: Object} @ http://localhost:3000/_next/static/chunks/11hm_next_dist_0m6rgog._.js:2441
[ 4061425ms] [LOG] [DEBUG] Renderizando celda: {columnId: ultimoContacto, isReference: undefined, value: Object} @ http://localhost:3000/_next/static/chunks/11hm_next_dist_0m6rgog._.js:2441
[ 4061425ms] [LOG] [DEBUG] Renderizando celda: {columnId: valorTotal, isReference: undefined, value: Object} @ http://localhost:3000/_next/static/chunks/11hm_next_dist_0m6rgog._.js:2441
[ 4061425ms] [LOG] [DEBUG] Renderizando celda: {columnId: valorTotal, isReference: undefined, value: Object} @ http://localhost:3000/_next/static/chunks/11hm_next_dist_0m6rgog._.js:2441
[ 4061425ms] [LOG] [DEBUG] Renderizando celda: {columnId: satisfaccion, isReference: undefined, value: Object} @ http://localhost:3000/_next/static/chunks/11hm_next_dist_0m6rgog._.js:2441
[ 4061425ms] [LOG] [DEBUG] Renderizando celda: {columnId: satisfaccion, isReference: undefined, value: Object} @ http://localhost:3000/_next/static/chunks/11hm_next_dist_0m6rgog._.js:2441
[ 4061426ms] [LOG] [DEBUG] Renderizando celda: {columnId: activo, isReference: undefined, value: Object} @ http://localhost:3000/_next/static/chunks/11hm_next_dist_0m6rgog._.js:2441
[ 4061426ms] [LOG] [DEBUG] Renderizando celda: {columnId: activo, isReference: undefined, value: Object} @ http://localhost:3000/_next/static/chunks/11hm_next_dist_0m6rgog._.js:2441
[ 4061426ms] [LOG] [DEBUG] Tipo corregido: boolean -> string {originalValue: true, originalType: boolean, detectedType: string} @ http://localhost:3000/_next/static/chunks/11hm_next_dist_0m6rgog._.js:2441
[ 4061426ms] [LOG] [DEBUG] Tipo corregido: boolean -> string {originalValue: true, originalType: boolean, detectedType: string} @ http://localhost:3000/_next/static/chunks/11hm_next_dist_0m6rgog._.js:2441
[ 4061430ms] [LOG] [DEBUG] Renderizando celda: {columnId: id, isReference: undefined, value: Object} @ http://localhost:3000/_next/static/chunks/11hm_next_dist_0m6rgog._.js:2441
[ 4061430ms] [LOG] [DEBUG] Renderizando celda: {columnId: id, isReference: undefined, value: Object} @ http://localhost:3000/_next/static/chunks/11hm_next_dist_0m6rgog._.js:2441
[ 4061431ms] [LOG] [DEBUG] Renderizando celda: {columnId: nombre, isReference: undefined, value: Object} @ http://localhost:3000/_next/static/chunks/11hm_next_dist_0m6rgog._.js:2441
[ 4061431ms] [LOG] [DEBUG] Renderizando celda: {columnId: nombre, isReference: undefined, value: Object} @ http://localhost:3000/_next/static/chunks/11hm_next_dist_0m6rgog._.js:2441
[ 4061431ms] [LOG] [DEBUG] Renderizando celda: {columnId: email, isReference: undefined, value: Object} @ http://localhost:3000/_next/static/chunks/11hm_next_dist_0m6rgog._.js:2441
[ 4061431ms] [LOG] [DEBUG] Renderizando celda: {columnId: email, isReference: undefined, value: Object} @ http://localhost:3000/_next/static/chunks/11hm_next_dist_0m6rgog._.js:2441
[ 4061431ms] [LOG] [DEBUG] Renderizando celda: {columnId: telefono, isReference: undefined, value: Object} @ http://localhost:3000/_next/static/chunks/11hm_next_dist_0m6rgog._.js:2441
[ 4061431ms] [LOG] [DEBUG] Renderizando celda: {columnId: telefono, isReference: undefined, value: Object} @ http://localhost:3000/_next/static/chunks/11hm_next_dist_0m6rgog._.js:2441
[ 4061431ms] [LOG] [DEBUG] Tipo corregido: number -> date {originalValue: 34618234567, originalType: number, detectedType: date} @ http://localhost:3000/_next/static/chunks/11hm_next_dist_0m6rgog._.js:2441
[ 4061431ms] [LOG] [DEBUG] Tipo corregido: number -> date {originalValue: 34618234567, originalType: number, detectedType: date} @ http://localhost:3000/_next/static/chunks/11hm_next_dist_0m6rgog._.js:2441
[ 4061431ms] [LOG] [DEBUG] Renderizando celda: {columnId: ciudad, isReference: undefined, value: Object} @ http://localhost:3000/_next/static/chunks/11hm_next_dist_0m6rgog._.js:2441
[ 4061431ms] [LOG] [DEBUG] Renderizando celda: {columnId: ciudad, isReference: undefined, value: Object} @ http://localhost:3000/_next/static/chunks/11hm_next_dist_0m6rgog._.js:2441
[ 4061431ms] [LOG] [DEBUG] Renderizando celda: {columnId: rol, isReference: undefined, value: Object} @ http://localhost:3000/_next/static/chunks/11hm_next_dist_0m6rgog._.js:2441
[ 4061432ms] [LOG] [DEBUG] Renderizando celda: {columnId: rol, isReference: undefined, value: Object} @ http://localhost:3000/_next/static/chunks/11hm_next_dist_0m6rgog._.js:2441
[ 4061432ms] [LOG] [DEBUG] Renderizando celda: {columnId: estado, isReference: undefined, value: Object} @ http://localhost:3000/_next/static/chunks/11hm_next_dist_0m6rgog._.js:2441
[ 4061432ms] [LOG] [DEBUG] Renderizando celda: {columnId: estado, isReference: undefined, value: Object} @ http://localhost:3000/_next/static/chunks/11hm_next_dist_0m6rgog._.js:2441
[ 4061432ms] [LOG] [DEBUG] Renderizando celda: {columnId: fechaRegistro, isReference: undefined, value: Object} @ http://localhost:3000/_next/static/chunks/11hm_next_dist_0m6rgog._.js:2441
[ 4061432ms] [LOG] [DEBUG] Renderizando celda: {columnId: fechaRegistro, isReference: undefined, value: Object} @ http://localhost:3000/_next/static/chunks/11hm_next_dist_0m6rgog._.js:2441
[ 4061432ms] [LOG] [DEBUG] Renderizando celda: {columnId: ultimoContacto, isReference: undefined, value: Object} @ http://localhost:3000/_next/static/chunks/11hm_next_dist_0m6rgog._.js:2441
[ 4061432ms] [LOG] [DEBUG] Renderizando celda: {columnId: ultimoContacto, isReference: undefined, value: Object} @ http://localhost:3000/_next/static/chunks/11hm_next_dist_0m6rgog._.js:2441
[ 4061432ms] [LOG] [DEBUG] Renderizando celda: {columnId: valorTotal, isReference: undefined, value: Object} @ http://localhost:3000/_next/static/chunks/11hm_next_dist_0m6rgog._.js:2441
[ 4061432ms] [LOG] [DEBUG] Renderizando celda: {columnId: valorTotal, isReference: undefined, value: Object} @ http://localhost:3000/_next/static/chunks/11hm_next_dist_0m6rgog._.js:2441
[ 4061432ms] [LOG] [DEBUG] Tipo corregido: string -> number {originalValue: 0, originalType: string, detectedType: number} @ http://localhost:3000/_next/static/chunks/11hm_next_dist_0m6rgog._.js:2441
[ 4061432ms] [LOG] [DEBUG] Tipo corregido: string -> number {originalValue: 0, originalType: string, detectedType: number} @ http://localhost:3000/_next/static/chunks/11hm_next_dist_0m6rgog._.js:2441
[ 4061433ms] [LOG] [DEBUG] Renderizando celda: {columnId: satisfaccion, isReference: undefined, value: Object} @ http://localhost:3000/_next/static/chunks/11hm_next_dist_0m6rgog._.js:2441
[ 4061433ms] [LOG] [DEBUG] Renderizando celda: {columnId: satisfaccion, isReference: undefined, value: Object} @ http://localhost:3000/_next/static/chunks/11hm_next_dist_0m6rgog._.js:2441
[ 4061433ms] [LOG] [DEBUG] Renderizando celda: {columnId: activo, isReference: undefined, value: Object} @ http://localhost:3000/_next/static/chunks/11hm_next_dist_0m6rgog._.js:2441
[ 4061433ms] [LOG] [DEBUG] Renderizando celda: {columnId: activo, isReference: undefined, value: Object} @ http://localhost:3000/_next/static/chunks/11hm_next_dist_0m6rgog._.js:2441
[ 4061433ms] [LOG] [DEBUG] Tipo corregido: boolean -> string {originalValue: false, originalType: boolean, detectedType: string} @ http://localhost:3000/_next/static/chunks/11hm_next_dist_0m6rgog._.js:2441
[ 4061433ms] [LOG] [DEBUG] Tipo corregido: boolean -> string {originalValue: false, originalType: boolean, detectedType: string} @ http://localhost:3000/_next/static/chunks/11hm_next_dist_0m6rgog._.js:2441
[ 4061438ms] [LOG] [DEBUG] Renderizando celda: {columnId: id, isReference: undefined, value: Object} @ http://localhost:3000/_next/static/chunks/11hm_next_dist_0m6rgog._.js:2441
[ 4061438ms] [LOG] [DEBUG] Renderizando celda: {columnId: id, isReference: undefined, value: Object} @ http://localhost:3000/_next/static/chunks/11hm_next_dist_0m6rgog._.js:2441
[ 4061438ms] [LOG] [DEBUG] Renderizando celda: {columnId: nombre, isReference: undefined, value: Object} @ http://localhost:3000/_next/static/chunks/11hm_next_dist_0m6rgog._.js:2441
[ 4061438ms] [LOG] [DEBUG] Renderizando celda: {columnId: nombre, isReference: undefined, value: Object} @ http://localhost:3000/_next/static/chunks/11hm_next_dist_0m6rgog._.js:2441
[ 4061438ms] [LOG] [DEBUG] Renderizando celda: {columnId: email, isReference: undefined, value: Object} @ http://localhost:3000/_next/static/chunks/11hm_next_dist_0m6rgog._.js:2441
[ 4061438ms] [LOG] [DEBUG] Renderizando celda: {columnId: email, isReference: undefined, value: Object} @ http://localhost:3000/_next/static/chunks/11hm_next_dist_0m6rgog._.js:2441
[ 4061438ms] [LOG] [DEBUG] Renderizando celda: {columnId: telefono, isReference: undefined, value: Object} @ http://localhost:3000/_next/static/chunks/11hm_next_dist_0m6rgog._.js:2441
[ 4061439ms] [LOG] [DEBUG] Renderizando celda: {columnId: telefono, isReference: undefined, value: Object} @ http://localhost:3000/_next/static/chunks/11hm_next_dist_0m6rgog._.js:2441
[ 4061439ms] [LOG] [DEBUG] Tipo corregido: number -> date {originalValue: 34639345678, originalType: number, detectedType: date} @ http://localhost:3000/_next/static/chunks/11hm_next_dist_0m6rgog._.js:2441
[ 4061439ms] [LOG] [DEBUG] Tipo corregido: number -> date {originalValue: 34639345678, originalType: number, detectedType: date} @ http://localhost:3000/_next/static/chunks/11hm_next_dist_0m6rgog._.js:2441
[ 4061439ms] [LOG] [DEBUG] Renderizando celda: {columnId: ciudad, isReference: undefined, value: Object} @ http://localhost:3000/_next/static/chunks/11hm_next_dist_0m6rgog._.js:2441
[ 4061439ms] [LOG] [DEBUG] Renderizando celda: {columnId: ciudad, isReference: undefined, value: Object} @ http://localhost:3000/_next/static/chunks/11hm_next_dist_0m6rgog._.js:2441
[ 4061439ms] [LOG] [DEBUG] Renderizando celda: {columnId: rol, isReference: undefined, value: Object} @ http://localhost:3000/_next/static/chunks/11hm_next_dist_0m6rgog._.js:2441
[ 4061439ms] [LOG] [DEBUG] Renderizando celda: {columnId: rol, isReference: undefined, value: Object} @ http://localhost:3000/_next/static/chunks/11hm_next_dist_0m6rgog._.js:2441
[ 4061440ms] [LOG] [DEBUG] Renderizando celda: {columnId: estado, isReference: undefined, value: Object} @ http://localhost:3000/_next/static/chunks/11hm_next_dist_0m6rgog._.js:2441
[ 4061440ms] [LOG] [DEBUG] Renderizando celda: {columnId: estado, isReference: undefined, value: Object} @ http://localhost:3000/_next/static/chunks/11hm_next_dist_0m6rgog._.js:2441
[ 4061440ms] [LOG] [DEBUG] Renderizando celda: {columnId: fechaRegistro, isReference: undefined, value: Object} @ http://localhost:3000/_next/static/chunks/11hm_next_dist_0m6rgog._.js:2441
[ 4061440ms] [LOG] [DEBUG] Renderizando celda: {columnId: fechaRegistro, isReference: undefined, value: Object} @ http://localhost:3000/_next/static/chunks/11hm_next_dist_0m6rgog._.js:2441
[ 4061440ms] [LOG] [DEBUG] Renderizando celda: {columnId: ultimoContacto, isReference: undefined, value: Object} @ http://localhost:3000/_next/static/chunks/11hm_next_dist_0m6rgog._.js:2441
[ 4061440ms] [LOG] [DEBUG] Renderizando celda: {columnId: ultimoContacto, isReference: undefined, value: Object} @ http://localhost:3000/_next/static/chunks/11hm_next_dist_0m6rgog._.js:2441
[ 4061440ms] [LOG] [DEBUG] Renderizando celda: {columnId: valorTotal, isReference: undefined, value: Object} @ http://localhost:3000/_next/static/chunks/11hm_next_dist_0m6rgog._.js:2441
[ 4061440ms] [LOG] [DEBUG] Renderizando celda: {columnId: valorTotal, isReference: undefined, value: Object} @ http://localhost:3000/_next/static/chunks/11hm_next_dist_0m6rgog._.js:2441
[ 4061440ms] [LOG] [DEBUG] Tipo corregido: string -> number {originalValue: 3120, originalType: string, detectedType: number} @ http://localhost:3000/_next/static/chunks/11hm_next_dist_0m6rgog._.js:2441
[ 4061441ms] [LOG] [DEBUG] Tipo corregido: string -> number {originalValue: 3120, originalType: string, detectedType: number} @ http://localhost:3000/_next/static/chunks/11hm_next_dist_0m6rgog._.js:2441
[ 4061441ms] [LOG] [DEBUG] Renderizando celda: {columnId: satisfaccion, isReference: undefined, value: Object} @ http://localhost:3000/_next/static/chunks/11hm_next_dist_0m6rgog._.js:2441
[ 4061441ms] [LOG] [DEBUG] Renderizando celda: {columnId: satisfaccion, isReference: undefined, value: Object} @ http://localhost:3000/_next/static/chunks/11hm_next_dist_0m6rgog._.js:2441
[ 4061441ms] [LOG] [DEBUG] Renderizando celda: {columnId: activo, isReference: undefined, value: Object} @ http://localhost:3000/_next/static/chunks/11hm_next_dist_0m6rgog._.js:2441
[ 4061441ms] [LOG] [DEBUG] Renderizando celda: {columnId: activo, isReference: undefined, value: Object} @ http://localhost:3000/_next/static/chunks/11hm_next_dist_0m6rgog._.js:2441
[ 4061441ms] [LOG] [DEBUG] Tipo corregido: boolean -> string {originalValue: true, originalType: boolean, detectedType: string} @ http://localhost:3000/_next/static/chunks/11hm_next_dist_0m6rgog._.js:2441
[ 4061441ms] [LOG] [DEBUG] Tipo corregido: boolean -> string {originalValue: true, originalType: boolean, detectedType: string} @ http://localhost:3000/_next/static/chunks/11hm_next_dist_0m6rgog._.js:2441
[ 4061444ms] [LOG] [DEBUG] Renderizando celda: {columnId: id, isReference: undefined, value: Object} @ http://localhost:3000/_next/static/chunks/11hm_next_dist_0m6rgog._.js:2441
[ 4061444ms] [LOG] [DEBUG] Renderizando celda: {columnId: id, isReference: undefined, value: Object} @ http://localhost:3000/_next/static/chunks/11hm_next_dist_0m6rgog._.js:2441
[ 4061444ms] [LOG] [DEBUG] Renderizando celda: {columnId: nombre, isReference: undefined, value: Object} @ http://localhost:3000/_next/static/chunks/11hm_next_dist_0m6rgog._.js:2441
[ 4061444ms] [LOG] [DEBUG] Renderizando celda: {columnId: nombre, isReference: undefined, value: Object} @ http://localhost:3000/_next/static/chunks/11hm_next_dist_0m6rgog._.js:2441
[ 4061444ms] [LOG] [DEBUG] Renderizando celda: {columnId: email, isReference: undefined, value: Object} @ http://localhost:3000/_next/static/chunks/11hm_next_dist_0m6rgog._.js:2441
[ 4061445ms] [LOG] [DEBUG] Renderizando celda: {columnId: email, isReference: undefined, value: Object} @ http://localhost:3000/_next/static/chunks/11hm_next_dist_0m6rgog._.js:2441
[ 4061445ms] [LOG] [DEBUG] Renderizando celda: {columnId: telefono, isReference: undefined, value: Object} @ http://localhost:3000/_next/static/chunks/11hm_next_dist_0m6rgog._.js:2441
[ 4061445ms] [LOG] [DEBUG] Renderizando celda: {columnId: telefono, isReference: undefined, value: Object} @ http://localhost:3000/_next/static/chunks/11hm_next_dist_0m6rgog._.js:2441
[ 4061445ms] [LOG] [DEBUG] Tipo corregido: number -> date {originalValue: 34660456789, originalType: number, detectedType: date} @ http://localhost:3000/_next/static/chunks/11hm_next_dist_0m6rgog._.js:2441
[ 4061445ms] [LOG] [DEBUG] Tipo corregido: number -> date {originalValue: 34660456789, originalType: number, detectedType: date} @ http://localhost:3000/_next/static/chunks/11hm_next_dist_0m6rgog._.js:2441
[ 4061445ms] [LOG] [DEBUG] Renderizando celda: {columnId: ciudad, isReference: undefined, value: Object} @ http://localhost:3000/_next/static/chunks/11hm_next_dist_0m6rgog._.js:2441
[ 4061445ms] [LOG] [DEBUG] Renderizando celda: {columnId: ciudad, isReference: undefined, value: Object} @ http://localhost:3000/_next/static/chunks/11hm_next_dist_0m6rgog._.js:2441
[ 4061445ms] [LOG] [DEBUG] Renderizando celda: {columnId: rol, isReference: undefined, value: Object} @ http://localhost:3000/_next/static/chunks/11hm_next_dist_0m6rgog._.js:2441
[ 4061445ms] [LOG] [DEBUG] Renderizando celda: {columnId: rol, isReference: undefined, value: Object} @ http://localhost:3000/_next/static/chunks/11hm_next_dist_0m6rgog._.js:2441
[ 4061445ms] [LOG] [DEBUG] Renderizando celda: {columnId: estado, isReference: undefined, value: Object} @ http://localhost:3000/_next/static/chunks/11hm_next_dist_0m6rgog._.js:2441
[ 4061445ms] [LOG] [DEBUG] Renderizando celda: {columnId: estado, isReference: undefined, value: Object} @ http://localhost:3000/_next/static/chunks/11hm_next_dist_0m6rgog._.js:2441
[ 4061445ms] [LOG] [DEBUG] Renderizando celda: {columnId: fechaRegistro, isReference: undefined, value: Object} @ http://localhost:3000/_next/static/chunks/11hm_next_dist_0m6rgog._.js:2441
[ 4061446ms] [LOG] [DEBUG] Renderizando celda: {columnId: fechaRegistro, isReference: undefined, value: Object} @ http://localhost:3000/_next/static/chunks/11hm_next_dist_0m6rgog._.js:2441
[ 4061446ms] [LOG] [DEBUG] Renderizando celda: {columnId: ultimoContacto, isReference: undefined, value: Object} @ http://localhost:3000/_next/static/chunks/11hm_next_dist_0m6rgog._.js:2441
[ 4061446ms] [LOG] [DEBUG] Renderizando celda: {columnId: ultimoContacto, isReference: undefined, value: Object} @ http://localhost:3000/_next/static/chunks/11hm_next_dist_0m6rgog._.js:2441
[ 4061446ms] [LOG] [DEBUG] Renderizando celda: {columnId: valorTotal, isReference: undefined, value: Object} @ http://localhost:3000/_next/static/chunks/11hm_next_dist_0m6rgog._.js:2441
[ 4061446ms] [LOG] [DEBUG] Renderizando celda: {columnId: valorTotal, isReference: undefined, value: Object} @ http://localhost:3000/_next/static/chunks/11hm_next_dist_0m6rgog._.js:2441
[ 4061446ms] [LOG] [DEBUG] Tipo corregido: string -> number {originalValue: 1680, originalType: string, detectedType: number} @ http://localhost:3000/_next/static/chunks/11hm_next_dist_0m6rgog._.js:2441
[ 4061446ms] [LOG] [DEBUG] Tipo corregido: string -> number {originalValue: 1680, originalType: string, detectedType: number} @ http://localhost:3000/_next/static/chunks/11hm_next_dist_0m6rgog._.js:2441
[ 4061446ms] [LOG] [DEBUG] Renderizando celda: {columnId: satisfaccion, isReference: undefined, value: Object} @ http://localhost:3000/_next/static/chunks/11hm_next_dist_0m6rgog._.js:2441
[ 4061446ms] [LOG] [DEBUG] Renderizando celda: {columnId: satisfaccion, isReference: undefined, value: Object} @ http://localhost:3000/_next/static/chunks/11hm_next_dist_0m6rgog._.js:2441
[ 4061446ms] [LOG] [DEBUG] Renderizando celda: {columnId: activo, isReference: undefined, value: Object} @ http://localhost:3000/_next/static/chunks/11hm_next_dist_0m6rgog._.js:2441
[ 4061446ms] [LOG] [DEBUG] Renderizando celda: {columnId: activo, isReference: undefined, value: Object} @ http://localhost:3000/_next/static/chunks/11hm_next_dist_0m6rgog._.js:2441
[ 4061446ms] [LOG] [DEBUG] Tipo corregido: boolean -> string {originalValue: false, originalType: boolean, detectedType: string} @ http://localhost:3000/_next/static/chunks/11hm_next_dist_0m6rgog._.js:2441
[ 4061447ms] [LOG] [DEBUG] Tipo corregido: boolean -> string {originalValue: false, originalType: boolean, detectedType: string} @ http://localhost:3000/_next/static/chunks/11hm_next_dist_0m6rgog._.js:2441
[ 4061447ms] [LOG] [DEBUG] Renderizando celda: {columnId: id, isReference: undefined, value: Object} @ http://localhost:3000/_next/static/chunks/11hm_next_dist_0m6rgog._.js:2441
[ 4061447ms] [LOG] [DEBUG] Renderizando celda: {columnId: id, isReference: undefined, value: Object} @ http://localhost:3000/_next/static/chunks/11hm_next_dist_0m6rgog._.js:2441
[ 4061447ms] [LOG] [DEBUG] Renderizando celda: {columnId: nombre, isReference: undefined, value: Object} @ http://localhost:3000/_next/static/chunks/11hm_next_dist_0m6rgog._.js:2441
[ 4061447ms] [LOG] [DEBUG] Renderizando celda: {columnId: nombre, isReference: undefined, value: Object} @ http://localhost:3000/_next/static/chunks/11hm_next_dist_0m6rgog._.js:2441
[ 4061448ms] [LOG] [DEBUG] Renderizando celda: {columnId: email, isReference: undefined, value: Object} @ http://localhost:3000/_next/static/chunks/11hm_next_dist_0m6rgog._.js:2441
[ 4061448ms] [LOG] [DEBUG] Renderizando celda: {columnId: email, isReference: undefined, value: Object} @ http://localhost:3000/_next/static/chunks/11hm_next_dist_0m6rgog._.js:2441
[ 4061448ms] [LOG] [DEBUG] Renderizando celda: {columnId: telefono, isReference: undefined, value: Object} @ http://localhost:3000/_next/static/chunks/11hm_next_dist_0m6rgog._.js:2441
[ 4061448ms] [LOG] [DEBUG] Renderizando celda: {columnId: telefono, isReference: undefined, value: Object} @ http://localhost:3000/_next/static/chunks/11hm_next_dist_0m6rgog._.js:2441
[ 4061448ms] [LOG] [DEBUG] Tipo corregido: number -> date {originalValue: 34681567890, originalType: number, detectedType: date} @ http://localhost:3000/_next/static/chunks/11hm_next_dist_0m6rgog._.js:2441
[ 4061448ms] [LOG] [DEBUG] Tipo corregido: number -> date {originalValue: 34681567890, originalType: number, detectedType: date} @ http://localhost:3000/_next/static/chunks/11hm_next_dist_0m6rgog._.js:2441
[ 4061448ms] [LOG] [DEBUG] Renderizando celda: {columnId: ciudad, isReference: undefined, value: Object} @ http://localhost:3000/_next/static/chunks/11hm_next_dist_0m6rgog._.js:2441
[ 4061448ms] [LOG] [DEBUG] Renderizando celda: {columnId: ciudad, isReference: undefined, value: Object} @ http://localhost:3000/_next/static/chunks/11hm_next_dist_0m6rgog._.js:2441
[ 4061448ms] [LOG] [DEBUG] Renderizando celda: {columnId: rol, isReference: undefined, value: Object} @ http://localhost:3000/_next/static/chunks/11hm_next_dist_0m6rgog._.js:2441
[ 4061448ms] [LOG] [DEBUG] Renderizando celda: {columnId: rol, isReference: undefined, value: Object} @ http://localhost:3000/_next/static/chunks/11hm_next_dist_0m6rgog._.js:2441
[ 4061448ms] [LOG] [DEBUG] Renderizando celda: {columnId: estado, isReference: undefined, value: Object} @ http://localhost:3000/_next/static/chunks/11hm_next_dist_0m6rgog._.js:2441
[ 4061448ms] [LOG] [DEBUG] Renderizando celda: {columnId: estado, isReference: undefined, value: Object} @ http://localhost:3000/_next/static/chunks/11hm_next_dist_0m6rgog._.js:2441
[ 4061448ms] [LOG] [DEBUG] Renderizando celda: {columnId: fechaRegistro, isReference: undefined, value: Object} @ http://localhost:3000/_next/static/chunks/11hm_next_dist_0m6rgog._.js:2441
[ 4061448ms] [LOG] [DEBUG] Renderizando celda: {columnId: fechaRegistro, isReference: undefined, value: Object} @ http://localhost:3000/_next/static/chunks/11hm_next_dist_0m6rgog._.js:2441
[ 4061448ms] [LOG] [DEBUG] Renderizando celda: {columnId: ultimoContacto, isReference: undefined, value: Object} @ http://localhost:3000/_next/static/chunks/11hm_next_dist_0m6rgog._.js:2441
[ 4061449ms] [LOG] [DEBUG] Renderizando celda: {columnId: ultimoContacto, isReference: undefined, value: Object} @ http://localhost:3000/_next/static/chunks/11hm_next_dist_0m6rgog._.js:2441
[ 4061449ms] [LOG] [DEBUG] Renderizando celda: {columnId: valorTotal, isReference: undefined, value: Object} @ http://localhost:3000/_next/static/chunks/11hm_next_dist_0m6rgog._.js:2441
[ 4061449ms] [LOG] [DEBUG] Renderizando celda: {columnId: valorTotal, isReference: undefined, value: Object} @ http://localhost:3000/_next/static/chunks/11hm_next_dist_0m6rgog._.js:2441
[ 4061449ms] [LOG] [DEBUG] Tipo corregido: string -> number {originalValue: 480, originalType: string, detectedType: number} @ http://localhost:3000/_next/static/chunks/11hm_next_dist_0m6rgog._.js:2441
[ 4061449ms] [LOG] [DEBUG] Tipo corregido: string -> number {originalValue: 480, originalType: string, detectedType: number} @ http://localhost:3000/_next/static/chunks/11hm_next_dist_0m6rgog._.js:2441
[ 4061449ms] [LOG] [DEBUG] Renderizando celda: {columnId: satisfaccion, isReference: undefined, value: Object} @ http://localhost:3000/_next/static/chunks/11hm_next_dist_0m6rgog._.js:2441
[ 4061449ms] [LOG] [DEBUG] Renderizando celda: {columnId: satisfaccion, isReference: undefined, value: Object} @ http://localhost:3000/_next/static/chunks/11hm_next_dist_0m6rgog._.js:2441
[ 4061449ms] [LOG] [DEBUG] Renderizando celda: {columnId: activo, isReference: undefined, value: Object} @ http://localhost:3000/_next/static/chunks/11hm_next_dist_0m6rgog._.js:2441
[ 4061449ms] [LOG] [DEBUG] Renderizando celda: {columnId: activo, isReference: undefined, value: Object} @ http://localhost:3000/_next/static/chunks/11hm_next_dist_0m6rgog._.js:2441
[ 4061449ms] [LOG] [DEBUG] Tipo corregido: boolean -> string {originalValue: true, originalType: boolean, detectedType: string} @ http://localhost:3000/_next/static/chunks/11hm_next_dist_0m6rgog._.js:2441
[ 4061449ms] [LOG] [DEBUG] Tipo corregido: boolean -> string {originalValue: true, originalType: boolean, detectedType: string} @ http://localhost:3000/_next/static/chunks/11hm_next_dist_0m6rgog._.js:2441
[ 4061450ms] [LOG] [DEBUG] Renderizando SecondaryTables: {level: 0, parentId: undefined, isLoading: false, arrayColumnsCount: 0, arrayColumns: Array(0)} @ http://localhost:3000/_next/static/chunks/11hm_next_dist_0m6rgog._.js:2441
[ 4061450ms] [LOG] [DEBUG] Renderizando SecondaryTables: {level: 0, parentId: undefined, isLoading: false, arrayColumnsCount: 0, arrayColumns: Array(0)} @ http://localhost:3000/_next/static/chunks/11hm_next_dist_0m6rgog._.js:2441
[ 4061468ms] [LOG] [DEBUG] Array columns procesadas: {count: 0, totalRegistros: 0, columns: Array(0)} @ http://localhost:3000/_next/static/chunks/11hm_next_dist_0m6rgog._.js:2441
[ 4061474ms] [LOG] [DEBUG] Renderizando SecondaryTables: {level: 0, parentId: undefined, isLoading: false, arrayColumnsCount: 0, arrayColumns: Array(0)} @ http://localhost:3000/_next/static/chunks/11hm_next_dist_0m6rgog._.js:2441
[ 4061474ms] [LOG] [DEBUG] Renderizando SecondaryTables: {level: 0, parentId: undefined, isLoading: false, arrayColumnsCount: 0, arrayColumns: Array(0)} @ http://localhost:3000/_next/static/chunks/11hm_next_dist_0m6rgog._.js:2441
[ 4061477ms] [LOG] [DEBUG] Effective column order: {baseOrder: Array(14), pinnedColumnId: index, otherColumns: Array(13), hasActions: true, result: Array(15)} @ http://localhost:3000/_next/static/chunks/11hm_next_dist_0m6rgog._.js:2441
[ 4061478ms] [LOG] [DEBUG] Effective column order: {baseOrder: Array(14), pinnedColumnId: index, otherColumns: Array(13), hasActions: true, result: Array(15)} @ http://localhost:3000/_next/static/chunks/11hm_next_dist_0m6rgog._.js:2441
[ 4061478ms] [LOG] [DEBUG] Effective column order: {baseOrder: Array(14), pinnedColumnId: index, otherColumns: Array(13), hasActions: true, result: Array(15)} @ http://localhost:3000/_next/static/chunks/11hm_next_dist_0m6rgog._.js:2441
[ 4061478ms] [LOG] [DEBUG] Effective column order: {baseOrder: Array(14), pinnedColumnId: index, otherColumns: Array(13), hasActions: true, result: Array(15)} @ http://localhost:3000/_next/static/chunks/11hm_next_dist_0m6rgog._.js:2441
[ 4061484ms] [LOG] [DEBUG] Renderizando celda: {columnId: id, isReference: undefined, value: Object} @ http://localhost:3000/_next/static/chunks/11hm_next_dist_0m6rgog._.js:2441
[ 4061484ms] [LOG] [DEBUG] Renderizando celda: {columnId: id, isReference: undefined, value: Object} @ http://localhost:3000/_next/static/chunks/11hm_next_dist_0m6rgog._.js:2441
[ 4061484ms] [LOG] [DEBUG] Renderizando celda: {columnId: nombre, isReference: undefined, value: Object} @ http://localhost:3000/_next/static/chunks/11hm_next_dist_0m6rgog._.js:2441
[ 4061484ms] [LOG] [DEBUG] Renderizando celda: {columnId: nombre, isReference: undefined, value: Object} @ http://localhost:3000/_next/static/chunks/11hm_next_dist_0m6rgog._.js:2441
[ 4061485ms] [LOG] [DEBUG] Renderizando celda: {columnId: email, isReference: undefined, value: Object} @ http://localhost:3000/_next/static/chunks/11hm_next_dist_0m6rgog._.js:2441
[ 4061485ms] [LOG] [DEBUG] Renderizando celda: {columnId: email, isReference: undefined, value: Object} @ http://localhost:3000/_next/static/chunks/11hm_next_dist_0m6rgog._.js:2441
[ 4061485ms] [LOG] [DEBUG] Renderizando celda: {columnId: telefono, isReference: undefined, value: Object} @ http://localhost:3000/_next/static/chunks/11hm_next_dist_0m6rgog._.js:2441
[ 4061485ms] [LOG] [DEBUG] Renderizando celda: {columnId: telefono, isReference: undefined, value: Object} @ http://localhost:3000/_next/static/chunks/11hm_next_dist_0m6rgog._.js:2441
[ 4061485ms] [LOG] [DEBUG] Renderizando celda: {columnId: ciudad, isReference: undefined, value: Object} @ http://localhost:3000/_next/static/chunks/11hm_next_dist_0m6rgog._.js:2441
[ 4061485ms] [LOG] [DEBUG] Renderizando celda: {columnId: ciudad, isReference: undefined, value: Object} @ http://localhost:3000/_next/static/chunks/11hm_next_dist_0m6rgog._.js:2441
[ 4061485ms] [LOG] [DEBUG] Renderizando celda: {columnId: rol, isReference: undefined, value: Object} @ http://localhost:3000/_next/static/chunks/11hm_next_dist_0m6rgog._.js:2441
[ 4061485ms] [LOG] [DEBUG] Renderizando celda: {columnId: rol, isReference: undefined, value: Object} @ http://localhost:3000/_next/static/chunks/11hm_next_dist_0m6rgog._.js:2441
[ 4061485ms] [LOG] [DEBUG] Renderizando celda: {columnId: estado, isReference: undefined, value: Object} @ http://localhost:3000/_next/static/chunks/11hm_next_dist_0m6rgog._.js:2441
[ 4061485ms] [LOG] [DEBUG] Renderizando celda: {columnId: estado, isReference: undefined, value: Object} @ http://localhost:3000/_next/static/chunks/11hm_next_dist_0m6rgog._.js:2441
[ 4061485ms] [LOG] [DEBUG] Renderizando celda: {columnId: fechaRegistro, isReference: undefined, value: Object} @ http://localhost:3000/_next/static/chunks/11hm_next_dist_0m6rgog._.js:2441
[ 4061485ms] [LOG] [DEBUG] Renderizando celda: {columnId: fechaRegistro, isReference: undefined, value: Object} @ http://localhost:3000/_next/static/chunks/11hm_next_dist_0m6rgog._.js:2441
[ 4061485ms] [LOG] [DEBUG] Renderizando celda: {columnId: ultimoContacto, isReference: undefined, value: Object} @ http://localhost:3000/_next/static/chunks/11hm_next_dist_0m6rgog._.js:2441
[ 4061485ms] [LOG] [DEBUG] Renderizando celda: {columnId: ultimoContacto, isReference: undefined, value: Object} @ http://localhost:3000/_next/static/chunks/11hm_next_dist_0m6rgog._.js:2441
[ 4061485ms] [LOG] [DEBUG] Renderizando celda: {columnId: valorTotal, isReference: undefined, value: Object} @ http://localhost:3000/_next/static/chunks/11hm_next_dist_0m6rgog._.js:2441
[ 4061485ms] [LOG] [DEBUG] Renderizando celda: {columnId: valorTotal, isReference: undefined, value: Object} @ http://localhost:3000/_next/static/chunks/11hm_next_dist_0m6rgog._.js:2441
[ 4061485ms] [LOG] [DEBUG] Renderizando celda: {columnId: satisfaccion, isReference: undefined, value: Object} @ http://localhost:3000/_next/static/chunks/11hm_next_dist_0m6rgog._.js:2441
[ 4061485ms] [LOG] [DEBUG] Renderizando celda: {columnId: satisfaccion, isReference: undefined, value: Object} @ http://localhost:3000/_next/static/chunks/11hm_next_dist_0m6rgog._.js:2441
[ 4061486ms] [LOG] [DEBUG] Renderizando celda: {columnId: activo, isReference: undefined, value: Object} @ http://localhost:3000/_next/static/chunks/11hm_next_dist_0m6rgog._.js:2441
[ 4061486ms] [LOG] [DEBUG] Renderizando celda: {columnId: activo, isReference: undefined, value: Object} @ http://localhost:3000/_next/static/chunks/11hm_next_dist_0m6rgog._.js:2441
[ 4061486ms] [LOG] [DEBUG] Renderizando celda: {columnId: id, isReference: undefined, value: Object} @ http://localhost:3000/_next/static/chunks/11hm_next_dist_0m6rgog._.js:2441
[ 4061486ms] [LOG] [DEBUG] Renderizando celda: {columnId: id, isReference: undefined, value: Object} @ http://localhost:3000/_next/static/chunks/11hm_next_dist_0m6rgog._.js:2441
[ 4061486ms] [LOG] [DEBUG] Renderizando celda: {columnId: nombre, isReference: undefined, value: Object} @ http://localhost:3000/_next/static/chunks/11hm_next_dist_0m6rgog._.js:2441
[ 4061486ms] [LOG] [DEBUG] Renderizando celda: {columnId: nombre, isReference: undefined, value: Object} @ http://localhost:3000/_next/static/chunks/11hm_next_dist_0m6rgog._.js:2441
[ 4061486ms] [LOG] [DEBUG] Renderizando celda: {columnId: email, isReference: undefined, value: Object} @ http://localhost:3000/_next/static/chunks/11hm_next_dist_0m6rgog._.js:2441
[ 4061486ms] [LOG] [DEBUG] Renderizando celda: {columnId: email, isReference: undefined, value: Object} @ http://localhost:3000/_next/static/chunks/11hm_next_dist_0m6rgog._.js:2441
[ 4061487ms] [LOG] [DEBUG] Renderizando celda: {columnId: telefono, isReference: undefined, value: Object} @ http://localhost:3000/_next/static/chunks/11hm_next_dist_0m6rgog._.js:2441
[ 4061487ms] [LOG] [DEBUG] Renderizando celda: {columnId: telefono, isReference: undefined, value: Object} @ http://localhost:3000/_next/static/chunks/11hm_next_dist_0m6rgog._.js:2441
[ 4061487ms] [LOG] [DEBUG] Renderizando celda: {columnId: ciudad, isReference: undefined, value: Object} @ http://localhost:3000/_next/static/chunks/11hm_next_dist_0m6rgog._.js:2441
[ 4061487ms] [LOG] [DEBUG] Renderizando celda: {columnId: ciudad, isReference: undefined, value: Object} @ http://localhost:3000/_next/static/chunks/11hm_next_dist_0m6rgog._.js:2441
[ 4061487ms] [LOG] [DEBUG] Renderizando celda: {columnId: rol, isReference: undefined, value: Object} @ http://localhost:3000/_next/static/chunks/11hm_next_dist_0m6rgog._.js:2441
[ 4061487ms] [LOG] [DEBUG] Renderizando celda: {columnId: rol, isReference: undefined, value: Object} @ http://localhost:3000/_next/static/chunks/11hm_next_dist_0m6rgog._.js:2441
[ 4061487ms] [LOG] [DEBUG] Renderizando celda: {columnId: estado, isReference: undefined, value: Object} @ http://localhost:3000/_next/static/chunks/11hm_next_dist_0m6rgog._.js:2441
[ 4061487ms] [LOG] [DEBUG] Renderizando celda: {columnId: estado, isReference: undefined, value: Object} @ http://localhost:3000/_next/static/chunks/11hm_next_dist_0m6rgog._.js:2441
[ 4061487ms] [LOG] [DEBUG] Renderizando celda: {columnId: fechaRegistro, isReference: undefined, value: Object} @ http://localhost:3000/_next/static/chunks/11hm_next_dist_0m6rgog._.js:2441
[ 4061487ms] [LOG] [DEBUG] Renderizando celda: {columnId: fechaRegistro, isReference: undefined, value: Object} @ http://localhost:3000/_next/static/chunks/11hm_next_dist_0m6rgog._.js:2441
[ 4061487ms] [LOG] [DEBUG] Renderizando celda: {columnId: ultimoContacto, isReference: undefined, value: Object} @ http://localhost:3000/_next/static/chunks/11hm_next_dist_0m6rgog._.js:2441
[ 4061487ms] [LOG] [DEBUG] Renderizando celda: {columnId: ultimoContacto, isReference: undefined, value: Object} @ http://localhost:3000/_next/static/chunks/11hm_next_dist_0m6rgog._.js:2441
[ 4061487ms] [LOG] [DEBUG] Renderizando celda: {columnId: valorTotal, isReference: undefined, value: Object} @ http://localhost:3000/_next/static/chunks/11hm_next_dist_0m6rgog._.js:2441
[ 4061487ms] [LOG] [DEBUG] Renderizando celda: {columnId: valorTotal, isReference: undefined, value: Object} @ http://localhost:3000/_next/static/chunks/11hm_next_dist_0m6rgog._.js:2441
[ 4061487ms] [LOG] [DEBUG] Renderizando celda: {columnId: satisfaccion, isReference: undefined, value: Object} @ http://localhost:3000/_next/static/chunks/11hm_next_dist_0m6rgog._.js:2441
[ 4061487ms] [LOG] [DEBUG] Renderizando celda: {columnId: satisfaccion, isReference: undefined, value: Object} @ http://localhost:3000/_next/static/chunks/11hm_next_dist_0m6rgog._.js:2441
[ 4061487ms] [LOG] [DEBUG] Renderizando celda: {columnId: activo, isReference: undefined, value: Object} @ http://localhost:3000/_next/static/chunks/11hm_next_dist_0m6rgog._.js:2441
[ 4061487ms] [LOG] [DEBUG] Renderizando celda: {columnId: activo, isReference: undefined, value: Object} @ http://localhost:3000/_next/static/chunks/11hm_next_dist_0m6rgog._.js:2441
[ 4061488ms] [LOG] [DEBUG] Renderizando celda: {columnId: id, isReference: undefined, value: Object} @ http://localhost:3000/_next/static/chunks/11hm_next_dist_0m6rgog._.js:2441
[ 4061488ms] [LOG] [DEBUG] Renderizando celda: {columnId: id, isReference: undefined, value: Object} @ http://localhost:3000/_next/static/chunks/11hm_next_dist_0m6rgog._.js:2441
[ 4061488ms] [LOG] [DEBUG] Renderizando celda: {columnId: nombre, isReference: undefined, value: Object} @ http://localhost:3000/_next/static/chunks/11hm_next_dist_0m6rgog._.js:2441
[ 4061488ms] [LOG] [DEBUG] Renderizando celda: {columnId: nombre, isReference: undefined, value: Object} @ http://localhost:3000/_next/static/chunks/11hm_next_dist_0m6rgog._.js:2441
[ 4061488ms] [LOG] [DEBUG] Renderizando celda: {columnId: email, isReference: undefined, value: Object} @ http://localhost:3000/_next/static/chunks/11hm_next_dist_0m6rgog._.js:2441
[ 4061488ms] [LOG] [DEBUG] Renderizando celda: {columnId: email, isReference: undefined, value: Object} @ http://localhost:3000/_next/static/chunks/11hm_next_dist_0m6rgog._.js:2441
[ 4061488ms] [LOG] [DEBUG] Renderizando celda: {columnId: telefono, isReference: undefined, value: Object} @ http://localhost:3000/_next/static/chunks/11hm_next_dist_0m6rgog._.js:2441
[ 4061488ms] [LOG] [DEBUG] Renderizando celda: {columnId: telefono, isReference: undefined, value: Object} @ http://localhost:3000/_next/static/chunks/11hm_next_dist_0m6rgog._.js:2441
[ 4061488ms] [LOG] [DEBUG] Renderizando celda: {columnId: ciudad, isReference: undefined, value: Object} @ http://localhost:3000/_next/static/chunks/11hm_next_dist_0m6rgog._.js:2441
[ 4061489ms] [LOG] [DEBUG] Renderizando celda: {columnId: ciudad, isReference: undefined, value: Object} @ http://localhost:3000/_next/static/chunks/11hm_next_dist_0m6rgog._.js:2441
[ 4061489ms] [LOG] [DEBUG] Renderizando celda: {columnId: rol, isReference: undefined, value: Object} @ http://localhost:3000/_next/static/chunks/11hm_next_dist_0m6rgog._.js:2441
[ 4061489ms] [LOG] [DEBUG] Renderizando celda: {columnId: rol, isReference: undefined, value: Object} @ http://localhost:3000/_next/static/chunks/11hm_next_dist_0m6rgog._.js:2441
[ 4061489ms] [LOG] [DEBUG] Renderizando celda: {columnId: estado, isReference: undefined, value: Object} @ http://localhost:3000/_next/static/chunks/11hm_next_dist_0m6rgog._.js:2441
[ 4061489ms] [LOG] [DEBUG] Renderizando celda: {columnId: estado, isReference: undefined, value: Object} @ http://localhost:3000/_next/static/chunks/11hm_next_dist_0m6rgog._.js:2441
[ 4061489ms] [LOG] [DEBUG] Renderizando celda: {columnId: fechaRegistro, isReference: undefined, value: Object} @ http://localhost:3000/_next/static/chunks/11hm_next_dist_0m6rgog._.js:2441
[ 4061489ms] [LOG] [DEBUG] Renderizando celda: {columnId: fechaRegistro, isReference: undefined, value: Object} @ http://localhost:3000/_next/static/chunks/11hm_next_dist_0m6rgog._.js:2441
[ 4061489ms] [LOG] [DEBUG] Renderizando celda: {columnId: ultimoContacto, isReference: undefined, value: Object} @ http://localhost:3000/_next/static/chunks/11hm_next_dist_0m6rgog._.js:2441
[ 4061489ms] [LOG] [DEBUG] Renderizando celda: {columnId: ultimoContacto, isReference: undefined, value: Object} @ http://localhost:3000/_next/static/chunks/11hm_next_dist_0m6rgog._.js:2441
[ 4061489ms] [LOG] [DEBUG] Renderizando celda: {columnId: valorTotal, isReference: undefined, value: Object} @ http://localhost:3000/_next/static/chunks/11hm_next_dist_0m6rgog._.js:2441
[ 4061489ms] [LOG] [DEBUG] Renderizando celda: {columnId: valorTotal, isReference: undefined, value: Object} @ http://localhost:3000/_next/static/chunks/11hm_next_dist_0m6rgog._.js:2441
[ 4061489ms] [LOG] [DEBUG] Renderizando celda: {columnId: satisfaccion, isReference: undefined, value: Object} @ http://localhost:3000/_next/static/chunks/11hm_next_dist_0m6rgog._.js:2441
[ 4061489ms] [LOG] [DEBUG] Renderizando celda: {columnId: satisfaccion, isReference: undefined, value: Object} @ http://localhost:3000/_next/static/chunks/11hm_next_dist_0m6rgog._.js:2441
[ 4061489ms] [LOG] [DEBUG] Renderizando celda: {columnId: activo, isReference: undefined, value: Object} @ http://localhost:3000/_next/static/chunks/11hm_next_dist_0m6rgog._.js:2441
[ 4061489ms] [LOG] [DEBUG] Renderizando celda: {columnId: activo, isReference: undefined, value: Object} @ http://localhost:3000/_next/static/chunks/11hm_next_dist_0m6rgog._.js:2441
[ 4061490ms] [LOG] [DEBUG] Renderizando celda: {columnId: id, isReference: undefined, value: Object} @ http://localhost:3000/_next/static/chunks/11hm_next_dist_0m6rgog._.js:2441
[ 4061490ms] [LOG] [DEBUG] Renderizando celda: {columnId: id, isReference: undefined, value: Object} @ http://localhost:3000/_next/static/chunks/11hm_next_dist_0m6rgog._.js:2441
[ 4061490ms] [LOG] [DEBUG] Renderizando celda: {columnId: nombre, isReference: undefined, value: Object} @ http://localhost:3000/_next/static/chunks/11hm_next_dist_0m6rgog._.js:2441
[ 4061490ms] [LOG] [DEBUG] Renderizando celda: {columnId: nombre, isReference: undefined, value: Object} @ http://localhost:3000/_next/static/chunks/11hm_next_dist_0m6rgog._.js:2441
[ 4061490ms] [LOG] [DEBUG] Renderizando celda: {columnId: email, isReference: undefined, value: Object} @ http://localhost:3000/_next/static/chunks/11hm_next_dist_0m6rgog._.js:2441
[ 4061490ms] [LOG] [DEBUG] Renderizando celda: {columnId: email, isReference: undefined, value: Object} @ http://localhost:3000/_next/static/chunks/11hm_next_dist_0m6rgog._.js:2441
[ 4061490ms] [LOG] [DEBUG] Renderizando celda: {columnId: telefono, isReference: undefined, value: Object} @ http://localhost:3000/_next/static/chunks/11hm_next_dist_0m6rgog._.js:2441
[ 4061490ms] [LOG] [DEBUG] Renderizando celda: {columnId: telefono, isReference: undefined, value: Object} @ http://localhost:3000/_next/static/chunks/11hm_next_dist_0m6rgog._.js:2441
[ 4061490ms] [LOG] [DEBUG] Renderizando celda: {columnId: ciudad, isReference: undefined, value: Object} @ http://localhost:3000/_next/static/chunks/11hm_next_dist_0m6rgog._.js:2441
[ 4061490ms] [LOG] [DEBUG] Renderizando celda: {columnId: ciudad, isReference: undefined, value: Object} @ http://localhost:3000/_next/static/chunks/11hm_next_dist_0m6rgog._.js:2441
[ 4061490ms] [LOG] [DEBUG] Renderizando celda: {columnId: rol, isReference: undefined, value: Object} @ http://localhost:3000/_next/static/chunks/11hm_next_dist_0m6rgog._.js:2441
[ 4061490ms] [LOG] [DEBUG] Renderizando celda: {columnId: rol, isReference: undefined, value: Object} @ http://localhost:3000/_next/static/chunks/11hm_next_dist_0m6rgog._.js:2441
[ 4061490ms] [LOG] [DEBUG] Renderizando celda: {columnId: estado, isReference: undefined, value: Object} @ http://localhost:3000/_next/static/chunks/11hm_next_dist_0m6rgog._.js:2441
[ 4061491ms] [LOG] [DEBUG] Renderizando celda: {columnId: estado, isReference: undefined, value: Object} @ http://localhost:3000/_next/static/chunks/11hm_next_dist_0m6rgog._.js:2441
[ 4061491ms] [LOG] [DEBUG] Renderizando celda: {columnId: fechaRegistro, isReference: undefined, value: Object} @ http://localhost:3000/_next/static/chunks/11hm_next_dist_0m6rgog._.js:2441
[ 4061491ms] [LOG] [DEBUG] Renderizando celda: {columnId: fechaRegistro, isReference: undefined, value: Object} @ http://localhost:3000/_next/static/chunks/11hm_next_dist_0m6rgog._.js:2441
[ 4061491ms] [LOG] [DEBUG] Renderizando celda: {columnId: ultimoContacto, isReference: undefined, value: Object} @ http://localhost:3000/_next/static/chunks/11hm_next_dist_0m6rgog._.js:2441
[ 4061491ms] [LOG] [DEBUG] Renderizando celda: {columnId: ultimoContacto, isReference: undefined, value: Object} @ http://localhost:3000/_next/static/chunks/11hm_next_dist_0m6rgog._.js:2441
[ 4061491ms] [LOG] [DEBUG] Renderizando celda: {columnId: valorTotal, isReference: undefined, value: Object} @ http://localhost:3000/_next/static/chunks/11hm_next_dist_0m6rgog._.js:2441
[ 4061491ms] [LOG] [DEBUG] Renderizando celda: {columnId: valorTotal, isReference: undefined, value: Object} @ http://localhost:3000/_next/static/chunks/11hm_next_dist_0m6rgog._.js:2441
[ 4061491ms] [LOG] [DEBUG] Renderizando celda: {columnId: satisfaccion, isReference: undefined, value: Object} @ http://localhost:3000/_next/static/chunks/11hm_next_dist_0m6rgog._.js:2441
[ 4061491ms] [LOG] [DEBUG] Renderizando celda: {columnId: satisfaccion, isReference: undefined, value: Object} @ http://localhost:3000/_next/static/chunks/11hm_next_dist_0m6rgog._.js:2441
[ 4061491ms] [LOG] [DEBUG] Renderizando celda: {columnId: activo, isReference: undefined, value: Object} @ http://localhost:3000/_next/static/chunks/11hm_next_dist_0m6rgog._.js:2441
[ 4061491ms] [LOG] [DEBUG] Renderizando celda: {columnId: activo, isReference: undefined, value: Object} @ http://localhost:3000/_next/static/chunks/11hm_next_dist_0m6rgog._.js:2441
[ 4061492ms] [LOG] [DEBUG] Renderizando celda: {columnId: id, isReference: undefined, value: Object} @ http://localhost:3000/_next/static/chunks/11hm_next_dist_0m6rgog._.js:2441
[ 4061492ms] [LOG] [DEBUG] Renderizando celda: {columnId: id, isReference: undefined, value: Object} @ http://localhost:3000/_next/static/chunks/11hm_next_dist_0m6rgog._.js:2441
[ 4061492ms] [LOG] [DEBUG] Renderizando celda: {columnId: nombre, isReference: undefined, value: Object} @ http://localhost:3000/_next/static/chunks/11hm_next_dist_0m6rgog._.js:2441
[ 4061492ms] [LOG] [DEBUG] Renderizando celda: {columnId: nombre, isReference: undefined, value: Object} @ http://localhost:3000/_next/static/chunks/11hm_next_dist_0m6rgog._.js:2441
[ 4061492ms] [LOG] [DEBUG] Renderizando celda: {columnId: email, isReference: undefined, value: Object} @ http://localhost:3000/_next/static/chunks/11hm_next_dist_0m6rgog._.js:2441
[ 4061492ms] [LOG] [DEBUG] Renderizando celda: {columnId: email, isReference: undefined, value: Object} @ http://localhost:3000/_next/static/chunks/11hm_next_dist_0m6rgog._.js:2441
[ 4061492ms] [LOG] [DEBUG] Renderizando celda: {columnId: telefono, isReference: undefined, value: Object} @ http://localhost:3000/_next/static/chunks/11hm_next_dist_0m6rgog._.js:2441
[ 4061492ms] [LOG] [DEBUG] Renderizando celda: {columnId: telefono, isReference: undefined, value: Object} @ http://localhost:3000/_next/static/chunks/11hm_next_dist_0m6rgog._.js:2441
[ 4061492ms] [LOG] [DEBUG] Renderizando celda: {columnId: ciudad, isReference: undefined, value: Object} @ http://localhost:3000/_next/static/chunks/11hm_next_dist_0m6rgog._.js:2441
[ 4061492ms] [LOG] [DEBUG] Renderizando celda: {columnId: ciudad, isReference: undefined, value: Object} @ http://localhost:3000/_next/static/chunks/11hm_next_dist_0m6rgog._.js:2441
[ 4061492ms] [LOG] [DEBUG] Renderizando celda: {columnId: rol, isReference: undefined, value: Object} @ http://localhost:3000/_next/static/chunks/11hm_next_dist_0m6rgog._.js:2441
[ 4061492ms] [LOG] [DEBUG] Renderizando celda: {columnId: rol, isReference: undefined, value: Object} @ http://localhost:3000/_next/static/chunks/11hm_next_dist_0m6rgog._.js:2441
[ 4061492ms] [LOG] [DEBUG] Renderizando celda: {columnId: estado, isReference: undefined, value: Object} @ http://localhost:3000/_next/static/chunks/11hm_next_dist_0m6rgog._.js:2441
[ 4061492ms] [LOG] [DEBUG] Renderizando celda: {columnId: estado, isReference: undefined, value: Object} @ http://localhost:3000/_next/static/chunks/11hm_next_dist_0m6rgog._.js:2441
[ 4061492ms] [LOG] [DEBUG] Renderizando celda: {columnId: fechaRegistro, isReference: undefined, value: Object} @ http://localhost:3000/_next/static/chunks/11hm_next_dist_0m6rgog._.js:2441
[ 4061492ms] [LOG] [DEBUG] Renderizando celda: {columnId: fechaRegistro, isReference: undefined, value: Object} @ http://localhost:3000/_next/static/chunks/11hm_next_dist_0m6rgog._.js:2441
[ 4061493ms] [LOG] [DEBUG] Renderizando celda: {columnId: ultimoContacto, isReference: undefined, value: Object} @ http://localhost:3000/_next/static/chunks/11hm_next_dist_0m6rgog._.js:2441
[ 4061493ms] [LOG] [DEBUG] Renderizando celda: {columnId: ultimoContacto, isReference: undefined, value: Object} @ http://localhost:3000/_next/static/chunks/11hm_next_dist_0m6rgog._.js:2441
[ 4061493ms] [LOG] [DEBUG] Renderizando celda: {columnId: valorTotal, isReference: undefined, value: Object} @ http://localhost:3000/_next/static/chunks/11hm_next_dist_0m6rgog._.js:2441
[ 4061493ms] [LOG] [DEBUG] Renderizando celda: {columnId: valorTotal, isReference: undefined, value: Object} @ http://localhost:3000/_next/static/chunks/11hm_next_dist_0m6rgog._.js:2441
[ 4061493ms] [LOG] [DEBUG] Renderizando celda: {columnId: satisfaccion, isReference: undefined, value: Object} @ http://localhost:3000/_next/static/chunks/11hm_next_dist_0m6rgog._.js:2441
[ 4061493ms] [LOG] [DEBUG] Renderizando celda: {columnId: satisfaccion, isReference: undefined, value: Object} @ http://localhost:3000/_next/static/chunks/11hm_next_dist_0m6rgog._.js:2441
[ 4061493ms] [LOG] [DEBUG] Renderizando celda: {columnId: activo, isReference: undefined, value: Object} @ http://localhost:3000/_next/static/chunks/11hm_next_dist_0m6rgog._.js:2441
[ 4061493ms] [LOG] [DEBUG] Renderizando celda: {columnId: activo, isReference: undefined, value: Object} @ http://localhost:3000/_next/static/chunks/11hm_next_dist_0m6rgog._.js:2441
[ 4061493ms] [LOG] [DEBUG] Renderizando celda: {columnId: id, isReference: undefined, value: Object} @ http://localhost:3000/_next/static/chunks/11hm_next_dist_0m6rgog._.js:2441
[ 4061493ms] [LOG] [DEBUG] Renderizando celda: {columnId: id, isReference: undefined, value: Object} @ http://localhost:3000/_next/static/chunks/11hm_next_dist_0m6rgog._.js:2441
[ 4061494ms] [LOG] [DEBUG] Renderizando celda: {columnId: nombre, isReference: undefined, value: Object} @ http://localhost:3000/_next/static/chunks/11hm_next_dist_0m6rgog._.js:2441
[ 4061494ms] [LOG] [DEBUG] Renderizando celda: {columnId: nombre, isReference: undefined, value: Object} @ http://localhost:3000/_next/static/chunks/11hm_next_dist_0m6rgog._.js:2441
[ 4061494ms] [LOG] [DEBUG] Renderizando celda: {columnId: email, isReference: undefined, value: Object} @ http://localhost:3000/_next/static/chunks/11hm_next_dist_0m6rgog._.js:2441
[ 4061494ms] [LOG] [DEBUG] Renderizando celda: {columnId: email, isReference: undefined, value: Object} @ http://localhost:3000/_next/static/chunks/11hm_next_dist_0m6rgog._.js:2441
[ 4061494ms] [LOG] [DEBUG] Renderizando celda: {columnId: telefono, isReference: undefined, value: Object} @ http://localhost:3000/_next/static/chunks/11hm_next_dist_0m6rgog._.js:2441
[ 4061494ms] [LOG] [DEBUG] Renderizando celda: {columnId: telefono, isReference: undefined, value: Object} @ http://localhost:3000/_next/static/chunks/11hm_next_dist_0m6rgog._.js:2441
[ 4061494ms] [LOG] [DEBUG] Renderizando celda: {columnId: ciudad, isReference: undefined, value: Object} @ http://localhost:3000/_next/static/chunks/11hm_next_dist_0m6rgog._.js:2441
[ 4061494ms] [LOG] [DEBUG] Renderizando celda: {columnId: ciudad, isReference: undefined, value: Object} @ http://localhost:3000/_next/static/chunks/11hm_next_dist_0m6rgog._.js:2441
[ 4061494ms] [LOG] [DEBUG] Renderizando celda: {columnId: rol, isReference: undefined, value: Object} @ http://localhost:3000/_next/static/chunks/11hm_next_dist_0m6rgog._.js:2441
[ 4061494ms] [LOG] [DEBUG] Renderizando celda: {columnId: rol, isReference: undefined, value: Object} @ http://localhost:3000/_next/static/chunks/11hm_next_dist_0m6rgog._.js:2441
[ 4061494ms] [LOG] [DEBUG] Renderizando celda: {columnId: estado, isReference: undefined, value: Object} @ http://localhost:3000/_next/static/chunks/11hm_next_dist_0m6rgog._.js:2441
[ 4061494ms] [LOG] [DEBUG] Renderizando celda: {columnId: estado, isReference: undefined, value: Object} @ http://localhost:3000/_next/static/chunks/11hm_next_dist_0m6rgog._.js:2441
[ 4061494ms] [LOG] [DEBUG] Renderizando celda: {columnId: fechaRegistro, isReference: undefined, value: Object} @ http://localhost:3000/_next/static/chunks/11hm_next_dist_0m6rgog._.js:2441
[ 4061494ms] [LOG] [DEBUG] Renderizando celda: {columnId: fechaRegistro, isReference: undefined, value: Object} @ http://localhost:3000/_next/static/chunks/11hm_next_dist_0m6rgog._.js:2441
[ 4061494ms] [LOG] [DEBUG] Renderizando celda: {columnId: ultimoContacto, isReference: undefined, value: Object} @ http://localhost:3000/_next/static/chunks/11hm_next_dist_0m6rgog._.js:2441
[ 4061494ms] [LOG] [DEBUG] Renderizando celda: {columnId: ultimoContacto, isReference: undefined, value: Object} @ http://localhost:3000/_next/static/chunks/11hm_next_dist_0m6rgog._.js:2441
[ 4061494ms] [LOG] [DEBUG] Renderizando celda: {columnId: valorTotal, isReference: undefined, value: Object} @ http://localhost:3000/_next/static/chunks/11hm_next_dist_0m6rgog._.js:2441
[ 4061494ms] [LOG] [DEBUG] Renderizando celda: {columnId: valorTotal, isReference: undefined, value: Object} @ http://localhost:3000/_next/static/chunks/11hm_next_dist_0m6rgog._.js:2441
[ 4061495ms] [LOG] [DEBUG] Renderizando celda: {columnId: satisfaccion, isReference: undefined, value: Object} @ http://localhost:3000/_next/static/chunks/11hm_next_dist_0m6rgog._.js:2441
[ 4061495ms] [LOG] [DEBUG] Renderizando celda: {columnId: satisfaccion, isReference: undefined, value: Object} @ http://localhost:3000/_next/static/chunks/11hm_next_dist_0m6rgog._.js:2441
[ 4061495ms] [LOG] [DEBUG] Renderizando celda: {columnId: activo, isReference: undefined, value: Object} @ http://localhost:3000/_next/static/chunks/11hm_next_dist_0m6rgog._.js:2441
[ 4061495ms] [LOG] [DEBUG] Renderizando celda: {columnId: activo, isReference: undefined, value: Object} @ http://localhost:3000/_next/static/chunks/11hm_next_dist_0m6rgog._.js:2441
[ 4061495ms] [LOG] [DEBUG] Renderizando celda: {columnId: id, isReference: undefined, value: Object} @ http://localhost:3000/_next/static/chunks/11hm_next_dist_0m6rgog._.js:2441
[ 4061495ms] [LOG] [DEBUG] Renderizando celda: {columnId: id, isReference: undefined, value: Object} @ http://localhost:3000/_next/static/chunks/11hm_next_dist_0m6rgog._.js:2441
[ 4061495ms] [LOG] [DEBUG] Renderizando celda: {columnId: nombre, isReference: undefined, value: Object} @ http://localhost:3000/_next/static/chunks/11hm_next_dist_0m6rgog._.js:2441
[ 4061495ms] [LOG] [DEBUG] Renderizando celda: {columnId: nombre, isReference: undefined, value: Object} @ http://localhost:3000/_next/static/chunks/11hm_next_dist_0m6rgog._.js:2441
[ 4061495ms] [LOG] [DEBUG] Renderizando celda: {columnId: email, isReference: undefined, value: Object} @ http://localhost:3000/_next/static/chunks/11hm_next_dist_0m6rgog._.js:2441
[ 4061495ms] [LOG] [DEBUG] Renderizando celda: {columnId: email, isReference: undefined, value: Object} @ http://localhost:3000/_next/static/chunks/11hm_next_dist_0m6rgog._.js:2441
[ 4061495ms] [LOG] [DEBUG] Renderizando celda: {columnId: telefono, isReference: undefined, value: Object} @ http://localhost:3000/_next/static/chunks/11hm_next_dist_0m6rgog._.js:2441
[ 4061496ms] [LOG] [DEBUG] Renderizando celda: {columnId: telefono, isReference: undefined, value: Object} @ http://localhost:3000/_next/static/chunks/11hm_next_dist_0m6rgog._.js:2441
[ 4061496ms] [LOG] [DEBUG] Renderizando celda: {columnId: ciudad, isReference: undefined, value: Object} @ http://localhost:3000/_next/static/chunks/11hm_next_dist_0m6rgog._.js:2441
[ 4061496ms] [LOG] [DEBUG] Renderizando celda: {columnId: ciudad, isReference: undefined, value: Object} @ http://localhost:3000/_next/static/chunks/11hm_next_dist_0m6rgog._.js:2441
[ 4061496ms] [LOG] [DEBUG] Renderizando celda: {columnId: rol, isReference: undefined, value: Object} @ http://localhost:3000/_next/static/chunks/11hm_next_dist_0m6rgog._.js:2441
[ 4061496ms] [LOG] [DEBUG] Renderizando celda: {columnId: rol, isReference: undefined, value: Object} @ http://localhost:3000/_next/static/chunks/11hm_next_dist_0m6rgog._.js:2441
[ 4061496ms] [LOG] [DEBUG] Renderizando celda: {columnId: estado, isReference: undefined, value: Object} @ http://localhost:3000/_next/static/chunks/11hm_next_dist_0m6rgog._.js:2441
[ 4061496ms] [LOG] [DEBUG] Renderizando celda: {columnId: estado, isReference: undefined, value: Object} @ http://localhost:3000/_next/static/chunks/11hm_next_dist_0m6rgog._.js:2441
[ 4061496ms] [LOG] [DEBUG] Renderizando celda: {columnId: fechaRegistro, isReference: undefined, value: Object} @ http://localhost:3000/_next/static/chunks/11hm_next_dist_0m6rgog._.js:2441
[ 4061496ms] [LOG] [DEBUG] Renderizando celda: {columnId: fechaRegistro, isReference: undefined, value: Object} @ http://localhost:3000/_next/static/chunks/11hm_next_dist_0m6rgog._.js:2441
[ 4061496ms] [LOG] [DEBUG] Renderizando celda: {columnId: ultimoContacto, isReference: undefined, value: Object} @ http://localhost:3000/_next/static/chunks/11hm_next_dist_0m6rgog._.js:2441
[ 4061496ms] [LOG] [DEBUG] Renderizando celda: {columnId: ultimoContacto, isReference: undefined, value: Object} @ http://localhost:3000/_next/static/chunks/11hm_next_dist_0m6rgog._.js:2441
[ 4061496ms] [LOG] [DEBUG] Renderizando celda: {columnId: valorTotal, isReference: undefined, value: Object} @ http://localhost:3000/_next/static/chunks/11hm_next_dist_0m6rgog._.js:2441
[ 4061496ms] [LOG] [DEBUG] Renderizando celda: {columnId: valorTotal, isReference: undefined, value: Object} @ http://localhost:3000/_next/static/chunks/11hm_next_dist_0m6rgog._.js:2441
[ 4061496ms] [LOG] [DEBUG] Renderizando celda: {columnId: satisfaccion, isReference: undefined, value: Object} @ http://localhost:3000/_next/static/chunks/11hm_next_dist_0m6rgog._.js:2441
[ 4061496ms] [LOG] [DEBUG] Renderizando celda: {columnId: satisfaccion, isReference: undefined, value: Object} @ http://localhost:3000/_next/static/chunks/11hm_next_dist_0m6rgog._.js:2441
[ 4061496ms] [LOG] [DEBUG] Renderizando celda: {columnId: activo, isReference: undefined, value: Object} @ http://localhost:3000/_next/static/chunks/11hm_next_dist_0m6rgog._.js:2441
[ 4061496ms] [LOG] [DEBUG] Renderizando celda: {columnId: activo, isReference: undefined, value: Object} @ http://localhost:3000/_next/static/chunks/11hm_next_dist_0m6rgog._.js:2441
[ 4061497ms] [LOG] [DEBUG] Renderizando celda: {columnId: id, isReference: undefined, value: Object} @ http://localhost:3000/_next/static/chunks/11hm_next_dist_0m6rgog._.js:2441
[ 4061497ms] [LOG] [DEBUG] Renderizando celda: {columnId: id, isReference: undefined, value: Object} @ http://localhost:3000/_next/static/chunks/11hm_next_dist_0m6rgog._.js:2441
[ 4061497ms] [LOG] [DEBUG] Renderizando celda: {columnId: nombre, isReference: undefined, value: Object} @ http://localhost:3000/_next/static/chunks/11hm_next_dist_0m6rgog._.js:2441
[ 4061497ms] [LOG] [DEBUG] Renderizando celda: {columnId: nombre, isReference: undefined, value: Object} @ http://localhost:3000/_next/static/chunks/11hm_next_dist_0m6rgog._.js:2441
[ 4061497ms] [LOG] [DEBUG] Renderizando celda: {columnId: email, isReference: undefined, value: Object} @ http://localhost:3000/_next/static/chunks/11hm_next_dist_0m6rgog._.js:2441
[ 4061497ms] [LOG] [DEBUG] Renderizando celda: {columnId: email, isReference: undefined, value: Object} @ http://localhost:3000/_next/static/chunks/11hm_next_dist_0m6rgog._.js:2441
[ 4061497ms] [LOG] [DEBUG] Renderizando celda: {columnId: telefono, isReference: undefined, value: Object} @ http://localhost:3000/_next/static/chunks/11hm_next_dist_0m6rgog._.js:2441
[ 4061497ms] [LOG] [DEBUG] Renderizando celda: {columnId: telefono, isReference: undefined, value: Object} @ http://localhost:3000/_next/static/chunks/11hm_next_dist_0m6rgog._.js:2441
[ 4061497ms] [LOG] [DEBUG] Renderizando celda: {columnId: ciudad, isReference: undefined, value: Object} @ http://localhost:3000/_next/static/chunks/11hm_next_dist_0m6rgog._.js:2441
[ 4061497ms] [LOG] [DEBUG] Renderizando celda: {columnId: ciudad, isReference: undefined, value: Object} @ http://localhost:3000/_next/static/chunks/11hm_next_dist_0m6rgog._.js:2441
[ 4061497ms] [LOG] [DEBUG] Renderizando celda: {columnId: rol, isReference: undefined, value: Object} @ http://localhost:3000/_next/static/chunks/11hm_next_dist_0m6rgog._.js:2441
[ 4061498ms] [LOG] [DEBUG] Renderizando celda: {columnId: rol, isReference: undefined, value: Object} @ http://localhost:3000/_next/static/chunks/11hm_next_dist_0m6rgog._.js:2441
[ 4061498ms] [LOG] [DEBUG] Renderizando celda: {columnId: estado, isReference: undefined, value: Object} @ http://localhost:3000/_next/static/chunks/11hm_next_dist_0m6rgog._.js:2441
[ 4061498ms] [LOG] [DEBUG] Renderizando celda: {columnId: estado, isReference: undefined, value: Object} @ http://localhost:3000/_next/static/chunks/11hm_next_dist_0m6rgog._.js:2441
[ 4061498ms] [LOG] [DEBUG] Renderizando celda: {columnId: fechaRegistro, isReference: undefined, value: Object} @ http://localhost:3000/_next/static/chunks/11hm_next_dist_0m6rgog._.js:2441
[ 4061498ms] [LOG] [DEBUG] Renderizando celda: {columnId: fechaRegistro, isReference: undefined, value: Object} @ http://localhost:3000/_next/static/chunks/11hm_next_dist_0m6rgog._.js:2441
[ 4061498ms] [LOG] [DEBUG] Renderizando celda: {columnId: ultimoContacto, isReference: undefined, value: Object} @ http://localhost:3000/_next/static/chunks/11hm_next_dist_0m6rgog._.js:2441
[ 4061498ms] [LOG] [DEBUG] Renderizando celda: {columnId: ultimoContacto, isReference: undefined, value: Object} @ http://localhost:3000/_next/static/chunks/11hm_next_dist_0m6rgog._.js:2441
[ 4061498ms] [LOG] [DEBUG] Renderizando celda: {columnId: valorTotal, isReference: undefined, value: Object} @ http://localhost:3000/_next/static/chunks/11hm_next_dist_0m6rgog._.js:2441
[ 4061498ms] [LOG] [DEBUG] Renderizando celda: {columnId: valorTotal, isReference: undefined, value: Object} @ http://localhost:3000/_next/static/chunks/11hm_next_dist_0m6rgog._.js:2441
[ 4061498ms] [LOG] [DEBUG] Renderizando celda: {columnId: satisfaccion, isReference: undefined, value: Object} @ http://localhost:3000/_next/static/chunks/11hm_next_dist_0m6rgog._.js:2441
[ 4061498ms] [LOG] [DEBUG] Renderizando celda: {columnId: satisfaccion, isReference: undefined, value: Object} @ http://localhost:3000/_next/static/chunks/11hm_next_dist_0m6rgog._.js:2441
[ 4061498ms] [LOG] [DEBUG] Renderizando celda: {columnId: activo, isReference: undefined, value: Object} @ http://localhost:3000/_next/static/chunks/11hm_next_dist_0m6rgog._.js:2441
[ 4061498ms] [LOG] [DEBUG] Renderizando celda: {columnId: activo, isReference: undefined, value: Object} @ http://localhost:3000/_next/static/chunks/11hm_next_dist_0m6rgog._.js:2441
[ 4061499ms] [LOG] [DEBUG] Renderizando celda: {columnId: id, isReference: undefined, value: Object} @ http://localhost:3000/_next/static/chunks/11hm_next_dist_0m6rgog._.js:2441
[ 4061499ms] [LOG] [DEBUG] Renderizando celda: {columnId: id, isReference: undefined, value: Object} @ http://localhost:3000/_next/static/chunks/11hm_next_dist_0m6rgog._.js:2441
[ 4061499ms] [LOG] [DEBUG] Renderizando celda: {columnId: nombre, isReference: undefined, value: Object} @ http://localhost:3000/_next/static/chunks/11hm_next_dist_0m6rgog._.js:2441
[ 4061499ms] [LOG] [DEBUG] Renderizando celda: {columnId: nombre, isReference: undefined, value: Object} @ http://localhost:3000/_next/static/chunks/11hm_next_dist_0m6rgog._.js:2441
[ 4061499ms] [LOG] [DEBUG] Renderizando celda: {columnId: email, isReference: undefined, value: Object} @ http://localhost:3000/_next/static/chunks/11hm_next_dist_0m6rgog._.js:2441
[ 4061499ms] [LOG] [DEBUG] Renderizando celda: {columnId: email, isReference: undefined, value: Object} @ http://localhost:3000/_next/static/chunks/11hm_next_dist_0m6rgog._.js:2441
[ 4061499ms] [LOG] [DEBUG] Renderizando celda: {columnId: telefono, isReference: undefined, value: Object} @ http://localhost:3000/_next/static/chunks/11hm_next_dist_0m6rgog._.js:2441
[ 4061499ms] [LOG] [DEBUG] Renderizando celda: {columnId: telefono, isReference: undefined, value: Object} @ http://localhost:3000/_next/static/chunks/11hm_next_dist_0m6rgog._.js:2441
[ 4061499ms] [LOG] [DEBUG] Renderizando celda: {columnId: ciudad, isReference: undefined, value: Object} @ http://localhost:3000/_next/static/chunks/11hm_next_dist_0m6rgog._.js:2441
[ 4061499ms] [LOG] [DEBUG] Renderizando celda: {columnId: ciudad, isReference: undefined, value: Object} @ http://localhost:3000/_next/static/chunks/11hm_next_dist_0m6rgog._.js:2441
[ 4061499ms] [LOG] [DEBUG] Renderizando celda: {columnId: rol, isReference: undefined, value: Object} @ http://localhost:3000/_next/static/chunks/11hm_next_dist_0m6rgog._.js:2441
[ 4061499ms] [LOG] [DEBUG] Renderizando celda: {columnId: rol, isReference: undefined, value: Object} @ http://localhost:3000/_next/static/chunks/11hm_next_dist_0m6rgog._.js:2441
[ 4061499ms] [LOG] [DEBUG] Renderizando celda: {columnId: estado, isReference: undefined, value: Object} @ http://localhost:3000/_next/static/chunks/11hm_next_dist_0m6rgog._.js:2441
[ 4061499ms] [LOG] [DEBUG] Renderizando celda: {columnId: estado, isReference: undefined, value: Object} @ http://localhost:3000/_next/static/chunks/11hm_next_dist_0m6rgog._.js:2441
[ 4061499ms] [LOG] [DEBUG] Renderizando celda: {columnId: fechaRegistro, isReference: undefined, value: Object} @ http://localhost:3000/_next/static/chunks/11hm_next_dist_0m6rgog._.js:2441
[ 4061500ms] [LOG] [DEBUG] Renderizando celda: {columnId: fechaRegistro, isReference: undefined, value: Object} @ http://localhost:3000/_next/static/chunks/11hm_next_dist_0m6rgog._.js:2441
[ 4061500ms] [LOG] [DEBUG] Renderizando celda: {columnId: ultimoContacto, isReference: undefined, value: Object} @ http://localhost:3000/_next/static/chunks/11hm_next_dist_0m6rgog._.js:2441
[ 4061500ms] [LOG] [DEBUG] Renderizando celda: {columnId: ultimoContacto, isReference: undefined, value: Object} @ http://localhost:3000/_next/static/chunks/11hm_next_dist_0m6rgog._.js:2441
[ 4061500ms] [LOG] [DEBUG] Renderizando celda: {columnId: valorTotal, isReference: undefined, value: Object} @ http://localhost:3000/_next/static/chunks/11hm_next_dist_0m6rgog._.js:2441
[ 4061500ms] [LOG] [DEBUG] Renderizando celda: {columnId: valorTotal, isReference: undefined, value: Object} @ http://localhost:3000/_next/static/chunks/11hm_next_dist_0m6rgog._.js:2441
[ 4061500ms] [LOG] [DEBUG] Renderizando celda: {columnId: satisfaccion, isReference: undefined, value: Object} @ http://localhost:3000/_next/static/chunks/11hm_next_dist_0m6rgog._.js:2441
[ 4061500ms] [LOG] [DEBUG] Renderizando celda: {columnId: satisfaccion, isReference: undefined, value: Object} @ http://localhost:3000/_next/static/chunks/11hm_next_dist_0m6rgog._.js:2441
[ 4061500ms] [LOG] [DEBUG] Renderizando celda: {columnId: activo, isReference: undefined, value: Object} @ http://localhost:3000/_next/static/chunks/11hm_next_dist_0m6rgog._.js:2441
[ 4061500ms] [LOG] [DEBUG] Renderizando celda: {columnId: activo, isReference: undefined, value: Object} @ http://localhost:3000/_next/static/chunks/11hm_next_dist_0m6rgog._.js:2441
[ 4061500ms] [LOG] [DEBUG] Renderizando celda: {columnId: id, isReference: undefined, value: Object} @ http://localhost:3000/_next/static/chunks/11hm_next_dist_0m6rgog._.js:2441
[ 4061501ms] [LOG] [DEBUG] Renderizando celda: {columnId: id, isReference: undefined, value: Object} @ http://localhost:3000/_next/static/chunks/11hm_next_dist_0m6rgog._.js:2441
[ 4061501ms] [LOG] [DEBUG] Renderizando celda: {columnId: nombre, isReference: undefined, value: Object} @ http://localhost:3000/_next/static/chunks/11hm_next_dist_0m6rgog._.js:2441
[ 4061501ms] [LOG] [DEBUG] Renderizando celda: {columnId: nombre, isReference: undefined, value: Object} @ http://localhost:3000/_next/static/chunks/11hm_next_dist_0m6rgog._.js:2441
[ 4061501ms] [LOG] [DEBUG] Renderizando celda: {columnId: email, isReference: undefined, value: Object} @ http://localhost:3000/_next/static/chunks/11hm_next_dist_0m6rgog._.js:2441
[ 4061501ms] [LOG] [DEBUG] Renderizando celda: {columnId: email, isReference: undefined, value: Object} @ http://localhost:3000/_next/static/chunks/11hm_next_dist_0m6rgog._.js:2441
[ 4061501ms] [LOG] [DEBUG] Renderizando celda: {columnId: telefono, isReference: undefined, value: Object} @ http://localhost:3000/_next/static/chunks/11hm_next_dist_0m6rgog._.js:2441
[ 4061501ms] [LOG] [DEBUG] Renderizando celda: {columnId: telefono, isReference: undefined, value: Object} @ http://localhost:3000/_next/static/chunks/11hm_next_dist_0m6rgog._.js:2441
[ 4061501ms] [LOG] [DEBUG] Renderizando celda: {columnId: ciudad, isReference: undefined, value: Object} @ http://localhost:3000/_next/static/chunks/11hm_next_dist_0m6rgog._.js:2441
[ 4061501ms] [LOG] [DEBUG] Renderizando celda: {columnId: ciudad, isReference: undefined, value: Object} @ http://localhost:3000/_next/static/chunks/11hm_next_dist_0m6rgog._.js:2441
[ 4061501ms] [LOG] [DEBUG] Renderizando celda: {columnId: rol, isReference: undefined, value: Object} @ http://localhost:3000/_next/static/chunks/11hm_next_dist_0m6rgog._.js:2441
[ 4061501ms] [LOG] [DEBUG] Renderizando celda: {columnId: rol, isReference: undefined, value: Object} @ http://localhost:3000/_next/static/chunks/11hm_next_dist_0m6rgog._.js:2441
[ 4061501ms] [LOG] [DEBUG] Renderizando celda: {columnId: estado, isReference: undefined, value: Object} @ http://localhost:3000/_next/static/chunks/11hm_next_dist_0m6rgog._.js:2441
[ 4061501ms] [LOG] [DEBUG] Renderizando celda: {columnId: estado, isReference: undefined, value: Object} @ http://localhost:3000/_next/static/chunks/11hm_next_dist_0m6rgog._.js:2441
[ 4061501ms] [LOG] [DEBUG] Renderizando celda: {columnId: fechaRegistro, isReference: undefined, value: Object} @ http://localhost:3000/_next/static/chunks/11hm_next_dist_0m6rgog._.js:2441
[ 4061501ms] [LOG] [DEBUG] Renderizando celda: {columnId: fechaRegistro, isReference: undefined, value: Object} @ http://localhost:3000/_next/static/chunks/11hm_next_dist_0m6rgog._.js:2441
[ 4061501ms] [LOG] [DEBUG] Renderizando celda: {columnId: ultimoContacto, isReference: undefined, value: Object} @ http://localhost:3000/_next/static/chunks/11hm_next_dist_0m6rgog._.js:2441
[ 4061502ms] [LOG] [DEBUG] Renderizando celda: {columnId: ultimoContacto, isReference: undefined, value: Object} @ http://localhost:3000/_next/static/chunks/11hm_next_dist_0m6rgog._.js:2441
[ 4061502ms] [LOG] [DEBUG] Renderizando celda: {columnId: valorTotal, isReference: undefined, value: Object} @ http://localhost:3000/_next/static/chunks/11hm_next_dist_0m6rgog._.js:2441
[ 4061502ms] [LOG] [DEBUG] Renderizando celda: {columnId: valorTotal, isReference: undefined, value: Object} @ http://localhost:3000/_next/static/chunks/11hm_next_dist_0m6rgog._.js:2441
[ 4061502ms] [LOG] [DEBUG] Renderizando celda: {columnId: satisfaccion, isReference: undefined, value: Object} @ http://localhost:3000/_next/static/chunks/11hm_next_dist_0m6rgog._.js:2441
[ 4061502ms] [LOG] [DEBUG] Renderizando celda: {columnId: satisfaccion, isReference: undefined, value: Object} @ http://localhost:3000/_next/static/chunks/11hm_next_dist_0m6rgog._.js:2441
[ 4061502ms] [LOG] [DEBUG] Renderizando celda: {columnId: activo, isReference: undefined, value: Object} @ http://localhost:3000/_next/static/chunks/11hm_next_dist_0m6rgog._.js:2441
[ 4061502ms] [LOG] [DEBUG] Renderizando celda: {columnId: activo, isReference: undefined, value: Object} @ http://localhost:3000/_next/static/chunks/11hm_next_dist_0m6rgog._.js:2441
[ 4061502ms] [LOG] [DEBUG] Renderizando SecondaryTables: {level: 0, parentId: undefined, isLoading: false, arrayColumnsCount: 0, arrayColumns: Array(0)} @ http://localhost:3000/_next/static/chunks/11hm_next_dist_0m6rgog._.js:2441
[ 4061503ms] [LOG] [DEBUG] Renderizando SecondaryTables: {level: 0, parentId: undefined, isLoading: false, arrayColumnsCount: 0, arrayColumns: Array(0)} @ http://localhost:3000/_next/static/chunks/11hm_next_dist_0m6rgog._.js:2441
[ 4064739ms] [LOG] [DEBUG] Valores unicos procesados: {columnId: telefono, columnType: number, uniqueValues: Array(25)} @ http://localhost:3000/_next/static/chunks/11hm_next_dist_0m6rgog._.js:2441
[ 4064739ms] [LOG] [DEBUG] FilterFactory initialValue debug: {columnId: telefono, columnType: number, propsInitialValue: undefined, currentFilter: undefined} @ http://localhost:3000/_next/static/chunks/11hm_next_dist_0m6rgog._.js:2441
[ 4064740ms] [LOG] [DEBUG] Filter selection for column: {columnId: telefono, columnType: number, useAdaptiveFiltering: false, sampleData: Array(3)} @ http://localhost:3000/_next/static/chunks/11hm_next_dist_0m6rgog._.js:2441
[ 4064740ms] [LOG] [DEBUG] FILTER FACTORY - Seleccionando filtro: {columnId: telefono, columnType: number, uniqueValuesCount: 25, sampleValues: Array(3)} @ http://localhost:3000/_next/static/chunks/11hm_next_dist_0m6rgog._.js:2441
[ 4064740ms] [LOG] [DEBUG] Valores unicos procesados: {columnId: telefono, columnType: number, uniqueValues: Array(25)} @ http://localhost:3000/_next/static/chunks/11hm_next_dist_0m6rgog._.js:2441
[ 4064740ms] [LOG] [DEBUG] FilterFactory initialValue debug: {columnId: telefono, columnType: number, propsInitialValue: undefined, currentFilter: undefined} @ http://localhost:3000/_next/static/chunks/11hm_next_dist_0m6rgog._.js:2441
[ 4064741ms] [LOG] [DEBUG] Filter selection for column: {columnId: telefono, columnType: number, useAdaptiveFiltering: false, sampleData: Array(3)} @ http://localhost:3000/_next/static/chunks/11hm_next_dist_0m6rgog._.js:2441
[ 4064741ms] [LOG] [DEBUG] FILTER FACTORY - Seleccionando filtro: {columnId: telefono, columnType: number, uniqueValuesCount: 25, sampleValues: Array(3)} @ http://localhost:3000/_next/static/chunks/11hm_next_dist_0m6rgog._.js:2441
[ 4064768ms] [WARNING] Warning: Missing `Description` or `aria-describedby={undefined}` for {DialogContent}. @ http://localhost:3000/_next/static/chunks/11hm_next_dist_0m6rgog._.js:2441
[ 4064770ms] [WARNING] Warning: Missing `Description` or `aria-describedby={undefined}` for {DialogContent}. @ http://localhost:3000/_next/static/chunks/11hm_next_dist_0m6rgog._.js:2441
[ 4085251ms] [LOG] [DEBUG] Valores unicos procesados: {columnId: ultimoContacto, columnType: date, uniqueValues: Array(21)} @ http://localhost:3000/_next/static/chunks/11hm_next_dist_0m6rgog._.js:2441
[ 4085252ms] [LOG] [DEBUG] FilterFactory initialValue debug: {columnId: ultimoContacto, columnType: date, propsInitialValue: undefined, currentFilter: undefined} @ http://localhost:3000/_next/static/chunks/11hm_next_dist_0m6rgog._.js:2441
[ 4085252ms] [LOG] [DEBUG] Filter selection for column: {columnId: ultimoContacto, columnType: date, useAdaptiveFiltering: false, sampleData: Array(3)} @ http://localhost:3000/_next/static/chunks/11hm_next_dist_0m6rgog._.js:2441
[ 4085252ms] [LOG] [DEBUG] FILTER FACTORY - Seleccionando filtro: {columnId: ultimoContacto, columnType: date, uniqueValuesCount: 21, sampleValues: Array(3)} @ http://localhost:3000/_next/static/chunks/11hm_next_dist_0m6rgog._.js:2441
[ 4085253ms] [LOG] [DEBUG] Valores unicos procesados: {columnId: ultimoContacto, columnType: date, uniqueValues: Array(21)} @ http://localhost:3000/_next/static/chunks/11hm_next_dist_0m6rgog._.js:2441
[ 4085253ms] [LOG] [DEBUG] FilterFactory initialValue debug: {columnId: ultimoContacto, columnType: date, propsInitialValue: undefined, currentFilter: undefined} @ http://localhost:3000/_next/static/chunks/11hm_next_dist_0m6rgog._.js:2441
[ 4085253ms] [LOG] [DEBUG] Filter selection for column: {columnId: ultimoContacto, columnType: date, useAdaptiveFiltering: false, sampleData: Array(3)} @ http://localhost:3000/_next/static/chunks/11hm_next_dist_0m6rgog._.js:2441
[ 4085253ms] [LOG] [DEBUG] FILTER FACTORY - Seleccionando filtro: {columnId: ultimoContacto, columnType: date, uniqueValuesCount: 21, sampleValues: Array(3)} @ http://localhost:3000/_next/static/chunks/11hm_next_dist_0m6rgog._.js:2441
[ 4085293ms] [WARNING] Warning: Missing `Description` or `aria-describedby={undefined}` for {DialogContent}. @ http://localhost:3000/_next/static/chunks/11hm_next_dist_0m6rgog._.js:2441
[ 4085295ms] [WARNING] Warning: Missing `Description` or `aria-describedby={undefined}` for {DialogContent}. @ http://localhost:3000/_next/static/chunks/11hm_next_dist_0m6rgog._.js:2441
[ 4090028ms] [LOG] [DEBUG] Cambio en input de fecha end: 2026-03-10 @ http://localhost:3000/_next/static/chunks/11hm_next_dist_0m6rgog._.js:2441
[ 4090029ms] [LOG] [DEBUG] Fecha parseada: 2026-03-10T00:00:00.000Z @ http://localhost:3000/_next/static/chunks/11hm_next_dist_0m6rgog._.js:2441
[ 4097758ms] [LOG] [DEBUG] Cambio en input de fecha start: 2026-03-01 @ http://localhost:3000/_next/static/chunks/11hm_next_dist_0m6rgog._.js:2441
[ 4097758ms] [LOG] [DEBUG] Fecha parseada: 2026-03-01T00:00:00.000Z @ http://localhost:3000/_next/static/chunks/11hm_next_dist_0m6rgog._.js:2441
[ 4098480ms] [LOG] [DEBUG] Aplicando filtro de fechas @ http://localhost:3000/_next/static/chunks/11hm_next_dist_0m6rgog._.js:2441
[ 4098480ms] [LOG] [DEBUG] Fechas seleccionadas antes de normalizar: [05/03/2026, 08/03/2026, 10/03/2026] @ http://localhost:3000/_next/static/chunks/11hm_next_dist_0m6rgog._.js:2441
[ 4098481ms] [LOG] [DEBUG] Normalizando fecha: 05/03/2026 @ http://localhost:3000/_next/static/chunks/11hm_next_dist_0m6rgog._.js:2441
[ 4098481ms] [LOG] [DEBUG]   Fecha parseada y formateada: 05/03/2026 @ http://localhost:3000/_next/static/chunks/11hm_next_dist_0m6rgog._.js:2441
[ 4098481ms] [LOG] [DEBUG] Normalizando fecha: 08/03/2026 @ http://localhost:3000/_next/static/chunks/11hm_next_dist_0m6rgog._.js:2441
[ 4098481ms] [LOG] [DEBUG]   Fecha parseada y formateada: 08/03/2026 @ http://localhost:3000/_next/static/chunks/11hm_next_dist_0m6rgog._.js:2441
[ 4098481ms] [LOG] [DEBUG] Normalizando fecha: 10/03/2026 @ http://localhost:3000/_next/static/chunks/11hm_next_dist_0m6rgog._.js:2441
[ 4098482ms] [LOG] [DEBUG]   Fecha parseada y formateada: 10/03/2026 @ http://localhost:3000/_next/static/chunks/11hm_next_dist_0m6rgog._.js:2441
[ 4098482ms] [LOG] [DEBUG] Fechas normalizadas: [05/03/2026, 08/03/2026, 10/03/2026] @ http://localhost:3000/_next/static/chunks/11hm_next_dist_0m6rgog._.js:2441
[ 4098482ms] [LOG] [DEBUG] Aplicando filtro: {columnId: ultimoContacto, operator: arrIncludesSome, value: Array(3)} @ http://localhost:3000/_next/static/chunks/11hm_next_dist_0m6rgog._.js:2441
[ 4098482ms] [LOG] [DEBUG] Applying filter condition: {columnId: ultimoContacto, condition: Object} @ http://localhost:3000/_next/static/chunks/11hm_next_dist_0m6rgog._.js:2441
[ 4098483ms] [LOG] [DEBUG] Effective column order: {baseOrder: Array(14), pinnedColumnId: index, otherColumns: Array(13), hasActions: true, result: Array(15)} @ http://localhost:3000/_next/static/chunks/11hm_next_dist_0m6rgog._.js:2441
[ 4098484ms] [LOG] [DEBUG] Effective column order: {baseOrder: Array(14), pinnedColumnId: index, otherColumns: Array(13), hasActions: true, result: Array(15)} @ http://localhost:3000/_next/static/chunks/11hm_next_dist_0m6rgog._.js:2441
[ 4098484ms] [LOG] [DEBUG] Comparando fecha: 03/10/2026 con filtros: [05/03/2026, 08/03/2026, 10/03/2026] @ http://localhost:3000/_next/static/chunks/11hm_next_dist_0m6rgog._.js:2441
[ 4098485ms] [LOG] [DEBUG] - Comparando con 05/03/2026: no coincide @ http://localhost:3000/_next/static/chunks/11hm_next_dist_0m6rgog._.js:2441
[ 4098485ms] [LOG] [DEBUG] - Comparando con 08/03/2026: no coincide @ http://localhost:3000/_next/static/chunks/11hm_next_dist_0m6rgog._.js:2441
[ 4098485ms] [LOG] [DEBUG] - Comparando con 10/03/2026: no coincide @ http://localhost:3000/_next/static/chunks/11hm_next_dist_0m6rgog._.js:2441
[ 4098485ms] [LOG] [DEBUG] Resultado final para 03/10/2026: NO INCLUIDO @ http://localhost:3000/_next/static/chunks/11hm_next_dist_0m6rgog._.js:2441
[ 4098485ms] [LOG] [DEBUG] Comparando fecha:  con filtros: [05/03/2026, 08/03/2026, 10/03/2026] @ http://localhost:3000/_next/static/chunks/11hm_next_dist_0m6rgog._.js:2441
[ 4098485ms] [LOG] [DEBUG] - Comparando con 05/03/2026: no coincide @ http://localhost:3000/_next/static/chunks/11hm_next_dist_0m6rgog._.js:2441
[ 4098486ms] [LOG] [DEBUG] - Comparando con 08/03/2026: no coincide @ http://localhost:3000/_next/static/chunks/11hm_next_dist_0m6rgog._.js:2441
[ 4098486ms] [LOG] [DEBUG] - Comparando con 10/03/2026: no coincide @ http://localhost:3000/_next/static/chunks/11hm_next_dist_0m6rgog._.js:2441
[ 4098486ms] [LOG] [DEBUG] Resultado final para : NO INCLUIDO @ http://localhost:3000/_next/static/chunks/11hm_next_dist_0m6rgog._.js:2441
[ 4098486ms] [LOG] [DEBUG] Comparando fecha:  con filtros: [05/03/2026, 08/03/2026, 10/03/2026] @ http://localhost:3000/_next/static/chunks/11hm_next_dist_0m6rgog._.js:2441
[ 4098486ms] [LOG] [DEBUG] - Comparando con 05/03/2026: no coincide @ http://localhost:3000/_next/static/chunks/11hm_next_dist_0m6rgog._.js:2441
[ 4098487ms] [LOG] [DEBUG] - Comparando con 08/03/2026: no coincide @ http://localhost:3000/_next/static/chunks/11hm_next_dist_0m6rgog._.js:2441
[ 4098487ms] [LOG] [DEBUG] - Comparando con 10/03/2026: no coincide @ http://localhost:3000/_next/static/chunks/11hm_next_dist_0m6rgog._.js:2441
[ 4098487ms] [LOG] [DEBUG] Resultado final para : NO INCLUIDO @ http://localhost:3000/_next/static/chunks/11hm_next_dist_0m6rgog._.js:2441
[ 4098487ms] [LOG] [DEBUG] Comparando fecha: 09/05/2025 con filtros: [05/03/2026, 08/03/2026, 10/03/2026] @ http://localhost:3000/_next/static/chunks/11hm_next_dist_0m6rgog._.js:2441
[ 4098487ms] [LOG] [DEBUG] - Comparando con 05/03/2026: no coincide @ http://localhost:3000/_next/static/chunks/11hm_next_dist_0m6rgog._.js:2441
[ 4098487ms] [LOG] [DEBUG] - Comparando con 08/03/2026: no coincide @ http://localhost:3000/_next/static/chunks/11hm_next_dist_0m6rgog._.js:2441
[ 4098488ms] [LOG] [DEBUG] - Comparando con 10/03/2026: no coincide @ http://localhost:3000/_next/static/chunks/11hm_next_dist_0m6rgog._.js:2441
[ 4098488ms] [LOG] [DEBUG] Resultado final para 09/05/2025: NO INCLUIDO @ http://localhost:3000/_next/static/chunks/11hm_next_dist_0m6rgog._.js:2441
[ 4098488ms] [LOG] [DEBUG] Comparando fecha:  con filtros: [05/03/2026, 08/03/2026, 10/03/2026] @ http://localhost:3000/_next/static/chunks/11hm_next_dist_0m6rgog._.js:2441
[ 4098488ms] [LOG] [DEBUG] - Comparando con 05/03/2026: no coincide @ http://localhost:3000/_next/static/chunks/11hm_next_dist_0m6rgog._.js:2441
[ 4098488ms] [LOG] [DEBUG] - Comparando con 08/03/2026: no coincide @ http://localhost:3000/_next/static/chunks/11hm_next_dist_0m6rgog._.js:2441
[ 4098489ms] [LOG] [DEBUG] - Comparando con 10/03/2026: no coincide @ http://localhost:3000/_next/static/chunks/11hm_next_dist_0m6rgog._.js:2441
[ 4098489ms] [LOG] [DEBUG] Resultado final para : NO INCLUIDO @ http://localhost:3000/_next/static/chunks/11hm_next_dist_0m6rgog._.js:2441
[ 4098489ms] [LOG] [DEBUG] Comparando fecha: 03/01/2026 con filtros: [05/03/2026, 08/03/2026, 10/03/2026] @ http://localhost:3000/_next/static/chunks/11hm_next_dist_0m6rgog._.js:2441
[ 4098489ms] [LOG] [DEBUG] - Comparando con 05/03/2026: no coincide @ http://localhost:3000/_next/static/chunks/11hm_next_dist_0m6rgog._.js:2441
[ 4098489ms] [LOG] [DEBUG] - Comparando con 08/03/2026: no coincide @ http://localhost:3000/_next/static/chunks/11hm_next_dist_0m6rgog._.js:2441
[ 4098489ms] [LOG] [DEBUG] - Comparando con 10/03/2026: no coincide @ http://localhost:3000/_next/static/chunks/11hm_next_dist_0m6rgog._.js:2441
[ 4098489ms] [LOG] [DEBUG] Resultado final para 03/01/2026: NO INCLUIDO @ http://localhost:3000/_next/static/chunks/11hm_next_dist_0m6rgog._.js:2441
[ 4098490ms] [LOG] [DEBUG] Comparando fecha:  con filtros: [05/03/2026, 08/03/2026, 10/03/2026] @ http://localhost:3000/_next/static/chunks/11hm_next_dist_0m6rgog._.js:2441
[ 4098490ms] [LOG] [DEBUG] - Comparando con 05/03/2026: no coincide @ http://localhost:3000/_next/static/chunks/11hm_next_dist_0m6rgog._.js:2441
[ 4098490ms] [LOG] [DEBUG] - Comparando con 08/03/2026: no coincide @ http://localhost:3000/_next/static/chunks/11hm_next_dist_0m6rgog._.js:2441
[ 4098490ms] [LOG] [DEBUG] - Comparando con 10/03/2026: no coincide @ http://localhost:3000/_next/static/chunks/11hm_next_dist_0m6rgog._.js:2441
[ 4098490ms] [LOG] [DEBUG] Resultado final para : NO INCLUIDO @ http://localhost:3000/_next/static/chunks/11hm_next_dist_0m6rgog._.js:2441
[ 4098490ms] [LOG] [DEBUG] Comparando fecha: 03/12/2026 con filtros: [05/03/2026, 08/03/2026, 10/03/2026] @ http://localhost:3000/_next/static/chunks/11hm_next_dist_0m6rgog._.js:2441
[ 4098491ms] [LOG] [DEBUG] - Comparando con 05/03/2026: no coincide @ http://localhost:3000/_next/static/chunks/11hm_next_dist_0m6rgog._.js:2441
[ 4098491ms] [LOG] [DEBUG] - Comparando con 08/03/2026: no coincide @ http://localhost:3000/_next/static/chunks/11hm_next_dist_0m6rgog._.js:2441
[ 4098491ms] [LOG] [DEBUG] - Comparando con 10/03/2026: no coincide @ http://localhost:3000/_next/static/chunks/11hm_next_dist_0m6rgog._.js:2441
[ 4098491ms] [LOG] [DEBUG] Resultado final para 03/12/2026: NO INCLUIDO @ http://localhost:3000/_next/static/chunks/11hm_next_dist_0m6rgog._.js:2441
[ 4098491ms] [LOG] [DEBUG] Comparando fecha:  con filtros: [05/03/2026, 08/03/2026, 10/03/2026] @ http://localhost:3000/_next/static/chunks/11hm_next_dist_0m6rgog._.js:2441
[ 4098491ms] [LOG] [DEBUG] - Comparando con 05/03/2026: no coincide @ http://localhost:3000/_next/static/chunks/11hm_next_dist_0m6rgog._.js:2441
[ 4098491ms] [LOG] [DEBUG] - Comparando con 08/03/2026: no coincide @ http://localhost:3000/_next/static/chunks/11hm_next_dist_0m6rgog._.js:2441
[ 4098491ms] [LOG] [DEBUG] - Comparando con 10/03/2026: no coincide @ http://localhost:3000/_next/static/chunks/11hm_next_dist_0m6rgog._.js:2441
[ 4098492ms] [LOG] [DEBUG] Resultado final para : NO INCLUIDO @ http://localhost:3000/_next/static/chunks/11hm_next_dist_0m6rgog._.js:2441
[ 4098492ms] [LOG] [DEBUG] Comparando fecha:  con filtros: [05/03/2026, 08/03/2026, 10/03/2026] @ http://localhost:3000/_next/static/chunks/11hm_next_dist_0m6rgog._.js:2441
[ 4098492ms] [LOG] [DEBUG] - Comparando con 05/03/2026: no coincide @ http://localhost:3000/_next/static/chunks/11hm_next_dist_0m6rgog._.js:2441
[ 4098492ms] [LOG] [DEBUG] - Comparando con 08/03/2026: no coincide @ http://localhost:3000/_next/static/chunks/11hm_next_dist_0m6rgog._.js:2441
[ 4098492ms] [LOG] [DEBUG] - Comparando con 10/03/2026: no coincide @ http://localhost:3000/_next/static/chunks/11hm_next_dist_0m6rgog._.js:2441
[ 4098492ms] [LOG] [DEBUG] Resultado final para : NO INCLUIDO @ http://localhost:3000/_next/static/chunks/11hm_next_dist_0m6rgog._.js:2441
[ 4098492ms] [LOG] [DEBUG] Comparando fecha:  con filtros: [05/03/2026, 08/03/2026, 10/03/2026] @ http://localhost:3000/_next/static/chunks/11hm_next_dist_0m6rgog._.js:2441
[ 4098493ms] [LOG] [DEBUG] - Comparando con 05/03/2026: no coincide @ http://localhost:3000/_next/static/chunks/11hm_next_dist_0m6rgog._.js:2441
[ 4098493ms] [LOG] [DEBUG] - Comparando con 08/03/2026: no coincide @ http://localhost:3000/_next/static/chunks/11hm_next_dist_0m6rgog._.js:2441
[ 4098493ms] [LOG] [DEBUG] - Comparando con 10/03/2026: no coincide @ http://localhost:3000/_next/static/chunks/11hm_next_dist_0m6rgog._.js:2441
[ 4098493ms] [LOG] [DEBUG] Resultado final para : NO INCLUIDO @ http://localhost:3000/_next/static/chunks/11hm_next_dist_0m6rgog._.js:2441
[ 4098493ms] [LOG] [DEBUG] Comparando fecha:  con filtros: [05/03/2026, 08/03/2026, 10/03/2026] @ http://localhost:3000/_next/static/chunks/11hm_next_dist_0m6rgog._.js:2441
[ 4098493ms] [LOG] [DEBUG] - Comparando con 05/03/2026: no coincide @ http://localhost:3000/_next/static/chunks/11hm_next_dist_0m6rgog._.js:2441
[ 4098494ms] [LOG] [DEBUG] - Comparando con 08/03/2026: no coincide @ http://localhost:3000/_next/static/chunks/11hm_next_dist_0m6rgog._.js:2441
[ 4098494ms] [LOG] [DEBUG] - Comparando con 10/03/2026: no coincide @ http://localhost:3000/_next/static/chunks/11hm_next_dist_0m6rgog._.js:2441
[ 4098494ms] [LOG] [DEBUG] Resultado final para : NO INCLUIDO @ http://localhost:3000/_next/static/chunks/11hm_next_dist_0m6rgog._.js:2441
[ 4098494ms] [LOG] [DEBUG] Comparando fecha:  con filtros: [05/03/2026, 08/03/2026, 10/03/2026] @ http://localhost:3000/_next/static/chunks/11hm_next_dist_0m6rgog._.js:2441
[ 4098494ms] [LOG] [DEBUG] - Comparando con 05/03/2026: no coincide @ http://localhost:3000/_next/static/chunks/11hm_next_dist_0m6rgog._.js:2441
[ 4098494ms] [LOG] [DEBUG] - Comparando con 08/03/2026: no coincide @ http://localhost:3000/_next/static/chunks/11hm_next_dist_0m6rgog._.js:2441
[ 4098494ms] [LOG] [DEBUG] - Comparando con 10/03/2026: no coincide @ http://localhost:3000/_next/static/chunks/11hm_next_dist_0m6rgog._.js:2441
[ 4098495ms] [LOG] [DEBUG] Resultado final para : NO INCLUIDO @ http://localhost:3000/_next/static/chunks/11hm_next_dist_0m6rgog._.js:2441
[ 4098495ms] [LOG] [DEBUG] Comparando fecha:  con filtros: [05/03/2026, 08/03/2026, 10/03/2026] @ http://localhost:3000/_next/static/chunks/11hm_next_dist_0m6rgog._.js:2441
[ 4098495ms] [LOG] [DEBUG] - Comparando con 05/03/2026: no coincide @ http://localhost:3000/_next/static/chunks/11hm_next_dist_0m6rgog._.js:2441
[ 4098495ms] [LOG] [DEBUG] - Comparando con 08/03/2026: no coincide @ http://localhost:3000/_next/static/chunks/11hm_next_dist_0m6rgog._.js:2441
[ 4098495ms] [LOG] [DEBUG] - Comparando con 10/03/2026: no coincide @ http://localhost:3000/_next/static/chunks/11hm_next_dist_0m6rgog._.js:2441
[ 4098495ms] [LOG] [DEBUG] Resultado final para : NO INCLUIDO @ http://localhost:3000/_next/static/chunks/11hm_next_dist_0m6rgog._.js:2441
[ 4098495ms] [LOG] [DEBUG] Comparando fecha:  con filtros: [05/03/2026, 08/03/2026, 10/03/2026] @ http://localhost:3000/_next/static/chunks/11hm_next_dist_0m6rgog._.js:2441
[ 4098495ms] [LOG] [DEBUG] - Comparando con 05/03/2026: no coincide @ http://localhost:3000/_next/static/chunks/11hm_next_dist_0m6rgog._.js:2441
[ 4098496ms] [LOG] [DEBUG] - Comparando con 08/03/2026: no coincide @ http://localhost:3000/_next/static/chunks/11hm_next_dist_0m6rgog._.js:2441
[ 4098496ms] [LOG] [DEBUG] - Comparando con 10/03/2026: no coincide @ http://localhost:3000/_next/static/chunks/11hm_next_dist_0m6rgog._.js:2441
[ 4098496ms] [LOG] [DEBUG] Resultado final para : NO INCLUIDO @ http://localhost:3000/_next/static/chunks/11hm_next_dist_0m6rgog._.js:2441
[ 4098496ms] [LOG] [DEBUG] Comparando fecha:  con filtros: [05/03/2026, 08/03/2026, 10/03/2026] @ http://localhost:3000/_next/static/chunks/11hm_next_dist_0m6rgog._.js:2441
[ 4098496ms] [LOG] [DEBUG] - Comparando con 05/03/2026: no coincide @ http://localhost:3000/_next/static/chunks/11hm_next_dist_0m6rgog._.js:2441
[ 4098497ms] [LOG] [DEBUG] - Comparando con 08/03/2026: no coincide @ http://localhost:3000/_next/static/chunks/11hm_next_dist_0m6rgog._.js:2441
[ 4098497ms] [LOG] [DEBUG] - Comparando con 10/03/2026: no coincide @ http://localhost:3000/_next/static/chunks/11hm_next_dist_0m6rgog._.js:2441
[ 4098497ms] [LOG] [DEBUG] Resultado final para : NO INCLUIDO @ http://localhost:3000/_next/static/chunks/11hm_next_dist_0m6rgog._.js:2441
[ 4098497ms] [LOG] [DEBUG] Comparando fecha: 03/08/2026 con filtros: [05/03/2026, 08/03/2026, 10/03/2026] @ http://localhost:3000/_next/static/chunks/11hm_next_dist_0m6rgog._.js:2441
[ 4098497ms] [LOG] [DEBUG] - Comparando con 05/03/2026: no coincide @ http://localhost:3000/_next/static/chunks/11hm_next_dist_0m6rgog._.js:2441
[ 4098497ms] [LOG] [DEBUG] - Comparando con 08/03/2026: no coincide @ http://localhost:3000/_next/static/chunks/11hm_next_dist_0m6rgog._.js:2441
[ 4098497ms] [LOG] [DEBUG] - Comparando con 10/03/2026: no coincide @ http://localhost:3000/_next/static/chunks/11hm_next_dist_0m6rgog._.js:2441
[ 4098497ms] [LOG] [DEBUG] Resultado final para 03/08/2026: NO INCLUIDO @ http://localhost:3000/_next/static/chunks/11hm_next_dist_0m6rgog._.js:2441
[ 4098498ms] [LOG] [DEBUG] Comparando fecha:  con filtros: [05/03/2026, 08/03/2026, 10/03/2026] @ http://localhost:3000/_next/static/chunks/11hm_next_dist_0m6rgog._.js:2441
[ 4098498ms] [LOG] [DEBUG] - Comparando con 05/03/2026: no coincide @ http://localhost:3000/_next/static/chunks/11hm_next_dist_0m6rgog._.js:2441
[ 4098498ms] [LOG] [DEBUG] - Comparando con 08/03/2026: no coincide @ http://localhost:3000/_next/static/chunks/11hm_next_dist_0m6rgog._.js:2441
[ 4098498ms] [LOG] [DEBUG] - Comparando con 10/03/2026: no coincide @ http://localhost:3000/_next/static/chunks/11hm_next_dist_0m6rgog._.js:2441
[ 4098498ms] [LOG] [DEBUG] Resultado final para : NO INCLUIDO @ http://localhost:3000/_next/static/chunks/11hm_next_dist_0m6rgog._.js:2441
[ 4098498ms] [LOG] [DEBUG] Comparando fecha: 01/10/2026 con filtros: [05/03/2026, 08/03/2026, 10/03/2026] @ http://localhost:3000/_next/static/chunks/11hm_next_dist_0m6rgog._.js:2441
[ 4098498ms] [LOG] [DEBUG] - Comparando con 05/03/2026: no coincide @ http://localhost:3000/_next/static/chunks/11hm_next_dist_0m6rgog._.js:2441
[ 4098498ms] [LOG] [DEBUG] - Comparando con 08/03/2026: no coincide @ http://localhost:3000/_next/static/chunks/11hm_next_dist_0m6rgog._.js:2441
[ 4098498ms] [LOG] [DEBUG] - Comparando con 10/03/2026: no coincide @ http://localhost:3000/_next/static/chunks/11hm_next_dist_0m6rgog._.js:2441
[ 4098499ms] [LOG] [DEBUG] Resultado final para 01/10/2026: NO INCLUIDO @ http://localhost:3000/_next/static/chunks/11hm_next_dist_0m6rgog._.js:2441
[ 4098499ms] [LOG] [DEBUG] Comparando fecha: 12/01/2025 con filtros: [05/03/2026, 08/03/2026, 10/03/2026] @ http://localhost:3000/_next/static/chunks/11hm_next_dist_0m6rgog._.js:2441
[ 4098499ms] [LOG] [DEBUG] - Comparando con 05/03/2026: no coincide @ http://localhost:3000/_next/static/chunks/11hm_next_dist_0m6rgog._.js:2441
[ 4098499ms] [LOG] [DEBUG] - Comparando con 08/03/2026: no coincide @ http://localhost:3000/_next/static/chunks/11hm_next_dist_0m6rgog._.js:2441
[ 4098499ms] [LOG] [DEBUG] - Comparando con 10/03/2026: no coincide @ http://localhost:3000/_next/static/chunks/11hm_next_dist_0m6rgog._.js:2441
[ 4098499ms] [LOG] [DEBUG] Resultado final para 12/01/2025: NO INCLUIDO @ http://localhost:3000/_next/static/chunks/11hm_next_dist_0m6rgog._.js:2441
[ 4098499ms] [LOG] [DEBUG] Comparando fecha:  con filtros: [05/03/2026, 08/03/2026, 10/03/2026] @ http://localhost:3000/_next/static/chunks/11hm_next_dist_0m6rgog._.js:2441
[ 4098499ms] [LOG] [DEBUG] - Comparando con 05/03/2026: no coincide @ http://localhost:3000/_next/static/chunks/11hm_next_dist_0m6rgog._.js:2441
[ 4098499ms] [LOG] [DEBUG] - Comparando con 08/03/2026: no coincide @ http://localhost:3000/_next/static/chunks/11hm_next_dist_0m6rgog._.js:2441
[ 4098500ms] [LOG] [DEBUG] - Comparando con 10/03/2026: no coincide @ http://localhost:3000/_next/static/chunks/11hm_next_dist_0m6rgog._.js:2441
[ 4098500ms] [LOG] [DEBUG] Resultado final para : NO INCLUIDO @ http://localhost:3000/_next/static/chunks/11hm_next_dist_0m6rgog._.js:2441
[ 4098500ms] [LOG] [DEBUG] Comparando fecha:  con filtros: [05/03/2026, 08/03/2026, 10/03/2026] @ http://localhost:3000/_next/static/chunks/11hm_next_dist_0m6rgog._.js:2441
[ 4098500ms] [LOG] [DEBUG] - Comparando con 05/03/2026: no coincide @ http://localhost:3000/_next/static/chunks/11hm_next_dist_0m6rgog._.js:2441
[ 4098500ms] [LOG] [DEBUG] - Comparando con 08/03/2026: no coincide @ http://localhost:3000/_next/static/chunks/11hm_next_dist_0m6rgog._.js:2441
[ 4098500ms] [LOG] [DEBUG] - Comparando con 10/03/2026: no coincide @ http://localhost:3000/_next/static/chunks/11hm_next_dist_0m6rgog._.js:2441
[ 4098500ms] [LOG] [DEBUG] Resultado final para : NO INCLUIDO @ http://localhost:3000/_next/static/chunks/11hm_next_dist_0m6rgog._.js:2441
[ 4098500ms] [LOG] [DEBUG] Comparando fecha: 03/05/2026 con filtros: [05/03/2026, 08/03/2026, 10/03/2026] @ http://localhost:3000/_next/static/chunks/11hm_next_dist_0m6rgog._.js:2441
[ 4098500ms] [LOG] [DEBUG] - Comparando con 05/03/2026: no coincide @ http://localhost:3000/_next/static/chunks/11hm_next_dist_0m6rgog._.js:2441
[ 4098501ms] [LOG] [DEBUG] - Comparando con 08/03/2026: no coincide @ http://localhost:3000/_next/static/chunks/11hm_next_dist_0m6rgog._.js:2441
[ 4098501ms] [LOG] [DEBUG] - Comparando con 10/03/2026: no coincide @ http://localhost:3000/_next/static/chunks/11hm_next_dist_0m6rgog._.js:2441
[ 4098501ms] [LOG] [DEBUG] Resultado final para 03/05/2026: NO INCLUIDO @ http://localhost:3000/_next/static/chunks/11hm_next_dist_0m6rgog._.js:2441
[ 4098501ms] [LOG] [DEBUG] Comparando fecha:  con filtros: [05/03/2026, 08/03/2026, 10/03/2026] @ http://localhost:3000/_next/static/chunks/11hm_next_dist_0m6rgog._.js:2441
[ 4098501ms] [LOG] [DEBUG] - Comparando con 05/03/2026: no coincide @ http://localhost:3000/_next/static/chunks/11hm_next_dist_0m6rgog._.js:2441
[ 4098501ms] [LOG] [DEBUG] - Comparando con 08/03/2026: no coincide @ http://localhost:3000/_next/static/chunks/11hm_next_dist_0m6rgog._.js:2441
[ 4098501ms] [LOG] [DEBUG] - Comparando con 10/03/2026: no coincide @ http://localhost:3000/_next/static/chunks/11hm_next_dist_0m6rgog._.js:2441
[ 4098501ms] [LOG] [DEBUG] Resultado final para : NO INCLUIDO @ http://localhost:3000/_next/static/chunks/11hm_next_dist_0m6rgog._.js:2441
[ 4098501ms] [LOG] [DEBUG] Comparando fecha:  con filtros: [05/03/2026, 08/03/2026, 10/03/2026] @ http://localhost:3000/_next/static/chunks/11hm_next_dist_0m6rgog._.js:2441
[ 4098502ms] [LOG] [DEBUG] - Comparando con 05/03/2026: no coincide @ http://localhost:3000/_next/static/chunks/11hm_next_dist_0m6rgog._.js:2441
[ 4098502ms] [LOG] [DEBUG] - Comparando con 08/03/2026: no coincide @ http://localhost:3000/_next/static/chunks/11hm_next_dist_0m6rgog._.js:2441
[ 4098502ms] [LOG] [DEBUG] - Comparando con 10/03/2026: no coincide @ http://localhost:3000/_next/static/chunks/11hm_next_dist_0m6rgog._.js:2441
[ 4098502ms] [LOG] [DEBUG] Resultado final para : NO INCLUIDO @ http://localhost:3000/_next/static/chunks/11hm_next_dist_0m6rgog._.js:2441
[ 4098504ms] [LOG] [DEBUG] Effective column order: {baseOrder: Array(14), pinnedColumnId: index, otherColumns: Array(13), hasActions: true, result: Array(15)} @ http://localhost:3000/_next/static/chunks/11hm_next_dist_0m6rgog._.js:2441
[ 4098504ms] [LOG] [DEBUG] Effective column order: {baseOrder: Array(14), pinnedColumnId: index, otherColumns: Array(13), hasActions: true, result: Array(15)} @ http://localhost:3000/_next/static/chunks/11hm_next_dist_0m6rgog._.js:2441
[ 4098545ms] [LOG] [DEBUG] Valores unicos procesados: {columnId: ultimoContacto, columnType: date, uniqueValues: Array(21)} @ http://localhost:3000/_next/static/chunks/11hm_next_dist_0m6rgog._.js:2441
[ 4098545ms] [LOG] [DEBUG] FilterFactory initialValue debug: {columnId: ultimoContacto, columnType: date, propsInitialValue: Object, currentFilter: Object} @ http://localhost:3000/_next/static/chunks/11hm_next_dist_0m6rgog._.js:2441
[ 4098545ms] [LOG] [DEBUG] Filter selection for column: {columnId: ultimoContacto, columnType: date, useAdaptiveFiltering: false, sampleData: Array(3)} @ http://localhost:3000/_next/static/chunks/11hm_next_dist_0m6rgog._.js:2441
[ 4098545ms] [LOG] [DEBUG] FILTER FACTORY - Seleccionando filtro: {columnId: ultimoContacto, columnType: date, uniqueValuesCount: 21, sampleValues: Array(3)} @ http://localhost:3000/_next/static/chunks/11hm_next_dist_0m6rgog._.js:2441
[ 4098545ms] [LOG] [DEBUG] Valores unicos procesados: {columnId: ultimoContacto, columnType: date, uniqueValues: Array(21)} @ http://localhost:3000/_next/static/chunks/11hm_next_dist_0m6rgog._.js:2441
[ 4098545ms] [LOG] [DEBUG] FilterFactory initialValue debug: {columnId: ultimoContacto, columnType: date, propsInitialValue: Object, currentFilter: Object} @ http://localhost:3000/_next/static/chunks/11hm_next_dist_0m6rgog._.js:2441
[ 4098545ms] [LOG] [DEBUG] Filter selection for column: {columnId: ultimoContacto, columnType: date, useAdaptiveFiltering: false, sampleData: Array(3)} @ http://localhost:3000/_next/static/chunks/11hm_next_dist_0m6rgog._.js:2441
[ 4098546ms] [LOG] [DEBUG] FILTER FACTORY - Seleccionando filtro: {columnId: ultimoContacto, columnType: date, uniqueValuesCount: 21, sampleValues: Array(3)} @ http://localhost:3000/_next/static/chunks/11hm_next_dist_0m6rgog._.js:2441
[ 4098572ms] [LOG] [DEBUG] Renderizando SecondaryTables: {level: 0, parentId: undefined, isLoading: false, arrayColumnsCount: 0, arrayColumns: Array(0)} @ http://localhost:3000/_next/static/chunks/11hm_next_dist_0m6rgog._.js:2441
[ 4098572ms] [LOG] [DEBUG] Renderizando SecondaryTables: {level: 0, parentId: undefined, isLoading: false, arrayColumnsCount: 0, arrayColumns: Array(0)} @ http://localhost:3000/_next/static/chunks/11hm_next_dist_0m6rgog._.js:2441
[ 4098583ms] [LOG] [DEBUG] Effective column order: {baseOrder: Array(14), pinnedColumnId: index, otherColumns: Array(13), hasActions: true, result: Array(15)} @ http://localhost:3000/_next/static/chunks/11hm_next_dist_0m6rgog._.js:2441
[ 4098584ms] [LOG] [DEBUG] Effective column order: {baseOrder: Array(14), pinnedColumnId: index, otherColumns: Array(13), hasActions: true, result: Array(15)} @ http://localhost:3000/_next/static/chunks/11hm_next_dist_0m6rgog._.js:2441
[ 4098585ms] [LOG] [DEBUG] Effective column order: {baseOrder: Array(14), pinnedColumnId: index, otherColumns: Array(13), hasActions: true, result: Array(15)} @ http://localhost:3000/_next/static/chunks/11hm_next_dist_0m6rgog._.js:2441
[ 4098585ms] [LOG] [DEBUG] Effective column order: {baseOrder: Array(14), pinnedColumnId: index, otherColumns: Array(13), hasActions: true, result: Array(15)} @ http://localhost:3000/_next/static/chunks/11hm_next_dist_0m6rgog._.js:2441
[ 4098595ms] [LOG] [DEBUG] Renderizando SecondaryTables: {level: 0, parentId: undefined, isLoading: false, arrayColumnsCount: 0, arrayColumns: Array(0)} @ http://localhost:3000/_next/static/chunks/11hm_next_dist_0m6rgog._.js:2441
[ 4098595ms] [LOG] [DEBUG] Renderizando SecondaryTables: {level: 0, parentId: undefined, isLoading: false, arrayColumnsCount: 0, arrayColumns: Array(0)} @ http://localhost:3000/_next/static/chunks/11hm_next_dist_0m6rgog._.js:2441
[ 4098601ms] [LOG] [DEBUG] Renderizando SecondaryTables: {level: 0, parentId: undefined, isLoading: false, arrayColumnsCount: 0, arrayColumns: Array(0)} @ http://localhost:3000/_next/static/chunks/11hm_next_dist_0m6rgog._.js:2441
[ 4098601ms] [LOG] [DEBUG] Renderizando SecondaryTables: {level: 0, parentId: undefined, isLoading: false, arrayColumnsCount: 0, arrayColumns: Array(0)} @ http://localhost:3000/_next/static/chunks/11hm_next_dist_0m6rgog._.js:2441
[ 4098602ms] [LOG] [DEBUG] Effective column order: {baseOrder: Array(14), pinnedColumnId: index, otherColumns: Array(13), hasActions: true, result: Array(15)} @ http://localhost:3000/_next/static/chunks/11hm_next_dist_0m6rgog._.js:2441
[ 4098602ms] [LOG] [DEBUG] Effective column order: {baseOrder: Array(14), pinnedColumnId: index, otherColumns: Array(13), hasActions: true, result: Array(15)} @ http://localhost:3000/_next/static/chunks/11hm_next_dist_0m6rgog._.js:2441
[ 4098603ms] [LOG] [DEBUG] Effective column order: {baseOrder: Array(14), pinnedColumnId: index, otherColumns: Array(13), hasActions: true, result: Array(15)} @ http://localhost:3000/_next/static/chunks/11hm_next_dist_0m6rgog._.js:2441
[ 4098603ms] [LOG] [DEBUG] Effective column order: {baseOrder: Array(14), pinnedColumnId: index, otherColumns: Array(13), hasActions: true, result: Array(15)} @ http://localhost:3000/_next/static/chunks/11hm_next_dist_0m6rgog._.js:2441
[ 4098609ms] [LOG] [DEBUG] Renderizando SecondaryTables: {level: 0, parentId: undefined, isLoading: false, arrayColumnsCount: 0, arrayColumns: Array(0)} @ http://localhost:3000/_next/static/chunks/11hm_next_dist_0m6rgog._.js:2441
[ 4098609ms] [LOG] [DEBUG] Renderizando SecondaryTables: {level: 0, parentId: undefined, isLoading: false, arrayColumnsCount: 0, arrayColumns: Array(0)} @ http://localhost:3000/_next/static/chunks/11hm_next_dist_0m6rgog._.js:2441
[ 4098885ms] [LOG] [DEBUG] Effective column order: {baseOrder: Array(14), pinnedColumnId: index, otherColumns: Array(13), hasActions: true, result: Array(15)} @ http://localhost:3000/_next/static/chunks/11hm_next_dist_0m6rgog._.js:2441
[ 4098885ms] [LOG] [DEBUG] Effective column order: {baseOrder: Array(14), pinnedColumnId: index, otherColumns: Array(13), hasActions: true, result: Array(15)} @ http://localhost:3000/_next/static/chunks/11hm_next_dist_0m6rgog._.js:2441
[ 4098886ms] [LOG] [DEBUG] Effective column order: {baseOrder: Array(14), pinnedColumnId: index, otherColumns: Array(13), hasActions: true, result: Array(15)} @ http://localhost:3000/_next/static/chunks/11hm_next_dist_0m6rgog._.js:2441
[ 4098886ms] [LOG] [DEBUG] Effective column order: {baseOrder: Array(14), pinnedColumnId: index, otherColumns: Array(13), hasActions: true, result: Array(15)} @ http://localhost:3000/_next/static/chunks/11hm_next_dist_0m6rgog._.js:2441
[ 4098922ms] [LOG] [DEBUG] Renderizando SecondaryTables: {level: 0, parentId: undefined, isLoading: false, arrayColumnsCount: 0, arrayColumns: Array(0)} @ http://localhost:3000/_next/static/chunks/11hm_next_dist_0m6rgog._.js:2441
[ 4098923ms] [LOG] [DEBUG] Renderizando SecondaryTables: {level: 0, parentId: undefined, isLoading: false, arrayColumnsCount: 0, arrayColumns: Array(0)} @ http://localhost:3000/_next/static/chunks/11hm_next_dist_0m6rgog._.js:2441
[ 4098926ms] [LOG] [DEBUG] Effective column order: {baseOrder: Array(14), pinnedColumnId: index, otherColumns: Array(13), hasActions: true, result: Array(15)} @ http://localhost:3000/_next/static/chunks/11hm_next_dist_0m6rgog._.js:2441
[ 4098926ms] [LOG] [DEBUG] Effective column order: {baseOrder: Array(14), pinnedColumnId: index, otherColumns: Array(13), hasActions: true, result: Array(15)} @ http://localhost:3000/_next/static/chunks/11hm_next_dist_0m6rgog._.js:2441
[ 4098928ms] [LOG] [DEBUG] Effective column order: {baseOrder: Array(14), pinnedColumnId: index, otherColumns: Array(13), hasActions: true, result: Array(15)} @ http://localhost:3000/_next/static/chunks/11hm_next_dist_0m6rgog._.js:2441
[ 4098928ms] [LOG] [DEBUG] Effective column order: {baseOrder: Array(14), pinnedColumnId: index, otherColumns: Array(13), hasActions: true, result: Array(15)} @ http://localhost:3000/_next/static/chunks/11hm_next_dist_0m6rgog._.js:2441
[ 4098994ms] [LOG] [DEBUG] Renderizando SecondaryTables: {level: 0, parentId: undefined, isLoading: true, arrayColumnsCount: 0, arrayColumns: Array(0)} @ http://localhost:3000/_next/static/chunks/11hm_next_dist_0m6rgog._.js:2441
[ 4098995ms] [LOG] [DEBUG] Renderizando SecondaryTables: {level: 0, parentId: undefined, isLoading: true, arrayColumnsCount: 0, arrayColumns: Array(0)} @ http://localhost:3000/_next/static/chunks/11hm_next_dist_0m6rgog._.js:2441
[ 4099228ms] [LOG] [DEBUG] Effective column order: {baseOrder: Array(14), pinnedColumnId: index, otherColumns: Array(13), hasActions: true, result: Array(15)} @ http://localhost:3000/_next/static/chunks/11hm_next_dist_0m6rgog._.js:2441
[ 4099228ms] [LOG] [DEBUG] Effective column order: {baseOrder: Array(14), pinnedColumnId: index, otherColumns: Array(13), hasActions: true, result: Array(15)} @ http://localhost:3000/_next/static/chunks/11hm_next_dist_0m6rgog._.js:2441
[ 4099229ms] [LOG] [DEBUG] Effective column order: {baseOrder: Array(14), pinnedColumnId: index, otherColumns: Array(13), hasActions: true, result: Array(15)} @ http://localhost:3000/_next/static/chunks/11hm_next_dist_0m6rgog._.js:2441
[ 4099229ms] [LOG] [DEBUG] Effective column order: {baseOrder: Array(14), pinnedColumnId: index, otherColumns: Array(13), hasActions: true, result: Array(15)} @ http://localhost:3000/_next/static/chunks/11hm_next_dist_0m6rgog._.js:2441
[ 4099249ms] [LOG] [DEBUG] Renderizando SecondaryTables: {level: 0, parentId: undefined, isLoading: false, arrayColumnsCount: 0, arrayColumns: Array(0)} @ http://localhost:3000/_next/static/chunks/11hm_next_dist_0m6rgog._.js:2441
[ 4099249ms] [LOG] [DEBUG] Renderizando SecondaryTables: {level: 0, parentId: undefined, isLoading: false, arrayColumnsCount: 0, arrayColumns: Array(0)} @ http://localhost:3000/_next/static/chunks/11hm_next_dist_0m6rgog._.js:2441
[ 4100490ms] [LOG] [DEBUG] Valores unicos procesados: {columnId: ultimoContacto, columnType: date, uniqueValues: Array(21)} @ http://localhost:3000/_next/static/chunks/11hm_next_dist_0m6rgog._.js:2441
[ 4100490ms] [LOG] [DEBUG] FilterFactory initialValue debug: {columnId: ultimoContacto, columnType: date, propsInitialValue: Object, currentFilter: Object} @ http://localhost:3000/_next/static/chunks/11hm_next_dist_0m6rgog._.js:2441
[ 4100491ms] [LOG] [DEBUG] Filter selection for column: {columnId: ultimoContacto, columnType: date, useAdaptiveFiltering: false, sampleData: Array(3)} @ http://localhost:3000/_next/static/chunks/11hm_next_dist_0m6rgog._.js:2441
[ 4100491ms] [LOG] [DEBUG] FILTER FACTORY - Seleccionando filtro: {columnId: ultimoContacto, columnType: date, uniqueValuesCount: 21, sampleValues: Array(3)} @ http://localhost:3000/_next/static/chunks/11hm_next_dist_0m6rgog._.js:2441
[ 4100491ms] [LOG] [DEBUG] Valores unicos procesados: {columnId: ultimoContacto, columnType: date, uniqueValues: Array(21)} @ http://localhost:3000/_next/static/chunks/11hm_next_dist_0m6rgog._.js:2441
[ 4100491ms] [LOG] [DEBUG] FilterFactory initialValue debug: {columnId: ultimoContacto, columnType: date, propsInitialValue: Object, currentFilter: Object} @ http://localhost:3000/_next/static/chunks/11hm_next_dist_0m6rgog._.js:2441
[ 4100491ms] [LOG] [DEBUG] Filter selection for column: {columnId: ultimoContacto, columnType: date, useAdaptiveFiltering: false, sampleData: Array(3)} @ http://localhost:3000/_next/static/chunks/11hm_next_dist_0m6rgog._.js:2441
[ 4100491ms] [LOG] [DEBUG] FILTER FACTORY - Seleccionando filtro: {columnId: ultimoContacto, columnType: date, uniqueValuesCount: 21, sampleValues: Array(3)} @ http://localhost:3000/_next/static/chunks/11hm_next_dist_0m6rgog._.js:2441
[ 4100510ms] [WARNING] Warning: Missing `Description` or `aria-describedby={undefined}` for {DialogContent}. @ http://localhost:3000/_next/static/chunks/11hm_next_dist_0m6rgog._.js:2441
[ 4100512ms] [WARNING] Warning: Missing `Description` or `aria-describedby={undefined}` for {DialogContent}. @ http://localhost:3000/_next/static/chunks/11hm_next_dist_0m6rgog._.js:2441
[ 4385105ms] [LOG] [Fast Refresh] rebuilding @ http://localhost:3000/_next/static/chunks/11hm_next_dist_0m6rgog._.js:2441
[ 4385275ms] [LOG] [DEBUG] Iniciando procesamiento por lotes: {totalRows: 25, sampleSize: 100} @ http://localhost:3000/_next/static/chunks/11hm_next_dist_0m6rgog._.js:2441
[ 4385276ms] [LOG] [DEBUG] Iniciando análisis de tipos por columna... @ http://localhost:3000/_next/static/chunks/11hm_next_dist_0m6rgog._.js:2441
[ 4385276ms] [LOG] [DEBUG] Analizando columna: id {totalValores: 25, sampleSize: 25} @ http://localhost:3000/_next/static/chunks/11hm_next_dist_0m6rgog._.js:2441
[ 4385277ms] [LOG] [DEBUG] Tipo inferido para id: {type: number, normalizer: } @ http://localhost:3000/_next/static/chunks/11hm_next_dist_0m6rgog._.js:2441
[ 4385277ms] [LOG] [DEBUG] Analizando columna: nombre {totalValores: 25, sampleSize: 25} @ http://localhost:3000/_next/static/chunks/11hm_next_dist_0m6rgog._.js:2441
[ 4385277ms] [LOG] [DEBUG] Columna nombre: Tratando como string por defecto @ http://localhost:3000/_next/static/chunks/11hm_next_dist_0m6rgog._.js:2441
[ 4385277ms] [LOG] [DEBUG] Tipo inferido para nombre: {type: string, normalizer: } @ http://localhost:3000/_next/static/chunks/11hm_next_dist_0m6rgog._.js:2441
[ 4385277ms] [LOG] [DEBUG] Analizando columna: email {totalValores: 25, sampleSize: 25} @ http://localhost:3000/_next/static/chunks/11hm_next_dist_0m6rgog._.js:2441
[ 4385277ms] [LOG] [DEBUG] Columna email: Tratando como string por defecto @ http://localhost:3000/_next/static/chunks/11hm_next_dist_0m6rgog._.js:2441
[ 4385278ms] [LOG] [DEBUG] Tipo inferido para email: {type: string, normalizer: } @ http://localhost:3000/_next/static/chunks/11hm_next_dist_0m6rgog._.js:2441
[ 4385278ms] [LOG] [DEBUG] Analizando columna: telefono {totalValores: 25, sampleSize: 25} @ http://localhost:3000/_next/static/chunks/11hm_next_dist_0m6rgog._.js:2441
[ 4385278ms] [LOG] [DEBUG] Tipo inferido para telefono: {type: number, normalizer: } @ http://localhost:3000/_next/static/chunks/11hm_next_dist_0m6rgog._.js:2441
[ 4385278ms] [LOG] [DEBUG] Analizando columna: ciudad {totalValores: 25, sampleSize: 25} @ http://localhost:3000/_next/static/chunks/11hm_next_dist_0m6rgog._.js:2441
[ 4385278ms] [LOG] [DEBUG] Columna ciudad: Tratando como string por defecto @ http://localhost:3000/_next/static/chunks/11hm_next_dist_0m6rgog._.js:2441
[ 4385279ms] [LOG] [DEBUG] Tipo inferido para ciudad: {type: string, normalizer: } @ http://localhost:3000/_next/static/chunks/11hm_next_dist_0m6rgog._.js:2441
[ 4385279ms] [LOG] [DEBUG] Analizando columna: rol {totalValores: 25, sampleSize: 25} @ http://localhost:3000/_next/static/chunks/11hm_next_dist_0m6rgog._.js:2441
[ 4385279ms] [LOG] [DEBUG] Columna rol: Tratando como string por defecto @ http://localhost:3000/_next/static/chunks/11hm_next_dist_0m6rgog._.js:2441
[ 4385280ms] [LOG] [DEBUG] Tipo inferido para rol: {type: string, normalizer: } @ http://localhost:3000/_next/static/chunks/11hm_next_dist_0m6rgog._.js:2441
[ 4385280ms] [LOG] [DEBUG] Analizando columna: estado {totalValores: 25, sampleSize: 25} @ http://localhost:3000/_next/static/chunks/11hm_next_dist_0m6rgog._.js:2441
[ 4385280ms] [LOG] [DEBUG] Columna estado: Tratando como string por defecto @ http://localhost:3000/_next/static/chunks/11hm_next_dist_0m6rgog._.js:2441
[ 4385280ms] [LOG] [DEBUG] Tipo inferido para estado: {type: string, normalizer: } @ http://localhost:3000/_next/static/chunks/11hm_next_dist_0m6rgog._.js:2441
[ 4385280ms] [LOG] [DEBUG] Analizando columna: fechaRegistro {totalValores: 25, sampleSize: 25} @ http://localhost:3000/_next/static/chunks/11hm_next_dist_0m6rgog._.js:2441
[ 4385281ms] [LOG] [DEBUG] Análisis de fechas para fechaRegistro: {total: 25, compatibles: 25, porcentaje: 100.00%, umbral: 30.00%} @ http://localhost:3000/_next/static/chunks/11hm_next_dist_0m6rgog._.js:2441
[ 4385281ms] [LOG] [DEBUG] Columna fechaRegistro: Detectado tipo fecha (confidence: 1.00) @ http://localhost:3000/_next/static/chunks/11hm_next_dist_0m6rgog._.js:2441
[ 4385281ms] [LOG] [DEBUG] Tipo inferido para fechaRegistro: {type: date, normalizer: } @ http://localhost:3000/_next/static/chunks/11hm_next_dist_0m6rgog._.js:2441
[ 4385281ms] [LOG] [DEBUG] Analizando columna: ultimoContacto {totalValores: 25, sampleSize: 25} @ http://localhost:3000/_next/static/chunks/11hm_next_dist_0m6rgog._.js:2441
[ 4385281ms] [LOG] [DEBUG] Análisis de fechas para ultimoContacto: {total: 25, compatibles: 25, porcentaje: 100.00%, umbral: 70.00%} @ http://localhost:3000/_next/static/chunks/11hm_next_dist_0m6rgog._.js:2441
[ 4385281ms] [LOG] [DEBUG] Columna ultimoContacto: Detectado tipo fecha (confidence: 1.00) @ http://localhost:3000/_next/static/chunks/11hm_next_dist_0m6rgog._.js:2441
[ 4385281ms] [LOG] [DEBUG] Tipo inferido para ultimoContacto: {type: date, normalizer: } @ http://localhost:3000/_next/static/chunks/11hm_next_dist_0m6rgog._.js:2441
[ 4385281ms] [LOG] [DEBUG] Analizando columna: valorTotal {totalValores: 25, sampleSize: 25} @ http://localhost:3000/_next/static/chunks/11hm_next_dist_0m6rgog._.js:2441
[ 4385281ms] [LOG] [DEBUG] Columna valorTotal: Tratando como string para valores numéricos específicos @ http://localhost:3000/_next/static/chunks/11hm_next_dist_0m6rgog._.js:2441
[ 4385282ms] [LOG] [DEBUG] Tipo inferido para valorTotal: {type: string, normalizer: } @ http://localhost:3000/_next/static/chunks/11hm_next_dist_0m6rgog._.js:2441
[ 4385282ms] [LOG] [DEBUG] Analizando columna: satisfaccion {totalValores: 25, sampleSize: 25} @ http://localhost:3000/_next/static/chunks/11hm_next_dist_0m6rgog._.js:2441
[ 4385282ms] [LOG] [DEBUG] Tipo inferido para satisfaccion: {type: number, normalizer: } @ http://localhost:3000/_next/static/chunks/11hm_next_dist_0m6rgog._.js:2441
[ 4385282ms] [LOG] [DEBUG] Analizando columna: activo {totalValores: 25, sampleSize: 25} @ http://localhost:3000/_next/static/chunks/11hm_next_dist_0m6rgog._.js:2441
[ 4385282ms] [LOG] [DEBUG] Tipo inferido para activo: {type: boolean, normalizer: } @ http://localhost:3000/_next/static/chunks/11hm_next_dist_0m6rgog._.js:2441
[ 4385282ms] [LOG] [DEBUG] Procesando fila 0/25 @ http://localhost:3000/_next/static/chunks/11hm_next_dist_0m6rgog._.js:2441
[ 4385287ms] [LOG] [DEBUG] Iniciando procesamiento por lotes: {totalRows: 25, sampleSize: 100} @ http://localhost:3000/_next/static/chunks/11hm_next_dist_0m6rgog._.js:2441
[ 4385287ms] [LOG] [DEBUG] Iniciando análisis de tipos por columna... @ http://localhost:3000/_next/static/chunks/11hm_next_dist_0m6rgog._.js:2441
[ 4385287ms] [LOG] [DEBUG] Analizando columna: id {totalValores: 25, sampleSize: 25} @ http://localhost:3000/_next/static/chunks/11hm_next_dist_0m6rgog._.js:2441
[ 4385287ms] [LOG] [DEBUG] Tipo inferido para id: {type: number, normalizer: } @ http://localhost:3000/_next/static/chunks/11hm_next_dist_0m6rgog._.js:2441
[ 4385287ms] [LOG] [DEBUG] Analizando columna: nombre {totalValores: 25, sampleSize: 25} @ http://localhost:3000/_next/static/chunks/11hm_next_dist_0m6rgog._.js:2441
[ 4385287ms] [LOG] [DEBUG] Tipo inferido para nombre: {type: string, normalizer: } @ http://localhost:3000/_next/static/chunks/11hm_next_dist_0m6rgog._.js:2441
[ 4385287ms] [LOG] [DEBUG] Analizando columna: email {totalValores: 25, sampleSize: 25} @ http://localhost:3000/_next/static/chunks/11hm_next_dist_0m6rgog._.js:2441
[ 4385287ms] [LOG] [DEBUG] Tipo inferido para email: {type: string, normalizer: } @ http://localhost:3000/_next/static/chunks/11hm_next_dist_0m6rgog._.js:2441
[ 4385288ms] [LOG] [DEBUG] Analizando columna: telefono {totalValores: 25, sampleSize: 25} @ http://localhost:3000/_next/static/chunks/11hm_next_dist_0m6rgog._.js:2441
[ 4385288ms] [LOG] [DEBUG] Tipo inferido para telefono: {type: number, normalizer: } @ http://localhost:3000/_next/static/chunks/11hm_next_dist_0m6rgog._.js:2441
[ 4385288ms] [LOG] [DEBUG] Analizando columna: ciudad {totalValores: 25, sampleSize: 25} @ http://localhost:3000/_next/static/chunks/11hm_next_dist_0m6rgog._.js:2441
[ 4385288ms] [LOG] [DEBUG] Tipo inferido para ciudad: {type: string, normalizer: } @ http://localhost:3000/_next/static/chunks/11hm_next_dist_0m6rgog._.js:2441
[ 4385289ms] [LOG] [DEBUG] Analizando columna: rol {totalValores: 25, sampleSize: 25} @ http://localhost:3000/_next/static/chunks/11hm_next_dist_0m6rgog._.js:2441
[ 4385289ms] [LOG] [DEBUG] Tipo inferido para rol: {type: string, normalizer: } @ http://localhost:3000/_next/static/chunks/11hm_next_dist_0m6rgog._.js:2441
[ 4385289ms] [LOG] [DEBUG] Analizando columna: estado {totalValores: 25, sampleSize: 25} @ http://localhost:3000/_next/static/chunks/11hm_next_dist_0m6rgog._.js:2441
[ 4385289ms] [LOG] [DEBUG] Tipo inferido para estado: {type: string, normalizer: } @ http://localhost:3000/_next/static/chunks/11hm_next_dist_0m6rgog._.js:2441
[ 4385289ms] [LOG] [DEBUG] Analizando columna: fechaRegistro {totalValores: 25, sampleSize: 25} @ http://localhost:3000/_next/static/chunks/11hm_next_dist_0m6rgog._.js:2441
[ 4385289ms] [LOG] [DEBUG] Tipo inferido para fechaRegistro: {type: date, normalizer: } @ http://localhost:3000/_next/static/chunks/11hm_next_dist_0m6rgog._.js:2441
[ 4385289ms] [LOG] [DEBUG] Analizando columna: ultimoContacto {totalValores: 25, sampleSize: 25} @ http://localhost:3000/_next/static/chunks/11hm_next_dist_0m6rgog._.js:2441
[ 4385289ms] [LOG] [DEBUG] Tipo inferido para ultimoContacto: {type: date, normalizer: } @ http://localhost:3000/_next/static/chunks/11hm_next_dist_0m6rgog._.js:2441
[ 4385289ms] [LOG] [DEBUG] Analizando columna: valorTotal {totalValores: 25, sampleSize: 25} @ http://localhost:3000/_next/static/chunks/11hm_next_dist_0m6rgog._.js:2441
[ 4385289ms] [LOG] [DEBUG] Tipo inferido para valorTotal: {type: string, normalizer: } @ http://localhost:3000/_next/static/chunks/11hm_next_dist_0m6rgog._.js:2441
[ 4385289ms] [LOG] [DEBUG] Analizando columna: satisfaccion {totalValores: 25, sampleSize: 25} @ http://localhost:3000/_next/static/chunks/11hm_next_dist_0m6rgog._.js:2441
[ 4385290ms] [LOG] [DEBUG] Tipo inferido para satisfaccion: {type: number, normalizer: } @ http://localhost:3000/_next/static/chunks/11hm_next_dist_0m6rgog._.js:2441
[ 4385290ms] [LOG] [DEBUG] Analizando columna: activo {totalValores: 25, sampleSize: 25} @ http://localhost:3000/_next/static/chunks/11hm_next_dist_0m6rgog._.js:2441
[ 4385290ms] [LOG] [DEBUG] Tipo inferido para activo: {type: boolean, normalizer: } @ http://localhost:3000/_next/static/chunks/11hm_next_dist_0m6rgog._.js:2441
[ 4385290ms] [LOG] [DEBUG] Procesando fila 0/25 @ http://localhost:3000/_next/static/chunks/11hm_next_dist_0m6rgog._.js:2441
[ 4385292ms] [LOG] [DEBUG] Creando definicion de columna: {columnId: id, isReference: false, type: number, path: Array(1)} @ http://localhost:3000/_next/static/chunks/11hm_next_dist_0m6rgog._.js:2441
[ 4385293ms] [LOG] [DEBUG] Creando definicion de columna: {columnId: nombre, isReference: false, type: string, path: Array(1)} @ http://localhost:3000/_next/static/chunks/11hm_next_dist_0m6rgog._.js:2441
[ 4385293ms] [LOG] [DEBUG] Creando definicion de columna: {columnId: email, isReference: false, type: string, path: Array(1)} @ http://localhost:3000/_next/static/chunks/11hm_next_dist_0m6rgog._.js:2441
[ 4385293ms] [LOG] [DEBUG] Creando definicion de columna: {columnId: telefono, isReference: false, type: number, path: Array(1)} @ http://localhost:3000/_next/static/chunks/11hm_next_dist_0m6rgog._.js:2441
[ 4385293ms] [LOG] [DEBUG] Creando definicion de columna: {columnId: ciudad, isReference: false, type: string, path: Array(1)} @ http://localhost:3000/_next/static/chunks/11hm_next_dist_0m6rgog._.js:2441
[ 4385293ms] [LOG] [DEBUG] Creando definicion de columna: {columnId: rol, isReference: false, type: string, path: Array(1)} @ http://localhost:3000/_next/static/chunks/11hm_next_dist_0m6rgog._.js:2441
[ 4385293ms] [LOG] [DEBUG] Creando definicion de columna: {columnId: estado, isReference: false, type: string, path: Array(1)} @ http://localhost:3000/_next/static/chunks/11hm_next_dist_0m6rgog._.js:2441
[ 4385293ms] [LOG] [DEBUG] Creando definicion de columna: {columnId: fechaRegistro, isReference: false, type: date, path: Array(1)} @ http://localhost:3000/_next/static/chunks/11hm_next_dist_0m6rgog._.js:2441
[ 4385293ms] [LOG] [DEBUG] Creando definicion de columna: {columnId: ultimoContacto, isReference: false, type: date, path: Array(1)} @ http://localhost:3000/_next/static/chunks/11hm_next_dist_0m6rgog._.js:2441
[ 4385293ms] [LOG] [DEBUG] Creando definicion de columna: {columnId: valorTotal, isReference: false, type: string, path: Array(1)} @ http://localhost:3000/_next/static/chunks/11hm_next_dist_0m6rgog._.js:2441
[ 4385293ms] [LOG] [DEBUG] Creando definicion de columna: {columnId: satisfaccion, isReference: false, type: number, path: Array(1)} @ http://localhost:3000/_next/static/chunks/11hm_next_dist_0m6rgog._.js:2441
[ 4385293ms] [LOG] [DEBUG] Creando definicion de columna: {columnId: activo, isReference: false, type: boolean, path: Array(1)} @ http://localhost:3000/_next/static/chunks/11hm_next_dist_0m6rgog._.js:2441
[ 4385294ms] [LOG] [DEBUG] Creando definicion de columna: {columnId: id, isReference: false, type: number, path: Array(1)} @ http://localhost:3000/_next/static/chunks/11hm_next_dist_0m6rgog._.js:2441
[ 4385294ms] [LOG] [DEBUG] Creando definicion de columna: {columnId: nombre, isReference: false, type: string, path: Array(1)} @ http://localhost:3000/_next/static/chunks/11hm_next_dist_0m6rgog._.js:2441
[ 4385294ms] [LOG] [DEBUG] Creando definicion de columna: {columnId: email, isReference: false, type: string, path: Array(1)} @ http://localhost:3000/_next/static/chunks/11hm_next_dist_0m6rgog._.js:2441
[ 4385294ms] [LOG] [DEBUG] Creando definicion de columna: {columnId: telefono, isReference: false, type: number, path: Array(1)} @ http://localhost:3000/_next/static/chunks/11hm_next_dist_0m6rgog._.js:2441
[ 4385294ms] [LOG] [DEBUG] Creando definicion de columna: {columnId: ciudad, isReference: false, type: string, path: Array(1)} @ http://localhost:3000/_next/static/chunks/11hm_next_dist_0m6rgog._.js:2441
[ 4385294ms] [LOG] [DEBUG] Creando definicion de columna: {columnId: rol, isReference: false, type: string, path: Array(1)} @ http://localhost:3000/_next/static/chunks/11hm_next_dist_0m6rgog._.js:2441
[ 4385294ms] [LOG] [DEBUG] Creando definicion de columna: {columnId: estado, isReference: false, type: string, path: Array(1)} @ http://localhost:3000/_next/static/chunks/11hm_next_dist_0m6rgog._.js:2441
[ 4385294ms] [LOG] [DEBUG] Creando definicion de columna: {columnId: fechaRegistro, isReference: false, type: date, path: Array(1)} @ http://localhost:3000/_next/static/chunks/11hm_next_dist_0m6rgog._.js:2441
[ 4385294ms] [LOG] [DEBUG] Creando definicion de columna: {columnId: ultimoContacto, isReference: false, type: date, path: Array(1)} @ http://localhost:3000/_next/static/chunks/11hm_next_dist_0m6rgog._.js:2441
[ 4385294ms] [LOG] [DEBUG] Creando definicion de columna: {columnId: valorTotal, isReference: false, type: string, path: Array(1)} @ http://localhost:3000/_next/static/chunks/11hm_next_dist_0m6rgog._.js:2441
[ 4385294ms] [LOG] [DEBUG] Creando definicion de columna: {columnId: satisfaccion, isReference: false, type: number, path: Array(1)} @ http://localhost:3000/_next/static/chunks/11hm_next_dist_0m6rgog._.js:2441
[ 4385294ms] [LOG] [DEBUG] Creando definicion de columna: {columnId: activo, isReference: false, type: boolean, path: Array(1)} @ http://localhost:3000/_next/static/chunks/11hm_next_dist_0m6rgog._.js:2441
[ 4385295ms] [LOG] [DEBUG] Effective column order: {baseOrder: Array(14), pinnedColumnId: index, otherColumns: Array(13), hasActions: true, result: Array(15)} @ http://localhost:3000/_next/static/chunks/11hm_next_dist_0m6rgog._.js:2441
[ 4385295ms] [LOG] [DEBUG] Effective column order: {baseOrder: Array(14), pinnedColumnId: index, otherColumns: Array(13), hasActions: true, result: Array(15)} @ http://localhost:3000/_next/static/chunks/11hm_next_dist_0m6rgog._.js:2441
[ 4385296ms] [LOG] [DEBUG] Comparando fecha: 02/10/2026 con filtros: [05/03/2026, 08/03/2026, 10/03/2026] @ http://localhost:3000/_next/static/chunks/11hm_next_dist_0m6rgog._.js:2441
[ 4385297ms] [LOG] [DEBUG] - Comparando con 05/03/2026: no coincide @ http://localhost:3000/_next/static/chunks/11hm_next_dist_0m6rgog._.js:2441
[ 4385297ms] [LOG] [DEBUG] - Comparando con 08/03/2026: no coincide @ http://localhost:3000/_next/static/chunks/11hm_next_dist_0m6rgog._.js:2441
[ 4385297ms] [LOG] [DEBUG] - Comparando con 10/03/2026: no coincide @ http://localhost:3000/_next/static/chunks/11hm_next_dist_0m6rgog._.js:2441
[ 4385297ms] [LOG] [DEBUG] Resultado final para 02/10/2026: NO INCLUIDO @ http://localhost:3000/_next/static/chunks/11hm_next_dist_0m6rgog._.js:2441
[ 4385297ms] [LOG] [DEBUG] Comparando fecha:  con filtros: [05/03/2026, 08/03/2026, 10/03/2026] @ http://localhost:3000/_next/static/chunks/11hm_next_dist_0m6rgog._.js:2441
[ 4385297ms] [LOG] [DEBUG] - Comparando con 05/03/2026: no coincide @ http://localhost:3000/_next/static/chunks/11hm_next_dist_0m6rgog._.js:2441
[ 4385297ms] [LOG] [DEBUG] - Comparando con 08/03/2026: no coincide @ http://localhost:3000/_next/static/chunks/11hm_next_dist_0m6rgog._.js:2441
[ 4385297ms] [LOG] [DEBUG] - Comparando con 10/03/2026: no coincide @ http://localhost:3000/_next/static/chunks/11hm_next_dist_0m6rgog._.js:2441
[ 4385297ms] [LOG] [DEBUG] Resultado final para : NO INCLUIDO @ http://localhost:3000/_next/static/chunks/11hm_next_dist_0m6rgog._.js:2441
[ 4385297ms] [LOG] [DEBUG] Comparando fecha:  con filtros: [05/03/2026, 08/03/2026, 10/03/2026] @ http://localhost:3000/_next/static/chunks/11hm_next_dist_0m6rgog._.js:2441
[ 4385297ms] [LOG] [DEBUG] - Comparando con 05/03/2026: no coincide @ http://localhost:3000/_next/static/chunks/11hm_next_dist_0m6rgog._.js:2441
[ 4385297ms] [LOG] [DEBUG] - Comparando con 08/03/2026: no coincide @ http://localhost:3000/_next/static/chunks/11hm_next_dist_0m6rgog._.js:2441
[ 4385298ms] [LOG] [DEBUG] - Comparando con 10/03/2026: no coincide @ http://localhost:3000/_next/static/chunks/11hm_next_dist_0m6rgog._.js:2441
[ 4385298ms] [LOG] [DEBUG] Resultado final para : NO INCLUIDO @ http://localhost:3000/_next/static/chunks/11hm_next_dist_0m6rgog._.js:2441
[ 4385298ms] [LOG] [DEBUG] Comparando fecha: 08/05/2025 con filtros: [05/03/2026, 08/03/2026, 10/03/2026] @ http://localhost:3000/_next/static/chunks/11hm_next_dist_0m6rgog._.js:2441
[ 4385298ms] [LOG] [DEBUG] - Comparando con 05/03/2026: no coincide @ http://localhost:3000/_next/static/chunks/11hm_next_dist_0m6rgog._.js:2441
[ 4385298ms] [LOG] [DEBUG] - Comparando con 08/03/2026: no coincide @ http://localhost:3000/_next/static/chunks/11hm_next_dist_0m6rgog._.js:2441
[ 4385298ms] [LOG] [DEBUG] - Comparando con 10/03/2026: no coincide @ http://localhost:3000/_next/static/chunks/11hm_next_dist_0m6rgog._.js:2441
[ 4385298ms] [LOG] [DEBUG] Resultado final para 08/05/2025: NO INCLUIDO @ http://localhost:3000/_next/static/chunks/11hm_next_dist_0m6rgog._.js:2441
[ 4385298ms] [LOG] [DEBUG] Comparando fecha:  con filtros: [05/03/2026, 08/03/2026, 10/03/2026] @ http://localhost:3000/_next/static/chunks/11hm_next_dist_0m6rgog._.js:2441
[ 4385298ms] [LOG] [DEBUG] - Comparando con 05/03/2026: no coincide @ http://localhost:3000/_next/static/chunks/11hm_next_dist_0m6rgog._.js:2441
[ 4385298ms] [LOG] [DEBUG] - Comparando con 08/03/2026: no coincide @ http://localhost:3000/_next/static/chunks/11hm_next_dist_0m6rgog._.js:2441
[ 4385298ms] [LOG] [DEBUG] - Comparando con 10/03/2026: no coincide @ http://localhost:3000/_next/static/chunks/11hm_next_dist_0m6rgog._.js:2441
[ 4385298ms] [LOG] [DEBUG] Resultado final para : NO INCLUIDO @ http://localhost:3000/_next/static/chunks/11hm_next_dist_0m6rgog._.js:2441
[ 4385298ms] [LOG] [DEBUG] Comparando fecha: 02/01/2026 con filtros: [05/03/2026, 08/03/2026, 10/03/2026] @ http://localhost:3000/_next/static/chunks/11hm_next_dist_0m6rgog._.js:2441
[ 4385299ms] [LOG] [DEBUG] - Comparando con 05/03/2026: no coincide @ http://localhost:3000/_next/static/chunks/11hm_next_dist_0m6rgog._.js:2441
[ 4385299ms] [LOG] [DEBUG] - Comparando con 08/03/2026: no coincide @ http://localhost:3000/_next/static/chunks/11hm_next_dist_0m6rgog._.js:2441
[ 4385299ms] [LOG] [DEBUG] - Comparando con 10/03/2026: no coincide @ http://localhost:3000/_next/static/chunks/11hm_next_dist_0m6rgog._.js:2441
[ 4385299ms] [LOG] [DEBUG] Resultado final para 02/01/2026: NO INCLUIDO @ http://localhost:3000/_next/static/chunks/11hm_next_dist_0m6rgog._.js:2441
[ 4385299ms] [LOG] [DEBUG] Comparando fecha:  con filtros: [05/03/2026, 08/03/2026, 10/03/2026] @ http://localhost:3000/_next/static/chunks/11hm_next_dist_0m6rgog._.js:2441
[ 4385299ms] [LOG] [DEBUG] - Comparando con 05/03/2026: no coincide @ http://localhost:3000/_next/static/chunks/11hm_next_dist_0m6rgog._.js:2441
[ 4385299ms] [LOG] [DEBUG] - Comparando con 08/03/2026: no coincide @ http://localhost:3000/_next/static/chunks/11hm_next_dist_0m6rgog._.js:2441
[ 4385299ms] [LOG] [DEBUG] - Comparando con 10/03/2026: no coincide @ http://localhost:3000/_next/static/chunks/11hm_next_dist_0m6rgog._.js:2441
[ 4385299ms] [LOG] [DEBUG] Resultado final para : NO INCLUIDO @ http://localhost:3000/_next/static/chunks/11hm_next_dist_0m6rgog._.js:2441
[ 4385299ms] [LOG] [DEBUG] Comparando fecha: 02/12/2026 con filtros: [05/03/2026, 08/03/2026, 10/03/2026] @ http://localhost:3000/_next/static/chunks/11hm_next_dist_0m6rgog._.js:2441
[ 4385299ms] [LOG] [DEBUG] - Comparando con 05/03/2026: no coincide @ http://localhost:3000/_next/static/chunks/11hm_next_dist_0m6rgog._.js:2441
[ 4385299ms] [LOG] [DEBUG] - Comparando con 08/03/2026: no coincide @ http://localhost:3000/_next/static/chunks/11hm_next_dist_0m6rgog._.js:2441
[ 4385300ms] [LOG] [DEBUG] - Comparando con 10/03/2026: no coincide @ http://localhost:3000/_next/static/chunks/11hm_next_dist_0m6rgog._.js:2441
[ 4385300ms] [LOG] [DEBUG] Resultado final para 02/12/2026: NO INCLUIDO @ http://localhost:3000/_next/static/chunks/11hm_next_dist_0m6rgog._.js:2441
[ 4385300ms] [LOG] [DEBUG] Comparando fecha:  con filtros: [05/03/2026, 08/03/2026, 10/03/2026] @ http://localhost:3000/_next/static/chunks/11hm_next_dist_0m6rgog._.js:2441
[ 4385300ms] [LOG] [DEBUG] - Comparando con 05/03/2026: no coincide @ http://localhost:3000/_next/static/chunks/11hm_next_dist_0m6rgog._.js:2441
[ 4385300ms] [LOG] [DEBUG] - Comparando con 08/03/2026: no coincide @ http://localhost:3000/_next/static/chunks/11hm_next_dist_0m6rgog._.js:2441
[ 4385300ms] [LOG] [DEBUG] - Comparando con 10/03/2026: no coincide @ http://localhost:3000/_next/static/chunks/11hm_next_dist_0m6rgog._.js:2441
[ 4385300ms] [LOG] [DEBUG] Resultado final para : NO INCLUIDO @ http://localhost:3000/_next/static/chunks/11hm_next_dist_0m6rgog._.js:2441
[ 4385300ms] [LOG] [DEBUG] Comparando fecha:  con filtros: [05/03/2026, 08/03/2026, 10/03/2026] @ http://localhost:3000/_next/static/chunks/11hm_next_dist_0m6rgog._.js:2441
[ 4385300ms] [LOG] [DEBUG] - Comparando con 05/03/2026: no coincide @ http://localhost:3000/_next/static/chunks/11hm_next_dist_0m6rgog._.js:2441
[ 4385300ms] [LOG] [DEBUG] - Comparando con 08/03/2026: no coincide @ http://localhost:3000/_next/static/chunks/11hm_next_dist_0m6rgog._.js:2441
[ 4385300ms] [LOG] [DEBUG] - Comparando con 10/03/2026: no coincide @ http://localhost:3000/_next/static/chunks/11hm_next_dist_0m6rgog._.js:2441
[ 4385300ms] [LOG] [DEBUG] Resultado final para : NO INCLUIDO @ http://localhost:3000/_next/static/chunks/11hm_next_dist_0m6rgog._.js:2441
[ 4385300ms] [LOG] [DEBUG] Comparando fecha:  con filtros: [05/03/2026, 08/03/2026, 10/03/2026] @ http://localhost:3000/_next/static/chunks/11hm_next_dist_0m6rgog._.js:2441
[ 4385301ms] [LOG] [DEBUG] - Comparando con 05/03/2026: no coincide @ http://localhost:3000/_next/static/chunks/11hm_next_dist_0m6rgog._.js:2441
[ 4385301ms] [LOG] [DEBUG] - Comparando con 08/03/2026: no coincide @ http://localhost:3000/_next/static/chunks/11hm_next_dist_0m6rgog._.js:2441
[ 4385301ms] [LOG] [DEBUG] - Comparando con 10/03/2026: no coincide @ http://localhost:3000/_next/static/chunks/11hm_next_dist_0m6rgog._.js:2441
[ 4385301ms] [LOG] [DEBUG] Resultado final para : NO INCLUIDO @ http://localhost:3000/_next/static/chunks/11hm_next_dist_0m6rgog._.js:2441
[ 4385301ms] [LOG] [DEBUG] Comparando fecha:  con filtros: [05/03/2026, 08/03/2026, 10/03/2026] @ http://localhost:3000/_next/static/chunks/11hm_next_dist_0m6rgog._.js:2441
[ 4385301ms] [LOG] [DEBUG] - Comparando con 05/03/2026: no coincide @ http://localhost:3000/_next/static/chunks/11hm_next_dist_0m6rgog._.js:2441
[ 4385301ms] [LOG] [DEBUG] - Comparando con 08/03/2026: no coincide @ http://localhost:3000/_next/static/chunks/11hm_next_dist_0m6rgog._.js:2441
[ 4385302ms] [LOG] [DEBUG] - Comparando con 10/03/2026: no coincide @ http://localhost:3000/_next/static/chunks/11hm_next_dist_0m6rgog._.js:2441
[ 4385302ms] [LOG] [DEBUG] Resultado final para : NO INCLUIDO @ http://localhost:3000/_next/static/chunks/11hm_next_dist_0m6rgog._.js:2441
[ 4385302ms] [LOG] [DEBUG] Comparando fecha:  con filtros: [05/03/2026, 08/03/2026, 10/03/2026] @ http://localhost:3000/_next/static/chunks/11hm_next_dist_0m6rgog._.js:2441
[ 4385302ms] [LOG] [DEBUG] - Comparando con 05/03/2026: no coincide @ http://localhost:3000/_next/static/chunks/11hm_next_dist_0m6rgog._.js:2441
[ 4385302ms] [LOG] [DEBUG] - Comparando con 08/03/2026: no coincide @ http://localhost:3000/_next/static/chunks/11hm_next_dist_0m6rgog._.js:2441
[ 4385302ms] [LOG] [DEBUG] - Comparando con 10/03/2026: no coincide @ http://localhost:3000/_next/static/chunks/11hm_next_dist_0m6rgog._.js:2441
[ 4385302ms] [LOG] [DEBUG] Resultado final para : NO INCLUIDO @ http://localhost:3000/_next/static/chunks/11hm_next_dist_0m6rgog._.js:2441
[ 4385302ms] [LOG] [DEBUG] Comparando fecha:  con filtros: [05/03/2026, 08/03/2026, 10/03/2026] @ http://localhost:3000/_next/static/chunks/11hm_next_dist_0m6rgog._.js:2441
[ 4385302ms] [LOG] [DEBUG] - Comparando con 05/03/2026: no coincide @ http://localhost:3000/_next/static/chunks/11hm_next_dist_0m6rgog._.js:2441
[ 4385302ms] [LOG] [DEBUG] - Comparando con 08/03/2026: no coincide @ http://localhost:3000/_next/static/chunks/11hm_next_dist_0m6rgog._.js:2441
[ 4385302ms] [LOG] [DEBUG] - Comparando con 10/03/2026: no coincide @ http://localhost:3000/_next/static/chunks/11hm_next_dist_0m6rgog._.js:2441
[ 4385302ms] [LOG] [DEBUG] Resultado final para : NO INCLUIDO @ http://localhost:3000/_next/static/chunks/11hm_next_dist_0m6rgog._.js:2441
[ 4385302ms] [LOG] [DEBUG] Comparando fecha:  con filtros: [05/03/2026, 08/03/2026, 10/03/2026] @ http://localhost:3000/_next/static/chunks/11hm_next_dist_0m6rgog._.js:2441
[ 4385302ms] [LOG] [DEBUG] - Comparando con 05/03/2026: no coincide @ http://localhost:3000/_next/static/chunks/11hm_next_dist_0m6rgog._.js:2441
[ 4385303ms] [LOG] [DEBUG] - Comparando con 08/03/2026: no coincide @ http://localhost:3000/_next/static/chunks/11hm_next_dist_0m6rgog._.js:2441
[ 4385303ms] [LOG] [DEBUG] - Comparando con 10/03/2026: no coincide @ http://localhost:3000/_next/static/chunks/11hm_next_dist_0m6rgog._.js:2441
[ 4385303ms] [LOG] [DEBUG] Resultado final para : NO INCLUIDO @ http://localhost:3000/_next/static/chunks/11hm_next_dist_0m6rgog._.js:2441
[ 4385303ms] [LOG] [DEBUG] Comparando fecha:  con filtros: [05/03/2026, 08/03/2026, 10/03/2026] @ http://localhost:3000/_next/static/chunks/11hm_next_dist_0m6rgog._.js:2441
[ 4385303ms] [LOG] [DEBUG] - Comparando con 05/03/2026: no coincide @ http://localhost:3000/_next/static/chunks/11hm_next_dist_0m6rgog._.js:2441
[ 4385303ms] [LOG] [DEBUG] - Comparando con 08/03/2026: no coincide @ http://localhost:3000/_next/static/chunks/11hm_next_dist_0m6rgog._.js:2441
[ 4385303ms] [LOG] [DEBUG] - Comparando con 10/03/2026: no coincide @ http://localhost:3000/_next/static/chunks/11hm_next_dist_0m6rgog._.js:2441
[ 4385303ms] [LOG] [DEBUG] Resultado final para : NO INCLUIDO @ http://localhost:3000/_next/static/chunks/11hm_next_dist_0m6rgog._.js:2441
[ 4385303ms] [LOG] [DEBUG] Comparando fecha: 02/08/2026 con filtros: [05/03/2026, 08/03/2026, 10/03/2026] @ http://localhost:3000/_next/static/chunks/11hm_next_dist_0m6rgog._.js:2441
[ 4385303ms] [LOG] [DEBUG] - Comparando con 05/03/2026: no coincide @ http://localhost:3000/_next/static/chunks/11hm_next_dist_0m6rgog._.js:2441
[ 4385303ms] [LOG] [DEBUG] - Comparando con 08/03/2026: no coincide @ http://localhost:3000/_next/static/chunks/11hm_next_dist_0m6rgog._.js:2441
[ 4385303ms] [LOG] [DEBUG] - Comparando con 10/03/2026: no coincide @ http://localhost:3000/_next/static/chunks/11hm_next_dist_0m6rgog._.js:2441
[ 4385303ms] [LOG] [DEBUG] Resultado final para 02/08/2026: NO INCLUIDO @ http://localhost:3000/_next/static/chunks/11hm_next_dist_0m6rgog._.js:2441
[ 4385304ms] [LOG] [DEBUG] Comparando fecha:  con filtros: [05/03/2026, 08/03/2026, 10/03/2026] @ http://localhost:3000/_next/static/chunks/11hm_next_dist_0m6rgog._.js:2441
[ 4385304ms] [LOG] [DEBUG] - Comparando con 05/03/2026: no coincide @ http://localhost:3000/_next/static/chunks/11hm_next_dist_0m6rgog._.js:2441
[ 4385304ms] [LOG] [DEBUG] - Comparando con 08/03/2026: no coincide @ http://localhost:3000/_next/static/chunks/11hm_next_dist_0m6rgog._.js:2441
[ 4385304ms] [LOG] [DEBUG] - Comparando con 10/03/2026: no coincide @ http://localhost:3000/_next/static/chunks/11hm_next_dist_0m6rgog._.js:2441
[ 4385304ms] [LOG] [DEBUG] Resultado final para : NO INCLUIDO @ http://localhost:3000/_next/static/chunks/11hm_next_dist_0m6rgog._.js:2441
[ 4385304ms] [LOG] [DEBUG] Comparando fecha: 30/09/2026 con filtros: [05/03/2026, 08/03/2026, 10/03/2026] @ http://localhost:3000/_next/static/chunks/11hm_next_dist_0m6rgog._.js:2441
[ 4385304ms] [LOG] [DEBUG] - Comparando con 05/03/2026: no coincide @ http://localhost:3000/_next/static/chunks/11hm_next_dist_0m6rgog._.js:2441
[ 4385304ms] [LOG] [DEBUG] - Comparando con 08/03/2026: no coincide @ http://localhost:3000/_next/static/chunks/11hm_next_dist_0m6rgog._.js:2441
[ 4385304ms] [LOG] [DEBUG] - Comparando con 10/03/2026: no coincide @ http://localhost:3000/_next/static/chunks/11hm_next_dist_0m6rgog._.js:2441
[ 4385304ms] [LOG] [DEBUG] Resultado final para 30/09/2026: NO INCLUIDO @ http://localhost:3000/_next/static/chunks/11hm_next_dist_0m6rgog._.js:2441
[ 4385304ms] [LOG] [DEBUG] Comparando fecha: 11/01/2025 con filtros: [05/03/2026, 08/03/2026, 10/03/2026] @ http://localhost:3000/_next/static/chunks/11hm_next_dist_0m6rgog._.js:2441
[ 4385304ms] [LOG] [DEBUG] - Comparando con 05/03/2026: no coincide @ http://localhost:3000/_next/static/chunks/11hm_next_dist_0m6rgog._.js:2441
[ 4385304ms] [LOG] [DEBUG] - Comparando con 08/03/2026: no coincide @ http://localhost:3000/_next/static/chunks/11hm_next_dist_0m6rgog._.js:2441
[ 4385304ms] [LOG] [DEBUG] - Comparando con 10/03/2026: no coincide @ http://localhost:3000/_next/static/chunks/11hm_next_dist_0m6rgog._.js:2441
[ 4385305ms] [LOG] [DEBUG] Resultado final para 11/01/2025: NO INCLUIDO @ http://localhost:3000/_next/static/chunks/11hm_next_dist_0m6rgog._.js:2441
[ 4385305ms] [LOG] [DEBUG] Comparando fecha:  con filtros: [05/03/2026, 08/03/2026, 10/03/2026] @ http://localhost:3000/_next/static/chunks/11hm_next_dist_0m6rgog._.js:2441
[ 4385305ms] [LOG] [DEBUG] - Comparando con 05/03/2026: no coincide @ http://localhost:3000/_next/static/chunks/11hm_next_dist_0m6rgog._.js:2441
[ 4385305ms] [LOG] [DEBUG] - Comparando con 08/03/2026: no coincide @ http://localhost:3000/_next/static/chunks/11hm_next_dist_0m6rgog._.js:2441
[ 4385305ms] [LOG] [DEBUG] - Comparando con 10/03/2026: no coincide @ http://localhost:3000/_next/static/chunks/11hm_next_dist_0m6rgog._.js:2441
[ 4385305ms] [LOG] [DEBUG] Resultado final para : NO INCLUIDO @ http://localhost:3000/_next/static/chunks/11hm_next_dist_0m6rgog._.js:2441
[ 4385305ms] [LOG] [DEBUG] Comparando fecha:  con filtros: [05/03/2026, 08/03/2026, 10/03/2026] @ http://localhost:3000/_next/static/chunks/11hm_next_dist_0m6rgog._.js:2441
[ 4385305ms] [LOG] [DEBUG] - Comparando con 05/03/2026: no coincide @ http://localhost:3000/_next/static/chunks/11hm_next_dist_0m6rgog._.js:2441
[ 4385305ms] [LOG] [DEBUG] - Comparando con 08/03/2026: no coincide @ http://localhost:3000/_next/static/chunks/11hm_next_dist_0m6rgog._.js:2441
[ 4385305ms] [LOG] [DEBUG] - Comparando con 10/03/2026: no coincide @ http://localhost:3000/_next/static/chunks/11hm_next_dist_0m6rgog._.js:2441
[ 4385305ms] [LOG] [DEBUG] Resultado final para : NO INCLUIDO @ http://localhost:3000/_next/static/chunks/11hm_next_dist_0m6rgog._.js:2441
[ 4385305ms] [LOG] [DEBUG] Comparando fecha: 02/05/2026 con filtros: [05/03/2026, 08/03/2026, 10/03/2026] @ http://localhost:3000/_next/static/chunks/11hm_next_dist_0m6rgog._.js:2441
[ 4385305ms] [LOG] [DEBUG] - Comparando con 05/03/2026: no coincide @ http://localhost:3000/_next/static/chunks/11hm_next_dist_0m6rgog._.js:2441
[ 4385306ms] [LOG] [DEBUG] - Comparando con 08/03/2026: no coincide @ http://localhost:3000/_next/static/chunks/11hm_next_dist_0m6rgog._.js:2441
[ 4385306ms] [LOG] [DEBUG] - Comparando con 10/03/2026: no coincide @ http://localhost:3000/_next/static/chunks/11hm_next_dist_0m6rgog._.js:2441
[ 4385306ms] [LOG] [DEBUG] Resultado final para 02/05/2026: NO INCLUIDO @ http://localhost:3000/_next/static/chunks/11hm_next_dist_0m6rgog._.js:2441
[ 4385306ms] [LOG] [DEBUG] Comparando fecha:  con filtros: [05/03/2026, 08/03/2026, 10/03/2026] @ http://localhost:3000/_next/static/chunks/11hm_next_dist_0m6rgog._.js:2441
[ 4385306ms] [LOG] [DEBUG] - Comparando con 05/03/2026: no coincide @ http://localhost:3000/_next/static/chunks/11hm_next_dist_0m6rgog._.js:2441
[ 4385306ms] [LOG] [DEBUG] - Comparando con 08/03/2026: no coincide @ http://localhost:3000/_next/static/chunks/11hm_next_dist_0m6rgog._.js:2441
[ 4385306ms] [LOG] [DEBUG] - Comparando con 10/03/2026: no coincide @ http://localhost:3000/_next/static/chunks/11hm_next_dist_0m6rgog._.js:2441
[ 4385306ms] [LOG] [DEBUG] Resultado final para : NO INCLUIDO @ http://localhost:3000/_next/static/chunks/11hm_next_dist_0m6rgog._.js:2441
[ 4385306ms] [LOG] [DEBUG] Comparando fecha:  con filtros: [05/03/2026, 08/03/2026, 10/03/2026] @ http://localhost:3000/_next/static/chunks/11hm_next_dist_0m6rgog._.js:2441
[ 4385306ms] [LOG] [DEBUG] - Comparando con 05/03/2026: no coincide @ http://localhost:3000/_next/static/chunks/11hm_next_dist_0m6rgog._.js:2441
[ 4385307ms] [LOG] [DEBUG] - Comparando con 08/03/2026: no coincide @ http://localhost:3000/_next/static/chunks/11hm_next_dist_0m6rgog._.js:2441
[ 4385307ms] [LOG] [DEBUG] - Comparando con 10/03/2026: no coincide @ http://localhost:3000/_next/static/chunks/11hm_next_dist_0m6rgog._.js:2441
[ 4385307ms] [LOG] [DEBUG] Resultado final para : NO INCLUIDO @ http://localhost:3000/_next/static/chunks/11hm_next_dist_0m6rgog._.js:2441
[ 4385308ms] [LOG] [DEBUG] Effective column order: {baseOrder: Array(14), pinnedColumnId: index, otherColumns: Array(13), hasActions: true, result: Array(15)} @ http://localhost:3000/_next/static/chunks/11hm_next_dist_0m6rgog._.js:2441
[ 4385308ms] [LOG] [DEBUG] Effective column order: {baseOrder: Array(14), pinnedColumnId: index, otherColumns: Array(13), hasActions: true, result: Array(15)} @ http://localhost:3000/_next/static/chunks/11hm_next_dist_0m6rgog._.js:2441
[ 4385370ms] [LOG] [DEBUG] Renderizando SecondaryTables: {level: 0, parentId: undefined, isLoading: false, arrayColumnsCount: 0, arrayColumns: Array(0)} @ http://localhost:3000/_next/static/chunks/11hm_next_dist_0m6rgog._.js:2441
[ 4385370ms] [LOG] [DEBUG] Renderizando SecondaryTables: {level: 0, parentId: undefined, isLoading: false, arrayColumnsCount: 0, arrayColumns: Array(0)} @ http://localhost:3000/_next/static/chunks/11hm_next_dist_0m6rgog._.js:2441
[ 4385380ms] [LOG] [DEBUG] Array columns procesadas: {count: 0, totalRegistros: 0, columns: Array(0)} @ http://localhost:3000/_next/static/chunks/11hm_next_dist_0m6rgog._.js:2441
[ 4385381ms] [LOG] [DEBUG] Effective column order: {baseOrder: Array(14), pinnedColumnId: index, otherColumns: Array(13), hasActions: true, result: Array(15)} @ http://localhost:3000/_next/static/chunks/11hm_next_dist_0m6rgog._.js:2441
[ 4385382ms] [LOG] [DEBUG] Effective column order: {baseOrder: Array(14), pinnedColumnId: index, otherColumns: Array(13), hasActions: true, result: Array(15)} @ http://localhost:3000/_next/static/chunks/11hm_next_dist_0m6rgog._.js:2441
[ 4385383ms] [LOG] [DEBUG] Effective column order: {baseOrder: Array(14), pinnedColumnId: index, otherColumns: Array(13), hasActions: true, result: Array(15)} @ http://localhost:3000/_next/static/chunks/11hm_next_dist_0m6rgog._.js:2441
[ 4385383ms] [LOG] [DEBUG] Effective column order: {baseOrder: Array(14), pinnedColumnId: index, otherColumns: Array(13), hasActions: true, result: Array(15)} @ http://localhost:3000/_next/static/chunks/11hm_next_dist_0m6rgog._.js:2441
[ 4385436ms] [LOG] [DEBUG] Renderizando SecondaryTables: {level: 0, parentId: undefined, isLoading: true, arrayColumnsCount: 0, arrayColumns: Array(0)} @ http://localhost:3000/_next/static/chunks/11hm_next_dist_0m6rgog._.js:2441
[ 4385437ms] [LOG] [DEBUG] Renderizando SecondaryTables: {level: 0, parentId: undefined, isLoading: true, arrayColumnsCount: 0, arrayColumns: Array(0)} @ http://localhost:3000/_next/static/chunks/11hm_next_dist_0m6rgog._.js:2441
[ 4385458ms] [LOG] [DEBUG] Effective column order: {baseOrder: Array(14), pinnedColumnId: index, otherColumns: Array(13), hasActions: true, result: Array(15)} @ http://localhost:3000/_next/static/chunks/11hm_next_dist_0m6rgog._.js:2441
[ 4385458ms] [LOG] [DEBUG] Effective column order: {baseOrder: Array(14), pinnedColumnId: index, otherColumns: Array(13), hasActions: true, result: Array(15)} @ http://localhost:3000/_next/static/chunks/11hm_next_dist_0m6rgog._.js:2441
[ 4385461ms] [LOG] [DEBUG] Effective column order: {baseOrder: Array(14), pinnedColumnId: index, otherColumns: Array(13), hasActions: true, result: Array(15)} @ http://localhost:3000/_next/static/chunks/11hm_next_dist_0m6rgog._.js:2441
[ 4385461ms] [LOG] [DEBUG] Effective column order: {baseOrder: Array(14), pinnedColumnId: index, otherColumns: Array(13), hasActions: true, result: Array(15)} @ http://localhost:3000/_next/static/chunks/11hm_next_dist_0m6rgog._.js:2441
[ 4385478ms] [LOG] [DEBUG] Renderizando SecondaryTables: {level: 0, parentId: undefined, isLoading: true, arrayColumnsCount: 0, arrayColumns: Array(0)} @ http://localhost:3000/_next/static/chunks/11hm_next_dist_0m6rgog._.js:2441
[ 4385478ms] [LOG] [DEBUG] Renderizando SecondaryTables: {level: 0, parentId: undefined, isLoading: true, arrayColumnsCount: 0, arrayColumns: Array(0)} @ http://localhost:3000/_next/static/chunks/11hm_next_dist_0m6rgog._.js:2441
[ 4385486ms] [LOG] [Fast Refresh] done in 262ms @ http://localhost:3000/_next/static/chunks/11hm_next_dist_0m6rgog._.js:2441
[ 4385681ms] [LOG] [DEBUG] Effective column order: {baseOrder: Array(14), pinnedColumnId: index, otherColumns: Array(13), hasActions: true, result: Array(15)} @ http://localhost:3000/_next/static/chunks/11hm_next_dist_0m6rgog._.js:2441
[ 4385681ms] [LOG] [DEBUG] Effective column order: {baseOrder: Array(14), pinnedColumnId: index, otherColumns: Array(13), hasActions: true, result: Array(15)} @ http://localhost:3000/_next/static/chunks/11hm_next_dist_0m6rgog._.js:2441
[ 4385682ms] [LOG] [DEBUG] Effective column order: {baseOrder: Array(14), pinnedColumnId: index, otherColumns: Array(13), hasActions: true, result: Array(15)} @ http://localhost:3000/_next/static/chunks/11hm_next_dist_0m6rgog._.js:2441
[ 4385682ms] [LOG] [DEBUG] Effective column order: {baseOrder: Array(14), pinnedColumnId: index, otherColumns: Array(13), hasActions: true, result: Array(15)} @ http://localhost:3000/_next/static/chunks/11hm_next_dist_0m6rgog._.js:2441
[ 4385688ms] [LOG] [DEBUG] Renderizando SecondaryTables: {level: 0, parentId: undefined, isLoading: false, arrayColumnsCount: 0, arrayColumns: Array(0)} @ http://localhost:3000/_next/static/chunks/11hm_next_dist_0m6rgog._.js:2441
[ 4385688ms] [LOG] [DEBUG] Renderizando SecondaryTables: {level: 0, parentId: undefined, isLoading: false, arrayColumnsCount: 0, arrayColumns: Array(0)} @ http://localhost:3000/_next/static/chunks/11hm_next_dist_0m6rgog._.js:2441
