[     282ms] [LOG] %c Console Ninja extension is connected to Next.js browser, background: rgb(30,30,30); color: rgb(255,213,92) see https://tinyurl.com/2vt8jxzw for more info. @ :0
[     286ms] [INFO] %cDownload the React DevTools for a better development experience: https://react.dev/link/react-devtools font-weight:bold @ http://localhost:3000/_next/static/chunks/11hm_next_dist_0m6rgog._.js:2441
[     302ms] [LOG] [HMR] connected @ http://localhost:3000/_next/static/chunks/11hm_next_dist_0m6rgog._.js:2441
[     376ms] [LOG] [DEBUG] Iniciando procesamiento por lotes: {totalRows: 25, sampleSize: 100} @ http://localhost:3000/_next/static/chunks/11hm_next_dist_0m6rgog._.js:2441
[     377ms] [LOG] [DEBUG] Iniciando análisis de tipos por columna... @ http://localhost:3000/_next/static/chunks/11hm_next_dist_0m6rgog._.js:2441
[     377ms] [LOG] [DEBUG] Analizando columna: id {totalValores: 25, sampleSize: 25} @ http://localhost:3000/_next/static/chunks/11hm_next_dist_0m6rgog._.js:2441
[     377ms] [LOG] [DEBUG] Tipo inferido para id: {type: number, normalizer: } @ http://localhost:3000/_next/static/chunks/11hm_next_dist_0m6rgog._.js:2441
[     377ms] [LOG] [DEBUG] Analizando columna: nombre {totalValores: 25, sampleSize: 25} @ http://localhost:3000/_next/static/chunks/11hm_next_dist_0m6rgog._.js:2441
[     377ms] [LOG] [DEBUG] Columna nombre: Tratando como string por defecto @ http://localhost:3000/_next/static/chunks/11hm_next_dist_0m6rgog._.js:2441
[     377ms] [LOG] [DEBUG] Tipo inferido para nombre: {type: string, normalizer: } @ http://localhost:3000/_next/static/chunks/11hm_next_dist_0m6rgog._.js:2441
[     377ms] [LOG] [DEBUG] Analizando columna: email {totalValores: 25, sampleSize: 25} @ http://localhost:3000/_next/static/chunks/11hm_next_dist_0m6rgog._.js:2441
[     378ms] [LOG] [DEBUG] Columna email: Tratando como string por defecto @ http://localhost:3000/_next/static/chunks/11hm_next_dist_0m6rgog._.js:2441
[     378ms] [LOG] [DEBUG] Tipo inferido para email: {type: string, normalizer: } @ http://localhost:3000/_next/static/chunks/11hm_next_dist_0m6rgog._.js:2441
[     378ms] [LOG] [DEBUG] Analizando columna: telefono {totalValores: 25, sampleSize: 25} @ http://localhost:3000/_next/static/chunks/11hm_next_dist_0m6rgog._.js:2441
[     378ms] [LOG] [DEBUG] Tipo inferido para telefono: {type: number, normalizer: } @ http://localhost:3000/_next/static/chunks/11hm_next_dist_0m6rgog._.js:2441
[     378ms] [LOG] [DEBUG] Analizando columna: ciudad {totalValores: 25, sampleSize: 25} @ http://localhost:3000/_next/static/chunks/11hm_next_dist_0m6rgog._.js:2441
[     378ms] [LOG] [DEBUG] Columna ciudad: Tratando como string por defecto @ http://localhost:3000/_next/static/chunks/11hm_next_dist_0m6rgog._.js:2441
[     378ms] [LOG] [DEBUG] Tipo inferido para ciudad: {type: string, normalizer: } @ http://localhost:3000/_next/static/chunks/11hm_next_dist_0m6rgog._.js:2441
[     378ms] [LOG] [DEBUG] Analizando columna: rol {totalValores: 25, sampleSize: 25} @ http://localhost:3000/_next/static/chunks/11hm_next_dist_0m6rgog._.js:2441
[     378ms] [LOG] [DEBUG] Columna rol: Tratando como string por defecto @ http://localhost:3000/_next/static/chunks/11hm_next_dist_0m6rgog._.js:2441
[     378ms] [LOG] [DEBUG] Tipo inferido para rol: {type: string, normalizer: } @ http://localhost:3000/_next/static/chunks/11hm_next_dist_0m6rgog._.js:2441
[     378ms] [LOG] [DEBUG] Analizando columna: estado {totalValores: 25, sampleSize: 25} @ http://localhost:3000/_next/static/chunks/11hm_next_dist_0m6rgog._.js:2441
[     378ms] [LOG] [DEBUG] Columna estado: Tratando como string por defecto @ http://localhost:3000/_next/static/chunks/11hm_next_dist_0m6rgog._.js:2441
[     378ms] [LOG] [DEBUG] Tipo inferido para estado: {type: string, normalizer: } @ http://localhost:3000/_next/static/chunks/11hm_next_dist_0m6rgog._.js:2441
[     378ms] [LOG] [DEBUG] Analizando columna: fechaRegistro {totalValores: 25, sampleSize: 25} @ http://localhost:3000/_next/static/chunks/11hm_next_dist_0m6rgog._.js:2441
[     378ms] [LOG] [DEBUG] Análisis de fechas para fechaRegistro: {total: 25, compatibles: 25, porcentaje: 100.00%, umbral: 30.00%} @ http://localhost:3000/_next/static/chunks/11hm_next_dist_0m6rgog._.js:2441
[     379ms] [LOG] [DEBUG] Columna fechaRegistro: Detectado tipo fecha (confidence: 1.00) @ http://localhost:3000/_next/static/chunks/11hm_next_dist_0m6rgog._.js:2441
[     379ms] [LOG] [DEBUG] Tipo inferido para fechaRegistro: {type: date, normalizer: } @ http://localhost:3000/_next/static/chunks/11hm_next_dist_0m6rgog._.js:2441
[     379ms] [LOG] [DEBUG] Analizando columna: ultimoContacto {totalValores: 25, sampleSize: 25} @ http://localhost:3000/_next/static/chunks/11hm_next_dist_0m6rgog._.js:2441
[     379ms] [LOG] [DEBUG] Análisis de fechas para ultimoContacto: {total: 25, compatibles: 25, porcentaje: 100.00%, umbral: 70.00%} @ http://localhost:3000/_next/static/chunks/11hm_next_dist_0m6rgog._.js:2441
[     379ms] [LOG] [DEBUG] Columna ultimoContacto: Detectado tipo fecha (confidence: 1.00) @ http://localhost:3000/_next/static/chunks/11hm_next_dist_0m6rgog._.js:2441
[     379ms] [LOG] [DEBUG] Tipo inferido para ultimoContacto: {type: date, normalizer: } @ http://localhost:3000/_next/static/chunks/11hm_next_dist_0m6rgog._.js:2441
[     379ms] [LOG] [DEBUG] Analizando columna: valorTotal {totalValores: 25, sampleSize: 25} @ http://localhost:3000/_next/static/chunks/11hm_next_dist_0m6rgog._.js:2441
[     379ms] [LOG] [DEBUG] Columna valorTotal: Tratando como string para valores numéricos específicos @ http://localhost:3000/_next/static/chunks/11hm_next_dist_0m6rgog._.js:2441
[     379ms] [LOG] [DEBUG] Tipo inferido para valorTotal: {type: string, normalizer: } @ http://localhost:3000/_next/static/chunks/11hm_next_dist_0m6rgog._.js:2441
[     379ms] [LOG] [DEBUG] Analizando columna: satisfaccion {totalValores: 25, sampleSize: 25} @ http://localhost:3000/_next/static/chunks/11hm_next_dist_0m6rgog._.js:2441
[     379ms] [LOG] [DEBUG] Tipo inferido para satisfaccion: {type: number, normalizer: } @ http://localhost:3000/_next/static/chunks/11hm_next_dist_0m6rgog._.js:2441
[     379ms] [LOG] [DEBUG] Analizando columna: activo {totalValores: 25, sampleSize: 25} @ http://localhost:3000/_next/static/chunks/11hm_next_dist_0m6rgog._.js:2441
[     379ms] [LOG] [DEBUG] Tipo inferido para activo: {type: boolean, normalizer: } @ http://localhost:3000/_next/static/chunks/11hm_next_dist_0m6rgog._.js:2441
[     380ms] [LOG] [DEBUG] Procesando fila 0/25 @ http://localhost:3000/_next/static/chunks/11hm_next_dist_0m6rgog._.js:2441
[     382ms] [LOG] [DEBUG] Iniciando procesamiento por lotes: {totalRows: 25, sampleSize: 100} @ http://localhost:3000/_next/static/chunks/11hm_next_dist_0m6rgog._.js:2441
[     382ms] [LOG] [DEBUG] Iniciando análisis de tipos por columna... @ http://localhost:3000/_next/static/chunks/11hm_next_dist_0m6rgog._.js:2441
[     382ms] [LOG] [DEBUG] Analizando columna: id {totalValores: 25, sampleSize: 25} @ http://localhost:3000/_next/static/chunks/11hm_next_dist_0m6rgog._.js:2441
[     382ms] [LOG] [DEBUG] Tipo inferido para id: {type: number, normalizer: } @ http://localhost:3000/_next/static/chunks/11hm_next_dist_0m6rgog._.js:2441
[     382ms] [LOG] [DEBUG] Analizando columna: nombre {totalValores: 25, sampleSize: 25} @ http://localhost:3000/_next/static/chunks/11hm_next_dist_0m6rgog._.js:2441
[     383ms] [LOG] [DEBUG] Tipo inferido para nombre: {type: string, normalizer: } @ http://localhost:3000/_next/static/chunks/11hm_next_dist_0m6rgog._.js:2441
[     383ms] [LOG] [DEBUG] Analizando columna: email {totalValores: 25, sampleSize: 25} @ http://localhost:3000/_next/static/chunks/11hm_next_dist_0m6rgog._.js:2441
[     383ms] [LOG] [DEBUG] Tipo inferido para email: {type: string, normalizer: } @ http://localhost:3000/_next/static/chunks/11hm_next_dist_0m6rgog._.js:2441
[     383ms] [LOG] [DEBUG] Analizando columna: telefono {totalValores: 25, sampleSize: 25} @ http://localhost:3000/_next/static/chunks/11hm_next_dist_0m6rgog._.js:2441
[     383ms] [LOG] [DEBUG] Tipo inferido para telefono: {type: number, normalizer: } @ http://localhost:3000/_next/static/chunks/11hm_next_dist_0m6rgog._.js:2441
[     383ms] [LOG] [DEBUG] Analizando columna: ciudad {totalValores: 25, sampleSize: 25} @ http://localhost:3000/_next/static/chunks/11hm_next_dist_0m6rgog._.js:2441
[     383ms] [LOG] [DEBUG] Tipo inferido para ciudad: {type: string, normalizer: } @ http://localhost:3000/_next/static/chunks/11hm_next_dist_0m6rgog._.js:2441
[     383ms] [LOG] [DEBUG] Analizando columna: rol {totalValores: 25, sampleSize: 25} @ http://localhost:3000/_next/static/chunks/11hm_next_dist_0m6rgog._.js:2441
[     383ms] [LOG] [DEBUG] Tipo inferido para rol: {type: string, normalizer: } @ http://localhost:3000/_next/static/chunks/11hm_next_dist_0m6rgog._.js:2441
[     383ms] [LOG] [DEBUG] Analizando columna: estado {totalValores: 25, sampleSize: 25} @ http://localhost:3000/_next/static/chunks/11hm_next_dist_0m6rgog._.js:2441
[     383ms] [LOG] [DEBUG] Tipo inferido para estado: {type: string, normalizer: } @ http://localhost:3000/_next/static/chunks/11hm_next_dist_0m6rgog._.js:2441
[     383ms] [LOG] [DEBUG] Analizando columna: fechaRegistro {totalValores: 25, sampleSize: 25} @ http://localhost:3000/_next/static/chunks/11hm_next_dist_0m6rgog._.js:2441
[     383ms] [LOG] [DEBUG] Tipo inferido para fechaRegistro: {type: date, normalizer: } @ http://localhost:3000/_next/static/chunks/11hm_next_dist_0m6rgog._.js:2441
[     383ms] [LOG] [DEBUG] Analizando columna: ultimoContacto {totalValores: 25, sampleSize: 25} @ http://localhost:3000/_next/static/chunks/11hm_next_dist_0m6rgog._.js:2441
[     383ms] [LOG] [DEBUG] Tipo inferido para ultimoContacto: {type: date, normalizer: } @ http://localhost:3000/_next/static/chunks/11hm_next_dist_0m6rgog._.js:2441
[     383ms] [LOG] [DEBUG] Analizando columna: valorTotal {totalValores: 25, sampleSize: 25} @ http://localhost:3000/_next/static/chunks/11hm_next_dist_0m6rgog._.js:2441
[     384ms] [LOG] [DEBUG] Tipo inferido para valorTotal: {type: string, normalizer: } @ http://localhost:3000/_next/static/chunks/11hm_next_dist_0m6rgog._.js:2441
[     384ms] [LOG] [DEBUG] Analizando columna: satisfaccion {totalValores: 25, sampleSize: 25} @ http://localhost:3000/_next/static/chunks/11hm_next_dist_0m6rgog._.js:2441
[     384ms] [LOG] [DEBUG] Tipo inferido para satisfaccion: {type: number, normalizer: } @ http://localhost:3000/_next/static/chunks/11hm_next_dist_0m6rgog._.js:2441
[     384ms] [LOG] [DEBUG] Analizando columna: activo {totalValores: 25, sampleSize: 25} @ http://localhost:3000/_next/static/chunks/11hm_next_dist_0m6rgog._.js:2441
[     384ms] [LOG] [DEBUG] Tipo inferido para activo: {type: boolean, normalizer: } @ http://localhost:3000/_next/static/chunks/11hm_next_dist_0m6rgog._.js:2441
[     384ms] [LOG] [DEBUG] Procesando fila 0/25 @ http://localhost:3000/_next/static/chunks/11hm_next_dist_0m6rgog._.js:2441
[     386ms] [LOG] [DEBUG] Creando definicion de columna: {columnId: id, isReference: false, type: number, path: Array(1)} @ http://localhost:3000/_next/static/chunks/11hm_next_dist_0m6rgog._.js:2441
[     386ms] [LOG] [DEBUG] Creando definicion de columna: {columnId: nombre, isReference: false, type: string, path: Array(1)} @ http://localhost:3000/_next/static/chunks/11hm_next_dist_0m6rgog._.js:2441
[     386ms] [LOG] [DEBUG] Creando definicion de columna: {columnId: email, isReference: false, type: string, path: Array(1)} @ http://localhost:3000/_next/static/chunks/11hm_next_dist_0m6rgog._.js:2441
[     386ms] [LOG] [DEBUG] Creando definicion de columna: {columnId: telefono, isReference: false, type: number, path: Array(1)} @ http://localhost:3000/_next/static/chunks/11hm_next_dist_0m6rgog._.js:2441
[     386ms] [LOG] [DEBUG] Creando definicion de columna: {columnId: ciudad, isReference: false, type: string, path: Array(1)} @ http://localhost:3000/_next/static/chunks/11hm_next_dist_0m6rgog._.js:2441
[     386ms] [LOG] [DEBUG] Creando definicion de columna: {columnId: rol, isReference: false, type: string, path: Array(1)} @ http://localhost:3000/_next/static/chunks/11hm_next_dist_0m6rgog._.js:2441
[     386ms] [LOG] [DEBUG] Creando definicion de columna: {columnId: estado, isReference: false, type: string, path: Array(1)} @ http://localhost:3000/_next/static/chunks/11hm_next_dist_0m6rgog._.js:2441
[     386ms] [LOG] [DEBUG] Creando definicion de columna: {columnId: fechaRegistro, isReference: false, type: date, path: Array(1)} @ http://localhost:3000/_next/static/chunks/11hm_next_dist_0m6rgog._.js:2441
[     386ms] [LOG] [DEBUG] Creando definicion de columna: {columnId: ultimoContacto, isReference: false, type: date, path: Array(1)} @ http://localhost:3000/_next/static/chunks/11hm_next_dist_0m6rgog._.js:2441
[     386ms] [LOG] [DEBUG] Creando definicion de columna: {columnId: valorTotal, isReference: false, type: string, path: Array(1)} @ http://localhost:3000/_next/static/chunks/11hm_next_dist_0m6rgog._.js:2441
[     386ms] [LOG] [DEBUG] Creando definicion de columna: {columnId: satisfaccion, isReference: false, type: number, path: Array(1)} @ http://localhost:3000/_next/static/chunks/11hm_next_dist_0m6rgog._.js:2441
[     386ms] [LOG] [DEBUG] Creando definicion de columna: {columnId: activo, isReference: false, type: boolean, path: Array(1)} @ http://localhost:3000/_next/static/chunks/11hm_next_dist_0m6rgog._.js:2441
[     386ms] [LOG] [DEBUG] Creando definicion de columna: {columnId: id, isReference: false, type: number, path: Array(1)} @ http://localhost:3000/_next/static/chunks/11hm_next_dist_0m6rgog._.js:2441
[     386ms] [LOG] [DEBUG] Creando definicion de columna: {columnId: nombre, isReference: false, type: string, path: Array(1)} @ http://localhost:3000/_next/static/chunks/11hm_next_dist_0m6rgog._.js:2441
[     387ms] [LOG] [DEBUG] Creando definicion de columna: {columnId: email, isReference: false, type: string, path: Array(1)} @ http://localhost:3000/_next/static/chunks/11hm_next_dist_0m6rgog._.js:2441
[     387ms] [LOG] [DEBUG] Creando definicion de columna: {columnId: telefono, isReference: false, type: number, path: Array(1)} @ http://localhost:3000/_next/static/chunks/11hm_next_dist_0m6rgog._.js:2441
[     387ms] [LOG] [DEBUG] Creando definicion de columna: {columnId: ciudad, isReference: false, type: string, path: Array(1)} @ http://localhost:3000/_next/static/chunks/11hm_next_dist_0m6rgog._.js:2441
[     387ms] [LOG] [DEBUG] Creando definicion de columna: {columnId: rol, isReference: false, type: string, path: Array(1)} @ http://localhost:3000/_next/static/chunks/11hm_next_dist_0m6rgog._.js:2441
[     387ms] [LOG] [DEBUG] Creando definicion de columna: {columnId: estado, isReference: false, type: string, path: Array(1)} @ http://localhost:3000/_next/static/chunks/11hm_next_dist_0m6rgog._.js:2441
[     387ms] [LOG] [DEBUG] Creando definicion de columna: {columnId: fechaRegistro, isReference: false, type: date, path: Array(1)} @ http://localhost:3000/_next/static/chunks/11hm_next_dist_0m6rgog._.js:2441
[     387ms] [LOG] [DEBUG] Creando definicion de columna: {columnId: ultimoContacto, isReference: false, type: date, path: Array(1)} @ http://localhost:3000/_next/static/chunks/11hm_next_dist_0m6rgog._.js:2441
[     387ms] [LOG] [DEBUG] Creando definicion de columna: {columnId: valorTotal, isReference: false, type: string, path: Array(1)} @ http://localhost:3000/_next/static/chunks/11hm_next_dist_0m6rgog._.js:2441
[     387ms] [LOG] [DEBUG] Creando definicion de columna: {columnId: satisfaccion, isReference: false, type: number, path: Array(1)} @ http://localhost:3000/_next/static/chunks/11hm_next_dist_0m6rgog._.js:2441
[     387ms] [LOG] [DEBUG] Creando definicion de columna: {columnId: activo, isReference: false, type: boolean, path: Array(1)} @ http://localhost:3000/_next/static/chunks/11hm_next_dist_0m6rgog._.js:2441
[     387ms] [LOG] [DEBUG] Pinned column not in base order, adding: {pinnedColumnId: index, baseOrder: Array(0), result: Array(1)} @ http://localhost:3000/_next/static/chunks/11hm_next_dist_0m6rgog._.js:2441
[     388ms] [LOG] [DEBUG] Pinned column not in base order, adding: {pinnedColumnId: index, baseOrder: Array(0), result: Array(1)} @ http://localhost:3000/_next/static/chunks/11hm_next_dist_0m6rgog._.js:2441
[     396ms] [LOG] [DEBUG] Pinned column not in base order, adding: {pinnedColumnId: index, baseOrder: Array(0), result: Array(1)} @ http://localhost:3000/_next/static/chunks/11hm_next_dist_0m6rgog._.js:2441
[     396ms] [LOG] [DEBUG] Pinned column not in base order, adding: {pinnedColumnId: index, baseOrder: Array(0), result: Array(1)} @ http://localhost:3000/_next/static/chunks/11hm_next_dist_0m6rgog._.js:2441
[     433ms] [ERROR] Encountered a script tag while rendering React component. Scripts inside React components are never executed when rendering on the client. Consider using template tag instead (https://developer.mozilla.org/en-US/docs/Web/HTML/Element/template). @ :0
[     436ms] [LOG] [DEBUG] Iniciando procesamiento por lotes: {totalRows: 25, sampleSize: 100} @ http://localhost:3000/_next/static/chunks/11hm_next_dist_0m6rgog._.js:2441
[     436ms] [LOG] [DEBUG] Iniciando análisis de tipos por columna... @ http://localhost:3000/_next/static/chunks/11hm_next_dist_0m6rgog._.js:2441
[     436ms] [LOG] [DEBUG] Analizando columna: id {totalValores: 25, sampleSize: 25} @ http://localhost:3000/_next/static/chunks/11hm_next_dist_0m6rgog._.js:2441
[     436ms] [LOG] [DEBUG] Tipo inferido para id: {type: number, normalizer: } @ http://localhost:3000/_next/static/chunks/11hm_next_dist_0m6rgog._.js:2441
[     436ms] [LOG] [DEBUG] Analizando columna: nombre {totalValores: 25, sampleSize: 25} @ http://localhost:3000/_next/static/chunks/11hm_next_dist_0m6rgog._.js:2441
[     436ms] [LOG] [DEBUG] Tipo inferido para nombre: {type: string, normalizer: } @ http://localhost:3000/_next/static/chunks/11hm_next_dist_0m6rgog._.js:2441
[     436ms] [LOG] [DEBUG] Analizando columna: email {totalValores: 25, sampleSize: 25} @ http://localhost:3000/_next/static/chunks/11hm_next_dist_0m6rgog._.js:2441
[     436ms] [LOG] [DEBUG] Tipo inferido para email: {type: string, normalizer: } @ http://localhost:3000/_next/static/chunks/11hm_next_dist_0m6rgog._.js:2441
[     436ms] [LOG] [DEBUG] Analizando columna: telefono {totalValores: 25, sampleSize: 25} @ http://localhost:3000/_next/static/chunks/11hm_next_dist_0m6rgog._.js:2441
[     436ms] [LOG] [DEBUG] Tipo inferido para telefono: {type: number, normalizer: } @ http://localhost:3000/_next/static/chunks/11hm_next_dist_0m6rgog._.js:2441
[     436ms] [LOG] [DEBUG] Analizando columna: ciudad {totalValores: 25, sampleSize: 25} @ http://localhost:3000/_next/static/chunks/11hm_next_dist_0m6rgog._.js:2441
[     436ms] [LOG] [DEBUG] Tipo inferido para ciudad: {type: string, normalizer: } @ http://localhost:3000/_next/static/chunks/11hm_next_dist_0m6rgog._.js:2441
[     437ms] [LOG] [DEBUG] Analizando columna: rol {totalValores: 25, sampleSize: 25} @ http://localhost:3000/_next/static/chunks/11hm_next_dist_0m6rgog._.js:2441
[     437ms] [LOG] [DEBUG] Tipo inferido para rol: {type: string, normalizer: } @ http://localhost:3000/_next/static/chunks/11hm_next_dist_0m6rgog._.js:2441
[     437ms] [LOG] [DEBUG] Analizando columna: estado {totalValores: 25, sampleSize: 25} @ http://localhost:3000/_next/static/chunks/11hm_next_dist_0m6rgog._.js:2441
[     437ms] [LOG] [DEBUG] Tipo inferido para estado: {type: string, normalizer: } @ http://localhost:3000/_next/static/chunks/11hm_next_dist_0m6rgog._.js:2441
[     437ms] [LOG] [DEBUG] Analizando columna: fechaRegistro {totalValores: 25, sampleSize: 25} @ http://localhost:3000/_next/static/chunks/11hm_next_dist_0m6rgog._.js:2441
[     437ms] [LOG] [DEBUG] Tipo inferido para fechaRegistro: {type: date, normalizer: } @ http://localhost:3000/_next/static/chunks/11hm_next_dist_0m6rgog._.js:2441
[     437ms] [LOG] [DEBUG] Analizando columna: ultimoContacto {totalValores: 25, sampleSize: 25} @ http://localhost:3000/_next/static/chunks/11hm_next_dist_0m6rgog._.js:2441
[     437ms] [LOG] [DEBUG] Tipo inferido para ultimoContacto: {type: date, normalizer: } @ http://localhost:3000/_next/static/chunks/11hm_next_dist_0m6rgog._.js:2441
[     437ms] [LOG] [DEBUG] Analizando columna: valorTotal {totalValores: 25, sampleSize: 25} @ http://localhost:3000/_next/static/chunks/11hm_next_dist_0m6rgog._.js:2441
[     437ms] [LOG] [DEBUG] Tipo inferido para valorTotal: {type: string, normalizer: } @ http://localhost:3000/_next/static/chunks/11hm_next_dist_0m6rgog._.js:2441
[     437ms] [LOG] [DEBUG] Analizando columna: satisfaccion {totalValores: 25, sampleSize: 25} @ http://localhost:3000/_next/static/chunks/11hm_next_dist_0m6rgog._.js:2441
[     437ms] [LOG] [DEBUG] Tipo inferido para satisfaccion: {type: number, normalizer: } @ http://localhost:3000/_next/static/chunks/11hm_next_dist_0m6rgog._.js:2441
[     437ms] [LOG] [DEBUG] Analizando columna: activo {totalValores: 25, sampleSize: 25} @ http://localhost:3000/_next/static/chunks/11hm_next_dist_0m6rgog._.js:2441
[     437ms] [LOG] [DEBUG] Tipo inferido para activo: {type: boolean, normalizer: } @ http://localhost:3000/_next/static/chunks/11hm_next_dist_0m6rgog._.js:2441
[     437ms] [LOG] [DEBUG] Procesando fila 0/25 @ http://localhost:3000/_next/static/chunks/11hm_next_dist_0m6rgog._.js:2441
[     439ms] [LOG] [DEBUG] Iniciando procesamiento por lotes: {totalRows: 25, sampleSize: 100} @ http://localhost:3000/_next/static/chunks/11hm_next_dist_0m6rgog._.js:2441
[     439ms] [LOG] [DEBUG] Iniciando análisis de tipos por columna... @ http://localhost:3000/_next/static/chunks/11hm_next_dist_0m6rgog._.js:2441
[     439ms] [LOG] [DEBUG] Analizando columna: id {totalValores: 25, sampleSize: 25} @ http://localhost:3000/_next/static/chunks/11hm_next_dist_0m6rgog._.js:2441
[     440ms] [LOG] [DEBUG] Tipo inferido para id: {type: number, normalizer: } @ http://localhost:3000/_next/static/chunks/11hm_next_dist_0m6rgog._.js:2441
[     440ms] [LOG] [DEBUG] Analizando columna: nombre {totalValores: 25, sampleSize: 25} @ http://localhost:3000/_next/static/chunks/11hm_next_dist_0m6rgog._.js:2441
[     440ms] [LOG] [DEBUG] Tipo inferido para nombre: {type: string, normalizer: } @ http://localhost:3000/_next/static/chunks/11hm_next_dist_0m6rgog._.js:2441
[     440ms] [LOG] [DEBUG] Analizando columna: email {totalValores: 25, sampleSize: 25} @ http://localhost:3000/_next/static/chunks/11hm_next_dist_0m6rgog._.js:2441
[     440ms] [LOG] [DEBUG] Tipo inferido para email: {type: string, normalizer: } @ http://localhost:3000/_next/static/chunks/11hm_next_dist_0m6rgog._.js:2441
[     440ms] [LOG] [DEBUG] Analizando columna: telefono {totalValores: 25, sampleSize: 25} @ http://localhost:3000/_next/static/chunks/11hm_next_dist_0m6rgog._.js:2441
[     440ms] [LOG] [DEBUG] Tipo inferido para telefono: {type: number, normalizer: } @ http://localhost:3000/_next/static/chunks/11hm_next_dist_0m6rgog._.js:2441
[     440ms] [LOG] [DEBUG] Analizando columna: ciudad {totalValores: 25, sampleSize: 25} @ http://localhost:3000/_next/static/chunks/11hm_next_dist_0m6rgog._.js:2441
[     440ms] [LOG] [DEBUG] Tipo inferido para ciudad: {type: string, normalizer: } @ http://localhost:3000/_next/static/chunks/11hm_next_dist_0m6rgog._.js:2441
[     440ms] [LOG] [DEBUG] Analizando columna: rol {totalValores: 25, sampleSize: 25} @ http://localhost:3000/_next/static/chunks/11hm_next_dist_0m6rgog._.js:2441
[     440ms] [LOG] [DEBUG] Tipo inferido para rol: {type: string, normalizer: } @ http://localhost:3000/_next/static/chunks/11hm_next_dist_0m6rgog._.js:2441
[     440ms] [LOG] [DEBUG] Analizando columna: estado {totalValores: 25, sampleSize: 25} @ http://localhost:3000/_next/static/chunks/11hm_next_dist_0m6rgog._.js:2441
[     440ms] [LOG] [DEBUG] Tipo inferido para estado: {type: string, normalizer: } @ http://localhost:3000/_next/static/chunks/11hm_next_dist_0m6rgog._.js:2441
[     440ms] [LOG] [DEBUG] Analizando columna: fechaRegistro {totalValores: 25, sampleSize: 25} @ http://localhost:3000/_next/static/chunks/11hm_next_dist_0m6rgog._.js:2441
[     440ms] [LOG] [DEBUG] Tipo inferido para fechaRegistro: {type: date, normalizer: } @ http://localhost:3000/_next/static/chunks/11hm_next_dist_0m6rgog._.js:2441
[     441ms] [LOG] [DEBUG] Analizando columna: ultimoContacto {totalValores: 25, sampleSize: 25} @ http://localhost:3000/_next/static/chunks/11hm_next_dist_0m6rgog._.js:2441
[     441ms] [LOG] [DEBUG] Tipo inferido para ultimoContacto: {type: date, normalizer: } @ http://localhost:3000/_next/static/chunks/11hm_next_dist_0m6rgog._.js:2441
[     441ms] [LOG] [DEBUG] Analizando columna: valorTotal {totalValores: 25, sampleSize: 25} @ http://localhost:3000/_next/static/chunks/11hm_next_dist_0m6rgog._.js:2441
[     441ms] [LOG] [DEBUG] Tipo inferido para valorTotal: {type: string, normalizer: } @ http://localhost:3000/_next/static/chunks/11hm_next_dist_0m6rgog._.js:2441
[     441ms] [LOG] [DEBUG] Analizando columna: satisfaccion {totalValores: 25, sampleSize: 25} @ http://localhost:3000/_next/static/chunks/11hm_next_dist_0m6rgog._.js:2441
[     441ms] [LOG] [DEBUG] Tipo inferido para satisfaccion: {type: number, normalizer: } @ http://localhost:3000/_next/static/chunks/11hm_next_dist_0m6rgog._.js:2441
[     441ms] [LOG] [DEBUG] Analizando columna: activo {totalValores: 25, sampleSize: 25} @ http://localhost:3000/_next/static/chunks/11hm_next_dist_0m6rgog._.js:2441
[     441ms] [LOG] [DEBUG] Tipo inferido para activo: {type: boolean, normalizer: } @ http://localhost:3000/_next/static/chunks/11hm_next_dist_0m6rgog._.js:2441
[     441ms] [LOG] [DEBUG] Procesando fila 0/25 @ http://localhost:3000/_next/static/chunks/11hm_next_dist_0m6rgog._.js:2441
[     443ms] [LOG] [DEBUG] Creando definicion de columna: {columnId: id, isReference: false, type: number, path: Array(1)} @ http://localhost:3000/_next/static/chunks/11hm_next_dist_0m6rgog._.js:2441
[     443ms] [LOG] [DEBUG] Creando definicion de columna: {columnId: nombre, isReference: false, type: string, path: Array(1)} @ http://localhost:3000/_next/static/chunks/11hm_next_dist_0m6rgog._.js:2441
[     443ms] [LOG] [DEBUG] Creando definicion de columna: {columnId: email, isReference: false, type: string, path: Array(1)} @ http://localhost:3000/_next/static/chunks/11hm_next_dist_0m6rgog._.js:2441
[     443ms] [LOG] [DEBUG] Creando definicion de columna: {columnId: telefono, isReference: false, type: number, path: Array(1)} @ http://localhost:3000/_next/static/chunks/11hm_next_dist_0m6rgog._.js:2441
[     443ms] [LOG] [DEBUG] Creando definicion de columna: {columnId: ciudad, isReference: false, type: string, path: Array(1)} @ http://localhost:3000/_next/static/chunks/11hm_next_dist_0m6rgog._.js:2441
[     443ms] [LOG] [DEBUG] Creando definicion de columna: {columnId: rol, isReference: false, type: string, path: Array(1)} @ http://localhost:3000/_next/static/chunks/11hm_next_dist_0m6rgog._.js:2441
[     443ms] [LOG] [DEBUG] Creando definicion de columna: {columnId: estado, isReference: false, type: string, path: Array(1)} @ http://localhost:3000/_next/static/chunks/11hm_next_dist_0m6rgog._.js:2441
[     443ms] [LOG] [DEBUG] Creando definicion de columna: {columnId: fechaRegistro, isReference: false, type: date, path: Array(1)} @ http://localhost:3000/_next/static/chunks/11hm_next_dist_0m6rgog._.js:2441
[     443ms] [LOG] [DEBUG] Creando definicion de columna: {columnId: ultimoContacto, isReference: false, type: date, path: Array(1)} @ http://localhost:3000/_next/static/chunks/11hm_next_dist_0m6rgog._.js:2441
[     443ms] [LOG] [DEBUG] Creando definicion de columna: {columnId: valorTotal, isReference: false, type: string, path: Array(1)} @ http://localhost:3000/_next/static/chunks/11hm_next_dist_0m6rgog._.js:2441
[     443ms] [LOG] [DEBUG] Creando definicion de columna: {columnId: satisfaccion, isReference: false, type: number, path: Array(1)} @ http://localhost:3000/_next/static/chunks/11hm_next_dist_0m6rgog._.js:2441
[     443ms] [LOG] [DEBUG] Creando definicion de columna: {columnId: activo, isReference: false, type: boolean, path: Array(1)} @ http://localhost:3000/_next/static/chunks/11hm_next_dist_0m6rgog._.js:2441
[     443ms] [LOG] [DEBUG] Creando definicion de columna: {columnId: id, isReference: false, type: number, path: Array(1)} @ http://localhost:3000/_next/static/chunks/11hm_next_dist_0m6rgog._.js:2441
[     445ms] [LOG] [DEBUG] Creando definicion de columna: {columnId: nombre, isReference: false, type: string, path: Array(1)} @ http://localhost:3000/_next/static/chunks/11hm_next_dist_0m6rgog._.js:2441
[     445ms] [LOG] [DEBUG] Creando definicion de columna: {columnId: email, isReference: false, type: string, path: Array(1)} @ http://localhost:3000/_next/static/chunks/11hm_next_dist_0m6rgog._.js:2441
[     445ms] [LOG] [DEBUG] Creando definicion de columna: {columnId: telefono, isReference: false, type: number, path: Array(1)} @ http://localhost:3000/_next/static/chunks/11hm_next_dist_0m6rgog._.js:2441
[     445ms] [LOG] [DEBUG] Creando definicion de columna: {columnId: ciudad, isReference: false, type: string, path: Array(1)} @ http://localhost:3000/_next/static/chunks/11hm_next_dist_0m6rgog._.js:2441
[     445ms] [LOG] [DEBUG] Creando definicion de columna: {columnId: rol, isReference: false, type: string, path: Array(1)} @ http://localhost:3000/_next/static/chunks/11hm_next_dist_0m6rgog._.js:2441
[     445ms] [LOG] [DEBUG] Creando definicion de columna: {columnId: estado, isReference: false, type: string, path: Array(1)} @ http://localhost:3000/_next/static/chunks/11hm_next_dist_0m6rgog._.js:2441
[     445ms] [LOG] [DEBUG] Creando definicion de columna: {columnId: fechaRegistro, isReference: false, type: date, path: Array(1)} @ http://localhost:3000/_next/static/chunks/11hm_next_dist_0m6rgog._.js:2441
[     445ms] [LOG] [DEBUG] Creando definicion de columna: {columnId: ultimoContacto, isReference: false, type: date, path: Array(1)} @ http://localhost:3000/_next/static/chunks/11hm_next_dist_0m6rgog._.js:2441
[     445ms] [LOG] [DEBUG] Creando definicion de columna: {columnId: valorTotal, isReference: false, type: string, path: Array(1)} @ http://localhost:3000/_next/static/chunks/11hm_next_dist_0m6rgog._.js:2441
[     445ms] [LOG] [DEBUG] Creando definicion de columna: {columnId: satisfaccion, isReference: false, type: number, path: Array(1)} @ http://localhost:3000/_next/static/chunks/11hm_next_dist_0m6rgog._.js:2441
[     445ms] [LOG] [DEBUG] Creando definicion de columna: {columnId: activo, isReference: false, type: boolean, path: Array(1)} @ http://localhost:3000/_next/static/chunks/11hm_next_dist_0m6rgog._.js:2441
[     445ms] [LOG] [DEBUG] Pinned column not in base order, adding: {pinnedColumnId: index, baseOrder: Array(0), result: Array(1)} @ http://localhost:3000/_next/static/chunks/11hm_next_dist_0m6rgog._.js:2441
[     445ms] [LOG] [DEBUG] Pinned column not in base order, adding: {pinnedColumnId: index, baseOrder: Array(0), result: Array(1)} @ http://localhost:3000/_next/static/chunks/11hm_next_dist_0m6rgog._.js:2441
[     453ms] [LOG] [DEBUG] Pinned column not in base order, adding: {pinnedColumnId: index, baseOrder: Array(0), result: Array(1)} @ http://localhost:3000/_next/static/chunks/11hm_next_dist_0m6rgog._.js:2441
[     453ms] [LOG] [DEBUG] Pinned column not in base order, adding: {pinnedColumnId: index, baseOrder: Array(0), result: Array(1)} @ http://localhost:3000/_next/static/chunks/11hm_next_dist_0m6rgog._.js:2441
[     525ms] [LOG] [DEBUG] Renderizando celda: {columnId: id, isReference: undefined, value: Object} @ http://localhost:3000/_next/static/chunks/11hm_next_dist_0m6rgog._.js:2441
[     525ms] [LOG] [DEBUG] Renderizando celda: {columnId: id, isReference: undefined, value: Object} @ http://localhost:3000/_next/static/chunks/11hm_next_dist_0m6rgog._.js:2441
[     525ms] [LOG] [DEBUG] Renderizando celda: {columnId: nombre, isReference: undefined, value: Object} @ http://localhost:3000/_next/static/chunks/11hm_next_dist_0m6rgog._.js:2441
[     525ms] [LOG] [DEBUG] Renderizando celda: {columnId: nombre, isReference: undefined, value: Object} @ http://localhost:3000/_next/static/chunks/11hm_next_dist_0m6rgog._.js:2441
[     526ms] [LOG] [DEBUG] Renderizando celda: {columnId: email, isReference: undefined, value: Object} @ http://localhost:3000/_next/static/chunks/11hm_next_dist_0m6rgog._.js:2441
[     526ms] [LOG] [DEBUG] Renderizando celda: {columnId: email, isReference: undefined, value: Object} @ http://localhost:3000/_next/static/chunks/11hm_next_dist_0m6rgog._.js:2441
[     526ms] [LOG] [DEBUG] Renderizando celda: {columnId: telefono, isReference: undefined, value: Object} @ http://localhost:3000/_next/static/chunks/11hm_next_dist_0m6rgog._.js:2441
[     526ms] [LOG] [DEBUG] Renderizando celda: {columnId: telefono, isReference: undefined, value: Object} @ http://localhost:3000/_next/static/chunks/11hm_next_dist_0m6rgog._.js:2441
[     526ms] [LOG] [DEBUG] Tipo corregido: number -> date {originalValue: 34612345678, originalType: number, detectedType: date} @ http://localhost:3000/_next/static/chunks/11hm_next_dist_0m6rgog._.js:2441
[     526ms] [LOG] [DEBUG] Tipo corregido: number -> date {originalValue: 34612345678, originalType: number, detectedType: date} @ http://localhost:3000/_next/static/chunks/11hm_next_dist_0m6rgog._.js:2441
[     526ms] [LOG] [DEBUG] Renderizando celda: {columnId: ciudad, isReference: undefined, value: Object} @ http://localhost:3000/_next/static/chunks/11hm_next_dist_0m6rgog._.js:2441
[     526ms] [LOG] [DEBUG] Renderizando celda: {columnId: ciudad, isReference: undefined, value: Object} @ http://localhost:3000/_next/static/chunks/11hm_next_dist_0m6rgog._.js:2441
[     526ms] [LOG] [DEBUG] Renderizando celda: {columnId: rol, isReference: undefined, value: Object} @ http://localhost:3000/_next/static/chunks/11hm_next_dist_0m6rgog._.js:2441
[     526ms] [LOG] [DEBUG] Renderizando celda: {columnId: rol, isReference: undefined, value: Object} @ http://localhost:3000/_next/static/chunks/11hm_next_dist_0m6rgog._.js:2441
[     527ms] [LOG] [DEBUG] Renderizando celda: {columnId: estado, isReference: undefined, value: Object} @ http://localhost:3000/_next/static/chunks/11hm_next_dist_0m6rgog._.js:2441
[     527ms] [LOG] [DEBUG] Renderizando celda: {columnId: estado, isReference: undefined, value: Object} @ http://localhost:3000/_next/static/chunks/11hm_next_dist_0m6rgog._.js:2441
[     527ms] [LOG] [DEBUG] Renderizando celda: {columnId: fechaRegistro, isReference: undefined, value: Object} @ http://localhost:3000/_next/static/chunks/11hm_next_dist_0m6rgog._.js:2441
[     527ms] [LOG] [DEBUG] Renderizando celda: {columnId: fechaRegistro, isReference: undefined, value: Object} @ http://localhost:3000/_next/static/chunks/11hm_next_dist_0m6rgog._.js:2441
[     527ms] [LOG] [DEBUG] Renderizando celda: {columnId: ultimoContacto, isReference: undefined, value: Object} @ http://localhost:3000/_next/static/chunks/11hm_next_dist_0m6rgog._.js:2441
[     527ms] [LOG] [DEBUG] Renderizando celda: {columnId: ultimoContacto, isReference: undefined, value: Object} @ http://localhost:3000/_next/static/chunks/11hm_next_dist_0m6rgog._.js:2441
[     527ms] [LOG] [DEBUG] Renderizando celda: {columnId: valorTotal, isReference: undefined, value: Object} @ http://localhost:3000/_next/static/chunks/11hm_next_dist_0m6rgog._.js:2441
[     527ms] [LOG] [DEBUG] Renderizando celda: {columnId: valorTotal, isReference: undefined, value: Object} @ http://localhost:3000/_next/static/chunks/11hm_next_dist_0m6rgog._.js:2441
[     527ms] [LOG] [DEBUG] Tipo corregido: string -> number {originalValue: 3840, originalType: string, detectedType: number} @ http://localhost:3000/_next/static/chunks/11hm_next_dist_0m6rgog._.js:2441
[     527ms] [LOG] [DEBUG] Tipo corregido: string -> number {originalValue: 3840, originalType: string, detectedType: number} @ http://localhost:3000/_next/static/chunks/11hm_next_dist_0m6rgog._.js:2441
[     528ms] [LOG] [DEBUG] Renderizando celda: {columnId: satisfaccion, isReference: undefined, value: Object} @ http://localhost:3000/_next/static/chunks/11hm_next_dist_0m6rgog._.js:2441
[     528ms] [LOG] [DEBUG] Renderizando celda: {columnId: satisfaccion, isReference: undefined, value: Object} @ http://localhost:3000/_next/static/chunks/11hm_next_dist_0m6rgog._.js:2441
[     528ms] [LOG] [DEBUG] Renderizando celda: {columnId: activo, isReference: undefined, value: Object} @ http://localhost:3000/_next/static/chunks/11hm_next_dist_0m6rgog._.js:2441
[     528ms] [LOG] [DEBUG] Renderizando celda: {columnId: activo, isReference: undefined, value: Object} @ http://localhost:3000/_next/static/chunks/11hm_next_dist_0m6rgog._.js:2441
[     528ms] [LOG] [DEBUG] Tipo corregido: boolean -> string {originalValue: true, originalType: boolean, detectedType: string} @ http://localhost:3000/_next/static/chunks/11hm_next_dist_0m6rgog._.js:2441
[     528ms] [LOG] [DEBUG] Tipo corregido: boolean -> string {originalValue: true, originalType: boolean, detectedType: string} @ http://localhost:3000/_next/static/chunks/11hm_next_dist_0m6rgog._.js:2441
[     534ms] [LOG] [DEBUG] Renderizando celda: {columnId: id, isReference: undefined, value: Object} @ http://localhost:3000/_next/static/chunks/11hm_next_dist_0m6rgog._.js:2441
[     534ms] [LOG] [DEBUG] Renderizando celda: {columnId: id, isReference: undefined, value: Object} @ http://localhost:3000/_next/static/chunks/11hm_next_dist_0m6rgog._.js:2441
[     534ms] [LOG] [DEBUG] Renderizando celda: {columnId: nombre, isReference: undefined, value: Object} @ http://localhost:3000/_next/static/chunks/11hm_next_dist_0m6rgog._.js:2441
[     534ms] [LOG] [DEBUG] Renderizando celda: {columnId: nombre, isReference: undefined, value: Object} @ http://localhost:3000/_next/static/chunks/11hm_next_dist_0m6rgog._.js:2441
[     534ms] [LOG] [DEBUG] Renderizando celda: {columnId: email, isReference: undefined, value: Object} @ http://localhost:3000/_next/static/chunks/11hm_next_dist_0m6rgog._.js:2441
[     534ms] [LOG] [DEBUG] Renderizando celda: {columnId: email, isReference: undefined, value: Object} @ http://localhost:3000/_next/static/chunks/11hm_next_dist_0m6rgog._.js:2441
[     534ms] [LOG] [DEBUG] Renderizando celda: {columnId: telefono, isReference: undefined, value: Object} @ http://localhost:3000/_next/static/chunks/11hm_next_dist_0m6rgog._.js:2441
[     534ms] [LOG] [DEBUG] Renderizando celda: {columnId: telefono, isReference: undefined, value: Object} @ http://localhost:3000/_next/static/chunks/11hm_next_dist_0m6rgog._.js:2441
[     534ms] [LOG] [DEBUG] Tipo corregido: number -> date {originalValue: 34634567890, originalType: number, detectedType: date} @ http://localhost:3000/_next/static/chunks/11hm_next_dist_0m6rgog._.js:2441
[     534ms] [LOG] [DEBUG] Tipo corregido: number -> date {originalValue: 34634567890, originalType: number, detectedType: date} @ http://localhost:3000/_next/static/chunks/11hm_next_dist_0m6rgog._.js:2441
[     535ms] [LOG] [DEBUG] Renderizando celda: {columnId: ciudad, isReference: undefined, value: Object} @ http://localhost:3000/_next/static/chunks/11hm_next_dist_0m6rgog._.js:2441
[     535ms] [LOG] [DEBUG] Renderizando celda: {columnId: ciudad, isReference: undefined, value: Object} @ http://localhost:3000/_next/static/chunks/11hm_next_dist_0m6rgog._.js:2441
[     535ms] [LOG] [DEBUG] Renderizando celda: {columnId: rol, isReference: undefined, value: Object} @ http://localhost:3000/_next/static/chunks/11hm_next_dist_0m6rgog._.js:2441
[     535ms] [LOG] [DEBUG] Renderizando celda: {columnId: rol, isReference: undefined, value: Object} @ http://localhost:3000/_next/static/chunks/11hm_next_dist_0m6rgog._.js:2441
[     535ms] [LOG] [DEBUG] Renderizando celda: {columnId: estado, isReference: undefined, value: Object} @ http://localhost:3000/_next/static/chunks/11hm_next_dist_0m6rgog._.js:2441
[     535ms] [LOG] [DEBUG] Renderizando celda: {columnId: estado, isReference: undefined, value: Object} @ http://localhost:3000/_next/static/chunks/11hm_next_dist_0m6rgog._.js:2441
[     535ms] [LOG] [DEBUG] Renderizando celda: {columnId: fechaRegistro, isReference: undefined, value: Object} @ http://localhost:3000/_next/static/chunks/11hm_next_dist_0m6rgog._.js:2441
[     535ms] [LOG] [DEBUG] Renderizando celda: {columnId: fechaRegistro, isReference: undefined, value: Object} @ http://localhost:3000/_next/static/chunks/11hm_next_dist_0m6rgog._.js:2441
[     535ms] [LOG] [DEBUG] Renderizando celda: {columnId: ultimoContacto, isReference: undefined, value: Object} @ http://localhost:3000/_next/static/chunks/11hm_next_dist_0m6rgog._.js:2441
[     535ms] [LOG] [DEBUG] Renderizando celda: {columnId: ultimoContacto, isReference: undefined, value: Object} @ http://localhost:3000/_next/static/chunks/11hm_next_dist_0m6rgog._.js:2441
[     536ms] [LOG] [DEBUG] Renderizando celda: {columnId: valorTotal, isReference: undefined, value: Object} @ http://localhost:3000/_next/static/chunks/11hm_next_dist_0m6rgog._.js:2441
[     536ms] [LOG] [DEBUG] Renderizando celda: {columnId: valorTotal, isReference: undefined, value: Object} @ http://localhost:3000/_next/static/chunks/11hm_next_dist_0m6rgog._.js:2441
[     536ms] [LOG] [DEBUG] Tipo corregido: string -> number {originalValue: 6120, originalType: string, detectedType: number} @ http://localhost:3000/_next/static/chunks/11hm_next_dist_0m6rgog._.js:2441
[     536ms] [LOG] [DEBUG] Tipo corregido: string -> number {originalValue: 6120, originalType: string, detectedType: number} @ http://localhost:3000/_next/static/chunks/11hm_next_dist_0m6rgog._.js:2441
[     536ms] [LOG] [DEBUG] Renderizando celda: {columnId: satisfaccion, isReference: undefined, value: Object} @ http://localhost:3000/_next/static/chunks/11hm_next_dist_0m6rgog._.js:2441
[     536ms] [LOG] [DEBUG] Renderizando celda: {columnId: satisfaccion, isReference: undefined, value: Object} @ http://localhost:3000/_next/static/chunks/11hm_next_dist_0m6rgog._.js:2441
[     536ms] [LOG] [DEBUG] Renderizando celda: {columnId: activo, isReference: undefined, value: Object} @ http://localhost:3000/_next/static/chunks/11hm_next_dist_0m6rgog._.js:2441
[     536ms] [LOG] [DEBUG] Renderizando celda: {columnId: activo, isReference: undefined, value: Object} @ http://localhost:3000/_next/static/chunks/11hm_next_dist_0m6rgog._.js:2441
[     536ms] [LOG] [DEBUG] Tipo corregido: boolean -> string {originalValue: true, originalType: boolean, detectedType: string} @ http://localhost:3000/_next/static/chunks/11hm_next_dist_0m6rgog._.js:2441
[     536ms] [LOG] [DEBUG] Tipo corregido: boolean -> string {originalValue: true, originalType: boolean, detectedType: string} @ http://localhost:3000/_next/static/chunks/11hm_next_dist_0m6rgog._.js:2441
[     542ms] [LOG] [DEBUG] Renderizando celda: {columnId: id, isReference: undefined, value: Object} @ http://localhost:3000/_next/static/chunks/11hm_next_dist_0m6rgog._.js:2441
[     542ms] [LOG] [DEBUG] Renderizando celda: {columnId: id, isReference: undefined, value: Object} @ http://localhost:3000/_next/static/chunks/11hm_next_dist_0m6rgog._.js:2441
[     542ms] [LOG] [DEBUG] Renderizando celda: {columnId: nombre, isReference: undefined, value: Object} @ http://localhost:3000/_next/static/chunks/11hm_next_dist_0m6rgog._.js:2441
[     542ms] [LOG] [DEBUG] Renderizando celda: {columnId: nombre, isReference: undefined, value: Object} @ http://localhost:3000/_next/static/chunks/11hm_next_dist_0m6rgog._.js:2441
[     542ms] [LOG] [DEBUG] Renderizando celda: {columnId: email, isReference: undefined, value: Object} @ http://localhost:3000/_next/static/chunks/11hm_next_dist_0m6rgog._.js:2441
[     542ms] [LOG] [DEBUG] Renderizando celda: {columnId: email, isReference: undefined, value: Object} @ http://localhost:3000/_next/static/chunks/11hm_next_dist_0m6rgog._.js:2441
[     542ms] [LOG] [DEBUG] Renderizando celda: {columnId: telefono, isReference: undefined, value: Object} @ http://localhost:3000/_next/static/chunks/11hm_next_dist_0m6rgog._.js:2441
[     542ms] [LOG] [DEBUG] Renderizando celda: {columnId: telefono, isReference: undefined, value: Object} @ http://localhost:3000/_next/static/chunks/11hm_next_dist_0m6rgog._.js:2441
[     542ms] [LOG] [DEBUG] Tipo corregido: number -> date {originalValue: 34655678901, originalType: number, detectedType: date} @ http://localhost:3000/_next/static/chunks/11hm_next_dist_0m6rgog._.js:2441
[     542ms] [LOG] [DEBUG] Tipo corregido: number -> date {originalValue: 34655678901, originalType: number, detectedType: date} @ http://localhost:3000/_next/static/chunks/11hm_next_dist_0m6rgog._.js:2441
[     542ms] [LOG] [DEBUG] Renderizando celda: {columnId: ciudad, isReference: undefined, value: Object} @ http://localhost:3000/_next/static/chunks/11hm_next_dist_0m6rgog._.js:2441
[     543ms] [LOG] [DEBUG] Renderizando celda: {columnId: ciudad, isReference: undefined, value: Object} @ http://localhost:3000/_next/static/chunks/11hm_next_dist_0m6rgog._.js:2441
[     543ms] [LOG] [DEBUG] Renderizando celda: {columnId: rol, isReference: undefined, value: Object} @ http://localhost:3000/_next/static/chunks/11hm_next_dist_0m6rgog._.js:2441
[     543ms] [LOG] [DEBUG] Renderizando celda: {columnId: rol, isReference: undefined, value: Object} @ http://localhost:3000/_next/static/chunks/11hm_next_dist_0m6rgog._.js:2441
[     543ms] [LOG] [DEBUG] Renderizando celda: {columnId: estado, isReference: undefined, value: Object} @ http://localhost:3000/_next/static/chunks/11hm_next_dist_0m6rgog._.js:2441
[     543ms] [LOG] [DEBUG] Renderizando celda: {columnId: estado, isReference: undefined, value: Object} @ http://localhost:3000/_next/static/chunks/11hm_next_dist_0m6rgog._.js:2441
[     543ms] [LOG] [DEBUG] Renderizando celda: {columnId: fechaRegistro, isReference: undefined, value: Object} @ http://localhost:3000/_next/static/chunks/11hm_next_dist_0m6rgog._.js:2441
[     543ms] [LOG] [DEBUG] Renderizando celda: {columnId: fechaRegistro, isReference: undefined, value: Object} @ http://localhost:3000/_next/static/chunks/11hm_next_dist_0m6rgog._.js:2441
[     543ms] [LOG] [DEBUG] Renderizando celda: {columnId: ultimoContacto, isReference: undefined, value: Object} @ http://localhost:3000/_next/static/chunks/11hm_next_dist_0m6rgog._.js:2441
[     543ms] [LOG] [DEBUG] Renderizando celda: {columnId: ultimoContacto, isReference: undefined, value: Object} @ http://localhost:3000/_next/static/chunks/11hm_next_dist_0m6rgog._.js:2441
[     543ms] [LOG] [DEBUG] Renderizando celda: {columnId: valorTotal, isReference: undefined, value: Object} @ http://localhost:3000/_next/static/chunks/11hm_next_dist_0m6rgog._.js:2441
[     544ms] [LOG] [DEBUG] Renderizando celda: {columnId: valorTotal, isReference: undefined, value: Object} @ http://localhost:3000/_next/static/chunks/11hm_next_dist_0m6rgog._.js:2441
[     544ms] [LOG] [DEBUG] Tipo corregido: string -> number {originalValue: 0, originalType: string, detectedType: number} @ http://localhost:3000/_next/static/chunks/11hm_next_dist_0m6rgog._.js:2441
[     544ms] [LOG] [DEBUG] Tipo corregido: string -> number {originalValue: 0, originalType: string, detectedType: number} @ http://localhost:3000/_next/static/chunks/11hm_next_dist_0m6rgog._.js:2441
[     544ms] [LOG] [DEBUG] Renderizando celda: {columnId: satisfaccion, isReference: undefined, value: Object} @ http://localhost:3000/_next/static/chunks/11hm_next_dist_0m6rgog._.js:2441
[     544ms] [LOG] [DEBUG] Renderizando celda: {columnId: satisfaccion, isReference: undefined, value: Object} @ http://localhost:3000/_next/static/chunks/11hm_next_dist_0m6rgog._.js:2441
[     544ms] [LOG] [DEBUG] Renderizando celda: {columnId: activo, isReference: undefined, value: Object} @ http://localhost:3000/_next/static/chunks/11hm_next_dist_0m6rgog._.js:2441
[     544ms] [LOG] [DEBUG] Renderizando celda: {columnId: activo, isReference: undefined, value: Object} @ http://localhost:3000/_next/static/chunks/11hm_next_dist_0m6rgog._.js:2441
[     544ms] [LOG] [DEBUG] Tipo corregido: boolean -> string {originalValue: false, originalType: boolean, detectedType: string} @ http://localhost:3000/_next/static/chunks/11hm_next_dist_0m6rgog._.js:2441
[     544ms] [LOG] [DEBUG] Tipo corregido: boolean -> string {originalValue: false, originalType: boolean, detectedType: string} @ http://localhost:3000/_next/static/chunks/11hm_next_dist_0m6rgog._.js:2441
[     549ms] [LOG] [DEBUG] Renderizando celda: {columnId: id, isReference: undefined, value: Object} @ http://localhost:3000/_next/static/chunks/11hm_next_dist_0m6rgog._.js:2441
[     549ms] [LOG] [DEBUG] Renderizando celda: {columnId: id, isReference: undefined, value: Object} @ http://localhost:3000/_next/static/chunks/11hm_next_dist_0m6rgog._.js:2441
[     549ms] [LOG] [DEBUG] Renderizando celda: {columnId: nombre, isReference: undefined, value: Object} @ http://localhost:3000/_next/static/chunks/11hm_next_dist_0m6rgog._.js:2441
[     549ms] [LOG] [DEBUG] Renderizando celda: {columnId: nombre, isReference: undefined, value: Object} @ http://localhost:3000/_next/static/chunks/11hm_next_dist_0m6rgog._.js:2441
[     549ms] [LOG] [DEBUG] Renderizando celda: {columnId: email, isReference: undefined, value: Object} @ http://localhost:3000/_next/static/chunks/11hm_next_dist_0m6rgog._.js:2441
[     549ms] [LOG] [DEBUG] Renderizando celda: {columnId: email, isReference: undefined, value: Object} @ http://localhost:3000/_next/static/chunks/11hm_next_dist_0m6rgog._.js:2441
[     549ms] [LOG] [DEBUG] Renderizando celda: {columnId: telefono, isReference: undefined, value: Object} @ http://localhost:3000/_next/static/chunks/11hm_next_dist_0m6rgog._.js:2441
[     549ms] [LOG] [DEBUG] Renderizando celda: {columnId: telefono, isReference: undefined, value: Object} @ http://localhost:3000/_next/static/chunks/11hm_next_dist_0m6rgog._.js:2441
[     549ms] [LOG] [DEBUG] Tipo corregido: number -> date {originalValue: 34676789012, originalType: number, detectedType: date} @ http://localhost:3000/_next/static/chunks/11hm_next_dist_0m6rgog._.js:2441
[     549ms] [LOG] [DEBUG] Tipo corregido: number -> date {originalValue: 34676789012, originalType: number, detectedType: date} @ http://localhost:3000/_next/static/chunks/11hm_next_dist_0m6rgog._.js:2441
[     549ms] [LOG] [DEBUG] Renderizando celda: {columnId: ciudad, isReference: undefined, value: Object} @ http://localhost:3000/_next/static/chunks/11hm_next_dist_0m6rgog._.js:2441
[     549ms] [LOG] [DEBUG] Renderizando celda: {columnId: ciudad, isReference: undefined, value: Object} @ http://localhost:3000/_next/static/chunks/11hm_next_dist_0m6rgog._.js:2441
[     550ms] [LOG] [DEBUG] Renderizando celda: {columnId: rol, isReference: undefined, value: Object} @ http://localhost:3000/_next/static/chunks/11hm_next_dist_0m6rgog._.js:2441
[     550ms] [LOG] [DEBUG] Renderizando celda: {columnId: rol, isReference: undefined, value: Object} @ http://localhost:3000/_next/static/chunks/11hm_next_dist_0m6rgog._.js:2441
[     550ms] [LOG] [DEBUG] Renderizando celda: {columnId: estado, isReference: undefined, value: Object} @ http://localhost:3000/_next/static/chunks/11hm_next_dist_0m6rgog._.js:2441
[     550ms] [LOG] [DEBUG] Renderizando celda: {columnId: estado, isReference: undefined, value: Object} @ http://localhost:3000/_next/static/chunks/11hm_next_dist_0m6rgog._.js:2441
[     550ms] [LOG] [DEBUG] Renderizando celda: {columnId: fechaRegistro, isReference: undefined, value: Object} @ http://localhost:3000/_next/static/chunks/11hm_next_dist_0m6rgog._.js:2441
[     550ms] [LOG] [DEBUG] Renderizando celda: {columnId: fechaRegistro, isReference: undefined, value: Object} @ http://localhost:3000/_next/static/chunks/11hm_next_dist_0m6rgog._.js:2441
[     550ms] [LOG] [DEBUG] Renderizando celda: {columnId: ultimoContacto, isReference: undefined, value: Object} @ http://localhost:3000/_next/static/chunks/11hm_next_dist_0m6rgog._.js:2441
[     550ms] [LOG] [DEBUG] Renderizando celda: {columnId: ultimoContacto, isReference: undefined, value: Object} @ http://localhost:3000/_next/static/chunks/11hm_next_dist_0m6rgog._.js:2441
[     550ms] [LOG] [DEBUG] Renderizando celda: {columnId: valorTotal, isReference: undefined, value: Object} @ http://localhost:3000/_next/static/chunks/11hm_next_dist_0m6rgog._.js:2441
[     550ms] [LOG] [DEBUG] Renderizando celda: {columnId: valorTotal, isReference: undefined, value: Object} @ http://localhost:3000/_next/static/chunks/11hm_next_dist_0m6rgog._.js:2441
[     550ms] [LOG] [DEBUG] Tipo corregido: string -> number {originalValue: 2280, originalType: string, detectedType: number} @ http://localhost:3000/_next/static/chunks/11hm_next_dist_0m6rgog._.js:2441
[     550ms] [LOG] [DEBUG] Tipo corregido: string -> number {originalValue: 2280, originalType: string, detectedType: number} @ http://localhost:3000/_next/static/chunks/11hm_next_dist_0m6rgog._.js:2441
[     550ms] [LOG] [DEBUG] Renderizando celda: {columnId: satisfaccion, isReference: undefined, value: Object} @ http://localhost:3000/_next/static/chunks/11hm_next_dist_0m6rgog._.js:2441
[     550ms] [LOG] [DEBUG] Renderizando celda: {columnId: satisfaccion, isReference: undefined, value: Object} @ http://localhost:3000/_next/static/chunks/11hm_next_dist_0m6rgog._.js:2441
[     550ms] [LOG] [DEBUG] Renderizando celda: {columnId: activo, isReference: undefined, value: Object} @ http://localhost:3000/_next/static/chunks/11hm_next_dist_0m6rgog._.js:2441
[     550ms] [LOG] [DEBUG] Renderizando celda: {columnId: activo, isReference: undefined, value: Object} @ http://localhost:3000/_next/static/chunks/11hm_next_dist_0m6rgog._.js:2441
[     551ms] [LOG] [DEBUG] Tipo corregido: boolean -> string {originalValue: false, originalType: boolean, detectedType: string} @ http://localhost:3000/_next/static/chunks/11hm_next_dist_0m6rgog._.js:2441
[     551ms] [LOG] [DEBUG] Tipo corregido: boolean -> string {originalValue: false, originalType: boolean, detectedType: string} @ http://localhost:3000/_next/static/chunks/11hm_next_dist_0m6rgog._.js:2441
[     551ms] [LOG] [DEBUG] Renderizando celda: {columnId: id, isReference: undefined, value: Object} @ http://localhost:3000/_next/static/chunks/11hm_next_dist_0m6rgog._.js:2441
[     551ms] [LOG] [DEBUG] Renderizando celda: {columnId: id, isReference: undefined, value: Object} @ http://localhost:3000/_next/static/chunks/11hm_next_dist_0m6rgog._.js:2441
[     551ms] [LOG] [DEBUG] Renderizando celda: {columnId: nombre, isReference: undefined, value: Object} @ http://localhost:3000/_next/static/chunks/11hm_next_dist_0m6rgog._.js:2441
[     551ms] [LOG] [DEBUG] Renderizando celda: {columnId: nombre, isReference: undefined, value: Object} @ http://localhost:3000/_next/static/chunks/11hm_next_dist_0m6rgog._.js:2441
[     552ms] [LOG] [DEBUG] Renderizando celda: {columnId: email, isReference: undefined, value: Object} @ http://localhost:3000/_next/static/chunks/11hm_next_dist_0m6rgog._.js:2441
[     552ms] [LOG] [DEBUG] Renderizando celda: {columnId: email, isReference: undefined, value: Object} @ http://localhost:3000/_next/static/chunks/11hm_next_dist_0m6rgog._.js:2441
[     552ms] [LOG] [DEBUG] Renderizando celda: {columnId: telefono, isReference: undefined, value: Object} @ http://localhost:3000/_next/static/chunks/11hm_next_dist_0m6rgog._.js:2441
[     552ms] [LOG] [DEBUG] Renderizando celda: {columnId: telefono, isReference: undefined, value: Object} @ http://localhost:3000/_next/static/chunks/11hm_next_dist_0m6rgog._.js:2441
[     552ms] [LOG] [DEBUG] Tipo corregido: number -> date {originalValue: 34697890123, originalType: number, detectedType: date} @ http://localhost:3000/_next/static/chunks/11hm_next_dist_0m6rgog._.js:2441
[     552ms] [LOG] [DEBUG] Tipo corregido: number -> date {originalValue: 34697890123, originalType: number, detectedType: date} @ http://localhost:3000/_next/static/chunks/11hm_next_dist_0m6rgog._.js:2441
[     552ms] [LOG] [DEBUG] Renderizando celda: {columnId: ciudad, isReference: undefined, value: Object} @ http://localhost:3000/_next/static/chunks/11hm_next_dist_0m6rgog._.js:2441
[     552ms] [LOG] [DEBUG] Renderizando celda: {columnId: ciudad, isReference: undefined, value: Object} @ http://localhost:3000/_next/static/chunks/11hm_next_dist_0m6rgog._.js:2441
[     552ms] [LOG] [DEBUG] Renderizando celda: {columnId: rol, isReference: undefined, value: Object} @ http://localhost:3000/_next/static/chunks/11hm_next_dist_0m6rgog._.js:2441
[     552ms] [LOG] [DEBUG] Renderizando celda: {columnId: rol, isReference: undefined, value: Object} @ http://localhost:3000/_next/static/chunks/11hm_next_dist_0m6rgog._.js:2441
[     552ms] [LOG] [DEBUG] Renderizando celda: {columnId: estado, isReference: undefined, value: Object} @ http://localhost:3000/_next/static/chunks/11hm_next_dist_0m6rgog._.js:2441
[     552ms] [LOG] [DEBUG] Renderizando celda: {columnId: estado, isReference: undefined, value: Object} @ http://localhost:3000/_next/static/chunks/11hm_next_dist_0m6rgog._.js:2441
[     552ms] [LOG] [DEBUG] Renderizando celda: {columnId: fechaRegistro, isReference: undefined, value: Object} @ http://localhost:3000/_next/static/chunks/11hm_next_dist_0m6rgog._.js:2441
[     552ms] [LOG] [DEBUG] Renderizando celda: {columnId: fechaRegistro, isReference: undefined, value: Object} @ http://localhost:3000/_next/static/chunks/11hm_next_dist_0m6rgog._.js:2441
[     552ms] [LOG] [DEBUG] Renderizando celda: {columnId: ultimoContacto, isReference: undefined, value: Object} @ http://localhost:3000/_next/static/chunks/11hm_next_dist_0m6rgog._.js:2441
[     552ms] [LOG] [DEBUG] Renderizando celda: {columnId: ultimoContacto, isReference: undefined, value: Object} @ http://localhost:3000/_next/static/chunks/11hm_next_dist_0m6rgog._.js:2441
[     553ms] [LOG] [DEBUG] Renderizando celda: {columnId: valorTotal, isReference: undefined, value: Object} @ http://localhost:3000/_next/static/chunks/11hm_next_dist_0m6rgog._.js:2441
[     553ms] [LOG] [DEBUG] Renderizando celda: {columnId: valorTotal, isReference: undefined, value: Object} @ http://localhost:3000/_next/static/chunks/11hm_next_dist_0m6rgog._.js:2441
[     553ms] [LOG] [DEBUG] Tipo corregido: string -> number {originalValue: 4560, originalType: string, detectedType: number} @ http://localhost:3000/_next/static/chunks/11hm_next_dist_0m6rgog._.js:2441
[     553ms] [LOG] [DEBUG] Tipo corregido: string -> number {originalValue: 4560, originalType: string, detectedType: number} @ http://localhost:3000/_next/static/chunks/11hm_next_dist_0m6rgog._.js:2441
[     553ms] [LOG] [DEBUG] Renderizando celda: {columnId: satisfaccion, isReference: undefined, value: Object} @ http://localhost:3000/_next/static/chunks/11hm_next_dist_0m6rgog._.js:2441
[     553ms] [LOG] [DEBUG] Renderizando celda: {columnId: satisfaccion, isReference: undefined, value: Object} @ http://localhost:3000/_next/static/chunks/11hm_next_dist_0m6rgog._.js:2441
[     553ms] [LOG] [DEBUG] Renderizando celda: {columnId: activo, isReference: undefined, value: Object} @ http://localhost:3000/_next/static/chunks/11hm_next_dist_0m6rgog._.js:2441
[     553ms] [LOG] [DEBUG] Renderizando celda: {columnId: activo, isReference: undefined, value: Object} @ http://localhost:3000/_next/static/chunks/11hm_next_dist_0m6rgog._.js:2441
[     553ms] [LOG] [DEBUG] Tipo corregido: boolean -> string {originalValue: true, originalType: boolean, detectedType: string} @ http://localhost:3000/_next/static/chunks/11hm_next_dist_0m6rgog._.js:2441
[     553ms] [LOG] [DEBUG] Tipo corregido: boolean -> string {originalValue: true, originalType: boolean, detectedType: string} @ http://localhost:3000/_next/static/chunks/11hm_next_dist_0m6rgog._.js:2441
[     554ms] [LOG] [DEBUG] Renderizando celda: {columnId: id, isReference: undefined, value: Object} @ http://localhost:3000/_next/static/chunks/11hm_next_dist_0m6rgog._.js:2441
[     554ms] [LOG] [DEBUG] Renderizando celda: {columnId: id, isReference: undefined, value: Object} @ http://localhost:3000/_next/static/chunks/11hm_next_dist_0m6rgog._.js:2441
[     554ms] [LOG] [DEBUG] Renderizando celda: {columnId: nombre, isReference: undefined, value: Object} @ http://localhost:3000/_next/static/chunks/11hm_next_dist_0m6rgog._.js:2441
[     554ms] [LOG] [DEBUG] Renderizando celda: {columnId: nombre, isReference: undefined, value: Object} @ http://localhost:3000/_next/static/chunks/11hm_next_dist_0m6rgog._.js:2441
[     554ms] [LOG] [DEBUG] Renderizando celda: {columnId: email, isReference: undefined, value: Object} @ http://localhost:3000/_next/static/chunks/11hm_next_dist_0m6rgog._.js:2441
[     554ms] [LOG] [DEBUG] Renderizando celda: {columnId: email, isReference: undefined, value: Object} @ http://localhost:3000/_next/static/chunks/11hm_next_dist_0m6rgog._.js:2441
[     554ms] [LOG] [DEBUG] Renderizando celda: {columnId: telefono, isReference: undefined, value: Object} @ http://localhost:3000/_next/static/chunks/11hm_next_dist_0m6rgog._.js:2441
[     554ms] [LOG] [DEBUG] Renderizando celda: {columnId: telefono, isReference: undefined, value: Object} @ http://localhost:3000/_next/static/chunks/11hm_next_dist_0m6rgog._.js:2441
[     554ms] [LOG] [DEBUG] Tipo corregido: number -> date {originalValue: 34900123456, originalType: number, detectedType: date} @ http://localhost:3000/_next/static/chunks/11hm_next_dist_0m6rgog._.js:2441
[     554ms] [LOG] [DEBUG] Tipo corregido: number -> date {originalValue: 34900123456, originalType: number, detectedType: date} @ http://localhost:3000/_next/static/chunks/11hm_next_dist_0m6rgog._.js:2441
[     554ms] [LOG] [DEBUG] Renderizando celda: {columnId: ciudad, isReference: undefined, value: Object} @ http://localhost:3000/_next/static/chunks/11hm_next_dist_0m6rgog._.js:2441
[     554ms] [LOG] [DEBUG] Renderizando celda: {columnId: ciudad, isReference: undefined, value: Object} @ http://localhost:3000/_next/static/chunks/11hm_next_dist_0m6rgog._.js:2441
[     554ms] [LOG] [DEBUG] Renderizando celda: {columnId: rol, isReference: undefined, value: Object} @ http://localhost:3000/_next/static/chunks/11hm_next_dist_0m6rgog._.js:2441
[     554ms] [LOG] [DEBUG] Renderizando celda: {columnId: rol, isReference: undefined, value: Object} @ http://localhost:3000/_next/static/chunks/11hm_next_dist_0m6rgog._.js:2441
[     555ms] [LOG] [DEBUG] Renderizando celda: {columnId: estado, isReference: undefined, value: Object} @ http://localhost:3000/_next/static/chunks/11hm_next_dist_0m6rgog._.js:2441
[     555ms] [LOG] [DEBUG] Renderizando celda: {columnId: estado, isReference: undefined, value: Object} @ http://localhost:3000/_next/static/chunks/11hm_next_dist_0m6rgog._.js:2441
[     555ms] [LOG] [DEBUG] Renderizando celda: {columnId: fechaRegistro, isReference: undefined, value: Object} @ http://localhost:3000/_next/static/chunks/11hm_next_dist_0m6rgog._.js:2441
[     555ms] [LOG] [DEBUG] Renderizando celda: {columnId: fechaRegistro, isReference: undefined, value: Object} @ http://localhost:3000/_next/static/chunks/11hm_next_dist_0m6rgog._.js:2441
[     555ms] [LOG] [DEBUG] Renderizando celda: {columnId: ultimoContacto, isReference: undefined, value: Object} @ http://localhost:3000/_next/static/chunks/11hm_next_dist_0m6rgog._.js:2441
[     555ms] [LOG] [DEBUG] Renderizando celda: {columnId: ultimoContacto, isReference: undefined, value: Object} @ http://localhost:3000/_next/static/chunks/11hm_next_dist_0m6rgog._.js:2441
[     555ms] [LOG] [DEBUG] Renderizando celda: {columnId: valorTotal, isReference: undefined, value: Object} @ http://localhost:3000/_next/static/chunks/11hm_next_dist_0m6rgog._.js:2441
[     555ms] [LOG] [DEBUG] Renderizando celda: {columnId: valorTotal, isReference: undefined, value: Object} @ http://localhost:3000/_next/static/chunks/11hm_next_dist_0m6rgog._.js:2441
[     555ms] [LOG] [DEBUG] Renderizando celda: {columnId: satisfaccion, isReference: undefined, value: Object} @ http://localhost:3000/_next/static/chunks/11hm_next_dist_0m6rgog._.js:2441
[     555ms] [LOG] [DEBUG] Renderizando celda: {columnId: satisfaccion, isReference: undefined, value: Object} @ http://localhost:3000/_next/static/chunks/11hm_next_dist_0m6rgog._.js:2441
[     555ms] [LOG] [DEBUG] Renderizando celda: {columnId: activo, isReference: undefined, value: Object} @ http://localhost:3000/_next/static/chunks/11hm_next_dist_0m6rgog._.js:2441
[     555ms] [LOG] [DEBUG] Renderizando celda: {columnId: activo, isReference: undefined, value: Object} @ http://localhost:3000/_next/static/chunks/11hm_next_dist_0m6rgog._.js:2441
[     555ms] [LOG] [DEBUG] Tipo corregido: boolean -> string {originalValue: true, originalType: boolean, detectedType: string} @ http://localhost:3000/_next/static/chunks/11hm_next_dist_0m6rgog._.js:2441
[     555ms] [LOG] [DEBUG] Tipo corregido: boolean -> string {originalValue: true, originalType: boolean, detectedType: string} @ http://localhost:3000/_next/static/chunks/11hm_next_dist_0m6rgog._.js:2441
[     556ms] [LOG] [DEBUG] Renderizando celda: {columnId: id, isReference: undefined, value: Object} @ http://localhost:3000/_next/static/chunks/11hm_next_dist_0m6rgog._.js:2441
[     556ms] [LOG] [DEBUG] Renderizando celda: {columnId: id, isReference: undefined, value: Object} @ http://localhost:3000/_next/static/chunks/11hm_next_dist_0m6rgog._.js:2441
[     556ms] [LOG] [DEBUG] Renderizando celda: {columnId: nombre, isReference: undefined, value: Object} @ http://localhost:3000/_next/static/chunks/11hm_next_dist_0m6rgog._.js:2441
[     556ms] [LOG] [DEBUG] Renderizando celda: {columnId: nombre, isReference: undefined, value: Object} @ http://localhost:3000/_next/static/chunks/11hm_next_dist_0m6rgog._.js:2441
[     557ms] [LOG] [DEBUG] Renderizando celda: {columnId: email, isReference: undefined, value: Object} @ http://localhost:3000/_next/static/chunks/11hm_next_dist_0m6rgog._.js:2441
[     557ms] [LOG] [DEBUG] Renderizando celda: {columnId: email, isReference: undefined, value: Object} @ http://localhost:3000/_next/static/chunks/11hm_next_dist_0m6rgog._.js:2441
[     557ms] [LOG] [DEBUG] Renderizando celda: {columnId: telefono, isReference: undefined, value: Object} @ http://localhost:3000/_next/static/chunks/11hm_next_dist_0m6rgog._.js:2441
[     557ms] [LOG] [DEBUG] Renderizando celda: {columnId: telefono, isReference: undefined, value: Object} @ http://localhost:3000/_next/static/chunks/11hm_next_dist_0m6rgog._.js:2441
[     557ms] [LOG] [DEBUG] Tipo corregido: number -> date {originalValue: 34618234567, originalType: number, detectedType: date} @ http://localhost:3000/_next/static/chunks/11hm_next_dist_0m6rgog._.js:2441
[     557ms] [LOG] [DEBUG] Tipo corregido: number -> date {originalValue: 34618234567, originalType: number, detectedType: date} @ http://localhost:3000/_next/static/chunks/11hm_next_dist_0m6rgog._.js:2441
[     557ms] [LOG] [DEBUG] Renderizando celda: {columnId: ciudad, isReference: undefined, value: Object} @ http://localhost:3000/_next/static/chunks/11hm_next_dist_0m6rgog._.js:2441
[     557ms] [LOG] [DEBUG] Renderizando celda: {columnId: ciudad, isReference: undefined, value: Object} @ http://localhost:3000/_next/static/chunks/11hm_next_dist_0m6rgog._.js:2441
[     557ms] [LOG] [DEBUG] Renderizando celda: {columnId: rol, isReference: undefined, value: Object} @ http://localhost:3000/_next/static/chunks/11hm_next_dist_0m6rgog._.js:2441
[     557ms] [LOG] [DEBUG] Renderizando celda: {columnId: rol, isReference: undefined, value: Object} @ http://localhost:3000/_next/static/chunks/11hm_next_dist_0m6rgog._.js:2441
[     557ms] [LOG] [DEBUG] Renderizando celda: {columnId: estado, isReference: undefined, value: Object} @ http://localhost:3000/_next/static/chunks/11hm_next_dist_0m6rgog._.js:2441
[     557ms] [LOG] [DEBUG] Renderizando celda: {columnId: estado, isReference: undefined, value: Object} @ http://localhost:3000/_next/static/chunks/11hm_next_dist_0m6rgog._.js:2441
[     557ms] [LOG] [DEBUG] Renderizando celda: {columnId: fechaRegistro, isReference: undefined, value: Object} @ http://localhost:3000/_next/static/chunks/11hm_next_dist_0m6rgog._.js:2441
[     557ms] [LOG] [DEBUG] Renderizando celda: {columnId: fechaRegistro, isReference: undefined, value: Object} @ http://localhost:3000/_next/static/chunks/11hm_next_dist_0m6rgog._.js:2441
[     557ms] [LOG] [DEBUG] Renderizando celda: {columnId: ultimoContacto, isReference: undefined, value: Object} @ http://localhost:3000/_next/static/chunks/11hm_next_dist_0m6rgog._.js:2441
[     557ms] [LOG] [DEBUG] Renderizando celda: {columnId: ultimoContacto, isReference: undefined, value: Object} @ http://localhost:3000/_next/static/chunks/11hm_next_dist_0m6rgog._.js:2441
[     558ms] [LOG] [DEBUG] Renderizando celda: {columnId: valorTotal, isReference: undefined, value: Object} @ http://localhost:3000/_next/static/chunks/11hm_next_dist_0m6rgog._.js:2441
[     558ms] [LOG] [DEBUG] Renderizando celda: {columnId: valorTotal, isReference: undefined, value: Object} @ http://localhost:3000/_next/static/chunks/11hm_next_dist_0m6rgog._.js:2441
[     558ms] [LOG] [DEBUG] Tipo corregido: string -> number {originalValue: 0, originalType: string, detectedType: number} @ http://localhost:3000/_next/static/chunks/11hm_next_dist_0m6rgog._.js:2441
[     558ms] [LOG] [DEBUG] Tipo corregido: string -> number {originalValue: 0, originalType: string, detectedType: number} @ http://localhost:3000/_next/static/chunks/11hm_next_dist_0m6rgog._.js:2441
[     558ms] [LOG] [DEBUG] Renderizando celda: {columnId: satisfaccion, isReference: undefined, value: Object} @ http://localhost:3000/_next/static/chunks/11hm_next_dist_0m6rgog._.js:2441
[     558ms] [LOG] [DEBUG] Renderizando celda: {columnId: satisfaccion, isReference: undefined, value: Object} @ http://localhost:3000/_next/static/chunks/11hm_next_dist_0m6rgog._.js:2441
[     558ms] [LOG] [DEBUG] Renderizando celda: {columnId: activo, isReference: undefined, value: Object} @ http://localhost:3000/_next/static/chunks/11hm_next_dist_0m6rgog._.js:2441
[     558ms] [LOG] [DEBUG] Renderizando celda: {columnId: activo, isReference: undefined, value: Object} @ http://localhost:3000/_next/static/chunks/11hm_next_dist_0m6rgog._.js:2441
[     558ms] [LOG] [DEBUG] Tipo corregido: boolean -> string {originalValue: false, originalType: boolean, detectedType: string} @ http://localhost:3000/_next/static/chunks/11hm_next_dist_0m6rgog._.js:2441
[     558ms] [LOG] [DEBUG] Tipo corregido: boolean -> string {originalValue: false, originalType: boolean, detectedType: string} @ http://localhost:3000/_next/static/chunks/11hm_next_dist_0m6rgog._.js:2441
[     559ms] [LOG] [DEBUG] Renderizando celda: {columnId: id, isReference: undefined, value: Object} @ http://localhost:3000/_next/static/chunks/11hm_next_dist_0m6rgog._.js:2441
[     559ms] [LOG] [DEBUG] Renderizando celda: {columnId: id, isReference: undefined, value: Object} @ http://localhost:3000/_next/static/chunks/11hm_next_dist_0m6rgog._.js:2441
[     559ms] [LOG] [DEBUG] Renderizando celda: {columnId: nombre, isReference: undefined, value: Object} @ http://localhost:3000/_next/static/chunks/11hm_next_dist_0m6rgog._.js:2441
[     559ms] [LOG] [DEBUG] Renderizando celda: {columnId: nombre, isReference: undefined, value: Object} @ http://localhost:3000/_next/static/chunks/11hm_next_dist_0m6rgog._.js:2441
[     559ms] [LOG] [DEBUG] Renderizando celda: {columnId: email, isReference: undefined, value: Object} @ http://localhost:3000/_next/static/chunks/11hm_next_dist_0m6rgog._.js:2441
[     559ms] [LOG] [DEBUG] Renderizando celda: {columnId: email, isReference: undefined, value: Object} @ http://localhost:3000/_next/static/chunks/11hm_next_dist_0m6rgog._.js:2441
[     559ms] [LOG] [DEBUG] Renderizando celda: {columnId: telefono, isReference: undefined, value: Object} @ http://localhost:3000/_next/static/chunks/11hm_next_dist_0m6rgog._.js:2441
[     559ms] [LOG] [DEBUG] Renderizando celda: {columnId: telefono, isReference: undefined, value: Object} @ http://localhost:3000/_next/static/chunks/11hm_next_dist_0m6rgog._.js:2441
[     559ms] [LOG] [DEBUG] Tipo corregido: number -> date {originalValue: 34639345678, originalType: number, detectedType: date} @ http://localhost:3000/_next/static/chunks/11hm_next_dist_0m6rgog._.js:2441
[     559ms] [LOG] [DEBUG] Tipo corregido: number -> date {originalValue: 34639345678, originalType: number, detectedType: date} @ http://localhost:3000/_next/static/chunks/11hm_next_dist_0m6rgog._.js:2441
[     559ms] [LOG] [DEBUG] Renderizando celda: {columnId: ciudad, isReference: undefined, value: Object} @ http://localhost:3000/_next/static/chunks/11hm_next_dist_0m6rgog._.js:2441
[     559ms] [LOG] [DEBUG] Renderizando celda: {columnId: ciudad, isReference: undefined, value: Object} @ http://localhost:3000/_next/static/chunks/11hm_next_dist_0m6rgog._.js:2441
[     559ms] [LOG] [DEBUG] Renderizando celda: {columnId: rol, isReference: undefined, value: Object} @ http://localhost:3000/_next/static/chunks/11hm_next_dist_0m6rgog._.js:2441
[     560ms] [LOG] [DEBUG] Renderizando celda: {columnId: rol, isReference: undefined, value: Object} @ http://localhost:3000/_next/static/chunks/11hm_next_dist_0m6rgog._.js:2441
[     560ms] [LOG] [DEBUG] Renderizando celda: {columnId: estado, isReference: undefined, value: Object} @ http://localhost:3000/_next/static/chunks/11hm_next_dist_0m6rgog._.js:2441
[     560ms] [LOG] [DEBUG] Renderizando celda: {columnId: estado, isReference: undefined, value: Object} @ http://localhost:3000/_next/static/chunks/11hm_next_dist_0m6rgog._.js:2441
[     560ms] [LOG] [DEBUG] Renderizando celda: {columnId: fechaRegistro, isReference: undefined, value: Object} @ http://localhost:3000/_next/static/chunks/11hm_next_dist_0m6rgog._.js:2441
[     560ms] [LOG] [DEBUG] Renderizando celda: {columnId: fechaRegistro, isReference: undefined, value: Object} @ http://localhost:3000/_next/static/chunks/11hm_next_dist_0m6rgog._.js:2441
[     560ms] [LOG] [DEBUG] Renderizando celda: {columnId: ultimoContacto, isReference: undefined, value: Object} @ http://localhost:3000/_next/static/chunks/11hm_next_dist_0m6rgog._.js:2441
[     560ms] [LOG] [DEBUG] Renderizando celda: {columnId: ultimoContacto, isReference: undefined, value: Object} @ http://localhost:3000/_next/static/chunks/11hm_next_dist_0m6rgog._.js:2441
[     560ms] [LOG] [DEBUG] Renderizando celda: {columnId: valorTotal, isReference: undefined, value: Object} @ http://localhost:3000/_next/static/chunks/11hm_next_dist_0m6rgog._.js:2441
[     560ms] [LOG] [DEBUG] Renderizando celda: {columnId: valorTotal, isReference: undefined, value: Object} @ http://localhost:3000/_next/static/chunks/11hm_next_dist_0m6rgog._.js:2441
[     560ms] [LOG] [DEBUG] Tipo corregido: string -> number {originalValue: 3120, originalType: string, detectedType: number} @ http://localhost:3000/_next/static/chunks/11hm_next_dist_0m6rgog._.js:2441
[     560ms] [LOG] [DEBUG] Tipo corregido: string -> number {originalValue: 3120, originalType: string, detectedType: number} @ http://localhost:3000/_next/static/chunks/11hm_next_dist_0m6rgog._.js:2441
[     560ms] [LOG] [DEBUG] Renderizando celda: {columnId: satisfaccion, isReference: undefined, value: Object} @ http://localhost:3000/_next/static/chunks/11hm_next_dist_0m6rgog._.js:2441
[     560ms] [LOG] [DEBUG] Renderizando celda: {columnId: satisfaccion, isReference: undefined, value: Object} @ http://localhost:3000/_next/static/chunks/11hm_next_dist_0m6rgog._.js:2441
[     560ms] [LOG] [DEBUG] Renderizando celda: {columnId: activo, isReference: undefined, value: Object} @ http://localhost:3000/_next/static/chunks/11hm_next_dist_0m6rgog._.js:2441
[     560ms] [LOG] [DEBUG] Renderizando celda: {columnId: activo, isReference: undefined, value: Object} @ http://localhost:3000/_next/static/chunks/11hm_next_dist_0m6rgog._.js:2441
[     560ms] [LOG] [DEBUG] Tipo corregido: boolean -> string {originalValue: true, originalType: boolean, detectedType: string} @ http://localhost:3000/_next/static/chunks/11hm_next_dist_0m6rgog._.js:2441
[     560ms] [LOG] [DEBUG] Tipo corregido: boolean -> string {originalValue: true, originalType: boolean, detectedType: string} @ http://localhost:3000/_next/static/chunks/11hm_next_dist_0m6rgog._.js:2441
[     561ms] [LOG] [DEBUG] Renderizando celda: {columnId: id, isReference: undefined, value: Object} @ http://localhost:3000/_next/static/chunks/11hm_next_dist_0m6rgog._.js:2441
[     561ms] [LOG] [DEBUG] Renderizando celda: {columnId: id, isReference: undefined, value: Object} @ http://localhost:3000/_next/static/chunks/11hm_next_dist_0m6rgog._.js:2441
[     561ms] [LOG] [DEBUG] Renderizando celda: {columnId: nombre, isReference: undefined, value: Object} @ http://localhost:3000/_next/static/chunks/11hm_next_dist_0m6rgog._.js:2441
[     561ms] [LOG] [DEBUG] Renderizando celda: {columnId: nombre, isReference: undefined, value: Object} @ http://localhost:3000/_next/static/chunks/11hm_next_dist_0m6rgog._.js:2441
[     561ms] [LOG] [DEBUG] Renderizando celda: {columnId: email, isReference: undefined, value: Object} @ http://localhost:3000/_next/static/chunks/11hm_next_dist_0m6rgog._.js:2441
[     561ms] [LOG] [DEBUG] Renderizando celda: {columnId: email, isReference: undefined, value: Object} @ http://localhost:3000/_next/static/chunks/11hm_next_dist_0m6rgog._.js:2441
[     562ms] [LOG] [DEBUG] Renderizando celda: {columnId: telefono, isReference: undefined, value: Object} @ http://localhost:3000/_next/static/chunks/11hm_next_dist_0m6rgog._.js:2441
[     562ms] [LOG] [DEBUG] Renderizando celda: {columnId: telefono, isReference: undefined, value: Object} @ http://localhost:3000/_next/static/chunks/11hm_next_dist_0m6rgog._.js:2441
[     562ms] [LOG] [DEBUG] Tipo corregido: number -> date {originalValue: 34660456789, originalType: number, detectedType: date} @ http://localhost:3000/_next/static/chunks/11hm_next_dist_0m6rgog._.js:2441
[     562ms] [LOG] [DEBUG] Tipo corregido: number -> date {originalValue: 34660456789, originalType: number, detectedType: date} @ http://localhost:3000/_next/static/chunks/11hm_next_dist_0m6rgog._.js:2441
[     562ms] [LOG] [DEBUG] Renderizando celda: {columnId: ciudad, isReference: undefined, value: Object} @ http://localhost:3000/_next/static/chunks/11hm_next_dist_0m6rgog._.js:2441
[     562ms] [LOG] [DEBUG] Renderizando celda: {columnId: ciudad, isReference: undefined, value: Object} @ http://localhost:3000/_next/static/chunks/11hm_next_dist_0m6rgog._.js:2441
[     562ms] [LOG] [DEBUG] Renderizando celda: {columnId: rol, isReference: undefined, value: Object} @ http://localhost:3000/_next/static/chunks/11hm_next_dist_0m6rgog._.js:2441
[     562ms] [LOG] [DEBUG] Renderizando celda: {columnId: rol, isReference: undefined, value: Object} @ http://localhost:3000/_next/static/chunks/11hm_next_dist_0m6rgog._.js:2441
[     562ms] [LOG] [DEBUG] Renderizando celda: {columnId: estado, isReference: undefined, value: Object} @ http://localhost:3000/_next/static/chunks/11hm_next_dist_0m6rgog._.js:2441
[     562ms] [LOG] [DEBUG] Renderizando celda: {columnId: estado, isReference: undefined, value: Object} @ http://localhost:3000/_next/static/chunks/11hm_next_dist_0m6rgog._.js:2441
[     562ms] [LOG] [DEBUG] Renderizando celda: {columnId: fechaRegistro, isReference: undefined, value: Object} @ http://localhost:3000/_next/static/chunks/11hm_next_dist_0m6rgog._.js:2441
[     562ms] [LOG] [DEBUG] Renderizando celda: {columnId: fechaRegistro, isReference: undefined, value: Object} @ http://localhost:3000/_next/static/chunks/11hm_next_dist_0m6rgog._.js:2441
[     562ms] [LOG] [DEBUG] Renderizando celda: {columnId: ultimoContacto, isReference: undefined, value: Object} @ http://localhost:3000/_next/static/chunks/11hm_next_dist_0m6rgog._.js:2441
[     562ms] [LOG] [DEBUG] Renderizando celda: {columnId: ultimoContacto, isReference: undefined, value: Object} @ http://localhost:3000/_next/static/chunks/11hm_next_dist_0m6rgog._.js:2441
[     562ms] [LOG] [DEBUG] Renderizando celda: {columnId: valorTotal, isReference: undefined, value: Object} @ http://localhost:3000/_next/static/chunks/11hm_next_dist_0m6rgog._.js:2441
[     562ms] [LOG] [DEBUG] Renderizando celda: {columnId: valorTotal, isReference: undefined, value: Object} @ http://localhost:3000/_next/static/chunks/11hm_next_dist_0m6rgog._.js:2441
[     562ms] [LOG] [DEBUG] Tipo corregido: string -> number {originalValue: 1680, originalType: string, detectedType: number} @ http://localhost:3000/_next/static/chunks/11hm_next_dist_0m6rgog._.js:2441
[     563ms] [LOG] [DEBUG] Tipo corregido: string -> number {originalValue: 1680, originalType: string, detectedType: number} @ http://localhost:3000/_next/static/chunks/11hm_next_dist_0m6rgog._.js:2441
[     563ms] [LOG] [DEBUG] Renderizando celda: {columnId: satisfaccion, isReference: undefined, value: Object} @ http://localhost:3000/_next/static/chunks/11hm_next_dist_0m6rgog._.js:2441
[     563ms] [LOG] [DEBUG] Renderizando celda: {columnId: satisfaccion, isReference: undefined, value: Object} @ http://localhost:3000/_next/static/chunks/11hm_next_dist_0m6rgog._.js:2441
[     563ms] [LOG] [DEBUG] Renderizando celda: {columnId: activo, isReference: undefined, value: Object} @ http://localhost:3000/_next/static/chunks/11hm_next_dist_0m6rgog._.js:2441
[     563ms] [LOG] [DEBUG] Renderizando celda: {columnId: activo, isReference: undefined, value: Object} @ http://localhost:3000/_next/static/chunks/11hm_next_dist_0m6rgog._.js:2441
[     563ms] [LOG] [DEBUG] Tipo corregido: boolean -> string {originalValue: false, originalType: boolean, detectedType: string} @ http://localhost:3000/_next/static/chunks/11hm_next_dist_0m6rgog._.js:2441
[     563ms] [LOG] [DEBUG] Tipo corregido: boolean -> string {originalValue: false, originalType: boolean, detectedType: string} @ http://localhost:3000/_next/static/chunks/11hm_next_dist_0m6rgog._.js:2441
[     564ms] [LOG] [DEBUG] Renderizando celda: {columnId: id, isReference: undefined, value: Object} @ http://localhost:3000/_next/static/chunks/11hm_next_dist_0m6rgog._.js:2441
[     564ms] [LOG] [DEBUG] Renderizando celda: {columnId: id, isReference: undefined, value: Object} @ http://localhost:3000/_next/static/chunks/11hm_next_dist_0m6rgog._.js:2441
[     564ms] [LOG] [DEBUG] Renderizando celda: {columnId: nombre, isReference: undefined, value: Object} @ http://localhost:3000/_next/static/chunks/11hm_next_dist_0m6rgog._.js:2441
[     564ms] [LOG] [DEBUG] Renderizando celda: {columnId: nombre, isReference: undefined, value: Object} @ http://localhost:3000/_next/static/chunks/11hm_next_dist_0m6rgog._.js:2441
[     564ms] [LOG] [DEBUG] Renderizando celda: {columnId: email, isReference: undefined, value: Object} @ http://localhost:3000/_next/static/chunks/11hm_next_dist_0m6rgog._.js:2441
[     564ms] [LOG] [DEBUG] Renderizando celda: {columnId: email, isReference: undefined, value: Object} @ http://localhost:3000/_next/static/chunks/11hm_next_dist_0m6rgog._.js:2441
[     564ms] [LOG] [DEBUG] Renderizando celda: {columnId: telefono, isReference: undefined, value: Object} @ http://localhost:3000/_next/static/chunks/11hm_next_dist_0m6rgog._.js:2441
[     564ms] [LOG] [DEBUG] Renderizando celda: {columnId: telefono, isReference: undefined, value: Object} @ http://localhost:3000/_next/static/chunks/11hm_next_dist_0m6rgog._.js:2441
[     564ms] [LOG] [DEBUG] Tipo corregido: number -> date {originalValue: 34681567890, originalType: number, detectedType: date} @ http://localhost:3000/_next/static/chunks/11hm_next_dist_0m6rgog._.js:2441
[     564ms] [LOG] [DEBUG] Tipo corregido: number -> date {originalValue: 34681567890, originalType: number, detectedType: date} @ http://localhost:3000/_next/static/chunks/11hm_next_dist_0m6rgog._.js:2441
[     564ms] [LOG] [DEBUG] Renderizando celda: {columnId: ciudad, isReference: undefined, value: Object} @ http://localhost:3000/_next/static/chunks/11hm_next_dist_0m6rgog._.js:2441
[     564ms] [LOG] [DEBUG] Renderizando celda: {columnId: ciudad, isReference: undefined, value: Object} @ http://localhost:3000/_next/static/chunks/11hm_next_dist_0m6rgog._.js:2441
[     564ms] [LOG] [DEBUG] Renderizando celda: {columnId: rol, isReference: undefined, value: Object} @ http://localhost:3000/_next/static/chunks/11hm_next_dist_0m6rgog._.js:2441
[     564ms] [LOG] [DEBUG] Renderizando celda: {columnId: rol, isReference: undefined, value: Object} @ http://localhost:3000/_next/static/chunks/11hm_next_dist_0m6rgog._.js:2441
[     564ms] [LOG] [DEBUG] Renderizando celda: {columnId: estado, isReference: undefined, value: Object} @ http://localhost:3000/_next/static/chunks/11hm_next_dist_0m6rgog._.js:2441
[     564ms] [LOG] [DEBUG] Renderizando celda: {columnId: estado, isReference: undefined, value: Object} @ http://localhost:3000/_next/static/chunks/11hm_next_dist_0m6rgog._.js:2441
[     565ms] [LOG] [DEBUG] Renderizando celda: {columnId: fechaRegistro, isReference: undefined, value: Object} @ http://localhost:3000/_next/static/chunks/11hm_next_dist_0m6rgog._.js:2441
[     565ms] [LOG] [DEBUG] Renderizando celda: {columnId: fechaRegistro, isReference: undefined, value: Object} @ http://localhost:3000/_next/static/chunks/11hm_next_dist_0m6rgog._.js:2441
[     565ms] [LOG] [DEBUG] Renderizando celda: {columnId: ultimoContacto, isReference: undefined, value: Object} @ http://localhost:3000/_next/static/chunks/11hm_next_dist_0m6rgog._.js:2441
[     565ms] [LOG] [DEBUG] Renderizando celda: {columnId: ultimoContacto, isReference: undefined, value: Object} @ http://localhost:3000/_next/static/chunks/11hm_next_dist_0m6rgog._.js:2441
[     565ms] [LOG] [DEBUG] Renderizando celda: {columnId: valorTotal, isReference: undefined, value: Object} @ http://localhost:3000/_next/static/chunks/11hm_next_dist_0m6rgog._.js:2441
[     565ms] [LOG] [DEBUG] Renderizando celda: {columnId: valorTotal, isReference: undefined, value: Object} @ http://localhost:3000/_next/static/chunks/11hm_next_dist_0m6rgog._.js:2441
[     565ms] [LOG] [DEBUG] Tipo corregido: string -> number {originalValue: 480, originalType: string, detectedType: number} @ http://localhost:3000/_next/static/chunks/11hm_next_dist_0m6rgog._.js:2441
[     565ms] [LOG] [DEBUG] Tipo corregido: string -> number {originalValue: 480, originalType: string, detectedType: number} @ http://localhost:3000/_next/static/chunks/11hm_next_dist_0m6rgog._.js:2441
[     565ms] [LOG] [DEBUG] Renderizando celda: {columnId: satisfaccion, isReference: undefined, value: Object} @ http://localhost:3000/_next/static/chunks/11hm_next_dist_0m6rgog._.js:2441
[     565ms] [LOG] [DEBUG] Renderizando celda: {columnId: satisfaccion, isReference: undefined, value: Object} @ http://localhost:3000/_next/static/chunks/11hm_next_dist_0m6rgog._.js:2441
[     565ms] [LOG] [DEBUG] Renderizando celda: {columnId: activo, isReference: undefined, value: Object} @ http://localhost:3000/_next/static/chunks/11hm_next_dist_0m6rgog._.js:2441
[     565ms] [LOG] [DEBUG] Renderizando celda: {columnId: activo, isReference: undefined, value: Object} @ http://localhost:3000/_next/static/chunks/11hm_next_dist_0m6rgog._.js:2441
[     565ms] [LOG] [DEBUG] Tipo corregido: boolean -> string {originalValue: true, originalType: boolean, detectedType: string} @ http://localhost:3000/_next/static/chunks/11hm_next_dist_0m6rgog._.js:2441
[     565ms] [LOG] [DEBUG] Tipo corregido: boolean -> string {originalValue: true, originalType: boolean, detectedType: string} @ http://localhost:3000/_next/static/chunks/11hm_next_dist_0m6rgog._.js:2441
[     568ms] [LOG] [DEBUG] Renderizando SecondaryTables: {level: 0, parentId: undefined, isLoading: false, arrayColumnsCount: 0, arrayColumns: Array(0)} @ http://localhost:3000/_next/static/chunks/11hm_next_dist_0m6rgog._.js:2441
[     568ms] [LOG] [DEBUG] Renderizando SecondaryTables: {level: 0, parentId: undefined, isLoading: false, arrayColumnsCount: 0, arrayColumns: Array(0)} @ http://localhost:3000/_next/static/chunks/11hm_next_dist_0m6rgog._.js:2441
[     582ms] Error: Hydration failed because the server rendered HTML didn't match the client. As a result this tree will be regenerated on the client. This can happen if a SSR-ed Client Component used:

- A server/client branch `if (typeof window !== 'undefined')`.
- Variable input such as `Date.now()` or `Math.random()` which changes each time it's called.
- Date formatting in a user's locale which doesn't match the server.
- External changing data without sending a snapshot of it along with the HTML.
- Invalid HTML tag nesting.

It can also happen if the client has a browser extension installed which messes with the HTML before React loaded.

https://react.dev/link/hydration-mismatch

  ...
    <RedirectBoundary>
      <RedirectErrorBoundary router={{...}}>
        <InnerLayoutRouter url="/es/demo/t..." tree={[...]} params={{lang:"es"}} cacheNode={{rsc:{...}, ...}} ...>
          <SegmentViewNode type="page" pagePath="[lang]/(pu...">
            <SegmentTrieNode>
            <ClientPageRoot Component={function DemoTablePage} serverProvidedParams={{...}}>
              <DemoTablePage params={Promise} searchParams={Promise}>
                <div className="container ...">
                  <div>
                  <div>
                  <JsonTable data={[...]}>
                    <TableErrorBoundary>
                      <CardContent className="relative">
                        <div ref={undefined} data-slot="card-content" className="pb-6 relative" style={{...}}>
                          <div>
                          <TableToolbar>
                          <div>
                          <div className="rounded-md...">
                            <div
+                             className="alkitu-table-scroll overflow-auto"
-                             className="overflow-auto"
                              style={{height:"calc(100vh...",minHeight:"300px",maxHeight:"800px"}}
                            >
+                             <style>
-                             <div data-slot="table-container" className="relative w-full overflow-x-auto">
                              ...
                          ...
          ...
        ...

    at throwOnHydrationMismatch (http://localhost:3000/_next/static/chunks/11hm_next_dist_compiled_react-dom_003uc._._.js:3318:56)
    at beginWork (http://localhost:3000/_next/static/chunks/11hm_next_dist_compiled_react-dom_003uc._._.js:6758:918)
    at runWithFiberInDEV (http://localhost:3000/_next/static/chunks/11hm_next_dist_compiled_react-dom_003uc._._.js:965:74)
    at performUnitOfWork (http://localhost:3000/_next/static/chunks/11hm_next_dist_compiled_react-dom_003uc._._.js:9555:97)
    at workLoopConcurrentByScheduler (http://localhost:3000/_next/static/chunks/11hm_next_dist_compiled_react-dom_003uc._._.js:9551:58)
    at renderRootConcurrent (http://localhost:3000/_next/static/chunks/11hm_next_dist_compiled_react-dom_003uc._._.js:9534:71)
    at performWorkOnRoot (http://localhost:3000/_next/static/chunks/11hm_next_dist_compiled_react-dom_003uc._._.js:9061:150)
    at performWorkOnRootViaSchedulerTask (http://localhost:3000/_next/static/chunks/11hm_next_dist_compiled_react-dom_003uc._._.js:10255:9)
    at MessagePort.performWorkUntilDeadline (http://localhost:3000/_next/static/chunks/11hm_next_dist_compiled_0fu2kq5._.js:2647:64)
[     576ms] [LOG] Service Worker registration skipped in development mode for better debugging experience @ http://localhost:3000/_next/static/chunks/11hm_next_dist_0m6rgog._.js:2441
[     576ms] [LOG] Run in production mode to test service worker functionality @ http://localhost:3000/_next/static/chunks/11hm_next_dist_0m6rgog._.js:2441
[     577ms] [LOG] [DEBUG] Valor de busqueda:  @ http://localhost:3000/_next/static/chunks/11hm_next_dist_0m6rgog._.js:2441
[     579ms] [LOG] [DEBUG] Array columns procesadas: {count: 0, totalRegistros: 0, columns: Array(0)} @ http://localhost:3000/_next/static/chunks/11hm_next_dist_0m6rgog._.js:2441
[     580ms] [LOG] 🎨 [ThemeContext] Using hardcoded default theme @ http://localhost:3000/_next/static/chunks/11hm_next_dist_0m6rgog._.js:2441
[     584ms] [LOG] Service Worker registration skipped in development mode for better debugging experience @ http://localhost:3000/_next/static/chunks/11hm_next_dist_0m6rgog._.js:2441
[     585ms] [LOG] Run in production mode to test service worker functionality @ http://localhost:3000/_next/static/chunks/11hm_next_dist_0m6rgog._.js:2441
[     585ms] [LOG] [DEBUG] Valor de busqueda:  @ http://localhost:3000/_next/static/chunks/11hm_next_dist_0m6rgog._.js:2441
[     586ms] [LOG] [DEBUG] Array columns procesadas: {count: 0, totalRegistros: 0, columns: Array(0)} @ http://localhost:3000/_next/static/chunks/11hm_next_dist_0m6rgog._.js:2441
[     587ms] [LOG] 🎨 [ThemeContext] Using hardcoded default theme @ http://localhost:3000/_next/static/chunks/11hm_next_dist_0m6rgog._.js:2441
[     588ms] [LOG] [DEBUG] Effective column order: {baseOrder: Array(14), pinnedColumnId: index, otherColumns: Array(13), hasActions: true, result: Array(15)} @ http://localhost:3000/_next/static/chunks/11hm_next_dist_0m6rgog._.js:2441
[     588ms] [LOG] [DEBUG] Effective column order: {baseOrder: Array(14), pinnedColumnId: index, otherColumns: Array(13), hasActions: true, result: Array(15)} @ http://localhost:3000/_next/static/chunks/11hm_next_dist_0m6rgog._.js:2441
[     589ms] [LOG] [DEBUG] Effective column order: {baseOrder: Array(14), pinnedColumnId: index, otherColumns: Array(13), hasActions: true, result: Array(15)} @ http://localhost:3000/_next/static/chunks/11hm_next_dist_0m6rgog._.js:2441
[     589ms] [LOG] [DEBUG] Effective column order: {baseOrder: Array(14), pinnedColumnId: index, otherColumns: Array(13), hasActions: true, result: Array(15)} @ http://localhost:3000/_next/static/chunks/11hm_next_dist_0m6rgog._.js:2441
[     600ms] [LOG] [DEBUG] Renderizando celda: {columnId: id, isReference: undefined, value: Object} @ http://localhost:3000/_next/static/chunks/11hm_next_dist_0m6rgog._.js:2441
[     600ms] [LOG] [DEBUG] Renderizando celda: {columnId: id, isReference: undefined, value: Object} @ http://localhost:3000/_next/static/chunks/11hm_next_dist_0m6rgog._.js:2441
[     600ms] [LOG] [DEBUG] Renderizando celda: {columnId: nombre, isReference: undefined, value: Object} @ http://localhost:3000/_next/static/chunks/11hm_next_dist_0m6rgog._.js:2441
[     600ms] [LOG] [DEBUG] Renderizando celda: {columnId: nombre, isReference: undefined, value: Object} @ http://localhost:3000/_next/static/chunks/11hm_next_dist_0m6rgog._.js:2441
[     600ms] [LOG] [DEBUG] Renderizando celda: {columnId: email, isReference: undefined, value: Object} @ http://localhost:3000/_next/static/chunks/11hm_next_dist_0m6rgog._.js:2441
[     600ms] [LOG] [DEBUG] Renderizando celda: {columnId: email, isReference: undefined, value: Object} @ http://localhost:3000/_next/static/chunks/11hm_next_dist_0m6rgog._.js:2441
[     600ms] [LOG] [DEBUG] Renderizando celda: {columnId: telefono, isReference: undefined, value: Object} @ http://localhost:3000/_next/static/chunks/11hm_next_dist_0m6rgog._.js:2441
[     601ms] [LOG] [DEBUG] Renderizando celda: {columnId: telefono, isReference: undefined, value: Object} @ http://localhost:3000/_next/static/chunks/11hm_next_dist_0m6rgog._.js:2441
[     601ms] [LOG] [DEBUG] Renderizando celda: {columnId: ciudad, isReference: undefined, value: Object} @ http://localhost:3000/_next/static/chunks/11hm_next_dist_0m6rgog._.js:2441
[     601ms] [LOG] [DEBUG] Renderizando celda: {columnId: ciudad, isReference: undefined, value: Object} @ http://localhost:3000/_next/static/chunks/11hm_next_dist_0m6rgog._.js:2441
[     601ms] [LOG] [DEBUG] Renderizando celda: {columnId: rol, isReference: undefined, value: Object} @ http://localhost:3000/_next/static/chunks/11hm_next_dist_0m6rgog._.js:2441
[     601ms] [LOG] [DEBUG] Renderizando celda: {columnId: rol, isReference: undefined, value: Object} @ http://localhost:3000/_next/static/chunks/11hm_next_dist_0m6rgog._.js:2441
[     601ms] [LOG] [DEBUG] Renderizando celda: {columnId: estado, isReference: undefined, value: Object} @ http://localhost:3000/_next/static/chunks/11hm_next_dist_0m6rgog._.js:2441
[     601ms] [LOG] [DEBUG] Renderizando celda: {columnId: estado, isReference: undefined, value: Object} @ http://localhost:3000/_next/static/chunks/11hm_next_dist_0m6rgog._.js:2441
[     601ms] [LOG] [DEBUG] Renderizando celda: {columnId: fechaRegistro, isReference: undefined, value: Object} @ http://localhost:3000/_next/static/chunks/11hm_next_dist_0m6rgog._.js:2441
[     601ms] [LOG] [DEBUG] Renderizando celda: {columnId: fechaRegistro, isReference: undefined, value: Object} @ http://localhost:3000/_next/static/chunks/11hm_next_dist_0m6rgog._.js:2441
[     601ms] [LOG] [DEBUG] Renderizando celda: {columnId: ultimoContacto, isReference: undefined, value: Object} @ http://localhost:3000/_next/static/chunks/11hm_next_dist_0m6rgog._.js:2441
[     601ms] [LOG] [DEBUG] Renderizando celda: {columnId: ultimoContacto, isReference: undefined, value: Object} @ http://localhost:3000/_next/static/chunks/11hm_next_dist_0m6rgog._.js:2441
[     601ms] [LOG] [DEBUG] Renderizando celda: {columnId: valorTotal, isReference: undefined, value: Object} @ http://localhost:3000/_next/static/chunks/11hm_next_dist_0m6rgog._.js:2441
[     601ms] [LOG] [DEBUG] Renderizando celda: {columnId: valorTotal, isReference: undefined, value: Object} @ http://localhost:3000/_next/static/chunks/11hm_next_dist_0m6rgog._.js:2441
[     602ms] [LOG] [DEBUG] Renderizando celda: {columnId: satisfaccion, isReference: undefined, value: Object} @ http://localhost:3000/_next/static/chunks/11hm_next_dist_0m6rgog._.js:2441
[     602ms] [LOG] [DEBUG] Renderizando celda: {columnId: satisfaccion, isReference: undefined, value: Object} @ http://localhost:3000/_next/static/chunks/11hm_next_dist_0m6rgog._.js:2441
[     602ms] [LOG] [DEBUG] Renderizando celda: {columnId: activo, isReference: undefined, value: Object} @ http://localhost:3000/_next/static/chunks/11hm_next_dist_0m6rgog._.js:2441
[     602ms] [LOG] [DEBUG] Renderizando celda: {columnId: activo, isReference: undefined, value: Object} @ http://localhost:3000/_next/static/chunks/11hm_next_dist_0m6rgog._.js:2441
[     602ms] [LOG] [DEBUG] Renderizando celda: {columnId: id, isReference: undefined, value: Object} @ http://localhost:3000/_next/static/chunks/11hm_next_dist_0m6rgog._.js:2441
[     602ms] [LOG] [DEBUG] Renderizando celda: {columnId: id, isReference: undefined, value: Object} @ http://localhost:3000/_next/static/chunks/11hm_next_dist_0m6rgog._.js:2441
[     603ms] [LOG] [DEBUG] Renderizando celda: {columnId: nombre, isReference: undefined, value: Object} @ http://localhost:3000/_next/static/chunks/11hm_next_dist_0m6rgog._.js:2441
[     603ms] [LOG] [DEBUG] Renderizando celda: {columnId: nombre, isReference: undefined, value: Object} @ http://localhost:3000/_next/static/chunks/11hm_next_dist_0m6rgog._.js:2441
[     603ms] [LOG] [DEBUG] Renderizando celda: {columnId: email, isReference: undefined, value: Object} @ http://localhost:3000/_next/static/chunks/11hm_next_dist_0m6rgog._.js:2441
[     603ms] [LOG] [DEBUG] Renderizando celda: {columnId: email, isReference: undefined, value: Object} @ http://localhost:3000/_next/static/chunks/11hm_next_dist_0m6rgog._.js:2441
[     603ms] [LOG] [DEBUG] Renderizando celda: {columnId: telefono, isReference: undefined, value: Object} @ http://localhost:3000/_next/static/chunks/11hm_next_dist_0m6rgog._.js:2441
[     603ms] [LOG] [DEBUG] Renderizando celda: {columnId: telefono, isReference: undefined, value: Object} @ http://localhost:3000/_next/static/chunks/11hm_next_dist_0m6rgog._.js:2441
[     603ms] [LOG] [DEBUG] Renderizando celda: {columnId: ciudad, isReference: undefined, value: Object} @ http://localhost:3000/_next/static/chunks/11hm_next_dist_0m6rgog._.js:2441
[     603ms] [LOG] [DEBUG] Renderizando celda: {columnId: ciudad, isReference: undefined, value: Object} @ http://localhost:3000/_next/static/chunks/11hm_next_dist_0m6rgog._.js:2441
[     603ms] [LOG] [DEBUG] Renderizando celda: {columnId: rol, isReference: undefined, value: Object} @ http://localhost:3000/_next/static/chunks/11hm_next_dist_0m6rgog._.js:2441
[     603ms] [LOG] [DEBUG] Renderizando celda: {columnId: rol, isReference: undefined, value: Object} @ http://localhost:3000/_next/static/chunks/11hm_next_dist_0m6rgog._.js:2441
[     603ms] [LOG] [DEBUG] Renderizando celda: {columnId: estado, isReference: undefined, value: Object} @ http://localhost:3000/_next/static/chunks/11hm_next_dist_0m6rgog._.js:2441
[     603ms] [LOG] [DEBUG] Renderizando celda: {columnId: estado, isReference: undefined, value: Object} @ http://localhost:3000/_next/static/chunks/11hm_next_dist_0m6rgog._.js:2441
[     603ms] [LOG] [DEBUG] Renderizando celda: {columnId: fechaRegistro, isReference: undefined, value: Object} @ http://localhost:3000/_next/static/chunks/11hm_next_dist_0m6rgog._.js:2441
[     603ms] [LOG] [DEBUG] Renderizando celda: {columnId: fechaRegistro, isReference: undefined, value: Object} @ http://localhost:3000/_next/static/chunks/11hm_next_dist_0m6rgog._.js:2441
[     604ms] [LOG] [DEBUG] Renderizando celda: {columnId: ultimoContacto, isReference: undefined, value: Object} @ http://localhost:3000/_next/static/chunks/11hm_next_dist_0m6rgog._.js:2441
[     604ms] [LOG] [DEBUG] Renderizando celda: {columnId: ultimoContacto, isReference: undefined, value: Object} @ http://localhost:3000/_next/static/chunks/11hm_next_dist_0m6rgog._.js:2441
[     604ms] [LOG] [DEBUG] Renderizando celda: {columnId: valorTotal, isReference: undefined, value: Object} @ http://localhost:3000/_next/static/chunks/11hm_next_dist_0m6rgog._.js:2441
[     604ms] [LOG] [DEBUG] Renderizando celda: {columnId: valorTotal, isReference: undefined, value: Object} @ http://localhost:3000/_next/static/chunks/11hm_next_dist_0m6rgog._.js:2441
[     604ms] [LOG] [DEBUG] Renderizando celda: {columnId: satisfaccion, isReference: undefined, value: Object} @ http://localhost:3000/_next/static/chunks/11hm_next_dist_0m6rgog._.js:2441
[     604ms] [LOG] [DEBUG] Renderizando celda: {columnId: satisfaccion, isReference: undefined, value: Object} @ http://localhost:3000/_next/static/chunks/11hm_next_dist_0m6rgog._.js:2441
[     604ms] [LOG] [DEBUG] Renderizando celda: {columnId: activo, isReference: undefined, value: Object} @ http://localhost:3000/_next/static/chunks/11hm_next_dist_0m6rgog._.js:2441
[     604ms] [LOG] [DEBUG] Renderizando celda: {columnId: activo, isReference: undefined, value: Object} @ http://localhost:3000/_next/static/chunks/11hm_next_dist_0m6rgog._.js:2441
[     605ms] [LOG] [DEBUG] Renderizando celda: {columnId: id, isReference: undefined, value: Object} @ http://localhost:3000/_next/static/chunks/11hm_next_dist_0m6rgog._.js:2441
[     605ms] [LOG] [DEBUG] Renderizando celda: {columnId: id, isReference: undefined, value: Object} @ http://localhost:3000/_next/static/chunks/11hm_next_dist_0m6rgog._.js:2441
[     605ms] [LOG] [DEBUG] Renderizando celda: {columnId: nombre, isReference: undefined, value: Object} @ http://localhost:3000/_next/static/chunks/11hm_next_dist_0m6rgog._.js:2441
[     605ms] [LOG] [DEBUG] Renderizando celda: {columnId: nombre, isReference: undefined, value: Object} @ http://localhost:3000/_next/static/chunks/11hm_next_dist_0m6rgog._.js:2441
[     605ms] [LOG] [DEBUG] Renderizando celda: {columnId: email, isReference: undefined, value: Object} @ http://localhost:3000/_next/static/chunks/11hm_next_dist_0m6rgog._.js:2441
[     605ms] [LOG] [DEBUG] Renderizando celda: {columnId: email, isReference: undefined, value: Object} @ http://localhost:3000/_next/static/chunks/11hm_next_dist_0m6rgog._.js:2441
[     606ms] [LOG] [DEBUG] Renderizando celda: {columnId: telefono, isReference: undefined, value: Object} @ http://localhost:3000/_next/static/chunks/11hm_next_dist_0m6rgog._.js:2441
[     606ms] [LOG] [DEBUG] Renderizando celda: {columnId: telefono, isReference: undefined, value: Object} @ http://localhost:3000/_next/static/chunks/11hm_next_dist_0m6rgog._.js:2441
[     606ms] [LOG] [DEBUG] Renderizando celda: {columnId: ciudad, isReference: undefined, value: Object} @ http://localhost:3000/_next/static/chunks/11hm_next_dist_0m6rgog._.js:2441
[     606ms] [LOG] [DEBUG] Renderizando celda: {columnId: ciudad, isReference: undefined, value: Object} @ http://localhost:3000/_next/static/chunks/11hm_next_dist_0m6rgog._.js:2441
[     606ms] [LOG] [DEBUG] Renderizando celda: {columnId: rol, isReference: undefined, value: Object} @ http://localhost:3000/_next/static/chunks/11hm_next_dist_0m6rgog._.js:2441
[     606ms] [LOG] [DEBUG] Renderizando celda: {columnId: rol, isReference: undefined, value: Object} @ http://localhost:3000/_next/static/chunks/11hm_next_dist_0m6rgog._.js:2441
[     606ms] [LOG] [DEBUG] Renderizando celda: {columnId: estado, isReference: undefined, value: Object} @ http://localhost:3000/_next/static/chunks/11hm_next_dist_0m6rgog._.js:2441
[     606ms] [LOG] [DEBUG] Renderizando celda: {columnId: estado, isReference: undefined, value: Object} @ http://localhost:3000/_next/static/chunks/11hm_next_dist_0m6rgog._.js:2441
[     606ms] [LOG] [DEBUG] Renderizando celda: {columnId: fechaRegistro, isReference: undefined, value: Object} @ http://localhost:3000/_next/static/chunks/11hm_next_dist_0m6rgog._.js:2441
[     606ms] [LOG] [DEBUG] Renderizando celda: {columnId: fechaRegistro, isReference: undefined, value: Object} @ http://localhost:3000/_next/static/chunks/11hm_next_dist_0m6rgog._.js:2441
[     606ms] [LOG] [DEBUG] Renderizando celda: {columnId: ultimoContacto, isReference: undefined, value: Object} @ http://localhost:3000/_next/static/chunks/11hm_next_dist_0m6rgog._.js:2441
[     606ms] [LOG] [DEBUG] Renderizando celda: {columnId: ultimoContacto, isReference: undefined, value: Object} @ http://localhost:3000/_next/static/chunks/11hm_next_dist_0m6rgog._.js:2441
[     607ms] [LOG] [DEBUG] Renderizando celda: {columnId: valorTotal, isReference: undefined, value: Object} @ http://localhost:3000/_next/static/chunks/11hm_next_dist_0m6rgog._.js:2441
[     607ms] [LOG] [DEBUG] Renderizando celda: {columnId: valorTotal, isReference: undefined, value: Object} @ http://localhost:3000/_next/static/chunks/11hm_next_dist_0m6rgog._.js:2441
[     607ms] [LOG] [DEBUG] Renderizando celda: {columnId: satisfaccion, isReference: undefined, value: Object} @ http://localhost:3000/_next/static/chunks/11hm_next_dist_0m6rgog._.js:2441
[     607ms] [LOG] [DEBUG] Renderizando celda: {columnId: satisfaccion, isReference: undefined, value: Object} @ http://localhost:3000/_next/static/chunks/11hm_next_dist_0m6rgog._.js:2441
[     607ms] [LOG] [DEBUG] Renderizando celda: {columnId: activo, isReference: undefined, value: Object} @ http://localhost:3000/_next/static/chunks/11hm_next_dist_0m6rgog._.js:2441
[     607ms] [LOG] [DEBUG] Renderizando celda: {columnId: activo, isReference: undefined, value: Object} @ http://localhost:3000/_next/static/chunks/11hm_next_dist_0m6rgog._.js:2441
[     608ms] [LOG] [DEBUG] Renderizando celda: {columnId: id, isReference: undefined, value: Object} @ http://localhost:3000/_next/static/chunks/11hm_next_dist_0m6rgog._.js:2441
[     608ms] [LOG] [DEBUG] Renderizando celda: {columnId: id, isReference: undefined, value: Object} @ http://localhost:3000/_next/static/chunks/11hm_next_dist_0m6rgog._.js:2441
[     608ms] [LOG] [DEBUG] Renderizando celda: {columnId: nombre, isReference: undefined, value: Object} @ http://localhost:3000/_next/static/chunks/11hm_next_dist_0m6rgog._.js:2441
[     608ms] [LOG] [DEBUG] Renderizando celda: {columnId: nombre, isReference: undefined, value: Object} @ http://localhost:3000/_next/static/chunks/11hm_next_dist_0m6rgog._.js:2441
[     608ms] [LOG] [DEBUG] Renderizando celda: {columnId: email, isReference: undefined, value: Object} @ http://localhost:3000/_next/static/chunks/11hm_next_dist_0m6rgog._.js:2441
[     608ms] [LOG] [DEBUG] Renderizando celda: {columnId: email, isReference: undefined, value: Object} @ http://localhost:3000/_next/static/chunks/11hm_next_dist_0m6rgog._.js:2441
[     608ms] [LOG] [DEBUG] Renderizando celda: {columnId: telefono, isReference: undefined, value: Object} @ http://localhost:3000/_next/static/chunks/11hm_next_dist_0m6rgog._.js:2441
[     608ms] [LOG] [DEBUG] Renderizando celda: {columnId: telefono, isReference: undefined, value: Object} @ http://localhost:3000/_next/static/chunks/11hm_next_dist_0m6rgog._.js:2441
[     608ms] [LOG] [DEBUG] Renderizando celda: {columnId: ciudad, isReference: undefined, value: Object} @ http://localhost:3000/_next/static/chunks/11hm_next_dist_0m6rgog._.js:2441
[     608ms] [LOG] [DEBUG] Renderizando celda: {columnId: ciudad, isReference: undefined, value: Object} @ http://localhost:3000/_next/static/chunks/11hm_next_dist_0m6rgog._.js:2441
[     608ms] [LOG] [DEBUG] Renderizando celda: {columnId: rol, isReference: undefined, value: Object} @ http://localhost:3000/_next/static/chunks/11hm_next_dist_0m6rgog._.js:2441
[     608ms] [LOG] [DEBUG] Renderizando celda: {columnId: rol, isReference: undefined, value: Object} @ http://localhost:3000/_next/static/chunks/11hm_next_dist_0m6rgog._.js:2441
[     609ms] [LOG] [DEBUG] Renderizando celda: {columnId: estado, isReference: undefined, value: Object} @ http://localhost:3000/_next/static/chunks/11hm_next_dist_0m6rgog._.js:2441
[     609ms] [LOG] [DEBUG] Renderizando celda: {columnId: estado, isReference: undefined, value: Object} @ http://localhost:3000/_next/static/chunks/11hm_next_dist_0m6rgog._.js:2441
[     609ms] [LOG] [DEBUG] Renderizando celda: {columnId: fechaRegistro, isReference: undefined, value: Object} @ http://localhost:3000/_next/static/chunks/11hm_next_dist_0m6rgog._.js:2441
[     609ms] [LOG] [DEBUG] Renderizando celda: {columnId: fechaRegistro, isReference: undefined, value: Object} @ http://localhost:3000/_next/static/chunks/11hm_next_dist_0m6rgog._.js:2441
[     609ms] [LOG] [DEBUG] Renderizando celda: {columnId: ultimoContacto, isReference: undefined, value: Object} @ http://localhost:3000/_next/static/chunks/11hm_next_dist_0m6rgog._.js:2441
[     609ms] [LOG] [DEBUG] Renderizando celda: {columnId: ultimoContacto, isReference: undefined, value: Object} @ http://localhost:3000/_next/static/chunks/11hm_next_dist_0m6rgog._.js:2441
[     609ms] [LOG] [DEBUG] Renderizando celda: {columnId: valorTotal, isReference: undefined, value: Object} @ http://localhost:3000/_next/static/chunks/11hm_next_dist_0m6rgog._.js:2441
[     609ms] [LOG] [DEBUG] Renderizando celda: {columnId: valorTotal, isReference: undefined, value: Object} @ http://localhost:3000/_next/static/chunks/11hm_next_dist_0m6rgog._.js:2441
[     609ms] [LOG] [DEBUG] Renderizando celda: {columnId: satisfaccion, isReference: undefined, value: Object} @ http://localhost:3000/_next/static/chunks/11hm_next_dist_0m6rgog._.js:2441
[     609ms] [LOG] [DEBUG] Renderizando celda: {columnId: satisfaccion, isReference: undefined, value: Object} @ http://localhost:3000/_next/static/chunks/11hm_next_dist_0m6rgog._.js:2441
[     609ms] [LOG] [DEBUG] Renderizando celda: {columnId: activo, isReference: undefined, value: Object} @ http://localhost:3000/_next/static/chunks/11hm_next_dist_0m6rgog._.js:2441
[     609ms] [LOG] [DEBUG] Renderizando celda: {columnId: activo, isReference: undefined, value: Object} @ http://localhost:3000/_next/static/chunks/11hm_next_dist_0m6rgog._.js:2441
[     610ms] [LOG] [DEBUG] Renderizando celda: {columnId: id, isReference: undefined, value: Object} @ http://localhost:3000/_next/static/chunks/11hm_next_dist_0m6rgog._.js:2441
[     610ms] [LOG] [DEBUG] Renderizando celda: {columnId: id, isReference: undefined, value: Object} @ http://localhost:3000/_next/static/chunks/11hm_next_dist_0m6rgog._.js:2441
[     610ms] [LOG] [DEBUG] Renderizando celda: {columnId: nombre, isReference: undefined, value: Object} @ http://localhost:3000/_next/static/chunks/11hm_next_dist_0m6rgog._.js:2441
[     610ms] [LOG] [DEBUG] Renderizando celda: {columnId: nombre, isReference: undefined, value: Object} @ http://localhost:3000/_next/static/chunks/11hm_next_dist_0m6rgog._.js:2441
[     610ms] [LOG] [DEBUG] Renderizando celda: {columnId: email, isReference: undefined, value: Object} @ http://localhost:3000/_next/static/chunks/11hm_next_dist_0m6rgog._.js:2441
[     610ms] [LOG] [DEBUG] Renderizando celda: {columnId: email, isReference: undefined, value: Object} @ http://localhost:3000/_next/static/chunks/11hm_next_dist_0m6rgog._.js:2441
[     610ms] [LOG] [DEBUG] Renderizando celda: {columnId: telefono, isReference: undefined, value: Object} @ http://localhost:3000/_next/static/chunks/11hm_next_dist_0m6rgog._.js:2441
[     610ms] [LOG] [DEBUG] Renderizando celda: {columnId: telefono, isReference: undefined, value: Object} @ http://localhost:3000/_next/static/chunks/11hm_next_dist_0m6rgog._.js:2441
[     611ms] [LOG] [DEBUG] Renderizando celda: {columnId: ciudad, isReference: undefined, value: Object} @ http://localhost:3000/_next/static/chunks/11hm_next_dist_0m6rgog._.js:2441
[     611ms] [LOG] [DEBUG] Renderizando celda: {columnId: ciudad, isReference: undefined, value: Object} @ http://localhost:3000/_next/static/chunks/11hm_next_dist_0m6rgog._.js:2441
[     611ms] [LOG] [DEBUG] Renderizando celda: {columnId: rol, isReference: undefined, value: Object} @ http://localhost:3000/_next/static/chunks/11hm_next_dist_0m6rgog._.js:2441
[     611ms] [LOG] [DEBUG] Renderizando celda: {columnId: rol, isReference: undefined, value: Object} @ http://localhost:3000/_next/static/chunks/11hm_next_dist_0m6rgog._.js:2441
[     611ms] [LOG] [DEBUG] Renderizando celda: {columnId: estado, isReference: undefined, value: Object} @ http://localhost:3000/_next/static/chunks/11hm_next_dist_0m6rgog._.js:2441
[     611ms] [LOG] [DEBUG] Renderizando celda: {columnId: estado, isReference: undefined, value: Object} @ http://localhost:3000/_next/static/chunks/11hm_next_dist_0m6rgog._.js:2441
[     611ms] [LOG] [DEBUG] Renderizando celda: {columnId: fechaRegistro, isReference: undefined, value: Object} @ http://localhost:3000/_next/static/chunks/11hm_next_dist_0m6rgog._.js:2441
[     611ms] [LOG] [DEBUG] Renderizando celda: {columnId: fechaRegistro, isReference: undefined, value: Object} @ http://localhost:3000/_next/static/chunks/11hm_next_dist_0m6rgog._.js:2441
[     611ms] [LOG] [DEBUG] Renderizando celda: {columnId: ultimoContacto, isReference: undefined, value: Object} @ http://localhost:3000/_next/static/chunks/11hm_next_dist_0m6rgog._.js:2441
[     611ms] [LOG] [DEBUG] Renderizando celda: {columnId: ultimoContacto, isReference: undefined, value: Object} @ http://localhost:3000/_next/static/chunks/11hm_next_dist_0m6rgog._.js:2441
[     611ms] [LOG] [DEBUG] Renderizando celda: {columnId: valorTotal, isReference: undefined, value: Object} @ http://localhost:3000/_next/static/chunks/11hm_next_dist_0m6rgog._.js:2441
[     611ms] [LOG] [DEBUG] Renderizando celda: {columnId: valorTotal, isReference: undefined, value: Object} @ http://localhost:3000/_next/static/chunks/11hm_next_dist_0m6rgog._.js:2441
[     611ms] [LOG] [DEBUG] Renderizando celda: {columnId: satisfaccion, isReference: undefined, value: Object} @ http://localhost:3000/_next/static/chunks/11hm_next_dist_0m6rgog._.js:2441
[     611ms] [LOG] [DEBUG] Renderizando celda: {columnId: satisfaccion, isReference: undefined, value: Object} @ http://localhost:3000/_next/static/chunks/11hm_next_dist_0m6rgog._.js:2441
[     612ms] [LOG] [DEBUG] Renderizando celda: {columnId: activo, isReference: undefined, value: Object} @ http://localhost:3000/_next/static/chunks/11hm_next_dist_0m6rgog._.js:2441
[     612ms] [LOG] [DEBUG] Renderizando celda: {columnId: activo, isReference: undefined, value: Object} @ http://localhost:3000/_next/static/chunks/11hm_next_dist_0m6rgog._.js:2441
[     612ms] [LOG] [DEBUG] Renderizando celda: {columnId: id, isReference: undefined, value: Object} @ http://localhost:3000/_next/static/chunks/11hm_next_dist_0m6rgog._.js:2441
[     612ms] [LOG] [DEBUG] Renderizando celda: {columnId: id, isReference: undefined, value: Object} @ http://localhost:3000/_next/static/chunks/11hm_next_dist_0m6rgog._.js:2441
[     612ms] [LOG] [DEBUG] Renderizando celda: {columnId: nombre, isReference: undefined, value: Object} @ http://localhost:3000/_next/static/chunks/11hm_next_dist_0m6rgog._.js:2441
[     613ms] [LOG] [DEBUG] Renderizando celda: {columnId: nombre, isReference: undefined, value: Object} @ http://localhost:3000/_next/static/chunks/11hm_next_dist_0m6rgog._.js:2441
[     613ms] [LOG] [DEBUG] Renderizando celda: {columnId: email, isReference: undefined, value: Object} @ http://localhost:3000/_next/static/chunks/11hm_next_dist_0m6rgog._.js:2441
[     613ms] [LOG] [DEBUG] Renderizando celda: {columnId: email, isReference: undefined, value: Object} @ http://localhost:3000/_next/static/chunks/11hm_next_dist_0m6rgog._.js:2441
[     613ms] [LOG] [DEBUG] Renderizando celda: {columnId: telefono, isReference: undefined, value: Object} @ http://localhost:3000/_next/static/chunks/11hm_next_dist_0m6rgog._.js:2441
[     613ms] [LOG] [DEBUG] Renderizando celda: {columnId: telefono, isReference: undefined, value: Object} @ http://localhost:3000/_next/static/chunks/11hm_next_dist_0m6rgog._.js:2441
[     613ms] [LOG] [DEBUG] Renderizando celda: {columnId: ciudad, isReference: undefined, value: Object} @ http://localhost:3000/_next/static/chunks/11hm_next_dist_0m6rgog._.js:2441
[     613ms] [LOG] [DEBUG] Renderizando celda: {columnId: ciudad, isReference: undefined, value: Object} @ http://localhost:3000/_next/static/chunks/11hm_next_dist_0m6rgog._.js:2441
[     613ms] [LOG] [DEBUG] Renderizando celda: {columnId: rol, isReference: undefined, value: Object} @ http://localhost:3000/_next/static/chunks/11hm_next_dist_0m6rgog._.js:2441
[     613ms] [LOG] [DEBUG] Renderizando celda: {columnId: rol, isReference: undefined, value: Object} @ http://localhost:3000/_next/static/chunks/11hm_next_dist_0m6rgog._.js:2441
[     613ms] [LOG] [DEBUG] Renderizando celda: {columnId: estado, isReference: undefined, value: Object} @ http://localhost:3000/_next/static/chunks/11hm_next_dist_0m6rgog._.js:2441
[     613ms] [LOG] [DEBUG] Renderizando celda: {columnId: estado, isReference: undefined, value: Object} @ http://localhost:3000/_next/static/chunks/11hm_next_dist_0m6rgog._.js:2441
[     613ms] [LOG] [DEBUG] Renderizando celda: {columnId: fechaRegistro, isReference: undefined, value: Object} @ http://localhost:3000/_next/static/chunks/11hm_next_dist_0m6rgog._.js:2441
[     613ms] [LOG] [DEBUG] Renderizando celda: {columnId: fechaRegistro, isReference: undefined, value: Object} @ http://localhost:3000/_next/static/chunks/11hm_next_dist_0m6rgog._.js:2441
[     614ms] [LOG] [DEBUG] Renderizando celda: {columnId: ultimoContacto, isReference: undefined, value: Object} @ http://localhost:3000/_next/static/chunks/11hm_next_dist_0m6rgog._.js:2441
[     614ms] [LOG] [DEBUG] Renderizando celda: {columnId: ultimoContacto, isReference: undefined, value: Object} @ http://localhost:3000/_next/static/chunks/11hm_next_dist_0m6rgog._.js:2441
[     614ms] [LOG] [DEBUG] Renderizando celda: {columnId: valorTotal, isReference: undefined, value: Object} @ http://localhost:3000/_next/static/chunks/11hm_next_dist_0m6rgog._.js:2441
[     614ms] [LOG] [DEBUG] Renderizando celda: {columnId: valorTotal, isReference: undefined, value: Object} @ http://localhost:3000/_next/static/chunks/11hm_next_dist_0m6rgog._.js:2441
[     614ms] [LOG] [DEBUG] Renderizando celda: {columnId: satisfaccion, isReference: undefined, value: Object} @ http://localhost:3000/_next/static/chunks/11hm_next_dist_0m6rgog._.js:2441
[     614ms] [LOG] [DEBUG] Renderizando celda: {columnId: satisfaccion, isReference: undefined, value: Object} @ http://localhost:3000/_next/static/chunks/11hm_next_dist_0m6rgog._.js:2441
[     614ms] [LOG] [DEBUG] Renderizando celda: {columnId: activo, isReference: undefined, value: Object} @ http://localhost:3000/_next/static/chunks/11hm_next_dist_0m6rgog._.js:2441
[     614ms] [LOG] [DEBUG] Renderizando celda: {columnId: activo, isReference: undefined, value: Object} @ http://localhost:3000/_next/static/chunks/11hm_next_dist_0m6rgog._.js:2441
[     615ms] [LOG] [DEBUG] Renderizando celda: {columnId: id, isReference: undefined, value: Object} @ http://localhost:3000/_next/static/chunks/11hm_next_dist_0m6rgog._.js:2441
[     615ms] [LOG] [DEBUG] Renderizando celda: {columnId: id, isReference: undefined, value: Object} @ http://localhost:3000/_next/static/chunks/11hm_next_dist_0m6rgog._.js:2441
[     615ms] [LOG] [DEBUG] Renderizando celda: {columnId: nombre, isReference: undefined, value: Object} @ http://localhost:3000/_next/static/chunks/11hm_next_dist_0m6rgog._.js:2441
[     615ms] [LOG] [DEBUG] Renderizando celda: {columnId: nombre, isReference: undefined, value: Object} @ http://localhost:3000/_next/static/chunks/11hm_next_dist_0m6rgog._.js:2441
[     615ms] [LOG] [DEBUG] Renderizando celda: {columnId: email, isReference: undefined, value: Object} @ http://localhost:3000/_next/static/chunks/11hm_next_dist_0m6rgog._.js:2441
[     615ms] [LOG] [DEBUG] Renderizando celda: {columnId: email, isReference: undefined, value: Object} @ http://localhost:3000/_next/static/chunks/11hm_next_dist_0m6rgog._.js:2441
[     615ms] [LOG] [DEBUG] Renderizando celda: {columnId: telefono, isReference: undefined, value: Object} @ http://localhost:3000/_next/static/chunks/11hm_next_dist_0m6rgog._.js:2441
[     615ms] [LOG] [DEBUG] Renderizando celda: {columnId: telefono, isReference: undefined, value: Object} @ http://localhost:3000/_next/static/chunks/11hm_next_dist_0m6rgog._.js:2441
[     615ms] [LOG] [DEBUG] Renderizando celda: {columnId: ciudad, isReference: undefined, value: Object} @ http://localhost:3000/_next/static/chunks/11hm_next_dist_0m6rgog._.js:2441
[     615ms] [LOG] [DEBUG] Renderizando celda: {columnId: ciudad, isReference: undefined, value: Object} @ http://localhost:3000/_next/static/chunks/11hm_next_dist_0m6rgog._.js:2441
[     615ms] [LOG] [DEBUG] Renderizando celda: {columnId: rol, isReference: undefined, value: Object} @ http://localhost:3000/_next/static/chunks/11hm_next_dist_0m6rgog._.js:2441
[     616ms] [LOG] [DEBUG] Renderizando celda: {columnId: rol, isReference: undefined, value: Object} @ http://localhost:3000/_next/static/chunks/11hm_next_dist_0m6rgog._.js:2441
[     616ms] [LOG] [DEBUG] Renderizando celda: {columnId: estado, isReference: undefined, value: Object} @ http://localhost:3000/_next/static/chunks/11hm_next_dist_0m6rgog._.js:2441
[     616ms] [LOG] [DEBUG] Renderizando celda: {columnId: estado, isReference: undefined, value: Object} @ http://localhost:3000/_next/static/chunks/11hm_next_dist_0m6rgog._.js:2441
[     616ms] [LOG] [DEBUG] Renderizando celda: {columnId: fechaRegistro, isReference: undefined, value: Object} @ http://localhost:3000/_next/static/chunks/11hm_next_dist_0m6rgog._.js:2441
[     616ms] [LOG] [DEBUG] Renderizando celda: {columnId: fechaRegistro, isReference: undefined, value: Object} @ http://localhost:3000/_next/static/chunks/11hm_next_dist_0m6rgog._.js:2441
[     616ms] [LOG] [DEBUG] Renderizando celda: {columnId: ultimoContacto, isReference: undefined, value: Object} @ http://localhost:3000/_next/static/chunks/11hm_next_dist_0m6rgog._.js:2441
[     616ms] [LOG] [DEBUG] Renderizando celda: {columnId: ultimoContacto, isReference: undefined, value: Object} @ http://localhost:3000/_next/static/chunks/11hm_next_dist_0m6rgog._.js:2441
[     616ms] [LOG] [DEBUG] Renderizando celda: {columnId: valorTotal, isReference: undefined, value: Object} @ http://localhost:3000/_next/static/chunks/11hm_next_dist_0m6rgog._.js:2441
[     616ms] [LOG] [DEBUG] Renderizando celda: {columnId: valorTotal, isReference: undefined, value: Object} @ http://localhost:3000/_next/static/chunks/11hm_next_dist_0m6rgog._.js:2441
[     616ms] [LOG] [DEBUG] Renderizando celda: {columnId: satisfaccion, isReference: undefined, value: Object} @ http://localhost:3000/_next/static/chunks/11hm_next_dist_0m6rgog._.js:2441
[     616ms] [LOG] [DEBUG] Renderizando celda: {columnId: satisfaccion, isReference: undefined, value: Object} @ http://localhost:3000/_next/static/chunks/11hm_next_dist_0m6rgog._.js:2441
[     616ms] [LOG] [DEBUG] Renderizando celda: {columnId: activo, isReference: undefined, value: Object} @ http://localhost:3000/_next/static/chunks/11hm_next_dist_0m6rgog._.js:2441
[     616ms] [LOG] [DEBUG] Renderizando celda: {columnId: activo, isReference: undefined, value: Object} @ http://localhost:3000/_next/static/chunks/11hm_next_dist_0m6rgog._.js:2441
[     617ms] [LOG] [DEBUG] Renderizando celda: {columnId: id, isReference: undefined, value: Object} @ http://localhost:3000/_next/static/chunks/11hm_next_dist_0m6rgog._.js:2441
[     617ms] [LOG] [DEBUG] Renderizando celda: {columnId: id, isReference: undefined, value: Object} @ http://localhost:3000/_next/static/chunks/11hm_next_dist_0m6rgog._.js:2441
[     617ms] [LOG] [DEBUG] Renderizando celda: {columnId: nombre, isReference: undefined, value: Object} @ http://localhost:3000/_next/static/chunks/11hm_next_dist_0m6rgog._.js:2441
[     617ms] [LOG] [DEBUG] Renderizando celda: {columnId: nombre, isReference: undefined, value: Object} @ http://localhost:3000/_next/static/chunks/11hm_next_dist_0m6rgog._.js:2441
[     617ms] [LOG] [DEBUG] Renderizando celda: {columnId: email, isReference: undefined, value: Object} @ http://localhost:3000/_next/static/chunks/11hm_next_dist_0m6rgog._.js:2441
[     617ms] [LOG] [DEBUG] Renderizando celda: {columnId: email, isReference: undefined, value: Object} @ http://localhost:3000/_next/static/chunks/11hm_next_dist_0m6rgog._.js:2441
[     617ms] [LOG] [DEBUG] Renderizando celda: {columnId: telefono, isReference: undefined, value: Object} @ http://localhost:3000/_next/static/chunks/11hm_next_dist_0m6rgog._.js:2441
[     617ms] [LOG] [DEBUG] Renderizando celda: {columnId: telefono, isReference: undefined, value: Object} @ http://localhost:3000/_next/static/chunks/11hm_next_dist_0m6rgog._.js:2441
[     618ms] [LOG] [DEBUG] Renderizando celda: {columnId: ciudad, isReference: undefined, value: Object} @ http://localhost:3000/_next/static/chunks/11hm_next_dist_0m6rgog._.js:2441
[     618ms] [LOG] [DEBUG] Renderizando celda: {columnId: ciudad, isReference: undefined, value: Object} @ http://localhost:3000/_next/static/chunks/11hm_next_dist_0m6rgog._.js:2441
[     618ms] [LOG] [DEBUG] Renderizando celda: {columnId: rol, isReference: undefined, value: Object} @ http://localhost:3000/_next/static/chunks/11hm_next_dist_0m6rgog._.js:2441
[     618ms] [LOG] [DEBUG] Renderizando celda: {columnId: rol, isReference: undefined, value: Object} @ http://localhost:3000/_next/static/chunks/11hm_next_dist_0m6rgog._.js:2441
[     618ms] [LOG] [DEBUG] Renderizando celda: {columnId: estado, isReference: undefined, value: Object} @ http://localhost:3000/_next/static/chunks/11hm_next_dist_0m6rgog._.js:2441
[     618ms] [LOG] [DEBUG] Renderizando celda: {columnId: estado, isReference: undefined, value: Object} @ http://localhost:3000/_next/static/chunks/11hm_next_dist_0m6rgog._.js:2441
[     618ms] [LOG] [DEBUG] Renderizando celda: {columnId: fechaRegistro, isReference: undefined, value: Object} @ http://localhost:3000/_next/static/chunks/11hm_next_dist_0m6rgog._.js:2441
[     618ms] [LOG] [DEBUG] Renderizando celda: {columnId: fechaRegistro, isReference: undefined, value: Object} @ http://localhost:3000/_next/static/chunks/11hm_next_dist_0m6rgog._.js:2441
[     618ms] [LOG] [DEBUG] Renderizando celda: {columnId: ultimoContacto, isReference: undefined, value: Object} @ http://localhost:3000/_next/static/chunks/11hm_next_dist_0m6rgog._.js:2441
[     618ms] [LOG] [DEBUG] Renderizando celda: {columnId: ultimoContacto, isReference: undefined, value: Object} @ http://localhost:3000/_next/static/chunks/11hm_next_dist_0m6rgog._.js:2441
[     618ms] [LOG] [DEBUG] Renderizando celda: {columnId: valorTotal, isReference: undefined, value: Object} @ http://localhost:3000/_next/static/chunks/11hm_next_dist_0m6rgog._.js:2441
[     618ms] [LOG] [DEBUG] Renderizando celda: {columnId: valorTotal, isReference: undefined, value: Object} @ http://localhost:3000/_next/static/chunks/11hm_next_dist_0m6rgog._.js:2441
[     618ms] [LOG] [DEBUG] Renderizando celda: {columnId: satisfaccion, isReference: undefined, value: Object} @ http://localhost:3000/_next/static/chunks/11hm_next_dist_0m6rgog._.js:2441
[     618ms] [LOG] [DEBUG] Renderizando celda: {columnId: satisfaccion, isReference: undefined, value: Object} @ http://localhost:3000/_next/static/chunks/11hm_next_dist_0m6rgog._.js:2441
[     619ms] [LOG] [DEBUG] Renderizando celda: {columnId: activo, isReference: undefined, value: Object} @ http://localhost:3000/_next/static/chunks/11hm_next_dist_0m6rgog._.js:2441
[     619ms] [LOG] [DEBUG] Renderizando celda: {columnId: activo, isReference: undefined, value: Object} @ http://localhost:3000/_next/static/chunks/11hm_next_dist_0m6rgog._.js:2441
[     619ms] [LOG] [DEBUG] Renderizando celda: {columnId: id, isReference: undefined, value: Object} @ http://localhost:3000/_next/static/chunks/11hm_next_dist_0m6rgog._.js:2441
[     619ms] [LOG] [DEBUG] Renderizando celda: {columnId: id, isReference: undefined, value: Object} @ http://localhost:3000/_next/static/chunks/11hm_next_dist_0m6rgog._.js:2441
[     619ms] [LOG] [DEBUG] Renderizando celda: {columnId: nombre, isReference: undefined, value: Object} @ http://localhost:3000/_next/static/chunks/11hm_next_dist_0m6rgog._.js:2441
[     619ms] [LOG] [DEBUG] Renderizando celda: {columnId: nombre, isReference: undefined, value: Object} @ http://localhost:3000/_next/static/chunks/11hm_next_dist_0m6rgog._.js:2441
[     619ms] [LOG] [DEBUG] Renderizando celda: {columnId: email, isReference: undefined, value: Object} @ http://localhost:3000/_next/static/chunks/11hm_next_dist_0m6rgog._.js:2441
[     620ms] [LOG] [DEBUG] Renderizando celda: {columnId: email, isReference: undefined, value: Object} @ http://localhost:3000/_next/static/chunks/11hm_next_dist_0m6rgog._.js:2441
[     620ms] [LOG] [DEBUG] Renderizando celda: {columnId: telefono, isReference: undefined, value: Object} @ http://localhost:3000/_next/static/chunks/11hm_next_dist_0m6rgog._.js:2441
[     620ms] [LOG] [DEBUG] Renderizando celda: {columnId: telefono, isReference: undefined, value: Object} @ http://localhost:3000/_next/static/chunks/11hm_next_dist_0m6rgog._.js:2441
[     620ms] [LOG] [DEBUG] Renderizando celda: {columnId: ciudad, isReference: undefined, value: Object} @ http://localhost:3000/_next/static/chunks/11hm_next_dist_0m6rgog._.js:2441
[     620ms] [LOG] [DEBUG] Renderizando celda: {columnId: ciudad, isReference: undefined, value: Object} @ http://localhost:3000/_next/static/chunks/11hm_next_dist_0m6rgog._.js:2441
[     620ms] [LOG] [DEBUG] Renderizando celda: {columnId: rol, isReference: undefined, value: Object} @ http://localhost:3000/_next/static/chunks/11hm_next_dist_0m6rgog._.js:2441
[     620ms] [LOG] [DEBUG] Renderizando celda: {columnId: rol, isReference: undefined, value: Object} @ http://localhost:3000/_next/static/chunks/11hm_next_dist_0m6rgog._.js:2441
[     620ms] [LOG] [DEBUG] Renderizando celda: {columnId: estado, isReference: undefined, value: Object} @ http://localhost:3000/_next/static/chunks/11hm_next_dist_0m6rgog._.js:2441
[     620ms] [LOG] [DEBUG] Renderizando celda: {columnId: estado, isReference: undefined, value: Object} @ http://localhost:3000/_next/static/chunks/11hm_next_dist_0m6rgog._.js:2441
[     620ms] [LOG] [DEBUG] Renderizando celda: {columnId: fechaRegistro, isReference: undefined, value: Object} @ http://localhost:3000/_next/static/chunks/11hm_next_dist_0m6rgog._.js:2441
[     620ms] [LOG] [DEBUG] Renderizando celda: {columnId: fechaRegistro, isReference: undefined, value: Object} @ http://localhost:3000/_next/static/chunks/11hm_next_dist_0m6rgog._.js:2441
[     620ms] [LOG] [DEBUG] Renderizando celda: {columnId: ultimoContacto, isReference: undefined, value: Object} @ http://localhost:3000/_next/static/chunks/11hm_next_dist_0m6rgog._.js:2441
[     620ms] [LOG] [DEBUG] Renderizando celda: {columnId: ultimoContacto, isReference: undefined, value: Object} @ http://localhost:3000/_next/static/chunks/11hm_next_dist_0m6rgog._.js:2441
[     620ms] [LOG] [DEBUG] Renderizando celda: {columnId: valorTotal, isReference: undefined, value: Object} @ http://localhost:3000/_next/static/chunks/11hm_next_dist_0m6rgog._.js:2441
[     621ms] [LOG] [DEBUG] Renderizando celda: {columnId: valorTotal, isReference: undefined, value: Object} @ http://localhost:3000/_next/static/chunks/11hm_next_dist_0m6rgog._.js:2441
[     621ms] [LOG] [DEBUG] Renderizando celda: {columnId: satisfaccion, isReference: undefined, value: Object} @ http://localhost:3000/_next/static/chunks/11hm_next_dist_0m6rgog._.js:2441
[     621ms] [LOG] [DEBUG] Renderizando celda: {columnId: satisfaccion, isReference: undefined, value: Object} @ http://localhost:3000/_next/static/chunks/11hm_next_dist_0m6rgog._.js:2441
[     621ms] [LOG] [DEBUG] Renderizando celda: {columnId: activo, isReference: undefined, value: Object} @ http://localhost:3000/_next/static/chunks/11hm_next_dist_0m6rgog._.js:2441
[     621ms] [LOG] [DEBUG] Renderizando celda: {columnId: activo, isReference: undefined, value: Object} @ http://localhost:3000/_next/static/chunks/11hm_next_dist_0m6rgog._.js:2441
[     621ms] [LOG] [DEBUG] Renderizando celda: {columnId: id, isReference: undefined, value: Object} @ http://localhost:3000/_next/static/chunks/11hm_next_dist_0m6rgog._.js:2441
[     622ms] [LOG] [DEBUG] Renderizando celda: {columnId: id, isReference: undefined, value: Object} @ http://localhost:3000/_next/static/chunks/11hm_next_dist_0m6rgog._.js:2441
[     622ms] [LOG] [DEBUG] Renderizando celda: {columnId: nombre, isReference: undefined, value: Object} @ http://localhost:3000/_next/static/chunks/11hm_next_dist_0m6rgog._.js:2441
[     622ms] [LOG] [DEBUG] Renderizando celda: {columnId: nombre, isReference: undefined, value: Object} @ http://localhost:3000/_next/static/chunks/11hm_next_dist_0m6rgog._.js:2441
[     622ms] [LOG] [DEBUG] Renderizando celda: {columnId: email, isReference: undefined, value: Object} @ http://localhost:3000/_next/static/chunks/11hm_next_dist_0m6rgog._.js:2441
[     622ms] [LOG] [DEBUG] Renderizando celda: {columnId: email, isReference: undefined, value: Object} @ http://localhost:3000/_next/static/chunks/11hm_next_dist_0m6rgog._.js:2441
[     622ms] [LOG] [DEBUG] Renderizando celda: {columnId: telefono, isReference: undefined, value: Object} @ http://localhost:3000/_next/static/chunks/11hm_next_dist_0m6rgog._.js:2441
[     622ms] [LOG] [DEBUG] Renderizando celda: {columnId: telefono, isReference: undefined, value: Object} @ http://localhost:3000/_next/static/chunks/11hm_next_dist_0m6rgog._.js:2441
[     622ms] [LOG] [DEBUG] Renderizando celda: {columnId: ciudad, isReference: undefined, value: Object} @ http://localhost:3000/_next/static/chunks/11hm_next_dist_0m6rgog._.js:2441
[     622ms] [LOG] [DEBUG] Renderizando celda: {columnId: ciudad, isReference: undefined, value: Object} @ http://localhost:3000/_next/static/chunks/11hm_next_dist_0m6rgog._.js:2441
[     622ms] [LOG] [DEBUG] Renderizando celda: {columnId: rol, isReference: undefined, value: Object} @ http://localhost:3000/_next/static/chunks/11hm_next_dist_0m6rgog._.js:2441
[     622ms] [LOG] [DEBUG] Renderizando celda: {columnId: rol, isReference: undefined, value: Object} @ http://localhost:3000/_next/static/chunks/11hm_next_dist_0m6rgog._.js:2441
[     622ms] [LOG] [DEBUG] Renderizando celda: {columnId: estado, isReference: undefined, value: Object} @ http://localhost:3000/_next/static/chunks/11hm_next_dist_0m6rgog._.js:2441
[     622ms] [LOG] [DEBUG] Renderizando celda: {columnId: estado, isReference: undefined, value: Object} @ http://localhost:3000/_next/static/chunks/11hm_next_dist_0m6rgog._.js:2441
[     623ms] [LOG] [DEBUG] Renderizando celda: {columnId: fechaRegistro, isReference: undefined, value: Object} @ http://localhost:3000/_next/static/chunks/11hm_next_dist_0m6rgog._.js:2441
[     623ms] [LOG] [DEBUG] Renderizando celda: {columnId: fechaRegistro, isReference: undefined, value: Object} @ http://localhost:3000/_next/static/chunks/11hm_next_dist_0m6rgog._.js:2441
[     623ms] [LOG] [DEBUG] Renderizando celda: {columnId: ultimoContacto, isReference: undefined, value: Object} @ http://localhost:3000/_next/static/chunks/11hm_next_dist_0m6rgog._.js:2441
[     623ms] [LOG] [DEBUG] Renderizando celda: {columnId: ultimoContacto, isReference: undefined, value: Object} @ http://localhost:3000/_next/static/chunks/11hm_next_dist_0m6rgog._.js:2441
[     623ms] [LOG] [DEBUG] Renderizando celda: {columnId: valorTotal, isReference: undefined, value: Object} @ http://localhost:3000/_next/static/chunks/11hm_next_dist_0m6rgog._.js:2441
[     623ms] [LOG] [DEBUG] Renderizando celda: {columnId: valorTotal, isReference: undefined, value: Object} @ http://localhost:3000/_next/static/chunks/11hm_next_dist_0m6rgog._.js:2441
[     623ms] [LOG] [DEBUG] Renderizando celda: {columnId: satisfaccion, isReference: undefined, value: Object} @ http://localhost:3000/_next/static/chunks/11hm_next_dist_0m6rgog._.js:2441
[     623ms] [LOG] [DEBUG] Renderizando celda: {columnId: satisfaccion, isReference: undefined, value: Object} @ http://localhost:3000/_next/static/chunks/11hm_next_dist_0m6rgog._.js:2441
[     623ms] [LOG] [DEBUG] Renderizando celda: {columnId: activo, isReference: undefined, value: Object} @ http://localhost:3000/_next/static/chunks/11hm_next_dist_0m6rgog._.js:2441
[     623ms] [LOG] [DEBUG] Renderizando celda: {columnId: activo, isReference: undefined, value: Object} @ http://localhost:3000/_next/static/chunks/11hm_next_dist_0m6rgog._.js:2441
[     625ms] [LOG] [DEBUG] Renderizando SecondaryTables: {level: 0, parentId: undefined, isLoading: false, arrayColumnsCount: 0, arrayColumns: Array(0)} @ http://localhost:3000/_next/static/chunks/11hm_next_dist_0m6rgog._.js:2441
[     625ms] [LOG] [DEBUG] Renderizando SecondaryTables: {level: 0, parentId: undefined, isLoading: false, arrayColumnsCount: 0, arrayColumns: Array(0)} @ http://localhost:3000/_next/static/chunks/11hm_next_dist_0m6rgog._.js:2441
[     637ms] [LOG] [DEBUG] Effective column order: {baseOrder: Array(14), pinnedColumnId: index, otherColumns: Array(13), hasActions: true, result: Array(15)} @ http://localhost:3000/_next/static/chunks/11hm_next_dist_0m6rgog._.js:2441
[     637ms] [LOG] [DEBUG] Effective column order: {baseOrder: Array(14), pinnedColumnId: index, otherColumns: Array(13), hasActions: true, result: Array(15)} @ http://localhost:3000/_next/static/chunks/11hm_next_dist_0m6rgog._.js:2441
[     638ms] [LOG] [DEBUG] Effective column order: {baseOrder: Array(14), pinnedColumnId: index, otherColumns: Array(13), hasActions: true, result: Array(15)} @ http://localhost:3000/_next/static/chunks/11hm_next_dist_0m6rgog._.js:2441
[     638ms] [LOG] [DEBUG] Effective column order: {baseOrder: Array(14), pinnedColumnId: index, otherColumns: Array(13), hasActions: true, result: Array(15)} @ http://localhost:3000/_next/static/chunks/11hm_next_dist_0m6rgog._.js:2441
[     647ms] [LOG] [DEBUG] Renderizando celda: {columnId: id, isReference: undefined, value: Object} @ http://localhost:3000/_next/static/chunks/11hm_next_dist_0m6rgog._.js:2441
[     647ms] [LOG] [DEBUG] Renderizando celda: {columnId: id, isReference: undefined, value: Object} @ http://localhost:3000/_next/static/chunks/11hm_next_dist_0m6rgog._.js:2441
[     647ms] [LOG] [DEBUG] Renderizando celda: {columnId: nombre, isReference: undefined, value: Object} @ http://localhost:3000/_next/static/chunks/11hm_next_dist_0m6rgog._.js:2441
[     647ms] [LOG] [DEBUG] Renderizando celda: {columnId: nombre, isReference: undefined, value: Object} @ http://localhost:3000/_next/static/chunks/11hm_next_dist_0m6rgog._.js:2441
[     647ms] [LOG] [DEBUG] Renderizando celda: {columnId: email, isReference: undefined, value: Object} @ http://localhost:3000/_next/static/chunks/11hm_next_dist_0m6rgog._.js:2441
[     647ms] [LOG] [DEBUG] Renderizando celda: {columnId: email, isReference: undefined, value: Object} @ http://localhost:3000/_next/static/chunks/11hm_next_dist_0m6rgog._.js:2441
[     647ms] [LOG] [DEBUG] Renderizando celda: {columnId: telefono, isReference: undefined, value: Object} @ http://localhost:3000/_next/static/chunks/11hm_next_dist_0m6rgog._.js:2441
[     647ms] [LOG] [DEBUG] Renderizando celda: {columnId: telefono, isReference: undefined, value: Object} @ http://localhost:3000/_next/static/chunks/11hm_next_dist_0m6rgog._.js:2441
[     647ms] [LOG] [DEBUG] Renderizando celda: {columnId: ciudad, isReference: undefined, value: Object} @ http://localhost:3000/_next/static/chunks/11hm_next_dist_0m6rgog._.js:2441
[     648ms] [LOG] [DEBUG] Renderizando celda: {columnId: ciudad, isReference: undefined, value: Object} @ http://localhost:3000/_next/static/chunks/11hm_next_dist_0m6rgog._.js:2441
[     648ms] [LOG] [DEBUG] Renderizando celda: {columnId: rol, isReference: undefined, value: Object} @ http://localhost:3000/_next/static/chunks/11hm_next_dist_0m6rgog._.js:2441
[     648ms] [LOG] [DEBUG] Renderizando celda: {columnId: rol, isReference: undefined, value: Object} @ http://localhost:3000/_next/static/chunks/11hm_next_dist_0m6rgog._.js:2441
[     648ms] [LOG] [DEBUG] Renderizando celda: {columnId: estado, isReference: undefined, value: Object} @ http://localhost:3000/_next/static/chunks/11hm_next_dist_0m6rgog._.js:2441
[     648ms] [LOG] [DEBUG] Renderizando celda: {columnId: estado, isReference: undefined, value: Object} @ http://localhost:3000/_next/static/chunks/11hm_next_dist_0m6rgog._.js:2441
[     648ms] [LOG] [DEBUG] Renderizando celda: {columnId: fechaRegistro, isReference: undefined, value: Object} @ http://localhost:3000/_next/static/chunks/11hm_next_dist_0m6rgog._.js:2441
[     648ms] [LOG] [DEBUG] Renderizando celda: {columnId: fechaRegistro, isReference: undefined, value: Object} @ http://localhost:3000/_next/static/chunks/11hm_next_dist_0m6rgog._.js:2441
[     648ms] [LOG] [DEBUG] Renderizando celda: {columnId: ultimoContacto, isReference: undefined, value: Object} @ http://localhost:3000/_next/static/chunks/11hm_next_dist_0m6rgog._.js:2441
[     648ms] [LOG] [DEBUG] Renderizando celda: {columnId: ultimoContacto, isReference: undefined, value: Object} @ http://localhost:3000/_next/static/chunks/11hm_next_dist_0m6rgog._.js:2441
[     648ms] [LOG] [DEBUG] Renderizando celda: {columnId: valorTotal, isReference: undefined, value: Object} @ http://localhost:3000/_next/static/chunks/11hm_next_dist_0m6rgog._.js:2441
[     648ms] [LOG] [DEBUG] Renderizando celda: {columnId: valorTotal, isReference: undefined, value: Object} @ http://localhost:3000/_next/static/chunks/11hm_next_dist_0m6rgog._.js:2441
[     648ms] [LOG] [DEBUG] Renderizando celda: {columnId: satisfaccion, isReference: undefined, value: Object} @ http://localhost:3000/_next/static/chunks/11hm_next_dist_0m6rgog._.js:2441
[     648ms] [LOG] [DEBUG] Renderizando celda: {columnId: satisfaccion, isReference: undefined, value: Object} @ http://localhost:3000/_next/static/chunks/11hm_next_dist_0m6rgog._.js:2441
[     649ms] [LOG] [DEBUG] Renderizando celda: {columnId: activo, isReference: undefined, value: Object} @ http://localhost:3000/_next/static/chunks/11hm_next_dist_0m6rgog._.js:2441
[     649ms] [LOG] [DEBUG] Renderizando celda: {columnId: activo, isReference: undefined, value: Object} @ http://localhost:3000/_next/static/chunks/11hm_next_dist_0m6rgog._.js:2441
[     649ms] [LOG] [DEBUG] Renderizando celda: {columnId: id, isReference: undefined, value: Object} @ http://localhost:3000/_next/static/chunks/11hm_next_dist_0m6rgog._.js:2441
[     649ms] [LOG] [DEBUG] Renderizando celda: {columnId: id, isReference: undefined, value: Object} @ http://localhost:3000/_next/static/chunks/11hm_next_dist_0m6rgog._.js:2441
[     649ms] [LOG] [DEBUG] Renderizando celda: {columnId: nombre, isReference: undefined, value: Object} @ http://localhost:3000/_next/static/chunks/11hm_next_dist_0m6rgog._.js:2441
[     649ms] [LOG] [DEBUG] Renderizando celda: {columnId: nombre, isReference: undefined, value: Object} @ http://localhost:3000/_next/static/chunks/11hm_next_dist_0m6rgog._.js:2441
[     650ms] [LOG] [DEBUG] Renderizando celda: {columnId: email, isReference: undefined, value: Object} @ http://localhost:3000/_next/static/chunks/11hm_next_dist_0m6rgog._.js:2441
[     650ms] [LOG] [DEBUG] Renderizando celda: {columnId: email, isReference: undefined, value: Object} @ http://localhost:3000/_next/static/chunks/11hm_next_dist_0m6rgog._.js:2441
[     650ms] [LOG] [DEBUG] Renderizando celda: {columnId: telefono, isReference: undefined, value: Object} @ http://localhost:3000/_next/static/chunks/11hm_next_dist_0m6rgog._.js:2441
[     650ms] [LOG] [DEBUG] Renderizando celda: {columnId: telefono, isReference: undefined, value: Object} @ http://localhost:3000/_next/static/chunks/11hm_next_dist_0m6rgog._.js:2441
[     650ms] [LOG] [DEBUG] Renderizando celda: {columnId: ciudad, isReference: undefined, value: Object} @ http://localhost:3000/_next/static/chunks/11hm_next_dist_0m6rgog._.js:2441
[     650ms] [LOG] [DEBUG] Renderizando celda: {columnId: ciudad, isReference: undefined, value: Object} @ http://localhost:3000/_next/static/chunks/11hm_next_dist_0m6rgog._.js:2441
[     650ms] [LOG] [DEBUG] Renderizando celda: {columnId: rol, isReference: undefined, value: Object} @ http://localhost:3000/_next/static/chunks/11hm_next_dist_0m6rgog._.js:2441
[     650ms] [LOG] [DEBUG] Renderizando celda: {columnId: rol, isReference: undefined, value: Object} @ http://localhost:3000/_next/static/chunks/11hm_next_dist_0m6rgog._.js:2441
[     650ms] [LOG] [DEBUG] Renderizando celda: {columnId: estado, isReference: undefined, value: Object} @ http://localhost:3000/_next/static/chunks/11hm_next_dist_0m6rgog._.js:2441
[     650ms] [LOG] [DEBUG] Renderizando celda: {columnId: estado, isReference: undefined, value: Object} @ http://localhost:3000/_next/static/chunks/11hm_next_dist_0m6rgog._.js:2441
[     650ms] [LOG] [DEBUG] Renderizando celda: {columnId: fechaRegistro, isReference: undefined, value: Object} @ http://localhost:3000/_next/static/chunks/11hm_next_dist_0m6rgog._.js:2441
[     650ms] [LOG] [DEBUG] Renderizando celda: {columnId: fechaRegistro, isReference: undefined, value: Object} @ http://localhost:3000/_next/static/chunks/11hm_next_dist_0m6rgog._.js:2441
[     650ms] [LOG] [DEBUG] Renderizando celda: {columnId: ultimoContacto, isReference: undefined, value: Object} @ http://localhost:3000/_next/static/chunks/11hm_next_dist_0m6rgog._.js:2441
[     651ms] [LOG] [DEBUG] Renderizando celda: {columnId: ultimoContacto, isReference: undefined, value: Object} @ http://localhost:3000/_next/static/chunks/11hm_next_dist_0m6rgog._.js:2441
[     651ms] [LOG] [DEBUG] Renderizando celda: {columnId: valorTotal, isReference: undefined, value: Object} @ http://localhost:3000/_next/static/chunks/11hm_next_dist_0m6rgog._.js:2441
[     651ms] [LOG] [DEBUG] Renderizando celda: {columnId: valorTotal, isReference: undefined, value: Object} @ http://localhost:3000/_next/static/chunks/11hm_next_dist_0m6rgog._.js:2441
[     651ms] [LOG] [DEBUG] Renderizando celda: {columnId: satisfaccion, isReference: undefined, value: Object} @ http://localhost:3000/_next/static/chunks/11hm_next_dist_0m6rgog._.js:2441
[     651ms] [LOG] [DEBUG] Renderizando celda: {columnId: satisfaccion, isReference: undefined, value: Object} @ http://localhost:3000/_next/static/chunks/11hm_next_dist_0m6rgog._.js:2441
[     651ms] [LOG] [DEBUG] Renderizando celda: {columnId: activo, isReference: undefined, value: Object} @ http://localhost:3000/_next/static/chunks/11hm_next_dist_0m6rgog._.js:2441
[     651ms] [LOG] [DEBUG] Renderizando celda: {columnId: activo, isReference: undefined, value: Object} @ http://localhost:3000/_next/static/chunks/11hm_next_dist_0m6rgog._.js:2441
[     651ms] [LOG] [DEBUG] Renderizando celda: {columnId: id, isReference: undefined, value: Object} @ http://localhost:3000/_next/static/chunks/11hm_next_dist_0m6rgog._.js:2441
[     652ms] [LOG] [DEBUG] Renderizando celda: {columnId: id, isReference: undefined, value: Object} @ http://localhost:3000/_next/static/chunks/11hm_next_dist_0m6rgog._.js:2441
[     652ms] [LOG] [DEBUG] Renderizando celda: {columnId: nombre, isReference: undefined, value: Object} @ http://localhost:3000/_next/static/chunks/11hm_next_dist_0m6rgog._.js:2441
[     652ms] [LOG] [DEBUG] Renderizando celda: {columnId: nombre, isReference: undefined, value: Object} @ http://localhost:3000/_next/static/chunks/11hm_next_dist_0m6rgog._.js:2441
[     652ms] [LOG] [DEBUG] Renderizando celda: {columnId: email, isReference: undefined, value: Object} @ http://localhost:3000/_next/static/chunks/11hm_next_dist_0m6rgog._.js:2441
[     652ms] [LOG] [DEBUG] Renderizando celda: {columnId: email, isReference: undefined, value: Object} @ http://localhost:3000/_next/static/chunks/11hm_next_dist_0m6rgog._.js:2441
[     652ms] [LOG] [DEBUG] Renderizando celda: {columnId: telefono, isReference: undefined, value: Object} @ http://localhost:3000/_next/static/chunks/11hm_next_dist_0m6rgog._.js:2441
[     652ms] [LOG] [DEBUG] Renderizando celda: {columnId: telefono, isReference: undefined, value: Object} @ http://localhost:3000/_next/static/chunks/11hm_next_dist_0m6rgog._.js:2441
[     652ms] [LOG] [DEBUG] Renderizando celda: {columnId: ciudad, isReference: undefined, value: Object} @ http://localhost:3000/_next/static/chunks/11hm_next_dist_0m6rgog._.js:2441
[     652ms] [LOG] [DEBUG] Renderizando celda: {columnId: ciudad, isReference: undefined, value: Object} @ http://localhost:3000/_next/static/chunks/11hm_next_dist_0m6rgog._.js:2441
[     652ms] [LOG] [DEBUG] Renderizando celda: {columnId: rol, isReference: undefined, value: Object} @ http://localhost:3000/_next/static/chunks/11hm_next_dist_0m6rgog._.js:2441
[     652ms] [LOG] [DEBUG] Renderizando celda: {columnId: rol, isReference: undefined, value: Object} @ http://localhost:3000/_next/static/chunks/11hm_next_dist_0m6rgog._.js:2441
[     652ms] [LOG] [DEBUG] Renderizando celda: {columnId: estado, isReference: undefined, value: Object} @ http://localhost:3000/_next/static/chunks/11hm_next_dist_0m6rgog._.js:2441
[     652ms] [LOG] [DEBUG] Renderizando celda: {columnId: estado, isReference: undefined, value: Object} @ http://localhost:3000/_next/static/chunks/11hm_next_dist_0m6rgog._.js:2441
[     653ms] [LOG] [DEBUG] Renderizando celda: {columnId: fechaRegistro, isReference: undefined, value: Object} @ http://localhost:3000/_next/static/chunks/11hm_next_dist_0m6rgog._.js:2441
[     653ms] [LOG] [DEBUG] Renderizando celda: {columnId: fechaRegistro, isReference: undefined, value: Object} @ http://localhost:3000/_next/static/chunks/11hm_next_dist_0m6rgog._.js:2441
[     653ms] [LOG] [DEBUG] Renderizando celda: {columnId: ultimoContacto, isReference: undefined, value: Object} @ http://localhost:3000/_next/static/chunks/11hm_next_dist_0m6rgog._.js:2441
[     653ms] [LOG] [DEBUG] Renderizando celda: {columnId: ultimoContacto, isReference: undefined, value: Object} @ http://localhost:3000/_next/static/chunks/11hm_next_dist_0m6rgog._.js:2441
[     653ms] [LOG] [DEBUG] Renderizando celda: {columnId: valorTotal, isReference: undefined, value: Object} @ http://localhost:3000/_next/static/chunks/11hm_next_dist_0m6rgog._.js:2441
[     653ms] [LOG] [DEBUG] Renderizando celda: {columnId: valorTotal, isReference: undefined, value: Object} @ http://localhost:3000/_next/static/chunks/11hm_next_dist_0m6rgog._.js:2441
[     653ms] [LOG] [DEBUG] Renderizando celda: {columnId: satisfaccion, isReference: undefined, value: Object} @ http://localhost:3000/_next/static/chunks/11hm_next_dist_0m6rgog._.js:2441
[     653ms] [LOG] [DEBUG] Renderizando celda: {columnId: satisfaccion, isReference: undefined, value: Object} @ http://localhost:3000/_next/static/chunks/11hm_next_dist_0m6rgog._.js:2441
[     653ms] [LOG] [DEBUG] Renderizando celda: {columnId: activo, isReference: undefined, value: Object} @ http://localhost:3000/_next/static/chunks/11hm_next_dist_0m6rgog._.js:2441
[     653ms] [LOG] [DEBUG] Renderizando celda: {columnId: activo, isReference: undefined, value: Object} @ http://localhost:3000/_next/static/chunks/11hm_next_dist_0m6rgog._.js:2441
[     654ms] [LOG] [DEBUG] Renderizando celda: {columnId: id, isReference: undefined, value: Object} @ http://localhost:3000/_next/static/chunks/11hm_next_dist_0m6rgog._.js:2441
[     654ms] [LOG] [DEBUG] Renderizando celda: {columnId: id, isReference: undefined, value: Object} @ http://localhost:3000/_next/static/chunks/11hm_next_dist_0m6rgog._.js:2441
[     654ms] [LOG] [DEBUG] Renderizando celda: {columnId: nombre, isReference: undefined, value: Object} @ http://localhost:3000/_next/static/chunks/11hm_next_dist_0m6rgog._.js:2441
[     654ms] [LOG] [DEBUG] Renderizando celda: {columnId: nombre, isReference: undefined, value: Object} @ http://localhost:3000/_next/static/chunks/11hm_next_dist_0m6rgog._.js:2441
[     654ms] [LOG] [DEBUG] Renderizando celda: {columnId: email, isReference: undefined, value: Object} @ http://localhost:3000/_next/static/chunks/11hm_next_dist_0m6rgog._.js:2441
[     654ms] [LOG] [DEBUG] Renderizando celda: {columnId: email, isReference: undefined, value: Object} @ http://localhost:3000/_next/static/chunks/11hm_next_dist_0m6rgog._.js:2441
[     654ms] [LOG] [DEBUG] Renderizando celda: {columnId: telefono, isReference: undefined, value: Object} @ http://localhost:3000/_next/static/chunks/11hm_next_dist_0m6rgog._.js:2441
[     654ms] [LOG] [DEBUG] Renderizando celda: {columnId: telefono, isReference: undefined, value: Object} @ http://localhost:3000/_next/static/chunks/11hm_next_dist_0m6rgog._.js:2441
[     654ms] [LOG] [DEBUG] Renderizando celda: {columnId: ciudad, isReference: undefined, value: Object} @ http://localhost:3000/_next/static/chunks/11hm_next_dist_0m6rgog._.js:2441
[     654ms] [LOG] [DEBUG] Renderizando celda: {columnId: ciudad, isReference: undefined, value: Object} @ http://localhost:3000/_next/static/chunks/11hm_next_dist_0m6rgog._.js:2441
[     655ms] [LOG] [DEBUG] Renderizando celda: {columnId: rol, isReference: undefined, value: Object} @ http://localhost:3000/_next/static/chunks/11hm_next_dist_0m6rgog._.js:2441
[     655ms] [LOG] [DEBUG] Renderizando celda: {columnId: rol, isReference: undefined, value: Object} @ http://localhost:3000/_next/static/chunks/11hm_next_dist_0m6rgog._.js:2441
[     655ms] [LOG] [DEBUG] Renderizando celda: {columnId: estado, isReference: undefined, value: Object} @ http://localhost:3000/_next/static/chunks/11hm_next_dist_0m6rgog._.js:2441
[     655ms] [LOG] [DEBUG] Renderizando celda: {columnId: estado, isReference: undefined, value: Object} @ http://localhost:3000/_next/static/chunks/11hm_next_dist_0m6rgog._.js:2441
[     655ms] [LOG] [DEBUG] Renderizando celda: {columnId: fechaRegistro, isReference: undefined, value: Object} @ http://localhost:3000/_next/static/chunks/11hm_next_dist_0m6rgog._.js:2441
[     655ms] [LOG] [DEBUG] Renderizando celda: {columnId: fechaRegistro, isReference: undefined, value: Object} @ http://localhost:3000/_next/static/chunks/11hm_next_dist_0m6rgog._.js:2441
[     655ms] [LOG] [DEBUG] Renderizando celda: {columnId: ultimoContacto, isReference: undefined, value: Object} @ http://localhost:3000/_next/static/chunks/11hm_next_dist_0m6rgog._.js:2441
[     655ms] [LOG] [DEBUG] Renderizando celda: {columnId: ultimoContacto, isReference: undefined, value: Object} @ http://localhost:3000/_next/static/chunks/11hm_next_dist_0m6rgog._.js:2441
[     655ms] [LOG] [DEBUG] Renderizando celda: {columnId: valorTotal, isReference: undefined, value: Object} @ http://localhost:3000/_next/static/chunks/11hm_next_dist_0m6rgog._.js:2441
[     655ms] [LOG] [DEBUG] Renderizando celda: {columnId: valorTotal, isReference: undefined, value: Object} @ http://localhost:3000/_next/static/chunks/11hm_next_dist_0m6rgog._.js:2441
[     655ms] [LOG] [DEBUG] Renderizando celda: {columnId: satisfaccion, isReference: undefined, value: Object} @ http://localhost:3000/_next/static/chunks/11hm_next_dist_0m6rgog._.js:2441
[     656ms] [LOG] [DEBUG] Renderizando celda: {columnId: satisfaccion, isReference: undefined, value: Object} @ http://localhost:3000/_next/static/chunks/11hm_next_dist_0m6rgog._.js:2441
[     656ms] [LOG] [DEBUG] Renderizando celda: {columnId: activo, isReference: undefined, value: Object} @ http://localhost:3000/_next/static/chunks/11hm_next_dist_0m6rgog._.js:2441
[     656ms] [LOG] [DEBUG] Renderizando celda: {columnId: activo, isReference: undefined, value: Object} @ http://localhost:3000/_next/static/chunks/11hm_next_dist_0m6rgog._.js:2441
[     656ms] [LOG] [DEBUG] Renderizando celda: {columnId: id, isReference: undefined, value: Object} @ http://localhost:3000/_next/static/chunks/11hm_next_dist_0m6rgog._.js:2441
[     656ms] [LOG] [DEBUG] Renderizando celda: {columnId: id, isReference: undefined, value: Object} @ http://localhost:3000/_next/static/chunks/11hm_next_dist_0m6rgog._.js:2441
[     656ms] [LOG] [DEBUG] Renderizando celda: {columnId: nombre, isReference: undefined, value: Object} @ http://localhost:3000/_next/static/chunks/11hm_next_dist_0m6rgog._.js:2441
[     657ms] [LOG] [DEBUG] Renderizando celda: {columnId: nombre, isReference: undefined, value: Object} @ http://localhost:3000/_next/static/chunks/11hm_next_dist_0m6rgog._.js:2441
[     657ms] [LOG] [DEBUG] Renderizando celda: {columnId: email, isReference: undefined, value: Object} @ http://localhost:3000/_next/static/chunks/11hm_next_dist_0m6rgog._.js:2441
[     657ms] [LOG] [DEBUG] Renderizando celda: {columnId: email, isReference: undefined, value: Object} @ http://localhost:3000/_next/static/chunks/11hm_next_dist_0m6rgog._.js:2441
[     657ms] [LOG] [DEBUG] Renderizando celda: {columnId: telefono, isReference: undefined, value: Object} @ http://localhost:3000/_next/static/chunks/11hm_next_dist_0m6rgog._.js:2441
[     657ms] [LOG] [DEBUG] Renderizando celda: {columnId: telefono, isReference: undefined, value: Object} @ http://localhost:3000/_next/static/chunks/11hm_next_dist_0m6rgog._.js:2441
[     657ms] [LOG] [DEBUG] Renderizando celda: {columnId: ciudad, isReference: undefined, value: Object} @ http://localhost:3000/_next/static/chunks/11hm_next_dist_0m6rgog._.js:2441
[     657ms] [LOG] [DEBUG] Renderizando celda: {columnId: ciudad, isReference: undefined, value: Object} @ http://localhost:3000/_next/static/chunks/11hm_next_dist_0m6rgog._.js:2441
[     657ms] [LOG] [DEBUG] Renderizando celda: {columnId: rol, isReference: undefined, value: Object} @ http://localhost:3000/_next/static/chunks/11hm_next_dist_0m6rgog._.js:2441
[     657ms] [LOG] [DEBUG] Renderizando celda: {columnId: rol, isReference: undefined, value: Object} @ http://localhost:3000/_next/static/chunks/11hm_next_dist_0m6rgog._.js:2441
[     657ms] [LOG] [DEBUG] Renderizando celda: {columnId: estado, isReference: undefined, value: Object} @ http://localhost:3000/_next/static/chunks/11hm_next_dist_0m6rgog._.js:2441
[     657ms] [LOG] [DEBUG] Renderizando celda: {columnId: estado, isReference: undefined, value: Object} @ http://localhost:3000/_next/static/chunks/11hm_next_dist_0m6rgog._.js:2441
[     657ms] [LOG] [DEBUG] Renderizando celda: {columnId: fechaRegistro, isReference: undefined, value: Object} @ http://localhost:3000/_next/static/chunks/11hm_next_dist_0m6rgog._.js:2441
[     657ms] [LOG] [DEBUG] Renderizando celda: {columnId: fechaRegistro, isReference: undefined, value: Object} @ http://localhost:3000/_next/static/chunks/11hm_next_dist_0m6rgog._.js:2441
[     657ms] [LOG] [DEBUG] Renderizando celda: {columnId: ultimoContacto, isReference: undefined, value: Object} @ http://localhost:3000/_next/static/chunks/11hm_next_dist_0m6rgog._.js:2441
[     658ms] [LOG] [DEBUG] Renderizando celda: {columnId: ultimoContacto, isReference: undefined, value: Object} @ http://localhost:3000/_next/static/chunks/11hm_next_dist_0m6rgog._.js:2441
[     658ms] [LOG] [DEBUG] Renderizando celda: {columnId: valorTotal, isReference: undefined, value: Object} @ http://localhost:3000/_next/static/chunks/11hm_next_dist_0m6rgog._.js:2441
[     658ms] [LOG] [DEBUG] Renderizando celda: {columnId: valorTotal, isReference: undefined, value: Object} @ http://localhost:3000/_next/static/chunks/11hm_next_dist_0m6rgog._.js:2441
[     658ms] [LOG] [DEBUG] Renderizando celda: {columnId: satisfaccion, isReference: undefined, value: Object} @ http://localhost:3000/_next/static/chunks/11hm_next_dist_0m6rgog._.js:2441
[     658ms] [LOG] [DEBUG] Renderizando celda: {columnId: satisfaccion, isReference: undefined, value: Object} @ http://localhost:3000/_next/static/chunks/11hm_next_dist_0m6rgog._.js:2441
[     658ms] [LOG] [DEBUG] Renderizando celda: {columnId: activo, isReference: undefined, value: Object} @ http://localhost:3000/_next/static/chunks/11hm_next_dist_0m6rgog._.js:2441
[     658ms] [LOG] [DEBUG] Renderizando celda: {columnId: activo, isReference: undefined, value: Object} @ http://localhost:3000/_next/static/chunks/11hm_next_dist_0m6rgog._.js:2441
[     658ms] [LOG] [DEBUG] Renderizando celda: {columnId: id, isReference: undefined, value: Object} @ http://localhost:3000/_next/static/chunks/11hm_next_dist_0m6rgog._.js:2441
[     659ms] [LOG] [DEBUG] Renderizando celda: {columnId: id, isReference: undefined, value: Object} @ http://localhost:3000/_next/static/chunks/11hm_next_dist_0m6rgog._.js:2441
[     659ms] [LOG] [DEBUG] Renderizando celda: {columnId: nombre, isReference: undefined, value: Object} @ http://localhost:3000/_next/static/chunks/11hm_next_dist_0m6rgog._.js:2441
[     659ms] [LOG] [DEBUG] Renderizando celda: {columnId: nombre, isReference: undefined, value: Object} @ http://localhost:3000/_next/static/chunks/11hm_next_dist_0m6rgog._.js:2441
[     659ms] [LOG] [DEBUG] Renderizando celda: {columnId: email, isReference: undefined, value: Object} @ http://localhost:3000/_next/static/chunks/11hm_next_dist_0m6rgog._.js:2441
[     659ms] [LOG] [DEBUG] Renderizando celda: {columnId: email, isReference: undefined, value: Object} @ http://localhost:3000/_next/static/chunks/11hm_next_dist_0m6rgog._.js:2441
[     659ms] [LOG] [DEBUG] Renderizando celda: {columnId: telefono, isReference: undefined, value: Object} @ http://localhost:3000/_next/static/chunks/11hm_next_dist_0m6rgog._.js:2441
[     659ms] [LOG] [DEBUG] Renderizando celda: {columnId: telefono, isReference: undefined, value: Object} @ http://localhost:3000/_next/static/chunks/11hm_next_dist_0m6rgog._.js:2441
[     659ms] [LOG] [DEBUG] Renderizando celda: {columnId: ciudad, isReference: undefined, value: Object} @ http://localhost:3000/_next/static/chunks/11hm_next_dist_0m6rgog._.js:2441
[     659ms] [LOG] [DEBUG] Renderizando celda: {columnId: ciudad, isReference: undefined, value: Object} @ http://localhost:3000/_next/static/chunks/11hm_next_dist_0m6rgog._.js:2441
[     659ms] [LOG] [DEBUG] Renderizando celda: {columnId: rol, isReference: undefined, value: Object} @ http://localhost:3000/_next/static/chunks/11hm_next_dist_0m6rgog._.js:2441
[     659ms] [LOG] [DEBUG] Renderizando celda: {columnId: rol, isReference: undefined, value: Object} @ http://localhost:3000/_next/static/chunks/11hm_next_dist_0m6rgog._.js:2441
[     659ms] [LOG] [DEBUG] Renderizando celda: {columnId: estado, isReference: undefined, value: Object} @ http://localhost:3000/_next/static/chunks/11hm_next_dist_0m6rgog._.js:2441
[     659ms] [LOG] [DEBUG] Renderizando celda: {columnId: estado, isReference: undefined, value: Object} @ http://localhost:3000/_next/static/chunks/11hm_next_dist_0m6rgog._.js:2441
[     660ms] [LOG] [DEBUG] Renderizando celda: {columnId: fechaRegistro, isReference: undefined, value: Object} @ http://localhost:3000/_next/static/chunks/11hm_next_dist_0m6rgog._.js:2441
[     660ms] [LOG] [DEBUG] Renderizando celda: {columnId: fechaRegistro, isReference: undefined, value: Object} @ http://localhost:3000/_next/static/chunks/11hm_next_dist_0m6rgog._.js:2441
[     660ms] [LOG] [DEBUG] Renderizando celda: {columnId: ultimoContacto, isReference: undefined, value: Object} @ http://localhost:3000/_next/static/chunks/11hm_next_dist_0m6rgog._.js:2441
[     660ms] [LOG] [DEBUG] Renderizando celda: {columnId: ultimoContacto, isReference: undefined, value: Object} @ http://localhost:3000/_next/static/chunks/11hm_next_dist_0m6rgog._.js:2441
[     660ms] [LOG] [DEBUG] Renderizando celda: {columnId: valorTotal, isReference: undefined, value: Object} @ http://localhost:3000/_next/static/chunks/11hm_next_dist_0m6rgog._.js:2441
[     660ms] [LOG] [DEBUG] Renderizando celda: {columnId: valorTotal, isReference: undefined, value: Object} @ http://localhost:3000/_next/static/chunks/11hm_next_dist_0m6rgog._.js:2441
[     660ms] [LOG] [DEBUG] Renderizando celda: {columnId: satisfaccion, isReference: undefined, value: Object} @ http://localhost:3000/_next/static/chunks/11hm_next_dist_0m6rgog._.js:2441
[     660ms] [LOG] [DEBUG] Renderizando celda: {columnId: satisfaccion, isReference: undefined, value: Object} @ http://localhost:3000/_next/static/chunks/11hm_next_dist_0m6rgog._.js:2441
[     660ms] [LOG] [DEBUG] Renderizando celda: {columnId: activo, isReference: undefined, value: Object} @ http://localhost:3000/_next/static/chunks/11hm_next_dist_0m6rgog._.js:2441
[     660ms] [LOG] [DEBUG] Renderizando celda: {columnId: activo, isReference: undefined, value: Object} @ http://localhost:3000/_next/static/chunks/11hm_next_dist_0m6rgog._.js:2441
[     661ms] [LOG] [DEBUG] Renderizando celda: {columnId: id, isReference: undefined, value: Object} @ http://localhost:3000/_next/static/chunks/11hm_next_dist_0m6rgog._.js:2441
[     661ms] [LOG] [DEBUG] Renderizando celda: {columnId: id, isReference: undefined, value: Object} @ http://localhost:3000/_next/static/chunks/11hm_next_dist_0m6rgog._.js:2441
[     661ms] [LOG] [DEBUG] Renderizando celda: {columnId: nombre, isReference: undefined, value: Object} @ http://localhost:3000/_next/static/chunks/11hm_next_dist_0m6rgog._.js:2441
[     661ms] [LOG] [DEBUG] Renderizando celda: {columnId: nombre, isReference: undefined, value: Object} @ http://localhost:3000/_next/static/chunks/11hm_next_dist_0m6rgog._.js:2441
[     661ms] [LOG] [DEBUG] Renderizando celda: {columnId: email, isReference: undefined, value: Object} @ http://localhost:3000/_next/static/chunks/11hm_next_dist_0m6rgog._.js:2441
[     661ms] [LOG] [DEBUG] Renderizando celda: {columnId: email, isReference: undefined, value: Object} @ http://localhost:3000/_next/static/chunks/11hm_next_dist_0m6rgog._.js:2441
[     661ms] [LOG] [DEBUG] Renderizando celda: {columnId: telefono, isReference: undefined, value: Object} @ http://localhost:3000/_next/static/chunks/11hm_next_dist_0m6rgog._.js:2441
[     661ms] [LOG] [DEBUG] Renderizando celda: {columnId: telefono, isReference: undefined, value: Object} @ http://localhost:3000/_next/static/chunks/11hm_next_dist_0m6rgog._.js:2441
[     661ms] [LOG] [DEBUG] Renderizando celda: {columnId: ciudad, isReference: undefined, value: Object} @ http://localhost:3000/_next/static/chunks/11hm_next_dist_0m6rgog._.js:2441
[     661ms] [LOG] [DEBUG] Renderizando celda: {columnId: ciudad, isReference: undefined, value: Object} @ http://localhost:3000/_next/static/chunks/11hm_next_dist_0m6rgog._.js:2441
[     661ms] [LOG] [DEBUG] Renderizando celda: {columnId: rol, isReference: undefined, value: Object} @ http://localhost:3000/_next/static/chunks/11hm_next_dist_0m6rgog._.js:2441
[     661ms] [LOG] [DEBUG] Renderizando celda: {columnId: rol, isReference: undefined, value: Object} @ http://localhost:3000/_next/static/chunks/11hm_next_dist_0m6rgog._.js:2441
[     662ms] [LOG] [DEBUG] Renderizando celda: {columnId: estado, isReference: undefined, value: Object} @ http://localhost:3000/_next/static/chunks/11hm_next_dist_0m6rgog._.js:2441
[     662ms] [LOG] [DEBUG] Renderizando celda: {columnId: estado, isReference: undefined, value: Object} @ http://localhost:3000/_next/static/chunks/11hm_next_dist_0m6rgog._.js:2441
[     662ms] [LOG] [DEBUG] Renderizando celda: {columnId: fechaRegistro, isReference: undefined, value: Object} @ http://localhost:3000/_next/static/chunks/11hm_next_dist_0m6rgog._.js:2441
[     662ms] [LOG] [DEBUG] Renderizando celda: {columnId: fechaRegistro, isReference: undefined, value: Object} @ http://localhost:3000/_next/static/chunks/11hm_next_dist_0m6rgog._.js:2441
[     662ms] [LOG] [DEBUG] Renderizando celda: {columnId: ultimoContacto, isReference: undefined, value: Object} @ http://localhost:3000/_next/static/chunks/11hm_next_dist_0m6rgog._.js:2441
[     662ms] [LOG] [DEBUG] Renderizando celda: {columnId: ultimoContacto, isReference: undefined, value: Object} @ http://localhost:3000/_next/static/chunks/11hm_next_dist_0m6rgog._.js:2441
[     662ms] [LOG] [DEBUG] Renderizando celda: {columnId: valorTotal, isReference: undefined, value: Object} @ http://localhost:3000/_next/static/chunks/11hm_next_dist_0m6rgog._.js:2441
[     662ms] [LOG] [DEBUG] Renderizando celda: {columnId: valorTotal, isReference: undefined, value: Object} @ http://localhost:3000/_next/static/chunks/11hm_next_dist_0m6rgog._.js:2441
[     662ms] [LOG] [DEBUG] Renderizando celda: {columnId: satisfaccion, isReference: undefined, value: Object} @ http://localhost:3000/_next/static/chunks/11hm_next_dist_0m6rgog._.js:2441
[     662ms] [LOG] [DEBUG] Renderizando celda: {columnId: satisfaccion, isReference: undefined, value: Object} @ http://localhost:3000/_next/static/chunks/11hm_next_dist_0m6rgog._.js:2441
[     662ms] [LOG] [DEBUG] Renderizando celda: {columnId: activo, isReference: undefined, value: Object} @ http://localhost:3000/_next/static/chunks/11hm_next_dist_0m6rgog._.js:2441
[     662ms] [LOG] [DEBUG] Renderizando celda: {columnId: activo, isReference: undefined, value: Object} @ http://localhost:3000/_next/static/chunks/11hm_next_dist_0m6rgog._.js:2441
[     663ms] [LOG] [DEBUG] Renderizando celda: {columnId: id, isReference: undefined, value: Object} @ http://localhost:3000/_next/static/chunks/11hm_next_dist_0m6rgog._.js:2441
[     663ms] [LOG] [DEBUG] Renderizando celda: {columnId: id, isReference: undefined, value: Object} @ http://localhost:3000/_next/static/chunks/11hm_next_dist_0m6rgog._.js:2441
[     663ms] [LOG] [DEBUG] Renderizando celda: {columnId: nombre, isReference: undefined, value: Object} @ http://localhost:3000/_next/static/chunks/11hm_next_dist_0m6rgog._.js:2441
[     663ms] [LOG] [DEBUG] Renderizando celda: {columnId: nombre, isReference: undefined, value: Object} @ http://localhost:3000/_next/static/chunks/11hm_next_dist_0m6rgog._.js:2441
[     663ms] [LOG] [DEBUG] Renderizando celda: {columnId: email, isReference: undefined, value: Object} @ http://localhost:3000/_next/static/chunks/11hm_next_dist_0m6rgog._.js:2441
[     663ms] [LOG] [DEBUG] Renderizando celda: {columnId: email, isReference: undefined, value: Object} @ http://localhost:3000/_next/static/chunks/11hm_next_dist_0m6rgog._.js:2441
[     663ms] [LOG] [DEBUG] Renderizando celda: {columnId: telefono, isReference: undefined, value: Object} @ http://localhost:3000/_next/static/chunks/11hm_next_dist_0m6rgog._.js:2441
[     663ms] [LOG] [DEBUG] Renderizando celda: {columnId: telefono, isReference: undefined, value: Object} @ http://localhost:3000/_next/static/chunks/11hm_next_dist_0m6rgog._.js:2441
[     663ms] [LOG] [DEBUG] Renderizando celda: {columnId: ciudad, isReference: undefined, value: Object} @ http://localhost:3000/_next/static/chunks/11hm_next_dist_0m6rgog._.js:2441
[     664ms] [LOG] [DEBUG] Renderizando celda: {columnId: ciudad, isReference: undefined, value: Object} @ http://localhost:3000/_next/static/chunks/11hm_next_dist_0m6rgog._.js:2441
[     664ms] [LOG] [DEBUG] Renderizando celda: {columnId: rol, isReference: undefined, value: Object} @ http://localhost:3000/_next/static/chunks/11hm_next_dist_0m6rgog._.js:2441
[     664ms] [LOG] [DEBUG] Renderizando celda: {columnId: rol, isReference: undefined, value: Object} @ http://localhost:3000/_next/static/chunks/11hm_next_dist_0m6rgog._.js:2441
[     664ms] [LOG] [DEBUG] Renderizando celda: {columnId: estado, isReference: undefined, value: Object} @ http://localhost:3000/_next/static/chunks/11hm_next_dist_0m6rgog._.js:2441
[     664ms] [LOG] [DEBUG] Renderizando celda: {columnId: estado, isReference: undefined, value: Object} @ http://localhost:3000/_next/static/chunks/11hm_next_dist_0m6rgog._.js:2441
[     664ms] [LOG] [DEBUG] Renderizando celda: {columnId: fechaRegistro, isReference: undefined, value: Object} @ http://localhost:3000/_next/static/chunks/11hm_next_dist_0m6rgog._.js:2441
[     664ms] [LOG] [DEBUG] Renderizando celda: {columnId: fechaRegistro, isReference: undefined, value: Object} @ http://localhost:3000/_next/static/chunks/11hm_next_dist_0m6rgog._.js:2441
[     664ms] [LOG] [DEBUG] Renderizando celda: {columnId: ultimoContacto, isReference: undefined, value: Object} @ http://localhost:3000/_next/static/chunks/11hm_next_dist_0m6rgog._.js:2441
[     664ms] [LOG] [DEBUG] Renderizando celda: {columnId: ultimoContacto, isReference: undefined, value: Object} @ http://localhost:3000/_next/static/chunks/11hm_next_dist_0m6rgog._.js:2441
[     664ms] [LOG] [DEBUG] Renderizando celda: {columnId: valorTotal, isReference: undefined, value: Object} @ http://localhost:3000/_next/static/chunks/11hm_next_dist_0m6rgog._.js:2441
[     664ms] [LOG] [DEBUG] Renderizando celda: {columnId: valorTotal, isReference: undefined, value: Object} @ http://localhost:3000/_next/static/chunks/11hm_next_dist_0m6rgog._.js:2441
[     664ms] [LOG] [DEBUG] Renderizando celda: {columnId: satisfaccion, isReference: undefined, value: Object} @ http://localhost:3000/_next/static/chunks/11hm_next_dist_0m6rgog._.js:2441
[     664ms] [LOG] [DEBUG] Renderizando celda: {columnId: satisfaccion, isReference: undefined, value: Object} @ http://localhost:3000/_next/static/chunks/11hm_next_dist_0m6rgog._.js:2441
[     664ms] [LOG] [DEBUG] Renderizando celda: {columnId: activo, isReference: undefined, value: Object} @ http://localhost:3000/_next/static/chunks/11hm_next_dist_0m6rgog._.js:2441
[     665ms] [LOG] [DEBUG] Renderizando celda: {columnId: activo, isReference: undefined, value: Object} @ http://localhost:3000/_next/static/chunks/11hm_next_dist_0m6rgog._.js:2441
[     665ms] [LOG] [DEBUG] Renderizando celda: {columnId: id, isReference: undefined, value: Object} @ http://localhost:3000/_next/static/chunks/11hm_next_dist_0m6rgog._.js:2441
[     665ms] [LOG] [DEBUG] Renderizando celda: {columnId: id, isReference: undefined, value: Object} @ http://localhost:3000/_next/static/chunks/11hm_next_dist_0m6rgog._.js:2441
[     665ms] [LOG] [DEBUG] Renderizando celda: {columnId: nombre, isReference: undefined, value: Object} @ http://localhost:3000/_next/static/chunks/11hm_next_dist_0m6rgog._.js:2441
[     665ms] [LOG] [DEBUG] Renderizando celda: {columnId: nombre, isReference: undefined, value: Object} @ http://localhost:3000/_next/static/chunks/11hm_next_dist_0m6rgog._.js:2441
[     665ms] [LOG] [DEBUG] Renderizando celda: {columnId: email, isReference: undefined, value: Object} @ http://localhost:3000/_next/static/chunks/11hm_next_dist_0m6rgog._.js:2441
[     665ms] [LOG] [DEBUG] Renderizando celda: {columnId: email, isReference: undefined, value: Object} @ http://localhost:3000/_next/static/chunks/11hm_next_dist_0m6rgog._.js:2441
[     665ms] [LOG] [DEBUG] Renderizando celda: {columnId: telefono, isReference: undefined, value: Object} @ http://localhost:3000/_next/static/chunks/11hm_next_dist_0m6rgog._.js:2441
[     666ms] [LOG] [DEBUG] Renderizando celda: {columnId: telefono, isReference: undefined, value: Object} @ http://localhost:3000/_next/static/chunks/11hm_next_dist_0m6rgog._.js:2441
[     666ms] [LOG] [DEBUG] Renderizando celda: {columnId: ciudad, isReference: undefined, value: Object} @ http://localhost:3000/_next/static/chunks/11hm_next_dist_0m6rgog._.js:2441
[     666ms] [LOG] [DEBUG] Renderizando celda: {columnId: ciudad, isReference: undefined, value: Object} @ http://localhost:3000/_next/static/chunks/11hm_next_dist_0m6rgog._.js:2441
[     666ms] [LOG] [DEBUG] Renderizando celda: {columnId: rol, isReference: undefined, value: Object} @ http://localhost:3000/_next/static/chunks/11hm_next_dist_0m6rgog._.js:2441
[     666ms] [LOG] [DEBUG] Renderizando celda: {columnId: rol, isReference: undefined, value: Object} @ http://localhost:3000/_next/static/chunks/11hm_next_dist_0m6rgog._.js:2441
[     666ms] [LOG] [DEBUG] Renderizando celda: {columnId: estado, isReference: undefined, value: Object} @ http://localhost:3000/_next/static/chunks/11hm_next_dist_0m6rgog._.js:2441
[     666ms] [LOG] [DEBUG] Renderizando celda: {columnId: estado, isReference: undefined, value: Object} @ http://localhost:3000/_next/static/chunks/11hm_next_dist_0m6rgog._.js:2441
[     666ms] [LOG] [DEBUG] Renderizando celda: {columnId: fechaRegistro, isReference: undefined, value: Object} @ http://localhost:3000/_next/static/chunks/11hm_next_dist_0m6rgog._.js:2441
[     666ms] [LOG] [DEBUG] Renderizando celda: {columnId: fechaRegistro, isReference: undefined, value: Object} @ http://localhost:3000/_next/static/chunks/11hm_next_dist_0m6rgog._.js:2441
[     666ms] [LOG] [DEBUG] Renderizando celda: {columnId: ultimoContacto, isReference: undefined, value: Object} @ http://localhost:3000/_next/static/chunks/11hm_next_dist_0m6rgog._.js:2441
[     666ms] [LOG] [DEBUG] Renderizando celda: {columnId: ultimoContacto, isReference: undefined, value: Object} @ http://localhost:3000/_next/static/chunks/11hm_next_dist_0m6rgog._.js:2441
[     666ms] [LOG] [DEBUG] Renderizando celda: {columnId: valorTotal, isReference: undefined, value: Object} @ http://localhost:3000/_next/static/chunks/11hm_next_dist_0m6rgog._.js:2441
[     666ms] [LOG] [DEBUG] Renderizando celda: {columnId: valorTotal, isReference: undefined, value: Object} @ http://localhost:3000/_next/static/chunks/11hm_next_dist_0m6rgog._.js:2441
[     666ms] [LOG] [DEBUG] Renderizando celda: {columnId: satisfaccion, isReference: undefined, value: Object} @ http://localhost:3000/_next/static/chunks/11hm_next_dist_0m6rgog._.js:2441
[     667ms] [LOG] [DEBUG] Renderizando celda: {columnId: satisfaccion, isReference: undefined, value: Object} @ http://localhost:3000/_next/static/chunks/11hm_next_dist_0m6rgog._.js:2441
[     667ms] [LOG] [DEBUG] Renderizando celda: {columnId: activo, isReference: undefined, value: Object} @ http://localhost:3000/_next/static/chunks/11hm_next_dist_0m6rgog._.js:2441
[     667ms] [LOG] [DEBUG] Renderizando celda: {columnId: activo, isReference: undefined, value: Object} @ http://localhost:3000/_next/static/chunks/11hm_next_dist_0m6rgog._.js:2441
[     667ms] [LOG] [DEBUG] Renderizando celda: {columnId: id, isReference: undefined, value: Object} @ http://localhost:3000/_next/static/chunks/11hm_next_dist_0m6rgog._.js:2441
[     667ms] [LOG] [DEBUG] Renderizando celda: {columnId: id, isReference: undefined, value: Object} @ http://localhost:3000/_next/static/chunks/11hm_next_dist_0m6rgog._.js:2441
[     667ms] [LOG] [DEBUG] Renderizando celda: {columnId: nombre, isReference: undefined, value: Object} @ http://localhost:3000/_next/static/chunks/11hm_next_dist_0m6rgog._.js:2441
[     667ms] [LOG] [DEBUG] Renderizando celda: {columnId: nombre, isReference: undefined, value: Object} @ http://localhost:3000/_next/static/chunks/11hm_next_dist_0m6rgog._.js:2441
[     667ms] [LOG] [DEBUG] Renderizando celda: {columnId: email, isReference: undefined, value: Object} @ http://localhost:3000/_next/static/chunks/11hm_next_dist_0m6rgog._.js:2441
[     668ms] [LOG] [DEBUG] Renderizando celda: {columnId: email, isReference: undefined, value: Object} @ http://localhost:3000/_next/static/chunks/11hm_next_dist_0m6rgog._.js:2441
[     668ms] [LOG] [DEBUG] Renderizando celda: {columnId: telefono, isReference: undefined, value: Object} @ http://localhost:3000/_next/static/chunks/11hm_next_dist_0m6rgog._.js:2441
[     668ms] [LOG] [DEBUG] Renderizando celda: {columnId: telefono, isReference: undefined, value: Object} @ http://localhost:3000/_next/static/chunks/11hm_next_dist_0m6rgog._.js:2441
[     668ms] [LOG] [DEBUG] Renderizando celda: {columnId: ciudad, isReference: undefined, value: Object} @ http://localhost:3000/_next/static/chunks/11hm_next_dist_0m6rgog._.js:2441
[     668ms] [LOG] [DEBUG] Renderizando celda: {columnId: ciudad, isReference: undefined, value: Object} @ http://localhost:3000/_next/static/chunks/11hm_next_dist_0m6rgog._.js:2441
[     668ms] [LOG] [DEBUG] Renderizando celda: {columnId: rol, isReference: undefined, value: Object} @ http://localhost:3000/_next/static/chunks/11hm_next_dist_0m6rgog._.js:2441
[     668ms] [LOG] [DEBUG] Renderizando celda: {columnId: rol, isReference: undefined, value: Object} @ http://localhost:3000/_next/static/chunks/11hm_next_dist_0m6rgog._.js:2441
[     668ms] [LOG] [DEBUG] Renderizando celda: {columnId: estado, isReference: undefined, value: Object} @ http://localhost:3000/_next/static/chunks/11hm_next_dist_0m6rgog._.js:2441
[     668ms] [LOG] [DEBUG] Renderizando celda: {columnId: estado, isReference: undefined, value: Object} @ http://localhost:3000/_next/static/chunks/11hm_next_dist_0m6rgog._.js:2441
[     668ms] [LOG] [DEBUG] Renderizando celda: {columnId: fechaRegistro, isReference: undefined, value: Object} @ http://localhost:3000/_next/static/chunks/11hm_next_dist_0m6rgog._.js:2441
[     668ms] [LOG] [DEBUG] Renderizando celda: {columnId: fechaRegistro, isReference: undefined, value: Object} @ http://localhost:3000/_next/static/chunks/11hm_next_dist_0m6rgog._.js:2441
[     668ms] [LOG] [DEBUG] Renderizando celda: {columnId: ultimoContacto, isReference: undefined, value: Object} @ http://localhost:3000/_next/static/chunks/11hm_next_dist_0m6rgog._.js:2441
[     668ms] [LOG] [DEBUG] Renderizando celda: {columnId: ultimoContacto, isReference: undefined, value: Object} @ http://localhost:3000/_next/static/chunks/11hm_next_dist_0m6rgog._.js:2441
[     668ms] [LOG] [DEBUG] Renderizando celda: {columnId: valorTotal, isReference: undefined, value: Object} @ http://localhost:3000/_next/static/chunks/11hm_next_dist_0m6rgog._.js:2441
[     669ms] [LOG] [DEBUG] Renderizando celda: {columnId: valorTotal, isReference: undefined, value: Object} @ http://localhost:3000/_next/static/chunks/11hm_next_dist_0m6rgog._.js:2441
[     669ms] [LOG] [DEBUG] Renderizando celda: {columnId: satisfaccion, isReference: undefined, value: Object} @ http://localhost:3000/_next/static/chunks/11hm_next_dist_0m6rgog._.js:2441
[     669ms] [LOG] [DEBUG] Renderizando celda: {columnId: satisfaccion, isReference: undefined, value: Object} @ http://localhost:3000/_next/static/chunks/11hm_next_dist_0m6rgog._.js:2441
[     669ms] [LOG] [DEBUG] Renderizando celda: {columnId: activo, isReference: undefined, value: Object} @ http://localhost:3000/_next/static/chunks/11hm_next_dist_0m6rgog._.js:2441
[     669ms] [LOG] [DEBUG] Renderizando celda: {columnId: activo, isReference: undefined, value: Object} @ http://localhost:3000/_next/static/chunks/11hm_next_dist_0m6rgog._.js:2441
[     671ms] [LOG] [DEBUG] Renderizando SecondaryTables: {level: 0, parentId: undefined, isLoading: true, arrayColumnsCount: 0, arrayColumns: Array(0)} @ http://localhost:3000/_next/static/chunks/11hm_next_dist_0m6rgog._.js:2441
[     671ms] [LOG] [DEBUG] Renderizando SecondaryTables: {level: 0, parentId: undefined, isLoading: true, arrayColumnsCount: 0, arrayColumns: Array(0)} @ http://localhost:3000/_next/static/chunks/11hm_next_dist_0m6rgog._.js:2441
[     937ms] [LOG] [DEBUG] Effective column order: {baseOrder: Array(14), pinnedColumnId: index, otherColumns: Array(13), hasActions: true, result: Array(15)} @ http://localhost:3000/_next/static/chunks/11hm_next_dist_0m6rgog._.js:2441
[     938ms] [LOG] [DEBUG] Effective column order: {baseOrder: Array(14), pinnedColumnId: index, otherColumns: Array(13), hasActions: true, result: Array(15)} @ http://localhost:3000/_next/static/chunks/11hm_next_dist_0m6rgog._.js:2441
[     938ms] [LOG] [DEBUG] Effective column order: {baseOrder: Array(14), pinnedColumnId: index, otherColumns: Array(13), hasActions: true, result: Array(15)} @ http://localhost:3000/_next/static/chunks/11hm_next_dist_0m6rgog._.js:2441
[     938ms] [LOG] [DEBUG] Effective column order: {baseOrder: Array(14), pinnedColumnId: index, otherColumns: Array(13), hasActions: true, result: Array(15)} @ http://localhost:3000/_next/static/chunks/11hm_next_dist_0m6rgog._.js:2441
[     945ms] [LOG] [DEBUG] Renderizando celda: {columnId: id, isReference: undefined, value: Object} @ http://localhost:3000/_next/static/chunks/11hm_next_dist_0m6rgog._.js:2441
[     945ms] [LOG] [DEBUG] Renderizando celda: {columnId: id, isReference: undefined, value: Object} @ http://localhost:3000/_next/static/chunks/11hm_next_dist_0m6rgog._.js:2441
[     946ms] [LOG] [DEBUG] Renderizando celda: {columnId: nombre, isReference: undefined, value: Object} @ http://localhost:3000/_next/static/chunks/11hm_next_dist_0m6rgog._.js:2441
[     946ms] [LOG] [DEBUG] Renderizando celda: {columnId: nombre, isReference: undefined, value: Object} @ http://localhost:3000/_next/static/chunks/11hm_next_dist_0m6rgog._.js:2441
[     946ms] [LOG] [DEBUG] Renderizando celda: {columnId: email, isReference: undefined, value: Object} @ http://localhost:3000/_next/static/chunks/11hm_next_dist_0m6rgog._.js:2441
[     946ms] [LOG] [DEBUG] Renderizando celda: {columnId: email, isReference: undefined, value: Object} @ http://localhost:3000/_next/static/chunks/11hm_next_dist_0m6rgog._.js:2441
[     946ms] [LOG] [DEBUG] Renderizando celda: {columnId: telefono, isReference: undefined, value: Object} @ http://localhost:3000/_next/static/chunks/11hm_next_dist_0m6rgog._.js:2441
[     946ms] [LOG] [DEBUG] Renderizando celda: {columnId: telefono, isReference: undefined, value: Object} @ http://localhost:3000/_next/static/chunks/11hm_next_dist_0m6rgog._.js:2441
[     946ms] [LOG] [DEBUG] Renderizando celda: {columnId: ciudad, isReference: undefined, value: Object} @ http://localhost:3000/_next/static/chunks/11hm_next_dist_0m6rgog._.js:2441
[     946ms] [LOG] [DEBUG] Renderizando celda: {columnId: ciudad, isReference: undefined, value: Object} @ http://localhost:3000/_next/static/chunks/11hm_next_dist_0m6rgog._.js:2441
[     946ms] [LOG] [DEBUG] Renderizando celda: {columnId: rol, isReference: undefined, value: Object} @ http://localhost:3000/_next/static/chunks/11hm_next_dist_0m6rgog._.js:2441
[     946ms] [LOG] [DEBUG] Renderizando celda: {columnId: rol, isReference: undefined, value: Object} @ http://localhost:3000/_next/static/chunks/11hm_next_dist_0m6rgog._.js:2441
[     946ms] [LOG] [DEBUG] Renderizando celda: {columnId: estado, isReference: undefined, value: Object} @ http://localhost:3000/_next/static/chunks/11hm_next_dist_0m6rgog._.js:2441
[     946ms] [LOG] [DEBUG] Renderizando celda: {columnId: estado, isReference: undefined, value: Object} @ http://localhost:3000/_next/static/chunks/11hm_next_dist_0m6rgog._.js:2441
[     946ms] [LOG] [DEBUG] Renderizando celda: {columnId: fechaRegistro, isReference: undefined, value: Object} @ http://localhost:3000/_next/static/chunks/11hm_next_dist_0m6rgog._.js:2441
[     946ms] [LOG] [DEBUG] Renderizando celda: {columnId: fechaRegistro, isReference: undefined, value: Object} @ http://localhost:3000/_next/static/chunks/11hm_next_dist_0m6rgog._.js:2441
[     946ms] [LOG] [DEBUG] Renderizando celda: {columnId: ultimoContacto, isReference: undefined, value: Object} @ http://localhost:3000/_next/static/chunks/11hm_next_dist_0m6rgog._.js:2441
[     946ms] [LOG] [DEBUG] Renderizando celda: {columnId: ultimoContacto, isReference: undefined, value: Object} @ http://localhost:3000/_next/static/chunks/11hm_next_dist_0m6rgog._.js:2441
[     946ms] [LOG] [DEBUG] Renderizando celda: {columnId: valorTotal, isReference: undefined, value: Object} @ http://localhost:3000/_next/static/chunks/11hm_next_dist_0m6rgog._.js:2441
[     946ms] [LOG] [DEBUG] Renderizando celda: {columnId: valorTotal, isReference: undefined, value: Object} @ http://localhost:3000/_next/static/chunks/11hm_next_dist_0m6rgog._.js:2441
[     947ms] [LOG] [DEBUG] Renderizando celda: {columnId: satisfaccion, isReference: undefined, value: Object} @ http://localhost:3000/_next/static/chunks/11hm_next_dist_0m6rgog._.js:2441
[     947ms] [LOG] [DEBUG] Renderizando celda: {columnId: satisfaccion, isReference: undefined, value: Object} @ http://localhost:3000/_next/static/chunks/11hm_next_dist_0m6rgog._.js:2441
[     947ms] [LOG] [DEBUG] Renderizando celda: {columnId: activo, isReference: undefined, value: Object} @ http://localhost:3000/_next/static/chunks/11hm_next_dist_0m6rgog._.js:2441
[     947ms] [LOG] [DEBUG] Renderizando celda: {columnId: activo, isReference: undefined, value: Object} @ http://localhost:3000/_next/static/chunks/11hm_next_dist_0m6rgog._.js:2441
[     947ms] [LOG] [DEBUG] Renderizando celda: {columnId: id, isReference: undefined, value: Object} @ http://localhost:3000/_next/static/chunks/11hm_next_dist_0m6rgog._.js:2441
[     947ms] [LOG] [DEBUG] Renderizando celda: {columnId: id, isReference: undefined, value: Object} @ http://localhost:3000/_next/static/chunks/11hm_next_dist_0m6rgog._.js:2441
[     947ms] [LOG] [DEBUG] Renderizando celda: {columnId: nombre, isReference: undefined, value: Object} @ http://localhost:3000/_next/static/chunks/11hm_next_dist_0m6rgog._.js:2441
[     948ms] [LOG] [DEBUG] Renderizando celda: {columnId: nombre, isReference: undefined, value: Object} @ http://localhost:3000/_next/static/chunks/11hm_next_dist_0m6rgog._.js:2441
[     948ms] [LOG] [DEBUG] Renderizando celda: {columnId: email, isReference: undefined, value: Object} @ http://localhost:3000/_next/static/chunks/11hm_next_dist_0m6rgog._.js:2441
[     948ms] [LOG] [DEBUG] Renderizando celda: {columnId: email, isReference: undefined, value: Object} @ http://localhost:3000/_next/static/chunks/11hm_next_dist_0m6rgog._.js:2441
[     948ms] [LOG] [DEBUG] Renderizando celda: {columnId: telefono, isReference: undefined, value: Object} @ http://localhost:3000/_next/static/chunks/11hm_next_dist_0m6rgog._.js:2441
[     948ms] [LOG] [DEBUG] Renderizando celda: {columnId: telefono, isReference: undefined, value: Object} @ http://localhost:3000/_next/static/chunks/11hm_next_dist_0m6rgog._.js:2441
[     948ms] [LOG] [DEBUG] Renderizando celda: {columnId: ciudad, isReference: undefined, value: Object} @ http://localhost:3000/_next/static/chunks/11hm_next_dist_0m6rgog._.js:2441
[     948ms] [LOG] [DEBUG] Renderizando celda: {columnId: ciudad, isReference: undefined, value: Object} @ http://localhost:3000/_next/static/chunks/11hm_next_dist_0m6rgog._.js:2441
[     948ms] [LOG] [DEBUG] Renderizando celda: {columnId: rol, isReference: undefined, value: Object} @ http://localhost:3000/_next/static/chunks/11hm_next_dist_0m6rgog._.js:2441
[     948ms] [LOG] [DEBUG] Renderizando celda: {columnId: rol, isReference: undefined, value: Object} @ http://localhost:3000/_next/static/chunks/11hm_next_dist_0m6rgog._.js:2441
[     948ms] [LOG] [DEBUG] Renderizando celda: {columnId: estado, isReference: undefined, value: Object} @ http://localhost:3000/_next/static/chunks/11hm_next_dist_0m6rgog._.js:2441
[     948ms] [LOG] [DEBUG] Renderizando celda: {columnId: estado, isReference: undefined, value: Object} @ http://localhost:3000/_next/static/chunks/11hm_next_dist_0m6rgog._.js:2441
[     948ms] [LOG] [DEBUG] Renderizando celda: {columnId: fechaRegistro, isReference: undefined, value: Object} @ http://localhost:3000/_next/static/chunks/11hm_next_dist_0m6rgog._.js:2441
[     948ms] [LOG] [DEBUG] Renderizando celda: {columnId: fechaRegistro, isReference: undefined, value: Object} @ http://localhost:3000/_next/static/chunks/11hm_next_dist_0m6rgog._.js:2441
[     948ms] [LOG] [DEBUG] Renderizando celda: {columnId: ultimoContacto, isReference: undefined, value: Object} @ http://localhost:3000/_next/static/chunks/11hm_next_dist_0m6rgog._.js:2441
[     948ms] [LOG] [DEBUG] Renderizando celda: {columnId: ultimoContacto, isReference: undefined, value: Object} @ http://localhost:3000/_next/static/chunks/11hm_next_dist_0m6rgog._.js:2441
[     948ms] [LOG] [DEBUG] Renderizando celda: {columnId: valorTotal, isReference: undefined, value: Object} @ http://localhost:3000/_next/static/chunks/11hm_next_dist_0m6rgog._.js:2441
[     948ms] [LOG] [DEBUG] Renderizando celda: {columnId: valorTotal, isReference: undefined, value: Object} @ http://localhost:3000/_next/static/chunks/11hm_next_dist_0m6rgog._.js:2441
[     948ms] [LOG] [DEBUG] Renderizando celda: {columnId: satisfaccion, isReference: undefined, value: Object} @ http://localhost:3000/_next/static/chunks/11hm_next_dist_0m6rgog._.js:2441
[     949ms] [LOG] [DEBUG] Renderizando celda: {columnId: satisfaccion, isReference: undefined, value: Object} @ http://localhost:3000/_next/static/chunks/11hm_next_dist_0m6rgog._.js:2441
[     949ms] [LOG] [DEBUG] Renderizando celda: {columnId: activo, isReference: undefined, value: Object} @ http://localhost:3000/_next/static/chunks/11hm_next_dist_0m6rgog._.js:2441
[     949ms] [LOG] [DEBUG] Renderizando celda: {columnId: activo, isReference: undefined, value: Object} @ http://localhost:3000/_next/static/chunks/11hm_next_dist_0m6rgog._.js:2441
[     949ms] [LOG] [DEBUG] Renderizando celda: {columnId: id, isReference: undefined, value: Object} @ http://localhost:3000/_next/static/chunks/11hm_next_dist_0m6rgog._.js:2441
[     949ms] [LOG] [DEBUG] Renderizando celda: {columnId: id, isReference: undefined, value: Object} @ http://localhost:3000/_next/static/chunks/11hm_next_dist_0m6rgog._.js:2441
[     949ms] [LOG] [DEBUG] Renderizando celda: {columnId: nombre, isReference: undefined, value: Object} @ http://localhost:3000/_next/static/chunks/11hm_next_dist_0m6rgog._.js:2441
[     949ms] [LOG] [DEBUG] Renderizando celda: {columnId: nombre, isReference: undefined, value: Object} @ http://localhost:3000/_next/static/chunks/11hm_next_dist_0m6rgog._.js:2441
[     949ms] [LOG] [DEBUG] Renderizando celda: {columnId: email, isReference: undefined, value: Object} @ http://localhost:3000/_next/static/chunks/11hm_next_dist_0m6rgog._.js:2441
[     949ms] [LOG] [DEBUG] Renderizando celda: {columnId: email, isReference: undefined, value: Object} @ http://localhost:3000/_next/static/chunks/11hm_next_dist_0m6rgog._.js:2441
[     949ms] [LOG] [DEBUG] Renderizando celda: {columnId: telefono, isReference: undefined, value: Object} @ http://localhost:3000/_next/static/chunks/11hm_next_dist_0m6rgog._.js:2441
[     950ms] [LOG] [DEBUG] Renderizando celda: {columnId: telefono, isReference: undefined, value: Object} @ http://localhost:3000/_next/static/chunks/11hm_next_dist_0m6rgog._.js:2441
[     950ms] [LOG] [DEBUG] Renderizando celda: {columnId: ciudad, isReference: undefined, value: Object} @ http://localhost:3000/_next/static/chunks/11hm_next_dist_0m6rgog._.js:2441
[     950ms] [LOG] [DEBUG] Renderizando celda: {columnId: ciudad, isReference: undefined, value: Object} @ http://localhost:3000/_next/static/chunks/11hm_next_dist_0m6rgog._.js:2441
[     950ms] [LOG] [DEBUG] Renderizando celda: {columnId: rol, isReference: undefined, value: Object} @ http://localhost:3000/_next/static/chunks/11hm_next_dist_0m6rgog._.js:2441
[     950ms] [LOG] [DEBUG] Renderizando celda: {columnId: rol, isReference: undefined, value: Object} @ http://localhost:3000/_next/static/chunks/11hm_next_dist_0m6rgog._.js:2441
[     950ms] [LOG] [DEBUG] Renderizando celda: {columnId: estado, isReference: undefined, value: Object} @ http://localhost:3000/_next/static/chunks/11hm_next_dist_0m6rgog._.js:2441
[     950ms] [LOG] [DEBUG] Renderizando celda: {columnId: estado, isReference: undefined, value: Object} @ http://localhost:3000/_next/static/chunks/11hm_next_dist_0m6rgog._.js:2441
[     950ms] [LOG] [DEBUG] Renderizando celda: {columnId: fechaRegistro, isReference: undefined, value: Object} @ http://localhost:3000/_next/static/chunks/11hm_next_dist_0m6rgog._.js:2441
[     950ms] [LOG] [DEBUG] Renderizando celda: {columnId: fechaRegistro, isReference: undefined, value: Object} @ http://localhost:3000/_next/static/chunks/11hm_next_dist_0m6rgog._.js:2441
[     950ms] [LOG] [DEBUG] Renderizando celda: {columnId: ultimoContacto, isReference: undefined, value: Object} @ http://localhost:3000/_next/static/chunks/11hm_next_dist_0m6rgog._.js:2441
[     950ms] [LOG] [DEBUG] Renderizando celda: {columnId: ultimoContacto, isReference: undefined, value: Object} @ http://localhost:3000/_next/static/chunks/11hm_next_dist_0m6rgog._.js:2441
[     950ms] [LOG] [DEBUG] Renderizando celda: {columnId: valorTotal, isReference: undefined, value: Object} @ http://localhost:3000/_next/static/chunks/11hm_next_dist_0m6rgog._.js:2441
[     950ms] [LOG] [DEBUG] Renderizando celda: {columnId: valorTotal, isReference: undefined, value: Object} @ http://localhost:3000/_next/static/chunks/11hm_next_dist_0m6rgog._.js:2441
[     950ms] [LOG] [DEBUG] Renderizando celda: {columnId: satisfaccion, isReference: undefined, value: Object} @ http://localhost:3000/_next/static/chunks/11hm_next_dist_0m6rgog._.js:2441
[     950ms] [LOG] [DEBUG] Renderizando celda: {columnId: satisfaccion, isReference: undefined, value: Object} @ http://localhost:3000/_next/static/chunks/11hm_next_dist_0m6rgog._.js:2441
[     950ms] [LOG] [DEBUG] Renderizando celda: {columnId: activo, isReference: undefined, value: Object} @ http://localhost:3000/_next/static/chunks/11hm_next_dist_0m6rgog._.js:2441
[     950ms] [LOG] [DEBUG] Renderizando celda: {columnId: activo, isReference: undefined, value: Object} @ http://localhost:3000/_next/static/chunks/11hm_next_dist_0m6rgog._.js:2441
[     951ms] [LOG] [DEBUG] Renderizando celda: {columnId: id, isReference: undefined, value: Object} @ http://localhost:3000/_next/static/chunks/11hm_next_dist_0m6rgog._.js:2441
[     951ms] [LOG] [DEBUG] Renderizando celda: {columnId: id, isReference: undefined, value: Object} @ http://localhost:3000/_next/static/chunks/11hm_next_dist_0m6rgog._.js:2441
[     951ms] [LOG] [DEBUG] Renderizando celda: {columnId: nombre, isReference: undefined, value: Object} @ http://localhost:3000/_next/static/chunks/11hm_next_dist_0m6rgog._.js:2441
[     951ms] [LOG] [DEBUG] Renderizando celda: {columnId: nombre, isReference: undefined, value: Object} @ http://localhost:3000/_next/static/chunks/11hm_next_dist_0m6rgog._.js:2441
[     951ms] [LOG] [DEBUG] Renderizando celda: {columnId: email, isReference: undefined, value: Object} @ http://localhost:3000/_next/static/chunks/11hm_next_dist_0m6rgog._.js:2441
[     951ms] [LOG] [DEBUG] Renderizando celda: {columnId: email, isReference: undefined, value: Object} @ http://localhost:3000/_next/static/chunks/11hm_next_dist_0m6rgog._.js:2441
[     951ms] [LOG] [DEBUG] Renderizando celda: {columnId: telefono, isReference: undefined, value: Object} @ http://localhost:3000/_next/static/chunks/11hm_next_dist_0m6rgog._.js:2441
[     951ms] [LOG] [DEBUG] Renderizando celda: {columnId: telefono, isReference: undefined, value: Object} @ http://localhost:3000/_next/static/chunks/11hm_next_dist_0m6rgog._.js:2441
[     951ms] [LOG] [DEBUG] Renderizando celda: {columnId: ciudad, isReference: undefined, value: Object} @ http://localhost:3000/_next/static/chunks/11hm_next_dist_0m6rgog._.js:2441
[     951ms] [LOG] [DEBUG] Renderizando celda: {columnId: ciudad, isReference: undefined, value: Object} @ http://localhost:3000/_next/static/chunks/11hm_next_dist_0m6rgog._.js:2441
[     951ms] [LOG] [DEBUG] Renderizando celda: {columnId: rol, isReference: undefined, value: Object} @ http://localhost:3000/_next/static/chunks/11hm_next_dist_0m6rgog._.js:2441
[     951ms] [LOG] [DEBUG] Renderizando celda: {columnId: rol, isReference: undefined, value: Object} @ http://localhost:3000/_next/static/chunks/11hm_next_dist_0m6rgog._.js:2441
[     952ms] [LOG] [DEBUG] Renderizando celda: {columnId: estado, isReference: undefined, value: Object} @ http://localhost:3000/_next/static/chunks/11hm_next_dist_0m6rgog._.js:2441
[     952ms] [LOG] [DEBUG] Renderizando celda: {columnId: estado, isReference: undefined, value: Object} @ http://localhost:3000/_next/static/chunks/11hm_next_dist_0m6rgog._.js:2441
[     952ms] [LOG] [DEBUG] Renderizando celda: {columnId: fechaRegistro, isReference: undefined, value: Object} @ http://localhost:3000/_next/static/chunks/11hm_next_dist_0m6rgog._.js:2441
[     952ms] [LOG] [DEBUG] Renderizando celda: {columnId: fechaRegistro, isReference: undefined, value: Object} @ http://localhost:3000/_next/static/chunks/11hm_next_dist_0m6rgog._.js:2441
[     952ms] [LOG] [DEBUG] Renderizando celda: {columnId: ultimoContacto, isReference: undefined, value: Object} @ http://localhost:3000/_next/static/chunks/11hm_next_dist_0m6rgog._.js:2441
[     952ms] [LOG] [DEBUG] Renderizando celda: {columnId: ultimoContacto, isReference: undefined, value: Object} @ http://localhost:3000/_next/static/chunks/11hm_next_dist_0m6rgog._.js:2441
[     952ms] [LOG] [DEBUG] Renderizando celda: {columnId: valorTotal, isReference: undefined, value: Object} @ http://localhost:3000/_next/static/chunks/11hm_next_dist_0m6rgog._.js:2441
[     952ms] [LOG] [DEBUG] Renderizando celda: {columnId: valorTotal, isReference: undefined, value: Object} @ http://localhost:3000/_next/static/chunks/11hm_next_dist_0m6rgog._.js:2441
[     952ms] [LOG] [DEBUG] Renderizando celda: {columnId: satisfaccion, isReference: undefined, value: Object} @ http://localhost:3000/_next/static/chunks/11hm_next_dist_0m6rgog._.js:2441
[     952ms] [LOG] [DEBUG] Renderizando celda: {columnId: satisfaccion, isReference: undefined, value: Object} @ http://localhost:3000/_next/static/chunks/11hm_next_dist_0m6rgog._.js:2441
[     952ms] [LOG] [DEBUG] Renderizando celda: {columnId: activo, isReference: undefined, value: Object} @ http://localhost:3000/_next/static/chunks/11hm_next_dist_0m6rgog._.js:2441
[     952ms] [LOG] [DEBUG] Renderizando celda: {columnId: activo, isReference: undefined, value: Object} @ http://localhost:3000/_next/static/chunks/11hm_next_dist_0m6rgog._.js:2441
[     953ms] [LOG] [DEBUG] Renderizando celda: {columnId: id, isReference: undefined, value: Object} @ http://localhost:3000/_next/static/chunks/11hm_next_dist_0m6rgog._.js:2441
[     953ms] [LOG] [DEBUG] Renderizando celda: {columnId: id, isReference: undefined, value: Object} @ http://localhost:3000/_next/static/chunks/11hm_next_dist_0m6rgog._.js:2441
[     953ms] [LOG] [DEBUG] Renderizando celda: {columnId: nombre, isReference: undefined, value: Object} @ http://localhost:3000/_next/static/chunks/11hm_next_dist_0m6rgog._.js:2441
[     953ms] [LOG] [DEBUG] Renderizando celda: {columnId: nombre, isReference: undefined, value: Object} @ http://localhost:3000/_next/static/chunks/11hm_next_dist_0m6rgog._.js:2441
[     953ms] [LOG] [DEBUG] Renderizando celda: {columnId: email, isReference: undefined, value: Object} @ http://localhost:3000/_next/static/chunks/11hm_next_dist_0m6rgog._.js:2441
[     953ms] [LOG] [DEBUG] Renderizando celda: {columnId: email, isReference: undefined, value: Object} @ http://localhost:3000/_next/static/chunks/11hm_next_dist_0m6rgog._.js:2441
[     953ms] [LOG] [DEBUG] Renderizando celda: {columnId: telefono, isReference: undefined, value: Object} @ http://localhost:3000/_next/static/chunks/11hm_next_dist_0m6rgog._.js:2441
[     953ms] [LOG] [DEBUG] Renderizando celda: {columnId: telefono, isReference: undefined, value: Object} @ http://localhost:3000/_next/static/chunks/11hm_next_dist_0m6rgog._.js:2441
[     953ms] [LOG] [DEBUG] Renderizando celda: {columnId: ciudad, isReference: undefined, value: Object} @ http://localhost:3000/_next/static/chunks/11hm_next_dist_0m6rgog._.js:2441
[     953ms] [LOG] [DEBUG] Renderizando celda: {columnId: ciudad, isReference: undefined, value: Object} @ http://localhost:3000/_next/static/chunks/11hm_next_dist_0m6rgog._.js:2441
[     953ms] [LOG] [DEBUG] Renderizando celda: {columnId: rol, isReference: undefined, value: Object} @ http://localhost:3000/_next/static/chunks/11hm_next_dist_0m6rgog._.js:2441
[     953ms] [LOG] [DEBUG] Renderizando celda: {columnId: rol, isReference: undefined, value: Object} @ http://localhost:3000/_next/static/chunks/11hm_next_dist_0m6rgog._.js:2441
[     953ms] [LOG] [DEBUG] Renderizando celda: {columnId: estado, isReference: undefined, value: Object} @ http://localhost:3000/_next/static/chunks/11hm_next_dist_0m6rgog._.js:2441
[     953ms] [LOG] [DEBUG] Renderizando celda: {columnId: estado, isReference: undefined, value: Object} @ http://localhost:3000/_next/static/chunks/11hm_next_dist_0m6rgog._.js:2441
[     953ms] [LOG] [DEBUG] Renderizando celda: {columnId: fechaRegistro, isReference: undefined, value: Object} @ http://localhost:3000/_next/static/chunks/11hm_next_dist_0m6rgog._.js:2441
[     953ms] [LOG] [DEBUG] Renderizando celda: {columnId: fechaRegistro, isReference: undefined, value: Object} @ http://localhost:3000/_next/static/chunks/11hm_next_dist_0m6rgog._.js:2441
[     953ms] [LOG] [DEBUG] Renderizando celda: {columnId: ultimoContacto, isReference: undefined, value: Object} @ http://localhost:3000/_next/static/chunks/11hm_next_dist_0m6rgog._.js:2441
[     953ms] [LOG] [DEBUG] Renderizando celda: {columnId: ultimoContacto, isReference: undefined, value: Object} @ http://localhost:3000/_next/static/chunks/11hm_next_dist_0m6rgog._.js:2441
[     954ms] [LOG] [DEBUG] Renderizando celda: {columnId: valorTotal, isReference: undefined, value: Object} @ http://localhost:3000/_next/static/chunks/11hm_next_dist_0m6rgog._.js:2441
[     954ms] [LOG] [DEBUG] Renderizando celda: {columnId: valorTotal, isReference: undefined, value: Object} @ http://localhost:3000/_next/static/chunks/11hm_next_dist_0m6rgog._.js:2441
[     954ms] [LOG] [DEBUG] Renderizando celda: {columnId: satisfaccion, isReference: undefined, value: Object} @ http://localhost:3000/_next/static/chunks/11hm_next_dist_0m6rgog._.js:2441
[     954ms] [LOG] [DEBUG] Renderizando celda: {columnId: satisfaccion, isReference: undefined, value: Object} @ http://localhost:3000/_next/static/chunks/11hm_next_dist_0m6rgog._.js:2441
[     954ms] [LOG] [DEBUG] Renderizando celda: {columnId: activo, isReference: undefined, value: Object} @ http://localhost:3000/_next/static/chunks/11hm_next_dist_0m6rgog._.js:2441
[     954ms] [LOG] [DEBUG] Renderizando celda: {columnId: activo, isReference: undefined, value: Object} @ http://localhost:3000/_next/static/chunks/11hm_next_dist_0m6rgog._.js:2441
[     954ms] [LOG] [DEBUG] Renderizando celda: {columnId: id, isReference: undefined, value: Object} @ http://localhost:3000/_next/static/chunks/11hm_next_dist_0m6rgog._.js:2441
[     954ms] [LOG] [DEBUG] Renderizando celda: {columnId: id, isReference: undefined, value: Object} @ http://localhost:3000/_next/static/chunks/11hm_next_dist_0m6rgog._.js:2441
[     954ms] [LOG] [DEBUG] Renderizando celda: {columnId: nombre, isReference: undefined, value: Object} @ http://localhost:3000/_next/static/chunks/11hm_next_dist_0m6rgog._.js:2441
[     954ms] [LOG] [DEBUG] Renderizando celda: {columnId: nombre, isReference: undefined, value: Object} @ http://localhost:3000/_next/static/chunks/11hm_next_dist_0m6rgog._.js:2441
[     955ms] [LOG] [DEBUG] Renderizando celda: {columnId: email, isReference: undefined, value: Object} @ http://localhost:3000/_next/static/chunks/11hm_next_dist_0m6rgog._.js:2441
[     955ms] [LOG] [DEBUG] Renderizando celda: {columnId: email, isReference: undefined, value: Object} @ http://localhost:3000/_next/static/chunks/11hm_next_dist_0m6rgog._.js:2441
[     955ms] [LOG] [DEBUG] Renderizando celda: {columnId: telefono, isReference: undefined, value: Object} @ http://localhost:3000/_next/static/chunks/11hm_next_dist_0m6rgog._.js:2441
[     955ms] [LOG] [DEBUG] Renderizando celda: {columnId: telefono, isReference: undefined, value: Object} @ http://localhost:3000/_next/static/chunks/11hm_next_dist_0m6rgog._.js:2441
[     955ms] [LOG] [DEBUG] Renderizando celda: {columnId: ciudad, isReference: undefined, value: Object} @ http://localhost:3000/_next/static/chunks/11hm_next_dist_0m6rgog._.js:2441
[     955ms] [LOG] [DEBUG] Renderizando celda: {columnId: ciudad, isReference: undefined, value: Object} @ http://localhost:3000/_next/static/chunks/11hm_next_dist_0m6rgog._.js:2441
[     955ms] [LOG] [DEBUG] Renderizando celda: {columnId: rol, isReference: undefined, value: Object} @ http://localhost:3000/_next/static/chunks/11hm_next_dist_0m6rgog._.js:2441
[     955ms] [LOG] [DEBUG] Renderizando celda: {columnId: rol, isReference: undefined, value: Object} @ http://localhost:3000/_next/static/chunks/11hm_next_dist_0m6rgog._.js:2441
[     955ms] [LOG] [DEBUG] Renderizando celda: {columnId: estado, isReference: undefined, value: Object} @ http://localhost:3000/_next/static/chunks/11hm_next_dist_0m6rgog._.js:2441
[     955ms] [LOG] [DEBUG] Renderizando celda: {columnId: estado, isReference: undefined, value: Object} @ http://localhost:3000/_next/static/chunks/11hm_next_dist_0m6rgog._.js:2441
[     955ms] [LOG] [DEBUG] Renderizando celda: {columnId: fechaRegistro, isReference: undefined, value: Object} @ http://localhost:3000/_next/static/chunks/11hm_next_dist_0m6rgog._.js:2441
[     955ms] [LOG] [DEBUG] Renderizando celda: {columnId: fechaRegistro, isReference: undefined, value: Object} @ http://localhost:3000/_next/static/chunks/11hm_next_dist_0m6rgog._.js:2441
[     955ms] [LOG] [DEBUG] Renderizando celda: {columnId: ultimoContacto, isReference: undefined, value: Object} @ http://localhost:3000/_next/static/chunks/11hm_next_dist_0m6rgog._.js:2441
[     955ms] [LOG] [DEBUG] Renderizando celda: {columnId: ultimoContacto, isReference: undefined, value: Object} @ http://localhost:3000/_next/static/chunks/11hm_next_dist_0m6rgog._.js:2441
[     955ms] [LOG] [DEBUG] Renderizando celda: {columnId: valorTotal, isReference: undefined, value: Object} @ http://localhost:3000/_next/static/chunks/11hm_next_dist_0m6rgog._.js:2441
[     956ms] [LOG] [DEBUG] Renderizando celda: {columnId: valorTotal, isReference: undefined, value: Object} @ http://localhost:3000/_next/static/chunks/11hm_next_dist_0m6rgog._.js:2441
[     956ms] [LOG] [DEBUG] Renderizando celda: {columnId: satisfaccion, isReference: undefined, value: Object} @ http://localhost:3000/_next/static/chunks/11hm_next_dist_0m6rgog._.js:2441
[     956ms] [LOG] [DEBUG] Renderizando celda: {columnId: satisfaccion, isReference: undefined, value: Object} @ http://localhost:3000/_next/static/chunks/11hm_next_dist_0m6rgog._.js:2441
[     956ms] [LOG] [DEBUG] Renderizando celda: {columnId: activo, isReference: undefined, value: Object} @ http://localhost:3000/_next/static/chunks/11hm_next_dist_0m6rgog._.js:2441
[     956ms] [LOG] [DEBUG] Renderizando celda: {columnId: activo, isReference: undefined, value: Object} @ http://localhost:3000/_next/static/chunks/11hm_next_dist_0m6rgog._.js:2441
[     956ms] [LOG] [DEBUG] Renderizando celda: {columnId: id, isReference: undefined, value: Object} @ http://localhost:3000/_next/static/chunks/11hm_next_dist_0m6rgog._.js:2441
[     956ms] [LOG] [DEBUG] Renderizando celda: {columnId: id, isReference: undefined, value: Object} @ http://localhost:3000/_next/static/chunks/11hm_next_dist_0m6rgog._.js:2441
[     957ms] [LOG] [DEBUG] Renderizando celda: {columnId: nombre, isReference: undefined, value: Object} @ http://localhost:3000/_next/static/chunks/11hm_next_dist_0m6rgog._.js:2441
[     957ms] [LOG] [DEBUG] Renderizando celda: {columnId: nombre, isReference: undefined, value: Object} @ http://localhost:3000/_next/static/chunks/11hm_next_dist_0m6rgog._.js:2441
[     957ms] [LOG] [DEBUG] Renderizando celda: {columnId: email, isReference: undefined, value: Object} @ http://localhost:3000/_next/static/chunks/11hm_next_dist_0m6rgog._.js:2441
[     957ms] [LOG] [DEBUG] Renderizando celda: {columnId: email, isReference: undefined, value: Object} @ http://localhost:3000/_next/static/chunks/11hm_next_dist_0m6rgog._.js:2441
[     957ms] [LOG] [DEBUG] Renderizando celda: {columnId: telefono, isReference: undefined, value: Object} @ http://localhost:3000/_next/static/chunks/11hm_next_dist_0m6rgog._.js:2441
[     957ms] [LOG] [DEBUG] Renderizando celda: {columnId: telefono, isReference: undefined, value: Object} @ http://localhost:3000/_next/static/chunks/11hm_next_dist_0m6rgog._.js:2441
[     957ms] [LOG] [DEBUG] Renderizando celda: {columnId: ciudad, isReference: undefined, value: Object} @ http://localhost:3000/_next/static/chunks/11hm_next_dist_0m6rgog._.js:2441
[     957ms] [LOG] [DEBUG] Renderizando celda: {columnId: ciudad, isReference: undefined, value: Object} @ http://localhost:3000/_next/static/chunks/11hm_next_dist_0m6rgog._.js:2441
[     957ms] [LOG] [DEBUG] Renderizando celda: {columnId: rol, isReference: undefined, value: Object} @ http://localhost:3000/_next/static/chunks/11hm_next_dist_0m6rgog._.js:2441
[     957ms] [LOG] [DEBUG] Renderizando celda: {columnId: rol, isReference: undefined, value: Object} @ http://localhost:3000/_next/static/chunks/11hm_next_dist_0m6rgog._.js:2441
[     957ms] [LOG] [DEBUG] Renderizando celda: {columnId: estado, isReference: undefined, value: Object} @ http://localhost:3000/_next/static/chunks/11hm_next_dist_0m6rgog._.js:2441
[     957ms] [LOG] [DEBUG] Renderizando celda: {columnId: estado, isReference: undefined, value: Object} @ http://localhost:3000/_next/static/chunks/11hm_next_dist_0m6rgog._.js:2441
[     957ms] [LOG] [DEBUG] Renderizando celda: {columnId: fechaRegistro, isReference: undefined, value: Object} @ http://localhost:3000/_next/static/chunks/11hm_next_dist_0m6rgog._.js:2441
[     957ms] [LOG] [DEBUG] Renderizando celda: {columnId: fechaRegistro, isReference: undefined, value: Object} @ http://localhost:3000/_next/static/chunks/11hm_next_dist_0m6rgog._.js:2441
[     957ms] [LOG] [DEBUG] Renderizando celda: {columnId: ultimoContacto, isReference: undefined, value: Object} @ http://localhost:3000/_next/static/chunks/11hm_next_dist_0m6rgog._.js:2441
[     957ms] [LOG] [DEBUG] Renderizando celda: {columnId: ultimoContacto, isReference: undefined, value: Object} @ http://localhost:3000/_next/static/chunks/11hm_next_dist_0m6rgog._.js:2441
[     957ms] [LOG] [DEBUG] Renderizando celda: {columnId: valorTotal, isReference: undefined, value: Object} @ http://localhost:3000/_next/static/chunks/11hm_next_dist_0m6rgog._.js:2441
[     957ms] [LOG] [DEBUG] Renderizando celda: {columnId: valorTotal, isReference: undefined, value: Object} @ http://localhost:3000/_next/static/chunks/11hm_next_dist_0m6rgog._.js:2441
[     958ms] [LOG] [DEBUG] Renderizando celda: {columnId: satisfaccion, isReference: undefined, value: Object} @ http://localhost:3000/_next/static/chunks/11hm_next_dist_0m6rgog._.js:2441
[     958ms] [LOG] [DEBUG] Renderizando celda: {columnId: satisfaccion, isReference: undefined, value: Object} @ http://localhost:3000/_next/static/chunks/11hm_next_dist_0m6rgog._.js:2441
[     958ms] [LOG] [DEBUG] Renderizando celda: {columnId: activo, isReference: undefined, value: Object} @ http://localhost:3000/_next/static/chunks/11hm_next_dist_0m6rgog._.js:2441
[     958ms] [LOG] [DEBUG] Renderizando celda: {columnId: activo, isReference: undefined, value: Object} @ http://localhost:3000/_next/static/chunks/11hm_next_dist_0m6rgog._.js:2441
[     958ms] [LOG] [DEBUG] Renderizando celda: {columnId: id, isReference: undefined, value: Object} @ http://localhost:3000/_next/static/chunks/11hm_next_dist_0m6rgog._.js:2441
[     958ms] [LOG] [DEBUG] Renderizando celda: {columnId: id, isReference: undefined, value: Object} @ http://localhost:3000/_next/static/chunks/11hm_next_dist_0m6rgog._.js:2441
[     958ms] [LOG] [DEBUG] Renderizando celda: {columnId: nombre, isReference: undefined, value: Object} @ http://localhost:3000/_next/static/chunks/11hm_next_dist_0m6rgog._.js:2441
[     958ms] [LOG] [DEBUG] Renderizando celda: {columnId: nombre, isReference: undefined, value: Object} @ http://localhost:3000/_next/static/chunks/11hm_next_dist_0m6rgog._.js:2441
[     958ms] [LOG] [DEBUG] Renderizando celda: {columnId: email, isReference: undefined, value: Object} @ http://localhost:3000/_next/static/chunks/11hm_next_dist_0m6rgog._.js:2441
[     959ms] [LOG] [DEBUG] Renderizando celda: {columnId: email, isReference: undefined, value: Object} @ http://localhost:3000/_next/static/chunks/11hm_next_dist_0m6rgog._.js:2441
[     959ms] [LOG] [DEBUG] Renderizando celda: {columnId: telefono, isReference: undefined, value: Object} @ http://localhost:3000/_next/static/chunks/11hm_next_dist_0m6rgog._.js:2441
[     959ms] [LOG] [DEBUG] Renderizando celda: {columnId: telefono, isReference: undefined, value: Object} @ http://localhost:3000/_next/static/chunks/11hm_next_dist_0m6rgog._.js:2441
[     959ms] [LOG] [DEBUG] Renderizando celda: {columnId: ciudad, isReference: undefined, value: Object} @ http://localhost:3000/_next/static/chunks/11hm_next_dist_0m6rgog._.js:2441
[     959ms] [LOG] [DEBUG] Renderizando celda: {columnId: ciudad, isReference: undefined, value: Object} @ http://localhost:3000/_next/static/chunks/11hm_next_dist_0m6rgog._.js:2441
[     959ms] [LOG] [DEBUG] Renderizando celda: {columnId: rol, isReference: undefined, value: Object} @ http://localhost:3000/_next/static/chunks/11hm_next_dist_0m6rgog._.js:2441
[     959ms] [LOG] [DEBUG] Renderizando celda: {columnId: rol, isReference: undefined, value: Object} @ http://localhost:3000/_next/static/chunks/11hm_next_dist_0m6rgog._.js:2441
[     959ms] [LOG] [DEBUG] Renderizando celda: {columnId: estado, isReference: undefined, value: Object} @ http://localhost:3000/_next/static/chunks/11hm_next_dist_0m6rgog._.js:2441
[     959ms] [LOG] [DEBUG] Renderizando celda: {columnId: estado, isReference: undefined, value: Object} @ http://localhost:3000/_next/static/chunks/11hm_next_dist_0m6rgog._.js:2441
[     959ms] [LOG] [DEBUG] Renderizando celda: {columnId: fechaRegistro, isReference: undefined, value: Object} @ http://localhost:3000/_next/static/chunks/11hm_next_dist_0m6rgog._.js:2441
[     959ms] [LOG] [DEBUG] Renderizando celda: {columnId: fechaRegistro, isReference: undefined, value: Object} @ http://localhost:3000/_next/static/chunks/11hm_next_dist_0m6rgog._.js:2441
[     959ms] [LOG] [DEBUG] Renderizando celda: {columnId: ultimoContacto, isReference: undefined, value: Object} @ http://localhost:3000/_next/static/chunks/11hm_next_dist_0m6rgog._.js:2441
[     959ms] [LOG] [DEBUG] Renderizando celda: {columnId: ultimoContacto, isReference: undefined, value: Object} @ http://localhost:3000/_next/static/chunks/11hm_next_dist_0m6rgog._.js:2441
[     959ms] [LOG] [DEBUG] Renderizando celda: {columnId: valorTotal, isReference: undefined, value: Object} @ http://localhost:3000/_next/static/chunks/11hm_next_dist_0m6rgog._.js:2441
[     959ms] [LOG] [DEBUG] Renderizando celda: {columnId: valorTotal, isReference: undefined, value: Object} @ http://localhost:3000/_next/static/chunks/11hm_next_dist_0m6rgog._.js:2441
[     959ms] [LOG] [DEBUG] Renderizando celda: {columnId: satisfaccion, isReference: undefined, value: Object} @ http://localhost:3000/_next/static/chunks/11hm_next_dist_0m6rgog._.js:2441
[     959ms] [LOG] [DEBUG] Renderizando celda: {columnId: satisfaccion, isReference: undefined, value: Object} @ http://localhost:3000/_next/static/chunks/11hm_next_dist_0m6rgog._.js:2441
[     959ms] [LOG] [DEBUG] Renderizando celda: {columnId: activo, isReference: undefined, value: Object} @ http://localhost:3000/_next/static/chunks/11hm_next_dist_0m6rgog._.js:2441
[     959ms] [LOG] [DEBUG] Renderizando celda: {columnId: activo, isReference: undefined, value: Object} @ http://localhost:3000/_next/static/chunks/11hm_next_dist_0m6rgog._.js:2441
[     960ms] [LOG] [DEBUG] Renderizando celda: {columnId: id, isReference: undefined, value: Object} @ http://localhost:3000/_next/static/chunks/11hm_next_dist_0m6rgog._.js:2441
[     960ms] [LOG] [DEBUG] Renderizando celda: {columnId: id, isReference: undefined, value: Object} @ http://localhost:3000/_next/static/chunks/11hm_next_dist_0m6rgog._.js:2441
[     960ms] [LOG] [DEBUG] Renderizando celda: {columnId: nombre, isReference: undefined, value: Object} @ http://localhost:3000/_next/static/chunks/11hm_next_dist_0m6rgog._.js:2441
[     960ms] [LOG] [DEBUG] Renderizando celda: {columnId: nombre, isReference: undefined, value: Object} @ http://localhost:3000/_next/static/chunks/11hm_next_dist_0m6rgog._.js:2441
[     960ms] [LOG] [DEBUG] Renderizando celda: {columnId: email, isReference: undefined, value: Object} @ http://localhost:3000/_next/static/chunks/11hm_next_dist_0m6rgog._.js:2441
[     960ms] [LOG] [DEBUG] Renderizando celda: {columnId: email, isReference: undefined, value: Object} @ http://localhost:3000/_next/static/chunks/11hm_next_dist_0m6rgog._.js:2441
[     960ms] [LOG] [DEBUG] Renderizando celda: {columnId: telefono, isReference: undefined, value: Object} @ http://localhost:3000/_next/static/chunks/11hm_next_dist_0m6rgog._.js:2441
[     960ms] [LOG] [DEBUG] Renderizando celda: {columnId: telefono, isReference: undefined, value: Object} @ http://localhost:3000/_next/static/chunks/11hm_next_dist_0m6rgog._.js:2441
[     960ms] [LOG] [DEBUG] Renderizando celda: {columnId: ciudad, isReference: undefined, value: Object} @ http://localhost:3000/_next/static/chunks/11hm_next_dist_0m6rgog._.js:2441
[     960ms] [LOG] [DEBUG] Renderizando celda: {columnId: ciudad, isReference: undefined, value: Object} @ http://localhost:3000/_next/static/chunks/11hm_next_dist_0m6rgog._.js:2441
[     961ms] [LOG] [DEBUG] Renderizando celda: {columnId: rol, isReference: undefined, value: Object} @ http://localhost:3000/_next/static/chunks/11hm_next_dist_0m6rgog._.js:2441
[     961ms] [LOG] [DEBUG] Renderizando celda: {columnId: rol, isReference: undefined, value: Object} @ http://localhost:3000/_next/static/chunks/11hm_next_dist_0m6rgog._.js:2441
[     961ms] [LOG] [DEBUG] Renderizando celda: {columnId: estado, isReference: undefined, value: Object} @ http://localhost:3000/_next/static/chunks/11hm_next_dist_0m6rgog._.js:2441
[     961ms] [LOG] [DEBUG] Renderizando celda: {columnId: estado, isReference: undefined, value: Object} @ http://localhost:3000/_next/static/chunks/11hm_next_dist_0m6rgog._.js:2441
[     961ms] [LOG] [DEBUG] Renderizando celda: {columnId: fechaRegistro, isReference: undefined, value: Object} @ http://localhost:3000/_next/static/chunks/11hm_next_dist_0m6rgog._.js:2441
[     961ms] [LOG] [DEBUG] Renderizando celda: {columnId: fechaRegistro, isReference: undefined, value: Object} @ http://localhost:3000/_next/static/chunks/11hm_next_dist_0m6rgog._.js:2441
[     961ms] [LOG] [DEBUG] Renderizando celda: {columnId: ultimoContacto, isReference: undefined, value: Object} @ http://localhost:3000/_next/static/chunks/11hm_next_dist_0m6rgog._.js:2441
[     961ms] [LOG] [DEBUG] Renderizando celda: {columnId: ultimoContacto, isReference: undefined, value: Object} @ http://localhost:3000/_next/static/chunks/11hm_next_dist_0m6rgog._.js:2441
[     961ms] [LOG] [DEBUG] Renderizando celda: {columnId: valorTotal, isReference: undefined, value: Object} @ http://localhost:3000/_next/static/chunks/11hm_next_dist_0m6rgog._.js:2441
[     961ms] [LOG] [DEBUG] Renderizando celda: {columnId: valorTotal, isReference: undefined, value: Object} @ http://localhost:3000/_next/static/chunks/11hm_next_dist_0m6rgog._.js:2441
[     961ms] [LOG] [DEBUG] Renderizando celda: {columnId: satisfaccion, isReference: undefined, value: Object} @ http://localhost:3000/_next/static/chunks/11hm_next_dist_0m6rgog._.js:2441
[     961ms] [LOG] [DEBUG] Renderizando celda: {columnId: satisfaccion, isReference: undefined, value: Object} @ http://localhost:3000/_next/static/chunks/11hm_next_dist_0m6rgog._.js:2441
[     961ms] [LOG] [DEBUG] Renderizando celda: {columnId: activo, isReference: undefined, value: Object} @ http://localhost:3000/_next/static/chunks/11hm_next_dist_0m6rgog._.js:2441
[     961ms] [LOG] [DEBUG] Renderizando celda: {columnId: activo, isReference: undefined, value: Object} @ http://localhost:3000/_next/static/chunks/11hm_next_dist_0m6rgog._.js:2441
[     964ms] [LOG] [DEBUG] Renderizando celda: {columnId: id, isReference: undefined, value: Object} @ http://localhost:3000/_next/static/chunks/11hm_next_dist_0m6rgog._.js:2441
[     964ms] [LOG] [DEBUG] Renderizando celda: {columnId: id, isReference: undefined, value: Object} @ http://localhost:3000/_next/static/chunks/11hm_next_dist_0m6rgog._.js:2441
[     964ms] [LOG] [DEBUG] Renderizando celda: {columnId: nombre, isReference: undefined, value: Object} @ http://localhost:3000/_next/static/chunks/11hm_next_dist_0m6rgog._.js:2441
[     964ms] [LOG] [DEBUG] Renderizando celda: {columnId: nombre, isReference: undefined, value: Object} @ http://localhost:3000/_next/static/chunks/11hm_next_dist_0m6rgog._.js:2441
[     964ms] [LOG] [DEBUG] Renderizando celda: {columnId: email, isReference: undefined, value: Object} @ http://localhost:3000/_next/static/chunks/11hm_next_dist_0m6rgog._.js:2441
[     964ms] [LOG] [DEBUG] Renderizando celda: {columnId: email, isReference: undefined, value: Object} @ http://localhost:3000/_next/static/chunks/11hm_next_dist_0m6rgog._.js:2441
[     964ms] [LOG] [DEBUG] Renderizando celda: {columnId: telefono, isReference: undefined, value: Object} @ http://localhost:3000/_next/static/chunks/11hm_next_dist_0m6rgog._.js:2441
[     964ms] [LOG] [DEBUG] Renderizando celda: {columnId: telefono, isReference: undefined, value: Object} @ http://localhost:3000/_next/static/chunks/11hm_next_dist_0m6rgog._.js:2441
[     964ms] [LOG] [DEBUG] Renderizando celda: {columnId: ciudad, isReference: undefined, value: Object} @ http://localhost:3000/_next/static/chunks/11hm_next_dist_0m6rgog._.js:2441
[     964ms] [LOG] [DEBUG] Renderizando celda: {columnId: ciudad, isReference: undefined, value: Object} @ http://localhost:3000/_next/static/chunks/11hm_next_dist_0m6rgog._.js:2441
[     964ms] [LOG] [DEBUG] Renderizando celda: {columnId: rol, isReference: undefined, value: Object} @ http://localhost:3000/_next/static/chunks/11hm_next_dist_0m6rgog._.js:2441
[     964ms] [LOG] [DEBUG] Renderizando celda: {columnId: rol, isReference: undefined, value: Object} @ http://localhost:3000/_next/static/chunks/11hm_next_dist_0m6rgog._.js:2441
[     964ms] [LOG] [DEBUG] Renderizando celda: {columnId: estado, isReference: undefined, value: Object} @ http://localhost:3000/_next/static/chunks/11hm_next_dist_0m6rgog._.js:2441
[     964ms] [LOG] [DEBUG] Renderizando celda: {columnId: estado, isReference: undefined, value: Object} @ http://localhost:3000/_next/static/chunks/11hm_next_dist_0m6rgog._.js:2441
[     965ms] [LOG] [DEBUG] Renderizando celda: {columnId: fechaRegistro, isReference: undefined, value: Object} @ http://localhost:3000/_next/static/chunks/11hm_next_dist_0m6rgog._.js:2441
[     965ms] [LOG] [DEBUG] Renderizando celda: {columnId: fechaRegistro, isReference: undefined, value: Object} @ http://localhost:3000/_next/static/chunks/11hm_next_dist_0m6rgog._.js:2441
[     965ms] [LOG] [DEBUG] Renderizando celda: {columnId: ultimoContacto, isReference: undefined, value: Object} @ http://localhost:3000/_next/static/chunks/11hm_next_dist_0m6rgog._.js:2441
[     965ms] [LOG] [DEBUG] Renderizando celda: {columnId: ultimoContacto, isReference: undefined, value: Object} @ http://localhost:3000/_next/static/chunks/11hm_next_dist_0m6rgog._.js:2441
[     965ms] [LOG] [DEBUG] Renderizando celda: {columnId: valorTotal, isReference: undefined, value: Object} @ http://localhost:3000/_next/static/chunks/11hm_next_dist_0m6rgog._.js:2441
[     965ms] [LOG] [DEBUG] Renderizando celda: {columnId: valorTotal, isReference: undefined, value: Object} @ http://localhost:3000/_next/static/chunks/11hm_next_dist_0m6rgog._.js:2441
[     965ms] [LOG] [DEBUG] Renderizando celda: {columnId: satisfaccion, isReference: undefined, value: Object} @ http://localhost:3000/_next/static/chunks/11hm_next_dist_0m6rgog._.js:2441
[     965ms] [LOG] [DEBUG] Renderizando celda: {columnId: satisfaccion, isReference: undefined, value: Object} @ http://localhost:3000/_next/static/chunks/11hm_next_dist_0m6rgog._.js:2441
[     965ms] [LOG] [DEBUG] Renderizando celda: {columnId: activo, isReference: undefined, value: Object} @ http://localhost:3000/_next/static/chunks/11hm_next_dist_0m6rgog._.js:2441
[     965ms] [LOG] [DEBUG] Renderizando celda: {columnId: activo, isReference: undefined, value: Object} @ http://localhost:3000/_next/static/chunks/11hm_next_dist_0m6rgog._.js:2441
[     966ms] [LOG] [DEBUG] Renderizando SecondaryTables: {level: 0, parentId: undefined, isLoading: false, arrayColumnsCount: 0, arrayColumns: Array(0)} @ http://localhost:3000/_next/static/chunks/11hm_next_dist_0m6rgog._.js:2441
[     966ms] [LOG] [DEBUG] Renderizando SecondaryTables: {level: 0, parentId: undefined, isLoading: false, arrayColumnsCount: 0, arrayColumns: Array(0)} @ http://localhost:3000/_next/static/chunks/11hm_next_dist_0m6rgog._.js:2441
[    1262ms] [ERROR] Access to fetch at 'http://localhost:3001/trpc/featureFlags.isEnabled,user.me,theme.listAllThemes?batch=1&input=%7B%220%22%3A%7B%22key%22%3A%22support-chat%22%7D%7D' from origin 'http://localhost:3000' has been blocked by CORS policy: No 'Access-Control-Allow-Origin' header is present on the requested resource. @ http://localhost:3000/es/demo/table:0
[    1262ms] [ERROR] Failed to load resource: net::ERR_FAILED @ http://localhost:3001/trpc/featureFlags.isEnabled,user.me,theme.listAllThemes?batch=1&input=%7B%220%22%3A%7B%22key%22%3A%22support-chat%22%7D%7D:0
[    2295ms] [ERROR] Access to fetch at 'http://localhost:3001/trpc/featureFlags.isEnabled,theme.listAllThemes?batch=1&input=%7B%220%22%3A%7B%22key%22%3A%22support-chat%22%7D%7D' from origin 'http://localhost:3000' has been blocked by CORS policy: No 'Access-Control-Allow-Origin' header is present on the requested resource. @ http://localhost:3000/es/demo/table:0
[    2295ms] [ERROR] Failed to load resource: net::ERR_FAILED @ http://localhost:3001/trpc/featureFlags.isEnabled,theme.listAllThemes?batch=1&input=%7B%220%22%3A%7B%22key%22%3A%22support-chat%22%7D%7D:0
[    4341ms] [ERROR] Access to fetch at 'http://localhost:3001/trpc/featureFlags.isEnabled,theme.listAllThemes?batch=1&input=%7B%220%22%3A%7B%22key%22%3A%22support-chat%22%7D%7D' from origin 'http://localhost:3000' has been blocked by CORS policy: No 'Access-Control-Allow-Origin' header is present on the requested resource. @ http://localhost:3000/es/demo/table:0
[    4341ms] [ERROR] Failed to load resource: net::ERR_FAILED @ http://localhost:3001/trpc/featureFlags.isEnabled,theme.listAllThemes?batch=1&input=%7B%220%22%3A%7B%22key%22%3A%22support-chat%22%7D%7D:0
[    7025ms] [LOG] [DEBUG] Valores unicos procesados: {columnId: telefono, columnType: number, uniqueValues: Array(25)} @ http://localhost:3000/_next/static/chunks/11hm_next_dist_0m6rgog._.js:2441
[    7026ms] [LOG] [DEBUG] FilterFactory initialValue debug: {columnId: telefono, columnType: number, propsInitialValue: undefined, currentFilter: undefined} @ http://localhost:3000/_next/static/chunks/11hm_next_dist_0m6rgog._.js:2441
[    7026ms] [LOG] [DEBUG] Filter selection for column: {columnId: telefono, columnType: number, useAdaptiveFiltering: false, sampleData: Array(3)} @ http://localhost:3000/_next/static/chunks/11hm_next_dist_0m6rgog._.js:2441
[    7026ms] [LOG] [DEBUG] FILTER FACTORY - Seleccionando filtro: {columnId: telefono, columnType: number, uniqueValuesCount: 25, sampleValues: Array(3)} @ http://localhost:3000/_next/static/chunks/11hm_next_dist_0m6rgog._.js:2441
[    7026ms] [LOG] [DEBUG] Valores unicos procesados: {columnId: telefono, columnType: number, uniqueValues: Array(25)} @ http://localhost:3000/_next/static/chunks/11hm_next_dist_0m6rgog._.js:2441
[    7026ms] [LOG] [DEBUG] FilterFactory initialValue debug: {columnId: telefono, columnType: number, propsInitialValue: undefined, currentFilter: undefined} @ http://localhost:3000/_next/static/chunks/11hm_next_dist_0m6rgog._.js:2441
[    7026ms] [LOG] [DEBUG] Filter selection for column: {columnId: telefono, columnType: number, useAdaptiveFiltering: false, sampleData: Array(3)} @ http://localhost:3000/_next/static/chunks/11hm_next_dist_0m6rgog._.js:2441
[    7026ms] [LOG] [DEBUG] FILTER FACTORY - Seleccionando filtro: {columnId: telefono, columnType: number, uniqueValuesCount: 25, sampleValues: Array(3)} @ http://localhost:3000/_next/static/chunks/11hm_next_dist_0m6rgog._.js:2441
[    7041ms] [WARNING] Warning: Missing `Description` or `aria-describedby={undefined}` for {DialogContent}. @ http://localhost:3000/_next/static/chunks/11hm_next_dist_0m6rgog._.js:2441
[    7043ms] [WARNING] Warning: Missing `Description` or `aria-describedby={undefined}` for {DialogContent}. @ http://localhost:3000/_next/static/chunks/11hm_next_dist_0m6rgog._.js:2441
[    8381ms] [ERROR] Access to fetch at 'http://localhost:3001/trpc/featureFlags.isEnabled,theme.listAllThemes?batch=1&input=%7B%220%22%3A%7B%22key%22%3A%22support-chat%22%7D%7D' from origin 'http://localhost:3000' has been blocked by CORS policy: No 'Access-Control-Allow-Origin' header is present on the requested resource. @ http://localhost:3000/es/demo/table:0
[    8382ms] [ERROR] Failed to load resource: net::ERR_FAILED @ http://localhost:3001/trpc/featureFlags.isEnabled,theme.listAllThemes?batch=1&input=%7B%220%22%3A%7B%22key%22%3A%22support-chat%22%7D%7D:0
[  164512ms] [LOG] %c Console Ninja extension is connected to Next.js browser, background: rgb(30,30,30); color: rgb(255,213,92) see https://tinyurl.com/2vt8jxzw for more info. @ :0
[  164516ms] [INFO] %cDownload the React DevTools for a better development experience: https://react.dev/link/react-devtools font-weight:bold @ http://localhost:3000/_next/static/chunks/11hm_next_dist_0m6rgog._.js:2441
[  164532ms] [LOG] [HMR] connected @ http://localhost:3000/_next/static/chunks/11hm_next_dist_0m6rgog._.js:2441
[  164607ms] [LOG] [DEBUG] Iniciando procesamiento por lotes: {totalRows: 25, sampleSize: 100} @ http://localhost:3000/_next/static/chunks/11hm_next_dist_0m6rgog._.js:2441
[  164608ms] [LOG] [DEBUG] Iniciando análisis de tipos por columna... @ http://localhost:3000/_next/static/chunks/11hm_next_dist_0m6rgog._.js:2441
[  164608ms] [LOG] [DEBUG] Analizando columna: id {totalValores: 25, sampleSize: 25} @ http://localhost:3000/_next/static/chunks/11hm_next_dist_0m6rgog._.js:2441
[  164608ms] [LOG] [DEBUG] Tipo inferido para id: {type: number, normalizer: } @ http://localhost:3000/_next/static/chunks/11hm_next_dist_0m6rgog._.js:2441
[  164608ms] [LOG] [DEBUG] Analizando columna: nombre {totalValores: 25, sampleSize: 25} @ http://localhost:3000/_next/static/chunks/11hm_next_dist_0m6rgog._.js:2441
[  164609ms] [LOG] [DEBUG] Columna nombre: Tratando como string por defecto @ http://localhost:3000/_next/static/chunks/11hm_next_dist_0m6rgog._.js:2441
[  164609ms] [LOG] [DEBUG] Tipo inferido para nombre: {type: string, normalizer: } @ http://localhost:3000/_next/static/chunks/11hm_next_dist_0m6rgog._.js:2441
[  164609ms] [LOG] [DEBUG] Analizando columna: email {totalValores: 25, sampleSize: 25} @ http://localhost:3000/_next/static/chunks/11hm_next_dist_0m6rgog._.js:2441
[  164609ms] [LOG] [DEBUG] Columna email: Tratando como string por defecto @ http://localhost:3000/_next/static/chunks/11hm_next_dist_0m6rgog._.js:2441
[  164609ms] [LOG] [DEBUG] Tipo inferido para email: {type: string, normalizer: } @ http://localhost:3000/_next/static/chunks/11hm_next_dist_0m6rgog._.js:2441
[  164609ms] [LOG] [DEBUG] Analizando columna: telefono {totalValores: 25, sampleSize: 25} @ http://localhost:3000/_next/static/chunks/11hm_next_dist_0m6rgog._.js:2441
[  164609ms] [LOG] [DEBUG] Tipo inferido para telefono: {type: number, normalizer: } @ http://localhost:3000/_next/static/chunks/11hm_next_dist_0m6rgog._.js:2441
[  164609ms] [LOG] [DEBUG] Analizando columna: ciudad {totalValores: 25, sampleSize: 25} @ http://localhost:3000/_next/static/chunks/11hm_next_dist_0m6rgog._.js:2441
[  164609ms] [LOG] [DEBUG] Columna ciudad: Tratando como string por defecto @ http://localhost:3000/_next/static/chunks/11hm_next_dist_0m6rgog._.js:2441
[  164609ms] [LOG] [DEBUG] Tipo inferido para ciudad: {type: string, normalizer: } @ http://localhost:3000/_next/static/chunks/11hm_next_dist_0m6rgog._.js:2441
[  164609ms] [LOG] [DEBUG] Analizando columna: rol {totalValores: 25, sampleSize: 25} @ http://localhost:3000/_next/static/chunks/11hm_next_dist_0m6rgog._.js:2441
[  164609ms] [LOG] [DEBUG] Columna rol: Tratando como string por defecto @ http://localhost:3000/_next/static/chunks/11hm_next_dist_0m6rgog._.js:2441
[  164610ms] [LOG] [DEBUG] Tipo inferido para rol: {type: string, normalizer: } @ http://localhost:3000/_next/static/chunks/11hm_next_dist_0m6rgog._.js:2441
[  164610ms] [LOG] [DEBUG] Analizando columna: estado {totalValores: 25, sampleSize: 25} @ http://localhost:3000/_next/static/chunks/11hm_next_dist_0m6rgog._.js:2441
[  164610ms] [LOG] [DEBUG] Columna estado: Tratando como string por defecto @ http://localhost:3000/_next/static/chunks/11hm_next_dist_0m6rgog._.js:2441
[  164610ms] [LOG] [DEBUG] Tipo inferido para estado: {type: string, normalizer: } @ http://localhost:3000/_next/static/chunks/11hm_next_dist_0m6rgog._.js:2441
[  164610ms] [LOG] [DEBUG] Analizando columna: fechaRegistro {totalValores: 25, sampleSize: 25} @ http://localhost:3000/_next/static/chunks/11hm_next_dist_0m6rgog._.js:2441
[  164610ms] [LOG] [DEBUG] Análisis de fechas para fechaRegistro: {total: 25, compatibles: 25, porcentaje: 100.00%, umbral: 30.00%} @ http://localhost:3000/_next/static/chunks/11hm_next_dist_0m6rgog._.js:2441
[  164610ms] [LOG] [DEBUG] Columna fechaRegistro: Detectado tipo fecha (confidence: 1.00) @ http://localhost:3000/_next/static/chunks/11hm_next_dist_0m6rgog._.js:2441
[  164610ms] [LOG] [DEBUG] Tipo inferido para fechaRegistro: {type: date, normalizer: } @ http://localhost:3000/_next/static/chunks/11hm_next_dist_0m6rgog._.js:2441
[  164610ms] [LOG] [DEBUG] Analizando columna: ultimoContacto {totalValores: 25, sampleSize: 25} @ http://localhost:3000/_next/static/chunks/11hm_next_dist_0m6rgog._.js:2441
[  164610ms] [LOG] [DEBUG] Análisis de fechas para ultimoContacto: {total: 25, compatibles: 25, porcentaje: 100.00%, umbral: 70.00%} @ http://localhost:3000/_next/static/chunks/11hm_next_dist_0m6rgog._.js:2441
[  164610ms] [LOG] [DEBUG] Columna ultimoContacto: Detectado tipo fecha (confidence: 1.00) @ http://localhost:3000/_next/static/chunks/11hm_next_dist_0m6rgog._.js:2441
[  164610ms] [LOG] [DEBUG] Tipo inferido para ultimoContacto: {type: date, normalizer: } @ http://localhost:3000/_next/static/chunks/11hm_next_dist_0m6rgog._.js:2441
[  164610ms] [LOG] [DEBUG] Analizando columna: valorTotal {totalValores: 25, sampleSize: 25} @ http://localhost:3000/_next/static/chunks/11hm_next_dist_0m6rgog._.js:2441
[  164611ms] [LOG] [DEBUG] Columna valorTotal: Tratando como string para valores numéricos específicos @ http://localhost:3000/_next/static/chunks/11hm_next_dist_0m6rgog._.js:2441
[  164611ms] [LOG] [DEBUG] Tipo inferido para valorTotal: {type: string, normalizer: } @ http://localhost:3000/_next/static/chunks/11hm_next_dist_0m6rgog._.js:2441
[  164611ms] [LOG] [DEBUG] Analizando columna: satisfaccion {totalValores: 25, sampleSize: 25} @ http://localhost:3000/_next/static/chunks/11hm_next_dist_0m6rgog._.js:2441
[  164611ms] [LOG] [DEBUG] Tipo inferido para satisfaccion: {type: number, normalizer: } @ http://localhost:3000/_next/static/chunks/11hm_next_dist_0m6rgog._.js:2441
[  164611ms] [LOG] [DEBUG] Analizando columna: activo {totalValores: 25, sampleSize: 25} @ http://localhost:3000/_next/static/chunks/11hm_next_dist_0m6rgog._.js:2441
[  164611ms] [LOG] [DEBUG] Tipo inferido para activo: {type: boolean, normalizer: } @ http://localhost:3000/_next/static/chunks/11hm_next_dist_0m6rgog._.js:2441
[  164611ms] [LOG] [DEBUG] Procesando fila 0/25 @ http://localhost:3000/_next/static/chunks/11hm_next_dist_0m6rgog._.js:2441
[  164615ms] [LOG] [DEBUG] Iniciando procesamiento por lotes: {totalRows: 25, sampleSize: 100} @ http://localhost:3000/_next/static/chunks/11hm_next_dist_0m6rgog._.js:2441
[  164615ms] [LOG] [DEBUG] Iniciando análisis de tipos por columna... @ http://localhost:3000/_next/static/chunks/11hm_next_dist_0m6rgog._.js:2441
[  164615ms] [LOG] [DEBUG] Analizando columna: id {totalValores: 25, sampleSize: 25} @ http://localhost:3000/_next/static/chunks/11hm_next_dist_0m6rgog._.js:2441
[  164615ms] [LOG] [DEBUG] Tipo inferido para id: {type: number, normalizer: } @ http://localhost:3000/_next/static/chunks/11hm_next_dist_0m6rgog._.js:2441
[  164615ms] [LOG] [DEBUG] Analizando columna: nombre {totalValores: 25, sampleSize: 25} @ http://localhost:3000/_next/static/chunks/11hm_next_dist_0m6rgog._.js:2441
[  164615ms] [LOG] [DEBUG] Tipo inferido para nombre: {type: string, normalizer: } @ http://localhost:3000/_next/static/chunks/11hm_next_dist_0m6rgog._.js:2441
[  164615ms] [LOG] [DEBUG] Analizando columna: email {totalValores: 25, sampleSize: 25} @ http://localhost:3000/_next/static/chunks/11hm_next_dist_0m6rgog._.js:2441
[  164615ms] [LOG] [DEBUG] Tipo inferido para email: {type: string, normalizer: } @ http://localhost:3000/_next/static/chunks/11hm_next_dist_0m6rgog._.js:2441
[  164615ms] [LOG] [DEBUG] Analizando columna: telefono {totalValores: 25, sampleSize: 25} @ http://localhost:3000/_next/static/chunks/11hm_next_dist_0m6rgog._.js:2441
[  164615ms] [LOG] [DEBUG] Tipo inferido para telefono: {type: number, normalizer: } @ http://localhost:3000/_next/static/chunks/11hm_next_dist_0m6rgog._.js:2441
[  164615ms] [LOG] [DEBUG] Analizando columna: ciudad {totalValores: 25, sampleSize: 25} @ http://localhost:3000/_next/static/chunks/11hm_next_dist_0m6rgog._.js:2441
[  164615ms] [LOG] [DEBUG] Tipo inferido para ciudad: {type: string, normalizer: } @ http://localhost:3000/_next/static/chunks/11hm_next_dist_0m6rgog._.js:2441
[  164616ms] [LOG] [DEBUG] Analizando columna: rol {totalValores: 25, sampleSize: 25} @ http://localhost:3000/_next/static/chunks/11hm_next_dist_0m6rgog._.js:2441
[  164616ms] [LOG] [DEBUG] Tipo inferido para rol: {type: string, normalizer: } @ http://localhost:3000/_next/static/chunks/11hm_next_dist_0m6rgog._.js:2441
[  164616ms] [LOG] [DEBUG] Analizando columna: estado {totalValores: 25, sampleSize: 25} @ http://localhost:3000/_next/static/chunks/11hm_next_dist_0m6rgog._.js:2441
[  164616ms] [LOG] [DEBUG] Tipo inferido para estado: {type: string, normalizer: } @ http://localhost:3000/_next/static/chunks/11hm_next_dist_0m6rgog._.js:2441
[  164616ms] [LOG] [DEBUG] Analizando columna: fechaRegistro {totalValores: 25, sampleSize: 25} @ http://localhost:3000/_next/static/chunks/11hm_next_dist_0m6rgog._.js:2441
[  164616ms] [LOG] [DEBUG] Tipo inferido para fechaRegistro: {type: date, normalizer: } @ http://localhost:3000/_next/static/chunks/11hm_next_dist_0m6rgog._.js:2441
[  164616ms] [LOG] [DEBUG] Analizando columna: ultimoContacto {totalValores: 25, sampleSize: 25} @ http://localhost:3000/_next/static/chunks/11hm_next_dist_0m6rgog._.js:2441
[  164616ms] [LOG] [DEBUG] Tipo inferido para ultimoContacto: {type: date, normalizer: } @ http://localhost:3000/_next/static/chunks/11hm_next_dist_0m6rgog._.js:2441
[  164616ms] [LOG] [DEBUG] Analizando columna: valorTotal {totalValores: 25, sampleSize: 25} @ http://localhost:3000/_next/static/chunks/11hm_next_dist_0m6rgog._.js:2441
[  164616ms] [LOG] [DEBUG] Tipo inferido para valorTotal: {type: string, normalizer: } @ http://localhost:3000/_next/static/chunks/11hm_next_dist_0m6rgog._.js:2441
[  164616ms] [LOG] [DEBUG] Analizando columna: satisfaccion {totalValores: 25, sampleSize: 25} @ http://localhost:3000/_next/static/chunks/11hm_next_dist_0m6rgog._.js:2441
[  164616ms] [LOG] [DEBUG] Tipo inferido para satisfaccion: {type: number, normalizer: } @ http://localhost:3000/_next/static/chunks/11hm_next_dist_0m6rgog._.js:2441
[  164616ms] [LOG] [DEBUG] Analizando columna: activo {totalValores: 25, sampleSize: 25} @ http://localhost:3000/_next/static/chunks/11hm_next_dist_0m6rgog._.js:2441
[  164616ms] [LOG] [DEBUG] Tipo inferido para activo: {type: boolean, normalizer: } @ http://localhost:3000/_next/static/chunks/11hm_next_dist_0m6rgog._.js:2441
[  164617ms] [LOG] [DEBUG] Procesando fila 0/25 @ http://localhost:3000/_next/static/chunks/11hm_next_dist_0m6rgog._.js:2441
[  164620ms] [LOG] [DEBUG] Creando definicion de columna: {columnId: id, isReference: false, type: number, path: Array(1)} @ http://localhost:3000/_next/static/chunks/11hm_next_dist_0m6rgog._.js:2441
[  164620ms] [LOG] [DEBUG] Creando definicion de columna: {columnId: nombre, isReference: false, type: string, path: Array(1)} @ http://localhost:3000/_next/static/chunks/11hm_next_dist_0m6rgog._.js:2441
[  164620ms] [LOG] [DEBUG] Creando definicion de columna: {columnId: email, isReference: false, type: string, path: Array(1)} @ http://localhost:3000/_next/static/chunks/11hm_next_dist_0m6rgog._.js:2441
[  164620ms] [LOG] [DEBUG] Creando definicion de columna: {columnId: telefono, isReference: false, type: number, path: Array(1)} @ http://localhost:3000/_next/static/chunks/11hm_next_dist_0m6rgog._.js:2441
[  164620ms] [LOG] [DEBUG] Creando definicion de columna: {columnId: ciudad, isReference: false, type: string, path: Array(1)} @ http://localhost:3000/_next/static/chunks/11hm_next_dist_0m6rgog._.js:2441
[  164620ms] [LOG] [DEBUG] Creando definicion de columna: {columnId: rol, isReference: false, type: string, path: Array(1)} @ http://localhost:3000/_next/static/chunks/11hm_next_dist_0m6rgog._.js:2441
[  164620ms] [LOG] [DEBUG] Creando definicion de columna: {columnId: estado, isReference: false, type: string, path: Array(1)} @ http://localhost:3000/_next/static/chunks/11hm_next_dist_0m6rgog._.js:2441
[  164620ms] [LOG] [DEBUG] Creando definicion de columna: {columnId: fechaRegistro, isReference: false, type: date, path: Array(1)} @ http://localhost:3000/_next/static/chunks/11hm_next_dist_0m6rgog._.js:2441
[  164620ms] [LOG] [DEBUG] Creando definicion de columna: {columnId: ultimoContacto, isReference: false, type: date, path: Array(1)} @ http://localhost:3000/_next/static/chunks/11hm_next_dist_0m6rgog._.js:2441
[  164620ms] [LOG] [DEBUG] Creando definicion de columna: {columnId: valorTotal, isReference: false, type: string, path: Array(1)} @ http://localhost:3000/_next/static/chunks/11hm_next_dist_0m6rgog._.js:2441
[  164620ms] [LOG] [DEBUG] Creando definicion de columna: {columnId: satisfaccion, isReference: false, type: number, path: Array(1)} @ http://localhost:3000/_next/static/chunks/11hm_next_dist_0m6rgog._.js:2441
[  164621ms] [LOG] [DEBUG] Creando definicion de columna: {columnId: activo, isReference: false, type: boolean, path: Array(1)} @ http://localhost:3000/_next/static/chunks/11hm_next_dist_0m6rgog._.js:2441
[  164621ms] [LOG] [DEBUG] Creando definicion de columna: {columnId: id, isReference: false, type: number, path: Array(1)} @ http://localhost:3000/_next/static/chunks/11hm_next_dist_0m6rgog._.js:2441
[  164621ms] [LOG] [DEBUG] Creando definicion de columna: {columnId: nombre, isReference: false, type: string, path: Array(1)} @ http://localhost:3000/_next/static/chunks/11hm_next_dist_0m6rgog._.js:2441
[  164621ms] [LOG] [DEBUG] Creando definicion de columna: {columnId: email, isReference: false, type: string, path: Array(1)} @ http://localhost:3000/_next/static/chunks/11hm_next_dist_0m6rgog._.js:2441
[  164621ms] [LOG] [DEBUG] Creando definicion de columna: {columnId: telefono, isReference: false, type: number, path: Array(1)} @ http://localhost:3000/_next/static/chunks/11hm_next_dist_0m6rgog._.js:2441
[  164621ms] [LOG] [DEBUG] Creando definicion de columna: {columnId: ciudad, isReference: false, type: string, path: Array(1)} @ http://localhost:3000/_next/static/chunks/11hm_next_dist_0m6rgog._.js:2441
[  164621ms] [LOG] [DEBUG] Creando definicion de columna: {columnId: rol, isReference: false, type: string, path: Array(1)} @ http://localhost:3000/_next/static/chunks/11hm_next_dist_0m6rgog._.js:2441
[  164621ms] [LOG] [DEBUG] Creando definicion de columna: {columnId: estado, isReference: false, type: string, path: Array(1)} @ http://localhost:3000/_next/static/chunks/11hm_next_dist_0m6rgog._.js:2441
[  164621ms] [LOG] [DEBUG] Creando definicion de columna: {columnId: fechaRegistro, isReference: false, type: date, path: Array(1)} @ http://localhost:3000/_next/static/chunks/11hm_next_dist_0m6rgog._.js:2441
[  164621ms] [LOG] [DEBUG] Creando definicion de columna: {columnId: ultimoContacto, isReference: false, type: date, path: Array(1)} @ http://localhost:3000/_next/static/chunks/11hm_next_dist_0m6rgog._.js:2441
[  164621ms] [LOG] [DEBUG] Creando definicion de columna: {columnId: valorTotal, isReference: false, type: string, path: Array(1)} @ http://localhost:3000/_next/static/chunks/11hm_next_dist_0m6rgog._.js:2441
[  164621ms] [LOG] [DEBUG] Creando definicion de columna: {columnId: satisfaccion, isReference: false, type: number, path: Array(1)} @ http://localhost:3000/_next/static/chunks/11hm_next_dist_0m6rgog._.js:2441
[  164621ms] [LOG] [DEBUG] Creando definicion de columna: {columnId: activo, isReference: false, type: boolean, path: Array(1)} @ http://localhost:3000/_next/static/chunks/11hm_next_dist_0m6rgog._.js:2441
[  164621ms] [LOG] [DEBUG] Pinned column not in base order, adding: {pinnedColumnId: index, baseOrder: Array(0), result: Array(1)} @ http://localhost:3000/_next/static/chunks/11hm_next_dist_0m6rgog._.js:2441
[  164622ms] [LOG] [DEBUG] Pinned column not in base order, adding: {pinnedColumnId: index, baseOrder: Array(0), result: Array(1)} @ http://localhost:3000/_next/static/chunks/11hm_next_dist_0m6rgog._.js:2441
[  164629ms] [LOG] [DEBUG] Pinned column not in base order, adding: {pinnedColumnId: index, baseOrder: Array(0), result: Array(1)} @ http://localhost:3000/_next/static/chunks/11hm_next_dist_0m6rgog._.js:2441
[  164629ms] [LOG] [DEBUG] Pinned column not in base order, adding: {pinnedColumnId: index, baseOrder: Array(0), result: Array(1)} @ http://localhost:3000/_next/static/chunks/11hm_next_dist_0m6rgog._.js:2441
[  164667ms] [ERROR] Encountered a script tag while rendering React component. Scripts inside React components are never executed when rendering on the client. Consider using template tag instead (https://developer.mozilla.org/en-US/docs/Web/HTML/Element/template). @ :0
[  164670ms] [LOG] [DEBUG] Iniciando procesamiento por lotes: {totalRows: 25, sampleSize: 100} @ http://localhost:3000/_next/static/chunks/11hm_next_dist_0m6rgog._.js:2441
[  164670ms] [LOG] [DEBUG] Iniciando análisis de tipos por columna... @ http://localhost:3000/_next/static/chunks/11hm_next_dist_0m6rgog._.js:2441
[  164670ms] [LOG] [DEBUG] Analizando columna: id {totalValores: 25, sampleSize: 25} @ http://localhost:3000/_next/static/chunks/11hm_next_dist_0m6rgog._.js:2441
[  164670ms] [LOG] [DEBUG] Tipo inferido para id: {type: number, normalizer: } @ http://localhost:3000/_next/static/chunks/11hm_next_dist_0m6rgog._.js:2441
[  164670ms] [LOG] [DEBUG] Analizando columna: nombre {totalValores: 25, sampleSize: 25} @ http://localhost:3000/_next/static/chunks/11hm_next_dist_0m6rgog._.js:2441
[  164670ms] [LOG] [DEBUG] Tipo inferido para nombre: {type: string, normalizer: } @ http://localhost:3000/_next/static/chunks/11hm_next_dist_0m6rgog._.js:2441
[  164670ms] [LOG] [DEBUG] Analizando columna: email {totalValores: 25, sampleSize: 25} @ http://localhost:3000/_next/static/chunks/11hm_next_dist_0m6rgog._.js:2441
[  164670ms] [LOG] [DEBUG] Tipo inferido para email: {type: string, normalizer: } @ http://localhost:3000/_next/static/chunks/11hm_next_dist_0m6rgog._.js:2441
[  164670ms] [LOG] [DEBUG] Analizando columna: telefono {totalValores: 25, sampleSize: 25} @ http://localhost:3000/_next/static/chunks/11hm_next_dist_0m6rgog._.js:2441
[  164670ms] [LOG] [DEBUG] Tipo inferido para telefono: {type: number, normalizer: } @ http://localhost:3000/_next/static/chunks/11hm_next_dist_0m6rgog._.js:2441
[  164671ms] [LOG] [DEBUG] Analizando columna: ciudad {totalValores: 25, sampleSize: 25} @ http://localhost:3000/_next/static/chunks/11hm_next_dist_0m6rgog._.js:2441
[  164671ms] [LOG] [DEBUG] Tipo inferido para ciudad: {type: string, normalizer: } @ http://localhost:3000/_next/static/chunks/11hm_next_dist_0m6rgog._.js:2441
[  164671ms] [LOG] [DEBUG] Analizando columna: rol {totalValores: 25, sampleSize: 25} @ http://localhost:3000/_next/static/chunks/11hm_next_dist_0m6rgog._.js:2441
[  164671ms] [LOG] [DEBUG] Tipo inferido para rol: {type: string, normalizer: } @ http://localhost:3000/_next/static/chunks/11hm_next_dist_0m6rgog._.js:2441
[  164671ms] [LOG] [DEBUG] Analizando columna: estado {totalValores: 25, sampleSize: 25} @ http://localhost:3000/_next/static/chunks/11hm_next_dist_0m6rgog._.js:2441
[  164671ms] [LOG] [DEBUG] Tipo inferido para estado: {type: string, normalizer: } @ http://localhost:3000/_next/static/chunks/11hm_next_dist_0m6rgog._.js:2441
[  164671ms] [LOG] [DEBUG] Analizando columna: fechaRegistro {totalValores: 25, sampleSize: 25} @ http://localhost:3000/_next/static/chunks/11hm_next_dist_0m6rgog._.js:2441
[  164671ms] [LOG] [DEBUG] Tipo inferido para fechaRegistro: {type: date, normalizer: } @ http://localhost:3000/_next/static/chunks/11hm_next_dist_0m6rgog._.js:2441
[  164671ms] [LOG] [DEBUG] Analizando columna: ultimoContacto {totalValores: 25, sampleSize: 25} @ http://localhost:3000/_next/static/chunks/11hm_next_dist_0m6rgog._.js:2441
[  164671ms] [LOG] [DEBUG] Tipo inferido para ultimoContacto: {type: date, normalizer: } @ http://localhost:3000/_next/static/chunks/11hm_next_dist_0m6rgog._.js:2441
[  164671ms] [LOG] [DEBUG] Analizando columna: valorTotal {totalValores: 25, sampleSize: 25} @ http://localhost:3000/_next/static/chunks/11hm_next_dist_0m6rgog._.js:2441
[  164671ms] [LOG] [DEBUG] Tipo inferido para valorTotal: {type: string, normalizer: } @ http://localhost:3000/_next/static/chunks/11hm_next_dist_0m6rgog._.js:2441
[  164671ms] [LOG] [DEBUG] Analizando columna: satisfaccion {totalValores: 25, sampleSize: 25} @ http://localhost:3000/_next/static/chunks/11hm_next_dist_0m6rgog._.js:2441
[  164671ms] [LOG] [DEBUG] Tipo inferido para satisfaccion: {type: number, normalizer: } @ http://localhost:3000/_next/static/chunks/11hm_next_dist_0m6rgog._.js:2441
[  164671ms] [LOG] [DEBUG] Analizando columna: activo {totalValores: 25, sampleSize: 25} @ http://localhost:3000/_next/static/chunks/11hm_next_dist_0m6rgog._.js:2441
[  164672ms] [LOG] [DEBUG] Tipo inferido para activo: {type: boolean, normalizer: } @ http://localhost:3000/_next/static/chunks/11hm_next_dist_0m6rgog._.js:2441
[  164672ms] [LOG] [DEBUG] Procesando fila 0/25 @ http://localhost:3000/_next/static/chunks/11hm_next_dist_0m6rgog._.js:2441
[  164673ms] [LOG] [DEBUG] Iniciando procesamiento por lotes: {totalRows: 25, sampleSize: 100} @ http://localhost:3000/_next/static/chunks/11hm_next_dist_0m6rgog._.js:2441
[  164674ms] [LOG] [DEBUG] Iniciando análisis de tipos por columna... @ http://localhost:3000/_next/static/chunks/11hm_next_dist_0m6rgog._.js:2441
[  164674ms] [LOG] [DEBUG] Analizando columna: id {totalValores: 25, sampleSize: 25} @ http://localhost:3000/_next/static/chunks/11hm_next_dist_0m6rgog._.js:2441
[  164674ms] [LOG] [DEBUG] Tipo inferido para id: {type: number, normalizer: } @ http://localhost:3000/_next/static/chunks/11hm_next_dist_0m6rgog._.js:2441
[  164674ms] [LOG] [DEBUG] Analizando columna: nombre {totalValores: 25, sampleSize: 25} @ http://localhost:3000/_next/static/chunks/11hm_next_dist_0m6rgog._.js:2441
[  164675ms] [LOG] [DEBUG] Tipo inferido para nombre: {type: string, normalizer: } @ http://localhost:3000/_next/static/chunks/11hm_next_dist_0m6rgog._.js:2441
[  164675ms] [LOG] [DEBUG] Analizando columna: email {totalValores: 25, sampleSize: 25} @ http://localhost:3000/_next/static/chunks/11hm_next_dist_0m6rgog._.js:2441
[  164675ms] [LOG] [DEBUG] Tipo inferido para email: {type: string, normalizer: } @ http://localhost:3000/_next/static/chunks/11hm_next_dist_0m6rgog._.js:2441
[  164675ms] [LOG] [DEBUG] Analizando columna: telefono {totalValores: 25, sampleSize: 25} @ http://localhost:3000/_next/static/chunks/11hm_next_dist_0m6rgog._.js:2441
[  164675ms] [LOG] [DEBUG] Tipo inferido para telefono: {type: number, normalizer: } @ http://localhost:3000/_next/static/chunks/11hm_next_dist_0m6rgog._.js:2441
[  164676ms] [LOG] [DEBUG] Analizando columna: ciudad {totalValores: 25, sampleSize: 25} @ http://localhost:3000/_next/static/chunks/11hm_next_dist_0m6rgog._.js:2441
[  164676ms] [LOG] [DEBUG] Tipo inferido para ciudad: {type: string, normalizer: } @ http://localhost:3000/_next/static/chunks/11hm_next_dist_0m6rgog._.js:2441
[  164676ms] [LOG] [DEBUG] Analizando columna: rol {totalValores: 25, sampleSize: 25} @ http://localhost:3000/_next/static/chunks/11hm_next_dist_0m6rgog._.js:2441
[  164676ms] [LOG] [DEBUG] Tipo inferido para rol: {type: string, normalizer: } @ http://localhost:3000/_next/static/chunks/11hm_next_dist_0m6rgog._.js:2441
[  164676ms] [LOG] [DEBUG] Analizando columna: estado {totalValores: 25, sampleSize: 25} @ http://localhost:3000/_next/static/chunks/11hm_next_dist_0m6rgog._.js:2441
[  164676ms] [LOG] [DEBUG] Tipo inferido para estado: {type: string, normalizer: } @ http://localhost:3000/_next/static/chunks/11hm_next_dist_0m6rgog._.js:2441
[  164676ms] [LOG] [DEBUG] Analizando columna: fechaRegistro {totalValores: 25, sampleSize: 25} @ http://localhost:3000/_next/static/chunks/11hm_next_dist_0m6rgog._.js:2441
[  164676ms] [LOG] [DEBUG] Tipo inferido para fechaRegistro: {type: date, normalizer: } @ http://localhost:3000/_next/static/chunks/11hm_next_dist_0m6rgog._.js:2441
[  164676ms] [LOG] [DEBUG] Analizando columna: ultimoContacto {totalValores: 25, sampleSize: 25} @ http://localhost:3000/_next/static/chunks/11hm_next_dist_0m6rgog._.js:2441
[  164676ms] [LOG] [DEBUG] Tipo inferido para ultimoContacto: {type: date, normalizer: } @ http://localhost:3000/_next/static/chunks/11hm_next_dist_0m6rgog._.js:2441
[  164676ms] [LOG] [DEBUG] Analizando columna: valorTotal {totalValores: 25, sampleSize: 25} @ http://localhost:3000/_next/static/chunks/11hm_next_dist_0m6rgog._.js:2441
[  164676ms] [LOG] [DEBUG] Tipo inferido para valorTotal: {type: string, normalizer: } @ http://localhost:3000/_next/static/chunks/11hm_next_dist_0m6rgog._.js:2441
[  164676ms] [LOG] [DEBUG] Analizando columna: satisfaccion {totalValores: 25, sampleSize: 25} @ http://localhost:3000/_next/static/chunks/11hm_next_dist_0m6rgog._.js:2441
[  164676ms] [LOG] [DEBUG] Tipo inferido para satisfaccion: {type: number, normalizer: } @ http://localhost:3000/_next/static/chunks/11hm_next_dist_0m6rgog._.js:2441
[  164676ms] [LOG] [DEBUG] Analizando columna: activo {totalValores: 25, sampleSize: 25} @ http://localhost:3000/_next/static/chunks/11hm_next_dist_0m6rgog._.js:2441
[  164677ms] [LOG] [DEBUG] Tipo inferido para activo: {type: boolean, normalizer: } @ http://localhost:3000/_next/static/chunks/11hm_next_dist_0m6rgog._.js:2441
[  164677ms] [LOG] [DEBUG] Procesando fila 0/25 @ http://localhost:3000/_next/static/chunks/11hm_next_dist_0m6rgog._.js:2441
[  164678ms] [LOG] [DEBUG] Creando definicion de columna: {columnId: id, isReference: false, type: number, path: Array(1)} @ http://localhost:3000/_next/static/chunks/11hm_next_dist_0m6rgog._.js:2441
[  164679ms] [LOG] [DEBUG] Creando definicion de columna: {columnId: nombre, isReference: false, type: string, path: Array(1)} @ http://localhost:3000/_next/static/chunks/11hm_next_dist_0m6rgog._.js:2441
[  164679ms] [LOG] [DEBUG] Creando definicion de columna: {columnId: email, isReference: false, type: string, path: Array(1)} @ http://localhost:3000/_next/static/chunks/11hm_next_dist_0m6rgog._.js:2441
[  164679ms] [LOG] [DEBUG] Creando definicion de columna: {columnId: telefono, isReference: false, type: number, path: Array(1)} @ http://localhost:3000/_next/static/chunks/11hm_next_dist_0m6rgog._.js:2441
[  164679ms] [LOG] [DEBUG] Creando definicion de columna: {columnId: ciudad, isReference: false, type: string, path: Array(1)} @ http://localhost:3000/_next/static/chunks/11hm_next_dist_0m6rgog._.js:2441
[  164679ms] [LOG] [DEBUG] Creando definicion de columna: {columnId: rol, isReference: false, type: string, path: Array(1)} @ http://localhost:3000/_next/static/chunks/11hm_next_dist_0m6rgog._.js:2441
[  164679ms] [LOG] [DEBUG] Creando definicion de columna: {columnId: estado, isReference: false, type: string, path: Array(1)} @ http://localhost:3000/_next/static/chunks/11hm_next_dist_0m6rgog._.js:2441
[  164679ms] [LOG] [DEBUG] Creando definicion de columna: {columnId: fechaRegistro, isReference: false, type: date, path: Array(1)} @ http://localhost:3000/_next/static/chunks/11hm_next_dist_0m6rgog._.js:2441
[  164679ms] [LOG] [DEBUG] Creando definicion de columna: {columnId: ultimoContacto, isReference: false, type: date, path: Array(1)} @ http://localhost:3000/_next/static/chunks/11hm_next_dist_0m6rgog._.js:2441
[  164679ms] [LOG] [DEBUG] Creando definicion de columna: {columnId: valorTotal, isReference: false, type: string, path: Array(1)} @ http://localhost:3000/_next/static/chunks/11hm_next_dist_0m6rgog._.js:2441
[  164679ms] [LOG] [DEBUG] Creando definicion de columna: {columnId: satisfaccion, isReference: false, type: number, path: Array(1)} @ http://localhost:3000/_next/static/chunks/11hm_next_dist_0m6rgog._.js:2441
[  164679ms] [LOG] [DEBUG] Creando definicion de columna: {columnId: activo, isReference: false, type: boolean, path: Array(1)} @ http://localhost:3000/_next/static/chunks/11hm_next_dist_0m6rgog._.js:2441
[  164679ms] [LOG] [DEBUG] Creando definicion de columna: {columnId: id, isReference: false, type: number, path: Array(1)} @ http://localhost:3000/_next/static/chunks/11hm_next_dist_0m6rgog._.js:2441
[  164679ms] [LOG] [DEBUG] Creando definicion de columna: {columnId: nombre, isReference: false, type: string, path: Array(1)} @ http://localhost:3000/_next/static/chunks/11hm_next_dist_0m6rgog._.js:2441
[  164679ms] [LOG] [DEBUG] Creando definicion de columna: {columnId: email, isReference: false, type: string, path: Array(1)} @ http://localhost:3000/_next/static/chunks/11hm_next_dist_0m6rgog._.js:2441
[  164679ms] [LOG] [DEBUG] Creando definicion de columna: {columnId: telefono, isReference: false, type: number, path: Array(1)} @ http://localhost:3000/_next/static/chunks/11hm_next_dist_0m6rgog._.js:2441
[  164679ms] [LOG] [DEBUG] Creando definicion de columna: {columnId: ciudad, isReference: false, type: string, path: Array(1)} @ http://localhost:3000/_next/static/chunks/11hm_next_dist_0m6rgog._.js:2441
[  164680ms] [LOG] [DEBUG] Creando definicion de columna: {columnId: rol, isReference: false, type: string, path: Array(1)} @ http://localhost:3000/_next/static/chunks/11hm_next_dist_0m6rgog._.js:2441
[  164680ms] [LOG] [DEBUG] Creando definicion de columna: {columnId: estado, isReference: false, type: string, path: Array(1)} @ http://localhost:3000/_next/static/chunks/11hm_next_dist_0m6rgog._.js:2441
[  164680ms] [LOG] [DEBUG] Creando definicion de columna: {columnId: fechaRegistro, isReference: false, type: date, path: Array(1)} @ http://localhost:3000/_next/static/chunks/11hm_next_dist_0m6rgog._.js:2441
[  164680ms] [LOG] [DEBUG] Creando definicion de columna: {columnId: ultimoContacto, isReference: false, type: date, path: Array(1)} @ http://localhost:3000/_next/static/chunks/11hm_next_dist_0m6rgog._.js:2441
[  164680ms] [LOG] [DEBUG] Creando definicion de columna: {columnId: valorTotal, isReference: false, type: string, path: Array(1)} @ http://localhost:3000/_next/static/chunks/11hm_next_dist_0m6rgog._.js:2441
[  164680ms] [LOG] [DEBUG] Creando definicion de columna: {columnId: satisfaccion, isReference: false, type: number, path: Array(1)} @ http://localhost:3000/_next/static/chunks/11hm_next_dist_0m6rgog._.js:2441
[  164680ms] [LOG] [DEBUG] Creando definicion de columna: {columnId: activo, isReference: false, type: boolean, path: Array(1)} @ http://localhost:3000/_next/static/chunks/11hm_next_dist_0m6rgog._.js:2441
[  164680ms] [LOG] [DEBUG] Pinned column not in base order, adding: {pinnedColumnId: index, baseOrder: Array(0), result: Array(1)} @ http://localhost:3000/_next/static/chunks/11hm_next_dist_0m6rgog._.js:2441
[  164680ms] [LOG] [DEBUG] Pinned column not in base order, adding: {pinnedColumnId: index, baseOrder: Array(0), result: Array(1)} @ http://localhost:3000/_next/static/chunks/11hm_next_dist_0m6rgog._.js:2441
[  164687ms] [LOG] [DEBUG] Pinned column not in base order, adding: {pinnedColumnId: index, baseOrder: Array(0), result: Array(1)} @ http://localhost:3000/_next/static/chunks/11hm_next_dist_0m6rgog._.js:2441
[  164687ms] [LOG] [DEBUG] Pinned column not in base order, adding: {pinnedColumnId: index, baseOrder: Array(0), result: Array(1)} @ http://localhost:3000/_next/static/chunks/11hm_next_dist_0m6rgog._.js:2441
[  164763ms] [LOG] [DEBUG] Renderizando celda: {columnId: id, isReference: undefined, value: Object} @ http://localhost:3000/_next/static/chunks/11hm_next_dist_0m6rgog._.js:2441
[  164763ms] [LOG] [DEBUG] Renderizando celda: {columnId: id, isReference: undefined, value: Object} @ http://localhost:3000/_next/static/chunks/11hm_next_dist_0m6rgog._.js:2441
[  164764ms] [LOG] [DEBUG] Renderizando celda: {columnId: nombre, isReference: undefined, value: Object} @ http://localhost:3000/_next/static/chunks/11hm_next_dist_0m6rgog._.js:2441
[  164764ms] [LOG] [DEBUG] Renderizando celda: {columnId: nombre, isReference: undefined, value: Object} @ http://localhost:3000/_next/static/chunks/11hm_next_dist_0m6rgog._.js:2441
[  164764ms] [LOG] [DEBUG] Renderizando celda: {columnId: email, isReference: undefined, value: Object} @ http://localhost:3000/_next/static/chunks/11hm_next_dist_0m6rgog._.js:2441
[  164764ms] [LOG] [DEBUG] Renderizando celda: {columnId: email, isReference: undefined, value: Object} @ http://localhost:3000/_next/static/chunks/11hm_next_dist_0m6rgog._.js:2441
[  164764ms] [LOG] [DEBUG] Renderizando celda: {columnId: telefono, isReference: undefined, value: Object} @ http://localhost:3000/_next/static/chunks/11hm_next_dist_0m6rgog._.js:2441
[  164764ms] [LOG] [DEBUG] Renderizando celda: {columnId: telefono, isReference: undefined, value: Object} @ http://localhost:3000/_next/static/chunks/11hm_next_dist_0m6rgog._.js:2441
[  164764ms] [LOG] [DEBUG] Tipo corregido: number -> date {originalValue: 34612345678, originalType: number, detectedType: date} @ http://localhost:3000/_next/static/chunks/11hm_next_dist_0m6rgog._.js:2441
[  164764ms] [LOG] [DEBUG] Tipo corregido: number -> date {originalValue: 34612345678, originalType: number, detectedType: date} @ http://localhost:3000/_next/static/chunks/11hm_next_dist_0m6rgog._.js:2441
[  164764ms] [LOG] [DEBUG] Renderizando celda: {columnId: ciudad, isReference: undefined, value: Object} @ http://localhost:3000/_next/static/chunks/11hm_next_dist_0m6rgog._.js:2441
[  164764ms] [LOG] [DEBUG] Renderizando celda: {columnId: ciudad, isReference: undefined, value: Object} @ http://localhost:3000/_next/static/chunks/11hm_next_dist_0m6rgog._.js:2441
[  164765ms] [LOG] [DEBUG] Renderizando celda: {columnId: rol, isReference: undefined, value: Object} @ http://localhost:3000/_next/static/chunks/11hm_next_dist_0m6rgog._.js:2441
[  164765ms] [LOG] [DEBUG] Renderizando celda: {columnId: rol, isReference: undefined, value: Object} @ http://localhost:3000/_next/static/chunks/11hm_next_dist_0m6rgog._.js:2441
[  164765ms] [LOG] [DEBUG] Renderizando celda: {columnId: estado, isReference: undefined, value: Object} @ http://localhost:3000/_next/static/chunks/11hm_next_dist_0m6rgog._.js:2441
[  164765ms] [LOG] [DEBUG] Renderizando celda: {columnId: estado, isReference: undefined, value: Object} @ http://localhost:3000/_next/static/chunks/11hm_next_dist_0m6rgog._.js:2441
[  164765ms] [LOG] [DEBUG] Renderizando celda: {columnId: fechaRegistro, isReference: undefined, value: Object} @ http://localhost:3000/_next/static/chunks/11hm_next_dist_0m6rgog._.js:2441
[  164765ms] [LOG] [DEBUG] Renderizando celda: {columnId: fechaRegistro, isReference: undefined, value: Object} @ http://localhost:3000/_next/static/chunks/11hm_next_dist_0m6rgog._.js:2441
[  164765ms] [LOG] [DEBUG] Renderizando celda: {columnId: ultimoContacto, isReference: undefined, value: Object} @ http://localhost:3000/_next/static/chunks/11hm_next_dist_0m6rgog._.js:2441
[  164765ms] [LOG] [DEBUG] Renderizando celda: {columnId: ultimoContacto, isReference: undefined, value: Object} @ http://localhost:3000/_next/static/chunks/11hm_next_dist_0m6rgog._.js:2441
[  164766ms] [LOG] [DEBUG] Renderizando celda: {columnId: valorTotal, isReference: undefined, value: Object} @ http://localhost:3000/_next/static/chunks/11hm_next_dist_0m6rgog._.js:2441
[  164766ms] [LOG] [DEBUG] Renderizando celda: {columnId: valorTotal, isReference: undefined, value: Object} @ http://localhost:3000/_next/static/chunks/11hm_next_dist_0m6rgog._.js:2441
[  164766ms] [LOG] [DEBUG] Tipo corregido: string -> number {originalValue: 3840, originalType: string, detectedType: number} @ http://localhost:3000/_next/static/chunks/11hm_next_dist_0m6rgog._.js:2441
[  164766ms] [LOG] [DEBUG] Tipo corregido: string -> number {originalValue: 3840, originalType: string, detectedType: number} @ http://localhost:3000/_next/static/chunks/11hm_next_dist_0m6rgog._.js:2441
[  164766ms] [LOG] [DEBUG] Renderizando celda: {columnId: satisfaccion, isReference: undefined, value: Object} @ http://localhost:3000/_next/static/chunks/11hm_next_dist_0m6rgog._.js:2441
[  164766ms] [LOG] [DEBUG] Renderizando celda: {columnId: satisfaccion, isReference: undefined, value: Object} @ http://localhost:3000/_next/static/chunks/11hm_next_dist_0m6rgog._.js:2441
[  164766ms] [LOG] [DEBUG] Renderizando celda: {columnId: activo, isReference: undefined, value: Object} @ http://localhost:3000/_next/static/chunks/11hm_next_dist_0m6rgog._.js:2441
[  164766ms] [LOG] [DEBUG] Renderizando celda: {columnId: activo, isReference: undefined, value: Object} @ http://localhost:3000/_next/static/chunks/11hm_next_dist_0m6rgog._.js:2441
[  164766ms] [LOG] [DEBUG] Tipo corregido: boolean -> string {originalValue: true, originalType: boolean, detectedType: string} @ http://localhost:3000/_next/static/chunks/11hm_next_dist_0m6rgog._.js:2441
[  164766ms] [LOG] [DEBUG] Tipo corregido: boolean -> string {originalValue: true, originalType: boolean, detectedType: string} @ http://localhost:3000/_next/static/chunks/11hm_next_dist_0m6rgog._.js:2441
[  164772ms] [LOG] [DEBUG] Renderizando celda: {columnId: id, isReference: undefined, value: Object} @ http://localhost:3000/_next/static/chunks/11hm_next_dist_0m6rgog._.js:2441
[  164772ms] [LOG] [DEBUG] Renderizando celda: {columnId: id, isReference: undefined, value: Object} @ http://localhost:3000/_next/static/chunks/11hm_next_dist_0m6rgog._.js:2441
[  164772ms] [LOG] [DEBUG] Renderizando celda: {columnId: nombre, isReference: undefined, value: Object} @ http://localhost:3000/_next/static/chunks/11hm_next_dist_0m6rgog._.js:2441
[  164772ms] [LOG] [DEBUG] Renderizando celda: {columnId: nombre, isReference: undefined, value: Object} @ http://localhost:3000/_next/static/chunks/11hm_next_dist_0m6rgog._.js:2441
[  164772ms] [LOG] [DEBUG] Renderizando celda: {columnId: email, isReference: undefined, value: Object} @ http://localhost:3000/_next/static/chunks/11hm_next_dist_0m6rgog._.js:2441
[  164772ms] [LOG] [DEBUG] Renderizando celda: {columnId: email, isReference: undefined, value: Object} @ http://localhost:3000/_next/static/chunks/11hm_next_dist_0m6rgog._.js:2441
[  164773ms] [LOG] [DEBUG] Renderizando celda: {columnId: telefono, isReference: undefined, value: Object} @ http://localhost:3000/_next/static/chunks/11hm_next_dist_0m6rgog._.js:2441
[  164773ms] [LOG] [DEBUG] Renderizando celda: {columnId: telefono, isReference: undefined, value: Object} @ http://localhost:3000/_next/static/chunks/11hm_next_dist_0m6rgog._.js:2441
[  164773ms] [LOG] [DEBUG] Tipo corregido: number -> date {originalValue: 34634567890, originalType: number, detectedType: date} @ http://localhost:3000/_next/static/chunks/11hm_next_dist_0m6rgog._.js:2441
[  164773ms] [LOG] [DEBUG] Tipo corregido: number -> date {originalValue: 34634567890, originalType: number, detectedType: date} @ http://localhost:3000/_next/static/chunks/11hm_next_dist_0m6rgog._.js:2441
[  164773ms] [LOG] [DEBUG] Renderizando celda: {columnId: ciudad, isReference: undefined, value: Object} @ http://localhost:3000/_next/static/chunks/11hm_next_dist_0m6rgog._.js:2441
[  164773ms] [LOG] [DEBUG] Renderizando celda: {columnId: ciudad, isReference: undefined, value: Object} @ http://localhost:3000/_next/static/chunks/11hm_next_dist_0m6rgog._.js:2441
[  164773ms] [LOG] [DEBUG] Renderizando celda: {columnId: rol, isReference: undefined, value: Object} @ http://localhost:3000/_next/static/chunks/11hm_next_dist_0m6rgog._.js:2441
[  164773ms] [LOG] [DEBUG] Renderizando celda: {columnId: rol, isReference: undefined, value: Object} @ http://localhost:3000/_next/static/chunks/11hm_next_dist_0m6rgog._.js:2441
[  164773ms] [LOG] [DEBUG] Renderizando celda: {columnId: estado, isReference: undefined, value: Object} @ http://localhost:3000/_next/static/chunks/11hm_next_dist_0m6rgog._.js:2441
[  164773ms] [LOG] [DEBUG] Renderizando celda: {columnId: estado, isReference: undefined, value: Object} @ http://localhost:3000/_next/static/chunks/11hm_next_dist_0m6rgog._.js:2441
[  164774ms] [LOG] [DEBUG] Renderizando celda: {columnId: fechaRegistro, isReference: undefined, value: Object} @ http://localhost:3000/_next/static/chunks/11hm_next_dist_0m6rgog._.js:2441
[  164774ms] [LOG] [DEBUG] Renderizando celda: {columnId: fechaRegistro, isReference: undefined, value: Object} @ http://localhost:3000/_next/static/chunks/11hm_next_dist_0m6rgog._.js:2441
[  164774ms] [LOG] [DEBUG] Renderizando celda: {columnId: ultimoContacto, isReference: undefined, value: Object} @ http://localhost:3000/_next/static/chunks/11hm_next_dist_0m6rgog._.js:2441
[  164774ms] [LOG] [DEBUG] Renderizando celda: {columnId: ultimoContacto, isReference: undefined, value: Object} @ http://localhost:3000/_next/static/chunks/11hm_next_dist_0m6rgog._.js:2441
[  164774ms] [LOG] [DEBUG] Renderizando celda: {columnId: valorTotal, isReference: undefined, value: Object} @ http://localhost:3000/_next/static/chunks/11hm_next_dist_0m6rgog._.js:2441
[  164774ms] [LOG] [DEBUG] Renderizando celda: {columnId: valorTotal, isReference: undefined, value: Object} @ http://localhost:3000/_next/static/chunks/11hm_next_dist_0m6rgog._.js:2441
[  164774ms] [LOG] [DEBUG] Tipo corregido: string -> number {originalValue: 6120, originalType: string, detectedType: number} @ http://localhost:3000/_next/static/chunks/11hm_next_dist_0m6rgog._.js:2441
[  164774ms] [LOG] [DEBUG] Tipo corregido: string -> number {originalValue: 6120, originalType: string, detectedType: number} @ http://localhost:3000/_next/static/chunks/11hm_next_dist_0m6rgog._.js:2441
[  164774ms] [LOG] [DEBUG] Renderizando celda: {columnId: satisfaccion, isReference: undefined, value: Object} @ http://localhost:3000/_next/static/chunks/11hm_next_dist_0m6rgog._.js:2441
[  164774ms] [LOG] [DEBUG] Renderizando celda: {columnId: satisfaccion, isReference: undefined, value: Object} @ http://localhost:3000/_next/static/chunks/11hm_next_dist_0m6rgog._.js:2441
[  164774ms] [LOG] [DEBUG] Renderizando celda: {columnId: activo, isReference: undefined, value: Object} @ http://localhost:3000/_next/static/chunks/11hm_next_dist_0m6rgog._.js:2441
[  164774ms] [LOG] [DEBUG] Renderizando celda: {columnId: activo, isReference: undefined, value: Object} @ http://localhost:3000/_next/static/chunks/11hm_next_dist_0m6rgog._.js:2441
[  164775ms] [LOG] [DEBUG] Tipo corregido: boolean -> string {originalValue: true, originalType: boolean, detectedType: string} @ http://localhost:3000/_next/static/chunks/11hm_next_dist_0m6rgog._.js:2441
[  164775ms] [LOG] [DEBUG] Tipo corregido: boolean -> string {originalValue: true, originalType: boolean, detectedType: string} @ http://localhost:3000/_next/static/chunks/11hm_next_dist_0m6rgog._.js:2441
[  164780ms] [LOG] [DEBUG] Renderizando celda: {columnId: id, isReference: undefined, value: Object} @ http://localhost:3000/_next/static/chunks/11hm_next_dist_0m6rgog._.js:2441
[  164780ms] [LOG] [DEBUG] Renderizando celda: {columnId: id, isReference: undefined, value: Object} @ http://localhost:3000/_next/static/chunks/11hm_next_dist_0m6rgog._.js:2441
[  164780ms] [LOG] [DEBUG] Renderizando celda: {columnId: nombre, isReference: undefined, value: Object} @ http://localhost:3000/_next/static/chunks/11hm_next_dist_0m6rgog._.js:2441
[  164780ms] [LOG] [DEBUG] Renderizando celda: {columnId: nombre, isReference: undefined, value: Object} @ http://localhost:3000/_next/static/chunks/11hm_next_dist_0m6rgog._.js:2441
[  164780ms] [LOG] [DEBUG] Renderizando celda: {columnId: email, isReference: undefined, value: Object} @ http://localhost:3000/_next/static/chunks/11hm_next_dist_0m6rgog._.js:2441
[  164780ms] [LOG] [DEBUG] Renderizando celda: {columnId: email, isReference: undefined, value: Object} @ http://localhost:3000/_next/static/chunks/11hm_next_dist_0m6rgog._.js:2441
[  164780ms] [LOG] [DEBUG] Renderizando celda: {columnId: telefono, isReference: undefined, value: Object} @ http://localhost:3000/_next/static/chunks/11hm_next_dist_0m6rgog._.js:2441
[  164781ms] [LOG] [DEBUG] Renderizando celda: {columnId: telefono, isReference: undefined, value: Object} @ http://localhost:3000/_next/static/chunks/11hm_next_dist_0m6rgog._.js:2441
[  164781ms] [LOG] [DEBUG] Tipo corregido: number -> date {originalValue: 34655678901, originalType: number, detectedType: date} @ http://localhost:3000/_next/static/chunks/11hm_next_dist_0m6rgog._.js:2441
[  164781ms] [LOG] [DEBUG] Tipo corregido: number -> date {originalValue: 34655678901, originalType: number, detectedType: date} @ http://localhost:3000/_next/static/chunks/11hm_next_dist_0m6rgog._.js:2441
[  164781ms] [LOG] [DEBUG] Renderizando celda: {columnId: ciudad, isReference: undefined, value: Object} @ http://localhost:3000/_next/static/chunks/11hm_next_dist_0m6rgog._.js:2441
[  164781ms] [LOG] [DEBUG] Renderizando celda: {columnId: ciudad, isReference: undefined, value: Object} @ http://localhost:3000/_next/static/chunks/11hm_next_dist_0m6rgog._.js:2441
[  164781ms] [LOG] [DEBUG] Renderizando celda: {columnId: rol, isReference: undefined, value: Object} @ http://localhost:3000/_next/static/chunks/11hm_next_dist_0m6rgog._.js:2441
[  164781ms] [LOG] [DEBUG] Renderizando celda: {columnId: rol, isReference: undefined, value: Object} @ http://localhost:3000/_next/static/chunks/11hm_next_dist_0m6rgog._.js:2441
[  164781ms] [LOG] [DEBUG] Renderizando celda: {columnId: estado, isReference: undefined, value: Object} @ http://localhost:3000/_next/static/chunks/11hm_next_dist_0m6rgog._.js:2441
[  164781ms] [LOG] [DEBUG] Renderizando celda: {columnId: estado, isReference: undefined, value: Object} @ http://localhost:3000/_next/static/chunks/11hm_next_dist_0m6rgog._.js:2441
[  164781ms] [LOG] [DEBUG] Renderizando celda: {columnId: fechaRegistro, isReference: undefined, value: Object} @ http://localhost:3000/_next/static/chunks/11hm_next_dist_0m6rgog._.js:2441
[  164781ms] [LOG] [DEBUG] Renderizando celda: {columnId: fechaRegistro, isReference: undefined, value: Object} @ http://localhost:3000/_next/static/chunks/11hm_next_dist_0m6rgog._.js:2441
[  164782ms] [LOG] [DEBUG] Renderizando celda: {columnId: ultimoContacto, isReference: undefined, value: Object} @ http://localhost:3000/_next/static/chunks/11hm_next_dist_0m6rgog._.js:2441
[  164782ms] [LOG] [DEBUG] Renderizando celda: {columnId: ultimoContacto, isReference: undefined, value: Object} @ http://localhost:3000/_next/static/chunks/11hm_next_dist_0m6rgog._.js:2441
[  164782ms] [LOG] [DEBUG] Renderizando celda: {columnId: valorTotal, isReference: undefined, value: Object} @ http://localhost:3000/_next/static/chunks/11hm_next_dist_0m6rgog._.js:2441
[  164782ms] [LOG] [DEBUG] Renderizando celda: {columnId: valorTotal, isReference: undefined, value: Object} @ http://localhost:3000/_next/static/chunks/11hm_next_dist_0m6rgog._.js:2441
[  164782ms] [LOG] [DEBUG] Tipo corregido: string -> number {originalValue: 0, originalType: string, detectedType: number} @ http://localhost:3000/_next/static/chunks/11hm_next_dist_0m6rgog._.js:2441
[  164782ms] [LOG] [DEBUG] Tipo corregido: string -> number {originalValue: 0, originalType: string, detectedType: number} @ http://localhost:3000/_next/static/chunks/11hm_next_dist_0m6rgog._.js:2441
[  164782ms] [LOG] [DEBUG] Renderizando celda: {columnId: satisfaccion, isReference: undefined, value: Object} @ http://localhost:3000/_next/static/chunks/11hm_next_dist_0m6rgog._.js:2441
[  164782ms] [LOG] [DEBUG] Renderizando celda: {columnId: satisfaccion, isReference: undefined, value: Object} @ http://localhost:3000/_next/static/chunks/11hm_next_dist_0m6rgog._.js:2441
[  164782ms] [LOG] [DEBUG] Renderizando celda: {columnId: activo, isReference: undefined, value: Object} @ http://localhost:3000/_next/static/chunks/11hm_next_dist_0m6rgog._.js:2441
[  164782ms] [LOG] [DEBUG] Renderizando celda: {columnId: activo, isReference: undefined, value: Object} @ http://localhost:3000/_next/static/chunks/11hm_next_dist_0m6rgog._.js:2441
[  164782ms] [LOG] [DEBUG] Tipo corregido: boolean -> string {originalValue: false, originalType: boolean, detectedType: string} @ http://localhost:3000/_next/static/chunks/11hm_next_dist_0m6rgog._.js:2441
[  164782ms] [LOG] [DEBUG] Tipo corregido: boolean -> string {originalValue: false, originalType: boolean, detectedType: string} @ http://localhost:3000/_next/static/chunks/11hm_next_dist_0m6rgog._.js:2441
[  164787ms] [LOG] [DEBUG] Renderizando celda: {columnId: id, isReference: undefined, value: Object} @ http://localhost:3000/_next/static/chunks/11hm_next_dist_0m6rgog._.js:2441
[  164787ms] [LOG] [DEBUG] Renderizando celda: {columnId: id, isReference: undefined, value: Object} @ http://localhost:3000/_next/static/chunks/11hm_next_dist_0m6rgog._.js:2441
[  164787ms] [LOG] [DEBUG] Renderizando celda: {columnId: nombre, isReference: undefined, value: Object} @ http://localhost:3000/_next/static/chunks/11hm_next_dist_0m6rgog._.js:2441
[  164788ms] [LOG] [DEBUG] Renderizando celda: {columnId: nombre, isReference: undefined, value: Object} @ http://localhost:3000/_next/static/chunks/11hm_next_dist_0m6rgog._.js:2441
[  164788ms] [LOG] [DEBUG] Renderizando celda: {columnId: email, isReference: undefined, value: Object} @ http://localhost:3000/_next/static/chunks/11hm_next_dist_0m6rgog._.js:2441
[  164788ms] [LOG] [DEBUG] Renderizando celda: {columnId: email, isReference: undefined, value: Object} @ http://localhost:3000/_next/static/chunks/11hm_next_dist_0m6rgog._.js:2441
[  164788ms] [LOG] [DEBUG] Renderizando celda: {columnId: telefono, isReference: undefined, value: Object} @ http://localhost:3000/_next/static/chunks/11hm_next_dist_0m6rgog._.js:2441
[  164788ms] [LOG] [DEBUG] Renderizando celda: {columnId: telefono, isReference: undefined, value: Object} @ http://localhost:3000/_next/static/chunks/11hm_next_dist_0m6rgog._.js:2441
[  164788ms] [LOG] [DEBUG] Tipo corregido: number -> date {originalValue: 34676789012, originalType: number, detectedType: date} @ http://localhost:3000/_next/static/chunks/11hm_next_dist_0m6rgog._.js:2441
[  164788ms] [LOG] [DEBUG] Tipo corregido: number -> date {originalValue: 34676789012, originalType: number, detectedType: date} @ http://localhost:3000/_next/static/chunks/11hm_next_dist_0m6rgog._.js:2441
[  164788ms] [LOG] [DEBUG] Renderizando celda: {columnId: ciudad, isReference: undefined, value: Object} @ http://localhost:3000/_next/static/chunks/11hm_next_dist_0m6rgog._.js:2441
[  164788ms] [LOG] [DEBUG] Renderizando celda: {columnId: ciudad, isReference: undefined, value: Object} @ http://localhost:3000/_next/static/chunks/11hm_next_dist_0m6rgog._.js:2441
[  164788ms] [LOG] [DEBUG] Renderizando celda: {columnId: rol, isReference: undefined, value: Object} @ http://localhost:3000/_next/static/chunks/11hm_next_dist_0m6rgog._.js:2441
[  164788ms] [LOG] [DEBUG] Renderizando celda: {columnId: rol, isReference: undefined, value: Object} @ http://localhost:3000/_next/static/chunks/11hm_next_dist_0m6rgog._.js:2441
[  164788ms] [LOG] [DEBUG] Renderizando celda: {columnId: estado, isReference: undefined, value: Object} @ http://localhost:3000/_next/static/chunks/11hm_next_dist_0m6rgog._.js:2441
[  164788ms] [LOG] [DEBUG] Renderizando celda: {columnId: estado, isReference: undefined, value: Object} @ http://localhost:3000/_next/static/chunks/11hm_next_dist_0m6rgog._.js:2441
[  164788ms] [LOG] [DEBUG] Renderizando celda: {columnId: fechaRegistro, isReference: undefined, value: Object} @ http://localhost:3000/_next/static/chunks/11hm_next_dist_0m6rgog._.js:2441
[  164788ms] [LOG] [DEBUG] Renderizando celda: {columnId: fechaRegistro, isReference: undefined, value: Object} @ http://localhost:3000/_next/static/chunks/11hm_next_dist_0m6rgog._.js:2441
[  164788ms] [LOG] [DEBUG] Renderizando celda: {columnId: ultimoContacto, isReference: undefined, value: Object} @ http://localhost:3000/_next/static/chunks/11hm_next_dist_0m6rgog._.js:2441
[  164789ms] [LOG] [DEBUG] Renderizando celda: {columnId: ultimoContacto, isReference: undefined, value: Object} @ http://localhost:3000/_next/static/chunks/11hm_next_dist_0m6rgog._.js:2441
[  164789ms] [LOG] [DEBUG] Renderizando celda: {columnId: valorTotal, isReference: undefined, value: Object} @ http://localhost:3000/_next/static/chunks/11hm_next_dist_0m6rgog._.js:2441
[  164789ms] [LOG] [DEBUG] Renderizando celda: {columnId: valorTotal, isReference: undefined, value: Object} @ http://localhost:3000/_next/static/chunks/11hm_next_dist_0m6rgog._.js:2441
[  164789ms] [LOG] [DEBUG] Tipo corregido: string -> number {originalValue: 2280, originalType: string, detectedType: number} @ http://localhost:3000/_next/static/chunks/11hm_next_dist_0m6rgog._.js:2441
[  164789ms] [LOG] [DEBUG] Tipo corregido: string -> number {originalValue: 2280, originalType: string, detectedType: number} @ http://localhost:3000/_next/static/chunks/11hm_next_dist_0m6rgog._.js:2441
[  164789ms] [LOG] [DEBUG] Renderizando celda: {columnId: satisfaccion, isReference: undefined, value: Object} @ http://localhost:3000/_next/static/chunks/11hm_next_dist_0m6rgog._.js:2441
[  164789ms] [LOG] [DEBUG] Renderizando celda: {columnId: satisfaccion, isReference: undefined, value: Object} @ http://localhost:3000/_next/static/chunks/11hm_next_dist_0m6rgog._.js:2441
[  164789ms] [LOG] [DEBUG] Renderizando celda: {columnId: activo, isReference: undefined, value: Object} @ http://localhost:3000/_next/static/chunks/11hm_next_dist_0m6rgog._.js:2441
[  164789ms] [LOG] [DEBUG] Renderizando celda: {columnId: activo, isReference: undefined, value: Object} @ http://localhost:3000/_next/static/chunks/11hm_next_dist_0m6rgog._.js:2441
[  164789ms] [LOG] [DEBUG] Tipo corregido: boolean -> string {originalValue: false, originalType: boolean, detectedType: string} @ http://localhost:3000/_next/static/chunks/11hm_next_dist_0m6rgog._.js:2441
[  164789ms] [LOG] [DEBUG] Tipo corregido: boolean -> string {originalValue: false, originalType: boolean, detectedType: string} @ http://localhost:3000/_next/static/chunks/11hm_next_dist_0m6rgog._.js:2441
[  164790ms] [LOG] [DEBUG] Renderizando celda: {columnId: id, isReference: undefined, value: Object} @ http://localhost:3000/_next/static/chunks/11hm_next_dist_0m6rgog._.js:2441
[  164790ms] [LOG] [DEBUG] Renderizando celda: {columnId: id, isReference: undefined, value: Object} @ http://localhost:3000/_next/static/chunks/11hm_next_dist_0m6rgog._.js:2441
[  164790ms] [LOG] [DEBUG] Renderizando celda: {columnId: nombre, isReference: undefined, value: Object} @ http://localhost:3000/_next/static/chunks/11hm_next_dist_0m6rgog._.js:2441
[  164790ms] [LOG] [DEBUG] Renderizando celda: {columnId: nombre, isReference: undefined, value: Object} @ http://localhost:3000/_next/static/chunks/11hm_next_dist_0m6rgog._.js:2441
[  164790ms] [LOG] [DEBUG] Renderizando celda: {columnId: email, isReference: undefined, value: Object} @ http://localhost:3000/_next/static/chunks/11hm_next_dist_0m6rgog._.js:2441
[  164790ms] [LOG] [DEBUG] Renderizando celda: {columnId: email, isReference: undefined, value: Object} @ http://localhost:3000/_next/static/chunks/11hm_next_dist_0m6rgog._.js:2441
[  164790ms] [LOG] [DEBUG] Renderizando celda: {columnId: telefono, isReference: undefined, value: Object} @ http://localhost:3000/_next/static/chunks/11hm_next_dist_0m6rgog._.js:2441
[  164790ms] [LOG] [DEBUG] Renderizando celda: {columnId: telefono, isReference: undefined, value: Object} @ http://localhost:3000/_next/static/chunks/11hm_next_dist_0m6rgog._.js:2441
[  164790ms] [LOG] [DEBUG] Tipo corregido: number -> date {originalValue: 34697890123, originalType: number, detectedType: date} @ http://localhost:3000/_next/static/chunks/11hm_next_dist_0m6rgog._.js:2441
[  164790ms] [LOG] [DEBUG] Tipo corregido: number -> date {originalValue: 34697890123, originalType: number, detectedType: date} @ http://localhost:3000/_next/static/chunks/11hm_next_dist_0m6rgog._.js:2441
[  164790ms] [LOG] [DEBUG] Renderizando celda: {columnId: ciudad, isReference: undefined, value: Object} @ http://localhost:3000/_next/static/chunks/11hm_next_dist_0m6rgog._.js:2441
[  164791ms] [LOG] [DEBUG] Renderizando celda: {columnId: ciudad, isReference: undefined, value: Object} @ http://localhost:3000/_next/static/chunks/11hm_next_dist_0m6rgog._.js:2441
[  164791ms] [LOG] [DEBUG] Renderizando celda: {columnId: rol, isReference: undefined, value: Object} @ http://localhost:3000/_next/static/chunks/11hm_next_dist_0m6rgog._.js:2441
[  164791ms] [LOG] [DEBUG] Renderizando celda: {columnId: rol, isReference: undefined, value: Object} @ http://localhost:3000/_next/static/chunks/11hm_next_dist_0m6rgog._.js:2441
[  164791ms] [LOG] [DEBUG] Renderizando celda: {columnId: estado, isReference: undefined, value: Object} @ http://localhost:3000/_next/static/chunks/11hm_next_dist_0m6rgog._.js:2441
[  164791ms] [LOG] [DEBUG] Renderizando celda: {columnId: estado, isReference: undefined, value: Object} @ http://localhost:3000/_next/static/chunks/11hm_next_dist_0m6rgog._.js:2441
[  164791ms] [LOG] [DEBUG] Renderizando celda: {columnId: fechaRegistro, isReference: undefined, value: Object} @ http://localhost:3000/_next/static/chunks/11hm_next_dist_0m6rgog._.js:2441
[  164791ms] [LOG] [DEBUG] Renderizando celda: {columnId: fechaRegistro, isReference: undefined, value: Object} @ http://localhost:3000/_next/static/chunks/11hm_next_dist_0m6rgog._.js:2441
[  164791ms] [LOG] [DEBUG] Renderizando celda: {columnId: ultimoContacto, isReference: undefined, value: Object} @ http://localhost:3000/_next/static/chunks/11hm_next_dist_0m6rgog._.js:2441
[  164791ms] [LOG] [DEBUG] Renderizando celda: {columnId: ultimoContacto, isReference: undefined, value: Object} @ http://localhost:3000/_next/static/chunks/11hm_next_dist_0m6rgog._.js:2441
[  164791ms] [LOG] [DEBUG] Renderizando celda: {columnId: valorTotal, isReference: undefined, value: Object} @ http://localhost:3000/_next/static/chunks/11hm_next_dist_0m6rgog._.js:2441
[  164791ms] [LOG] [DEBUG] Renderizando celda: {columnId: valorTotal, isReference: undefined, value: Object} @ http://localhost:3000/_next/static/chunks/11hm_next_dist_0m6rgog._.js:2441
[  164791ms] [LOG] [DEBUG] Tipo corregido: string -> number {originalValue: 4560, originalType: string, detectedType: number} @ http://localhost:3000/_next/static/chunks/11hm_next_dist_0m6rgog._.js:2441
[  164791ms] [LOG] [DEBUG] Tipo corregido: string -> number {originalValue: 4560, originalType: string, detectedType: number} @ http://localhost:3000/_next/static/chunks/11hm_next_dist_0m6rgog._.js:2441
[  164791ms] [LOG] [DEBUG] Renderizando celda: {columnId: satisfaccion, isReference: undefined, value: Object} @ http://localhost:3000/_next/static/chunks/11hm_next_dist_0m6rgog._.js:2441
[  164791ms] [LOG] [DEBUG] Renderizando celda: {columnId: satisfaccion, isReference: undefined, value: Object} @ http://localhost:3000/_next/static/chunks/11hm_next_dist_0m6rgog._.js:2441
[  164792ms] [LOG] [DEBUG] Renderizando celda: {columnId: activo, isReference: undefined, value: Object} @ http://localhost:3000/_next/static/chunks/11hm_next_dist_0m6rgog._.js:2441
[  164792ms] [LOG] [DEBUG] Renderizando celda: {columnId: activo, isReference: undefined, value: Object} @ http://localhost:3000/_next/static/chunks/11hm_next_dist_0m6rgog._.js:2441
[  164792ms] [LOG] [DEBUG] Tipo corregido: boolean -> string {originalValue: true, originalType: boolean, detectedType: string} @ http://localhost:3000/_next/static/chunks/11hm_next_dist_0m6rgog._.js:2441
[  164792ms] [LOG] [DEBUG] Tipo corregido: boolean -> string {originalValue: true, originalType: boolean, detectedType: string} @ http://localhost:3000/_next/static/chunks/11hm_next_dist_0m6rgog._.js:2441
[  164792ms] [LOG] [DEBUG] Renderizando celda: {columnId: id, isReference: undefined, value: Object} @ http://localhost:3000/_next/static/chunks/11hm_next_dist_0m6rgog._.js:2441
[  164793ms] [LOG] [DEBUG] Renderizando celda: {columnId: id, isReference: undefined, value: Object} @ http://localhost:3000/_next/static/chunks/11hm_next_dist_0m6rgog._.js:2441
[  164793ms] [LOG] [DEBUG] Renderizando celda: {columnId: nombre, isReference: undefined, value: Object} @ http://localhost:3000/_next/static/chunks/11hm_next_dist_0m6rgog._.js:2441
[  164793ms] [LOG] [DEBUG] Renderizando celda: {columnId: nombre, isReference: undefined, value: Object} @ http://localhost:3000/_next/static/chunks/11hm_next_dist_0m6rgog._.js:2441
[  164793ms] [LOG] [DEBUG] Renderizando celda: {columnId: email, isReference: undefined, value: Object} @ http://localhost:3000/_next/static/chunks/11hm_next_dist_0m6rgog._.js:2441
[  164793ms] [LOG] [DEBUG] Renderizando celda: {columnId: email, isReference: undefined, value: Object} @ http://localhost:3000/_next/static/chunks/11hm_next_dist_0m6rgog._.js:2441
[  164793ms] [LOG] [DEBUG] Renderizando celda: {columnId: telefono, isReference: undefined, value: Object} @ http://localhost:3000/_next/static/chunks/11hm_next_dist_0m6rgog._.js:2441
[  164793ms] [LOG] [DEBUG] Renderizando celda: {columnId: telefono, isReference: undefined, value: Object} @ http://localhost:3000/_next/static/chunks/11hm_next_dist_0m6rgog._.js:2441
[  164793ms] [LOG] [DEBUG] Tipo corregido: number -> date {originalValue: 34900123456, originalType: number, detectedType: date} @ http://localhost:3000/_next/static/chunks/11hm_next_dist_0m6rgog._.js:2441
[  164793ms] [LOG] [DEBUG] Tipo corregido: number -> date {originalValue: 34900123456, originalType: number, detectedType: date} @ http://localhost:3000/_next/static/chunks/11hm_next_dist_0m6rgog._.js:2441
[  164793ms] [LOG] [DEBUG] Renderizando celda: {columnId: ciudad, isReference: undefined, value: Object} @ http://localhost:3000/_next/static/chunks/11hm_next_dist_0m6rgog._.js:2441
[  164793ms] [LOG] [DEBUG] Renderizando celda: {columnId: ciudad, isReference: undefined, value: Object} @ http://localhost:3000/_next/static/chunks/11hm_next_dist_0m6rgog._.js:2441
[  164793ms] [LOG] [DEBUG] Renderizando celda: {columnId: rol, isReference: undefined, value: Object} @ http://localhost:3000/_next/static/chunks/11hm_next_dist_0m6rgog._.js:2441
[  164793ms] [LOG] [DEBUG] Renderizando celda: {columnId: rol, isReference: undefined, value: Object} @ http://localhost:3000/_next/static/chunks/11hm_next_dist_0m6rgog._.js:2441
[  164793ms] [LOG] [DEBUG] Renderizando celda: {columnId: estado, isReference: undefined, value: Object} @ http://localhost:3000/_next/static/chunks/11hm_next_dist_0m6rgog._.js:2441
[  164793ms] [LOG] [DEBUG] Renderizando celda: {columnId: estado, isReference: undefined, value: Object} @ http://localhost:3000/_next/static/chunks/11hm_next_dist_0m6rgog._.js:2441
[  164794ms] [LOG] [DEBUG] Renderizando celda: {columnId: fechaRegistro, isReference: undefined, value: Object} @ http://localhost:3000/_next/static/chunks/11hm_next_dist_0m6rgog._.js:2441
[  164794ms] [LOG] [DEBUG] Renderizando celda: {columnId: fechaRegistro, isReference: undefined, value: Object} @ http://localhost:3000/_next/static/chunks/11hm_next_dist_0m6rgog._.js:2441
[  164794ms] [LOG] [DEBUG] Renderizando celda: {columnId: ultimoContacto, isReference: undefined, value: Object} @ http://localhost:3000/_next/static/chunks/11hm_next_dist_0m6rgog._.js:2441
[  164794ms] [LOG] [DEBUG] Renderizando celda: {columnId: ultimoContacto, isReference: undefined, value: Object} @ http://localhost:3000/_next/static/chunks/11hm_next_dist_0m6rgog._.js:2441
[  164794ms] [LOG] [DEBUG] Renderizando celda: {columnId: valorTotal, isReference: undefined, value: Object} @ http://localhost:3000/_next/static/chunks/11hm_next_dist_0m6rgog._.js:2441
[  164794ms] [LOG] [DEBUG] Renderizando celda: {columnId: valorTotal, isReference: undefined, value: Object} @ http://localhost:3000/_next/static/chunks/11hm_next_dist_0m6rgog._.js:2441
[  164794ms] [LOG] [DEBUG] Renderizando celda: {columnId: satisfaccion, isReference: undefined, value: Object} @ http://localhost:3000/_next/static/chunks/11hm_next_dist_0m6rgog._.js:2441
[  164794ms] [LOG] [DEBUG] Renderizando celda: {columnId: satisfaccion, isReference: undefined, value: Object} @ http://localhost:3000/_next/static/chunks/11hm_next_dist_0m6rgog._.js:2441
[  164794ms] [LOG] [DEBUG] Renderizando celda: {columnId: activo, isReference: undefined, value: Object} @ http://localhost:3000/_next/static/chunks/11hm_next_dist_0m6rgog._.js:2441
[  164794ms] [LOG] [DEBUG] Renderizando celda: {columnId: activo, isReference: undefined, value: Object} @ http://localhost:3000/_next/static/chunks/11hm_next_dist_0m6rgog._.js:2441
[  164794ms] [LOG] [DEBUG] Tipo corregido: boolean -> string {originalValue: true, originalType: boolean, detectedType: string} @ http://localhost:3000/_next/static/chunks/11hm_next_dist_0m6rgog._.js:2441
[  164794ms] [LOG] [DEBUG] Tipo corregido: boolean -> string {originalValue: true, originalType: boolean, detectedType: string} @ http://localhost:3000/_next/static/chunks/11hm_next_dist_0m6rgog._.js:2441
[  164795ms] [LOG] [DEBUG] Renderizando celda: {columnId: id, isReference: undefined, value: Object} @ http://localhost:3000/_next/static/chunks/11hm_next_dist_0m6rgog._.js:2441
[  164795ms] [LOG] [DEBUG] Renderizando celda: {columnId: id, isReference: undefined, value: Object} @ http://localhost:3000/_next/static/chunks/11hm_next_dist_0m6rgog._.js:2441
[  164795ms] [LOG] [DEBUG] Renderizando celda: {columnId: nombre, isReference: undefined, value: Object} @ http://localhost:3000/_next/static/chunks/11hm_next_dist_0m6rgog._.js:2441
[  164795ms] [LOG] [DEBUG] Renderizando celda: {columnId: nombre, isReference: undefined, value: Object} @ http://localhost:3000/_next/static/chunks/11hm_next_dist_0m6rgog._.js:2441
[  164795ms] [LOG] [DEBUG] Renderizando celda: {columnId: email, isReference: undefined, value: Object} @ http://localhost:3000/_next/static/chunks/11hm_next_dist_0m6rgog._.js:2441
[  164795ms] [LOG] [DEBUG] Renderizando celda: {columnId: email, isReference: undefined, value: Object} @ http://localhost:3000/_next/static/chunks/11hm_next_dist_0m6rgog._.js:2441
[  164796ms] [LOG] [DEBUG] Renderizando celda: {columnId: telefono, isReference: undefined, value: Object} @ http://localhost:3000/_next/static/chunks/11hm_next_dist_0m6rgog._.js:2441
[  164796ms] [LOG] [DEBUG] Renderizando celda: {columnId: telefono, isReference: undefined, value: Object} @ http://localhost:3000/_next/static/chunks/11hm_next_dist_0m6rgog._.js:2441
[  164796ms] [LOG] [DEBUG] Tipo corregido: number -> date {originalValue: 34618234567, originalType: number, detectedType: date} @ http://localhost:3000/_next/static/chunks/11hm_next_dist_0m6rgog._.js:2441
[  164796ms] [LOG] [DEBUG] Tipo corregido: number -> date {originalValue: 34618234567, originalType: number, detectedType: date} @ http://localhost:3000/_next/static/chunks/11hm_next_dist_0m6rgog._.js:2441
[  164796ms] [LOG] [DEBUG] Renderizando celda: {columnId: ciudad, isReference: undefined, value: Object} @ http://localhost:3000/_next/static/chunks/11hm_next_dist_0m6rgog._.js:2441
[  164796ms] [LOG] [DEBUG] Renderizando celda: {columnId: ciudad, isReference: undefined, value: Object} @ http://localhost:3000/_next/static/chunks/11hm_next_dist_0m6rgog._.js:2441
[  164796ms] [LOG] [DEBUG] Renderizando celda: {columnId: rol, isReference: undefined, value: Object} @ http://localhost:3000/_next/static/chunks/11hm_next_dist_0m6rgog._.js:2441
[  164796ms] [LOG] [DEBUG] Renderizando celda: {columnId: rol, isReference: undefined, value: Object} @ http://localhost:3000/_next/static/chunks/11hm_next_dist_0m6rgog._.js:2441
[  164796ms] [LOG] [DEBUG] Renderizando celda: {columnId: estado, isReference: undefined, value: Object} @ http://localhost:3000/_next/static/chunks/11hm_next_dist_0m6rgog._.js:2441
[  164796ms] [LOG] [DEBUG] Renderizando celda: {columnId: estado, isReference: undefined, value: Object} @ http://localhost:3000/_next/static/chunks/11hm_next_dist_0m6rgog._.js:2441
[  164796ms] [LOG] [DEBUG] Renderizando celda: {columnId: fechaRegistro, isReference: undefined, value: Object} @ http://localhost:3000/_next/static/chunks/11hm_next_dist_0m6rgog._.js:2441
[  164796ms] [LOG] [DEBUG] Renderizando celda: {columnId: fechaRegistro, isReference: undefined, value: Object} @ http://localhost:3000/_next/static/chunks/11hm_next_dist_0m6rgog._.js:2441
[  164796ms] [LOG] [DEBUG] Renderizando celda: {columnId: ultimoContacto, isReference: undefined, value: Object} @ http://localhost:3000/_next/static/chunks/11hm_next_dist_0m6rgog._.js:2441
[  164796ms] [LOG] [DEBUG] Renderizando celda: {columnId: ultimoContacto, isReference: undefined, value: Object} @ http://localhost:3000/_next/static/chunks/11hm_next_dist_0m6rgog._.js:2441
[  164796ms] [LOG] [DEBUG] Renderizando celda: {columnId: valorTotal, isReference: undefined, value: Object} @ http://localhost:3000/_next/static/chunks/11hm_next_dist_0m6rgog._.js:2441
[  164796ms] [LOG] [DEBUG] Renderizando celda: {columnId: valorTotal, isReference: undefined, value: Object} @ http://localhost:3000/_next/static/chunks/11hm_next_dist_0m6rgog._.js:2441
[  164797ms] [LOG] [DEBUG] Tipo corregido: string -> number {originalValue: 0, originalType: string, detectedType: number} @ http://localhost:3000/_next/static/chunks/11hm_next_dist_0m6rgog._.js:2441
[  164797ms] [LOG] [DEBUG] Tipo corregido: string -> number {originalValue: 0, originalType: string, detectedType: number} @ http://localhost:3000/_next/static/chunks/11hm_next_dist_0m6rgog._.js:2441
[  164797ms] [LOG] [DEBUG] Renderizando celda: {columnId: satisfaccion, isReference: undefined, value: Object} @ http://localhost:3000/_next/static/chunks/11hm_next_dist_0m6rgog._.js:2441
[  164797ms] [LOG] [DEBUG] Renderizando celda: {columnId: satisfaccion, isReference: undefined, value: Object} @ http://localhost:3000/_next/static/chunks/11hm_next_dist_0m6rgog._.js:2441
[  164797ms] [LOG] [DEBUG] Renderizando celda: {columnId: activo, isReference: undefined, value: Object} @ http://localhost:3000/_next/static/chunks/11hm_next_dist_0m6rgog._.js:2441
[  164797ms] [LOG] [DEBUG] Renderizando celda: {columnId: activo, isReference: undefined, value: Object} @ http://localhost:3000/_next/static/chunks/11hm_next_dist_0m6rgog._.js:2441
[  164797ms] [LOG] [DEBUG] Tipo corregido: boolean -> string {originalValue: false, originalType: boolean, detectedType: string} @ http://localhost:3000/_next/static/chunks/11hm_next_dist_0m6rgog._.js:2441
[  164797ms] [LOG] [DEBUG] Tipo corregido: boolean -> string {originalValue: false, originalType: boolean, detectedType: string} @ http://localhost:3000/_next/static/chunks/11hm_next_dist_0m6rgog._.js:2441
[  164798ms] [LOG] [DEBUG] Renderizando celda: {columnId: id, isReference: undefined, value: Object} @ http://localhost:3000/_next/static/chunks/11hm_next_dist_0m6rgog._.js:2441
[  164798ms] [LOG] [DEBUG] Renderizando celda: {columnId: id, isReference: undefined, value: Object} @ http://localhost:3000/_next/static/chunks/11hm_next_dist_0m6rgog._.js:2441
[  164798ms] [LOG] [DEBUG] Renderizando celda: {columnId: nombre, isReference: undefined, value: Object} @ http://localhost:3000/_next/static/chunks/11hm_next_dist_0m6rgog._.js:2441
[  164798ms] [LOG] [DEBUG] Renderizando celda: {columnId: nombre, isReference: undefined, value: Object} @ http://localhost:3000/_next/static/chunks/11hm_next_dist_0m6rgog._.js:2441
[  164798ms] [LOG] [DEBUG] Renderizando celda: {columnId: email, isReference: undefined, value: Object} @ http://localhost:3000/_next/static/chunks/11hm_next_dist_0m6rgog._.js:2441
[  164798ms] [LOG] [DEBUG] Renderizando celda: {columnId: email, isReference: undefined, value: Object} @ http://localhost:3000/_next/static/chunks/11hm_next_dist_0m6rgog._.js:2441
[  164798ms] [LOG] [DEBUG] Renderizando celda: {columnId: telefono, isReference: undefined, value: Object} @ http://localhost:3000/_next/static/chunks/11hm_next_dist_0m6rgog._.js:2441
[  164798ms] [LOG] [DEBUG] Renderizando celda: {columnId: telefono, isReference: undefined, value: Object} @ http://localhost:3000/_next/static/chunks/11hm_next_dist_0m6rgog._.js:2441
[  164798ms] [LOG] [DEBUG] Tipo corregido: number -> date {originalValue: 34639345678, originalType: number, detectedType: date} @ http://localhost:3000/_next/static/chunks/11hm_next_dist_0m6rgog._.js:2441
[  164798ms] [LOG] [DEBUG] Tipo corregido: number -> date {originalValue: 34639345678, originalType: number, detectedType: date} @ http://localhost:3000/_next/static/chunks/11hm_next_dist_0m6rgog._.js:2441
[  164798ms] [LOG] [DEBUG] Renderizando celda: {columnId: ciudad, isReference: undefined, value: Object} @ http://localhost:3000/_next/static/chunks/11hm_next_dist_0m6rgog._.js:2441
[  164798ms] [LOG] [DEBUG] Renderizando celda: {columnId: ciudad, isReference: undefined, value: Object} @ http://localhost:3000/_next/static/chunks/11hm_next_dist_0m6rgog._.js:2441
[  164798ms] [LOG] [DEBUG] Renderizando celda: {columnId: rol, isReference: undefined, value: Object} @ http://localhost:3000/_next/static/chunks/11hm_next_dist_0m6rgog._.js:2441
[  164798ms] [LOG] [DEBUG] Renderizando celda: {columnId: rol, isReference: undefined, value: Object} @ http://localhost:3000/_next/static/chunks/11hm_next_dist_0m6rgog._.js:2441
[  164799ms] [LOG] [DEBUG] Renderizando celda: {columnId: estado, isReference: undefined, value: Object} @ http://localhost:3000/_next/static/chunks/11hm_next_dist_0m6rgog._.js:2441
[  164799ms] [LOG] [DEBUG] Renderizando celda: {columnId: estado, isReference: undefined, value: Object} @ http://localhost:3000/_next/static/chunks/11hm_next_dist_0m6rgog._.js:2441
[  164799ms] [LOG] [DEBUG] Renderizando celda: {columnId: fechaRegistro, isReference: undefined, value: Object} @ http://localhost:3000/_next/static/chunks/11hm_next_dist_0m6rgog._.js:2441
[  164799ms] [LOG] [DEBUG] Renderizando celda: {columnId: fechaRegistro, isReference: undefined, value: Object} @ http://localhost:3000/_next/static/chunks/11hm_next_dist_0m6rgog._.js:2441
[  164799ms] [LOG] [DEBUG] Renderizando celda: {columnId: ultimoContacto, isReference: undefined, value: Object} @ http://localhost:3000/_next/static/chunks/11hm_next_dist_0m6rgog._.js:2441
[  164799ms] [LOG] [DEBUG] Renderizando celda: {columnId: ultimoContacto, isReference: undefined, value: Object} @ http://localhost:3000/_next/static/chunks/11hm_next_dist_0m6rgog._.js:2441
[  164799ms] [LOG] [DEBUG] Renderizando celda: {columnId: valorTotal, isReference: undefined, value: Object} @ http://localhost:3000/_next/static/chunks/11hm_next_dist_0m6rgog._.js:2441
[  164799ms] [LOG] [DEBUG] Renderizando celda: {columnId: valorTotal, isReference: undefined, value: Object} @ http://localhost:3000/_next/static/chunks/11hm_next_dist_0m6rgog._.js:2441
[  164799ms] [LOG] [DEBUG] Tipo corregido: string -> number {originalValue: 3120, originalType: string, detectedType: number} @ http://localhost:3000/_next/static/chunks/11hm_next_dist_0m6rgog._.js:2441
[  164799ms] [LOG] [DEBUG] Tipo corregido: string -> number {originalValue: 3120, originalType: string, detectedType: number} @ http://localhost:3000/_next/static/chunks/11hm_next_dist_0m6rgog._.js:2441
[  164799ms] [LOG] [DEBUG] Renderizando celda: {columnId: satisfaccion, isReference: undefined, value: Object} @ http://localhost:3000/_next/static/chunks/11hm_next_dist_0m6rgog._.js:2441
[  164799ms] [LOG] [DEBUG] Renderizando celda: {columnId: satisfaccion, isReference: undefined, value: Object} @ http://localhost:3000/_next/static/chunks/11hm_next_dist_0m6rgog._.js:2441
[  164800ms] [LOG] [DEBUG] Renderizando celda: {columnId: activo, isReference: undefined, value: Object} @ http://localhost:3000/_next/static/chunks/11hm_next_dist_0m6rgog._.js:2441
[  164800ms] [LOG] [DEBUG] Renderizando celda: {columnId: activo, isReference: undefined, value: Object} @ http://localhost:3000/_next/static/chunks/11hm_next_dist_0m6rgog._.js:2441
[  164800ms] [LOG] [DEBUG] Tipo corregido: boolean -> string {originalValue: true, originalType: boolean, detectedType: string} @ http://localhost:3000/_next/static/chunks/11hm_next_dist_0m6rgog._.js:2441
[  164800ms] [LOG] [DEBUG] Tipo corregido: boolean -> string {originalValue: true, originalType: boolean, detectedType: string} @ http://localhost:3000/_next/static/chunks/11hm_next_dist_0m6rgog._.js:2441
[  164801ms] [LOG] [DEBUG] Renderizando celda: {columnId: id, isReference: undefined, value: Object} @ http://localhost:3000/_next/static/chunks/11hm_next_dist_0m6rgog._.js:2441
[  164801ms] [LOG] [DEBUG] Renderizando celda: {columnId: id, isReference: undefined, value: Object} @ http://localhost:3000/_next/static/chunks/11hm_next_dist_0m6rgog._.js:2441
[  164801ms] [LOG] [DEBUG] Renderizando celda: {columnId: nombre, isReference: undefined, value: Object} @ http://localhost:3000/_next/static/chunks/11hm_next_dist_0m6rgog._.js:2441
[  164802ms] [LOG] [DEBUG] Renderizando celda: {columnId: nombre, isReference: undefined, value: Object} @ http://localhost:3000/_next/static/chunks/11hm_next_dist_0m6rgog._.js:2441
[  164802ms] [LOG] [DEBUG] Renderizando celda: {columnId: email, isReference: undefined, value: Object} @ http://localhost:3000/_next/static/chunks/11hm_next_dist_0m6rgog._.js:2441
[  164802ms] [LOG] [DEBUG] Renderizando celda: {columnId: email, isReference: undefined, value: Object} @ http://localhost:3000/_next/static/chunks/11hm_next_dist_0m6rgog._.js:2441
[  164802ms] [LOG] [DEBUG] Renderizando celda: {columnId: telefono, isReference: undefined, value: Object} @ http://localhost:3000/_next/static/chunks/11hm_next_dist_0m6rgog._.js:2441
[  164802ms] [LOG] [DEBUG] Renderizando celda: {columnId: telefono, isReference: undefined, value: Object} @ http://localhost:3000/_next/static/chunks/11hm_next_dist_0m6rgog._.js:2441
[  164802ms] [LOG] [DEBUG] Tipo corregido: number -> date {originalValue: 34660456789, originalType: number, detectedType: date} @ http://localhost:3000/_next/static/chunks/11hm_next_dist_0m6rgog._.js:2441
[  164802ms] [LOG] [DEBUG] Tipo corregido: number -> date {originalValue: 34660456789, originalType: number, detectedType: date} @ http://localhost:3000/_next/static/chunks/11hm_next_dist_0m6rgog._.js:2441
[  164802ms] [LOG] [DEBUG] Renderizando celda: {columnId: ciudad, isReference: undefined, value: Object} @ http://localhost:3000/_next/static/chunks/11hm_next_dist_0m6rgog._.js:2441
[  164802ms] [LOG] [DEBUG] Renderizando celda: {columnId: ciudad, isReference: undefined, value: Object} @ http://localhost:3000/_next/static/chunks/11hm_next_dist_0m6rgog._.js:2441
[  164802ms] [LOG] [DEBUG] Renderizando celda: {columnId: rol, isReference: undefined, value: Object} @ http://localhost:3000/_next/static/chunks/11hm_next_dist_0m6rgog._.js:2441
[  164802ms] [LOG] [DEBUG] Renderizando celda: {columnId: rol, isReference: undefined, value: Object} @ http://localhost:3000/_next/static/chunks/11hm_next_dist_0m6rgog._.js:2441
[  164802ms] [LOG] [DEBUG] Renderizando celda: {columnId: estado, isReference: undefined, value: Object} @ http://localhost:3000/_next/static/chunks/11hm_next_dist_0m6rgog._.js:2441
[  164802ms] [LOG] [DEBUG] Renderizando celda: {columnId: estado, isReference: undefined, value: Object} @ http://localhost:3000/_next/static/chunks/11hm_next_dist_0m6rgog._.js:2441
[  164802ms] [LOG] [DEBUG] Renderizando celda: {columnId: fechaRegistro, isReference: undefined, value: Object} @ http://localhost:3000/_next/static/chunks/11hm_next_dist_0m6rgog._.js:2441
[  164803ms] [LOG] [DEBUG] Renderizando celda: {columnId: fechaRegistro, isReference: undefined, value: Object} @ http://localhost:3000/_next/static/chunks/11hm_next_dist_0m6rgog._.js:2441
[  164803ms] [LOG] [DEBUG] Renderizando celda: {columnId: ultimoContacto, isReference: undefined, value: Object} @ http://localhost:3000/_next/static/chunks/11hm_next_dist_0m6rgog._.js:2441
[  164803ms] [LOG] [DEBUG] Renderizando celda: {columnId: ultimoContacto, isReference: undefined, value: Object} @ http://localhost:3000/_next/static/chunks/11hm_next_dist_0m6rgog._.js:2441
[  164803ms] [LOG] [DEBUG] Renderizando celda: {columnId: valorTotal, isReference: undefined, value: Object} @ http://localhost:3000/_next/static/chunks/11hm_next_dist_0m6rgog._.js:2441
[  164803ms] [LOG] [DEBUG] Renderizando celda: {columnId: valorTotal, isReference: undefined, value: Object} @ http://localhost:3000/_next/static/chunks/11hm_next_dist_0m6rgog._.js:2441
[  164803ms] [LOG] [DEBUG] Tipo corregido: string -> number {originalValue: 1680, originalType: string, detectedType: number} @ http://localhost:3000/_next/static/chunks/11hm_next_dist_0m6rgog._.js:2441
[  164803ms] [LOG] [DEBUG] Tipo corregido: string -> number {originalValue: 1680, originalType: string, detectedType: number} @ http://localhost:3000/_next/static/chunks/11hm_next_dist_0m6rgog._.js:2441
[  164803ms] [LOG] [DEBUG] Renderizando celda: {columnId: satisfaccion, isReference: undefined, value: Object} @ http://localhost:3000/_next/static/chunks/11hm_next_dist_0m6rgog._.js:2441
[  164803ms] [LOG] [DEBUG] Renderizando celda: {columnId: satisfaccion, isReference: undefined, value: Object} @ http://localhost:3000/_next/static/chunks/11hm_next_dist_0m6rgog._.js:2441
[  164803ms] [LOG] [DEBUG] Renderizando celda: {columnId: activo, isReference: undefined, value: Object} @ http://localhost:3000/_next/static/chunks/11hm_next_dist_0m6rgog._.js:2441
[  164803ms] [LOG] [DEBUG] Renderizando celda: {columnId: activo, isReference: undefined, value: Object} @ http://localhost:3000/_next/static/chunks/11hm_next_dist_0m6rgog._.js:2441
[  164803ms] [LOG] [DEBUG] Tipo corregido: boolean -> string {originalValue: false, originalType: boolean, detectedType: string} @ http://localhost:3000/_next/static/chunks/11hm_next_dist_0m6rgog._.js:2441
[  164803ms] [LOG] [DEBUG] Tipo corregido: boolean -> string {originalValue: false, originalType: boolean, detectedType: string} @ http://localhost:3000/_next/static/chunks/11hm_next_dist_0m6rgog._.js:2441
[  164805ms] [LOG] [DEBUG] Renderizando celda: {columnId: id, isReference: undefined, value: Object} @ http://localhost:3000/_next/static/chunks/11hm_next_dist_0m6rgog._.js:2441
[  164805ms] [LOG] [DEBUG] Renderizando celda: {columnId: id, isReference: undefined, value: Object} @ http://localhost:3000/_next/static/chunks/11hm_next_dist_0m6rgog._.js:2441
[  164805ms] [LOG] [DEBUG] Renderizando celda: {columnId: nombre, isReference: undefined, value: Object} @ http://localhost:3000/_next/static/chunks/11hm_next_dist_0m6rgog._.js:2441
[  164805ms] [LOG] [DEBUG] Renderizando celda: {columnId: nombre, isReference: undefined, value: Object} @ http://localhost:3000/_next/static/chunks/11hm_next_dist_0m6rgog._.js:2441
[  164805ms] [LOG] [DEBUG] Renderizando celda: {columnId: email, isReference: undefined, value: Object} @ http://localhost:3000/_next/static/chunks/11hm_next_dist_0m6rgog._.js:2441
[  164805ms] [LOG] [DEBUG] Renderizando celda: {columnId: email, isReference: undefined, value: Object} @ http://localhost:3000/_next/static/chunks/11hm_next_dist_0m6rgog._.js:2441
[  164805ms] [LOG] [DEBUG] Renderizando celda: {columnId: telefono, isReference: undefined, value: Object} @ http://localhost:3000/_next/static/chunks/11hm_next_dist_0m6rgog._.js:2441
[  164805ms] [LOG] [DEBUG] Renderizando celda: {columnId: telefono, isReference: undefined, value: Object} @ http://localhost:3000/_next/static/chunks/11hm_next_dist_0m6rgog._.js:2441
[  164805ms] [LOG] [DEBUG] Tipo corregido: number -> date {originalValue: 34681567890, originalType: number, detectedType: date} @ http://localhost:3000/_next/static/chunks/11hm_next_dist_0m6rgog._.js:2441
[  164805ms] [LOG] [DEBUG] Tipo corregido: number -> date {originalValue: 34681567890, originalType: number, detectedType: date} @ http://localhost:3000/_next/static/chunks/11hm_next_dist_0m6rgog._.js:2441
[  164805ms] [LOG] [DEBUG] Renderizando celda: {columnId: ciudad, isReference: undefined, value: Object} @ http://localhost:3000/_next/static/chunks/11hm_next_dist_0m6rgog._.js:2441
[  164805ms] [LOG] [DEBUG] Renderizando celda: {columnId: ciudad, isReference: undefined, value: Object} @ http://localhost:3000/_next/static/chunks/11hm_next_dist_0m6rgog._.js:2441
[  164805ms] [LOG] [DEBUG] Renderizando celda: {columnId: rol, isReference: undefined, value: Object} @ http://localhost:3000/_next/static/chunks/11hm_next_dist_0m6rgog._.js:2441
[  164805ms] [LOG] [DEBUG] Renderizando celda: {columnId: rol, isReference: undefined, value: Object} @ http://localhost:3000/_next/static/chunks/11hm_next_dist_0m6rgog._.js:2441
[  164805ms] [LOG] [DEBUG] Renderizando celda: {columnId: estado, isReference: undefined, value: Object} @ http://localhost:3000/_next/static/chunks/11hm_next_dist_0m6rgog._.js:2441
[  164806ms] [LOG] [DEBUG] Renderizando celda: {columnId: estado, isReference: undefined, value: Object} @ http://localhost:3000/_next/static/chunks/11hm_next_dist_0m6rgog._.js:2441
[  164806ms] [LOG] [DEBUG] Renderizando celda: {columnId: fechaRegistro, isReference: undefined, value: Object} @ http://localhost:3000/_next/static/chunks/11hm_next_dist_0m6rgog._.js:2441
[  164806ms] [LOG] [DEBUG] Renderizando celda: {columnId: fechaRegistro, isReference: undefined, value: Object} @ http://localhost:3000/_next/static/chunks/11hm_next_dist_0m6rgog._.js:2441
[  164806ms] [LOG] [DEBUG] Renderizando celda: {columnId: ultimoContacto, isReference: undefined, value: Object} @ http://localhost:3000/_next/static/chunks/11hm_next_dist_0m6rgog._.js:2441
[  164806ms] [LOG] [DEBUG] Renderizando celda: {columnId: ultimoContacto, isReference: undefined, value: Object} @ http://localhost:3000/_next/static/chunks/11hm_next_dist_0m6rgog._.js:2441
[  164806ms] [LOG] [DEBUG] Renderizando celda: {columnId: valorTotal, isReference: undefined, value: Object} @ http://localhost:3000/_next/static/chunks/11hm_next_dist_0m6rgog._.js:2441
[  164806ms] [LOG] [DEBUG] Renderizando celda: {columnId: valorTotal, isReference: undefined, value: Object} @ http://localhost:3000/_next/static/chunks/11hm_next_dist_0m6rgog._.js:2441
[  164806ms] [LOG] [DEBUG] Tipo corregido: string -> number {originalValue: 480, originalType: string, detectedType: number} @ http://localhost:3000/_next/static/chunks/11hm_next_dist_0m6rgog._.js:2441
[  164806ms] [LOG] [DEBUG] Tipo corregido: string -> number {originalValue: 480, originalType: string, detectedType: number} @ http://localhost:3000/_next/static/chunks/11hm_next_dist_0m6rgog._.js:2441
[  164806ms] [LOG] [DEBUG] Renderizando celda: {columnId: satisfaccion, isReference: undefined, value: Object} @ http://localhost:3000/_next/static/chunks/11hm_next_dist_0m6rgog._.js:2441
[  164806ms] [LOG] [DEBUG] Renderizando celda: {columnId: satisfaccion, isReference: undefined, value: Object} @ http://localhost:3000/_next/static/chunks/11hm_next_dist_0m6rgog._.js:2441
[  164806ms] [LOG] [DEBUG] Renderizando celda: {columnId: activo, isReference: undefined, value: Object} @ http://localhost:3000/_next/static/chunks/11hm_next_dist_0m6rgog._.js:2441
[  164806ms] [LOG] [DEBUG] Renderizando celda: {columnId: activo, isReference: undefined, value: Object} @ http://localhost:3000/_next/static/chunks/11hm_next_dist_0m6rgog._.js:2441
[  164806ms] [LOG] [DEBUG] Tipo corregido: boolean -> string {originalValue: true, originalType: boolean, detectedType: string} @ http://localhost:3000/_next/static/chunks/11hm_next_dist_0m6rgog._.js:2441
[  164806ms] [LOG] [DEBUG] Tipo corregido: boolean -> string {originalValue: true, originalType: boolean, detectedType: string} @ http://localhost:3000/_next/static/chunks/11hm_next_dist_0m6rgog._.js:2441
[  164810ms] [LOG] [DEBUG] Renderizando SecondaryTables: {level: 0, parentId: undefined, isLoading: false, arrayColumnsCount: 0, arrayColumns: Array(0)} @ http://localhost:3000/_next/static/chunks/11hm_next_dist_0m6rgog._.js:2441
[  164810ms] [LOG] [DEBUG] Renderizando SecondaryTables: {level: 0, parentId: undefined, isLoading: false, arrayColumnsCount: 0, arrayColumns: Array(0)} @ http://localhost:3000/_next/static/chunks/11hm_next_dist_0m6rgog._.js:2441
[  164853ms] Error: Hydration failed because the server rendered HTML didn't match the client. As a result this tree will be regenerated on the client. This can happen if a SSR-ed Client Component used:

- A server/client branch `if (typeof window !== 'undefined')`.
- Variable input such as `Date.now()` or `Math.random()` which changes each time it's called.
- Date formatting in a user's locale which doesn't match the server.
- External changing data without sending a snapshot of it along with the HTML.
- Invalid HTML tag nesting.

It can also happen if the client has a browser extension installed which messes with the HTML before React loaded.

https://react.dev/link/hydration-mismatch

  ...
    <RedirectBoundary>
      <RedirectErrorBoundary router={{...}}>
        <InnerLayoutRouter url="/es/demo/t..." tree={[...]} params={{lang:"es"}} cacheNode={{rsc:{...}, ...}} ...>
          <SegmentViewNode type="page" pagePath="[lang]/(pu...">
            <SegmentTrieNode>
            <ClientPageRoot Component={function DemoTablePage} serverProvidedParams={{...}}>
              <DemoTablePage params={Promise} searchParams={Promise}>
                <div className="container ...">
                  <div>
                  <div>
                  <JsonTable data={[...]}>
                    <TableErrorBoundary>
                      <CardContent className="relative">
                        <div ref={undefined} data-slot="card-content" className="pb-6 relative" style={{...}}>
                          <div>
                          <TableToolbar>
                          <div>
                          <div className="rounded-md...">
                            <div
+                             className="alkitu-table-scroll overflow-auto"
-                             className="overflow-auto"
                              style={{height:"calc(100vh...",minHeight:"300px",maxHeight:"800px"}}
                            >
+                             <style>
-                             <div data-slot="table-container" className="relative w-full overflow-x-auto">
                              ...
                          ...
          ...
        ...

    at throwOnHydrationMismatch (http://localhost:3000/_next/static/chunks/11hm_next_dist_compiled_react-dom_003uc._._.js:3318:56)
    at beginWork (http://localhost:3000/_next/static/chunks/11hm_next_dist_compiled_react-dom_003uc._._.js:6758:918)
    at runWithFiberInDEV (http://localhost:3000/_next/static/chunks/11hm_next_dist_compiled_react-dom_003uc._._.js:965:74)
    at performUnitOfWork (http://localhost:3000/_next/static/chunks/11hm_next_dist_compiled_react-dom_003uc._._.js:9555:97)
    at workLoopConcurrentByScheduler (http://localhost:3000/_next/static/chunks/11hm_next_dist_compiled_react-dom_003uc._._.js:9551:58)
    at renderRootConcurrent (http://localhost:3000/_next/static/chunks/11hm_next_dist_compiled_react-dom_003uc._._.js:9534:71)
    at performWorkOnRoot (http://localhost:3000/_next/static/chunks/11hm_next_dist_compiled_react-dom_003uc._._.js:9061:150)
    at performWorkOnRootViaSchedulerTask (http://localhost:3000/_next/static/chunks/11hm_next_dist_compiled_react-dom_003uc._._.js:10255:9)
    at MessagePort.performWorkUntilDeadline (http://localhost:3000/_next/static/chunks/11hm_next_dist_compiled_0fu2kq5._.js:2647:64)
[  164820ms] [LOG] Service Worker registration skipped in development mode for better debugging experience @ http://localhost:3000/_next/static/chunks/11hm_next_dist_0m6rgog._.js:2441
[  164820ms] [LOG] Run in production mode to test service worker functionality @ http://localhost:3000/_next/static/chunks/11hm_next_dist_0m6rgog._.js:2441
[  164821ms] [LOG] [DEBUG] Valor de busqueda:  @ http://localhost:3000/_next/static/chunks/11hm_next_dist_0m6rgog._.js:2441
[  164823ms] [LOG] [DEBUG] Array columns procesadas: {count: 0, totalRegistros: 0, columns: Array(0)} @ http://localhost:3000/_next/static/chunks/11hm_next_dist_0m6rgog._.js:2441
[  164824ms] [LOG] 🎨 [ThemeContext] Using hardcoded default theme @ http://localhost:3000/_next/static/chunks/11hm_next_dist_0m6rgog._.js:2441
[  164829ms] [LOG] Service Worker registration skipped in development mode for better debugging experience @ http://localhost:3000/_next/static/chunks/11hm_next_dist_0m6rgog._.js:2441
[  164830ms] [LOG] Run in production mode to test service worker functionality @ http://localhost:3000/_next/static/chunks/11hm_next_dist_0m6rgog._.js:2441
[  164830ms] [LOG] [DEBUG] Valor de busqueda:  @ http://localhost:3000/_next/static/chunks/11hm_next_dist_0m6rgog._.js:2441
[  164831ms] [LOG] [DEBUG] Array columns procesadas: {count: 0, totalRegistros: 0, columns: Array(0)} @ http://localhost:3000/_next/static/chunks/11hm_next_dist_0m6rgog._.js:2441
[  164832ms] [LOG] 🎨 [ThemeContext] Using hardcoded default theme @ http://localhost:3000/_next/static/chunks/11hm_next_dist_0m6rgog._.js:2441
[  164834ms] [LOG] [DEBUG] Effective column order: {baseOrder: Array(14), pinnedColumnId: index, otherColumns: Array(13), hasActions: true, result: Array(15)} @ http://localhost:3000/_next/static/chunks/11hm_next_dist_0m6rgog._.js:2441
[  164834ms] [LOG] [DEBUG] Effective column order: {baseOrder: Array(14), pinnedColumnId: index, otherColumns: Array(13), hasActions: true, result: Array(15)} @ http://localhost:3000/_next/static/chunks/11hm_next_dist_0m6rgog._.js:2441
[  164835ms] [LOG] [DEBUG] Effective column order: {baseOrder: Array(14), pinnedColumnId: index, otherColumns: Array(13), hasActions: true, result: Array(15)} @ http://localhost:3000/_next/static/chunks/11hm_next_dist_0m6rgog._.js:2441
[  164836ms] [LOG] [DEBUG] Effective column order: {baseOrder: Array(14), pinnedColumnId: index, otherColumns: Array(13), hasActions: true, result: Array(15)} @ http://localhost:3000/_next/static/chunks/11hm_next_dist_0m6rgog._.js:2441
[  164847ms] [LOG] [DEBUG] Renderizando celda: {columnId: id, isReference: undefined, value: Object} @ http://localhost:3000/_next/static/chunks/11hm_next_dist_0m6rgog._.js:2441
[  164847ms] [LOG] [DEBUG] Renderizando celda: {columnId: id, isReference: undefined, value: Object} @ http://localhost:3000/_next/static/chunks/11hm_next_dist_0m6rgog._.js:2441
[  164847ms] [LOG] [DEBUG] Renderizando celda: {columnId: nombre, isReference: undefined, value: Object} @ http://localhost:3000/_next/static/chunks/11hm_next_dist_0m6rgog._.js:2441
[  164847ms] [LOG] [DEBUG] Renderizando celda: {columnId: nombre, isReference: undefined, value: Object} @ http://localhost:3000/_next/static/chunks/11hm_next_dist_0m6rgog._.js:2441
[  164847ms] [LOG] [DEBUG] Renderizando celda: {columnId: email, isReference: undefined, value: Object} @ http://localhost:3000/_next/static/chunks/11hm_next_dist_0m6rgog._.js:2441
[  164847ms] [LOG] [DEBUG] Renderizando celda: {columnId: email, isReference: undefined, value: Object} @ http://localhost:3000/_next/static/chunks/11hm_next_dist_0m6rgog._.js:2441
[  164848ms] [LOG] [DEBUG] Renderizando celda: {columnId: telefono, isReference: undefined, value: Object} @ http://localhost:3000/_next/static/chunks/11hm_next_dist_0m6rgog._.js:2441
[  164848ms] [LOG] [DEBUG] Renderizando celda: {columnId: telefono, isReference: undefined, value: Object} @ http://localhost:3000/_next/static/chunks/11hm_next_dist_0m6rgog._.js:2441
[  164848ms] [LOG] [DEBUG] Renderizando celda: {columnId: ciudad, isReference: undefined, value: Object} @ http://localhost:3000/_next/static/chunks/11hm_next_dist_0m6rgog._.js:2441
[  164848ms] [LOG] [DEBUG] Renderizando celda: {columnId: ciudad, isReference: undefined, value: Object} @ http://localhost:3000/_next/static/chunks/11hm_next_dist_0m6rgog._.js:2441
[  164848ms] [LOG] [DEBUG] Renderizando celda: {columnId: rol, isReference: undefined, value: Object} @ http://localhost:3000/_next/static/chunks/11hm_next_dist_0m6rgog._.js:2441
[  164848ms] [LOG] [DEBUG] Renderizando celda: {columnId: rol, isReference: undefined, value: Object} @ http://localhost:3000/_next/static/chunks/11hm_next_dist_0m6rgog._.js:2441
[  164848ms] [LOG] [DEBUG] Renderizando celda: {columnId: estado, isReference: undefined, value: Object} @ http://localhost:3000/_next/static/chunks/11hm_next_dist_0m6rgog._.js:2441
[  164848ms] [LOG] [DEBUG] Renderizando celda: {columnId: estado, isReference: undefined, value: Object} @ http://localhost:3000/_next/static/chunks/11hm_next_dist_0m6rgog._.js:2441
[  164848ms] [LOG] [DEBUG] Renderizando celda: {columnId: fechaRegistro, isReference: undefined, value: Object} @ http://localhost:3000/_next/static/chunks/11hm_next_dist_0m6rgog._.js:2441
[  164848ms] [LOG] [DEBUG] Renderizando celda: {columnId: fechaRegistro, isReference: undefined, value: Object} @ http://localhost:3000/_next/static/chunks/11hm_next_dist_0m6rgog._.js:2441
[  164848ms] [LOG] [DEBUG] Renderizando celda: {columnId: ultimoContacto, isReference: undefined, value: Object} @ http://localhost:3000/_next/static/chunks/11hm_next_dist_0m6rgog._.js:2441
[  164848ms] [LOG] [DEBUG] Renderizando celda: {columnId: ultimoContacto, isReference: undefined, value: Object} @ http://localhost:3000/_next/static/chunks/11hm_next_dist_0m6rgog._.js:2441
[  164848ms] [LOG] [DEBUG] Renderizando celda: {columnId: valorTotal, isReference: undefined, value: Object} @ http://localhost:3000/_next/static/chunks/11hm_next_dist_0m6rgog._.js:2441
[  164849ms] [LOG] [DEBUG] Renderizando celda: {columnId: valorTotal, isReference: undefined, value: Object} @ http://localhost:3000/_next/static/chunks/11hm_next_dist_0m6rgog._.js:2441
[  164849ms] [LOG] [DEBUG] Renderizando celda: {columnId: satisfaccion, isReference: undefined, value: Object} @ http://localhost:3000/_next/static/chunks/11hm_next_dist_0m6rgog._.js:2441
[  164849ms] [LOG] [DEBUG] Renderizando celda: {columnId: satisfaccion, isReference: undefined, value: Object} @ http://localhost:3000/_next/static/chunks/11hm_next_dist_0m6rgog._.js:2441
[  164849ms] [LOG] [DEBUG] Renderizando celda: {columnId: activo, isReference: undefined, value: Object} @ http://localhost:3000/_next/static/chunks/11hm_next_dist_0m6rgog._.js:2441
[  164849ms] [LOG] [DEBUG] Renderizando celda: {columnId: activo, isReference: undefined, value: Object} @ http://localhost:3000/_next/static/chunks/11hm_next_dist_0m6rgog._.js:2441
[  164849ms] [LOG] [DEBUG] Renderizando celda: {columnId: id, isReference: undefined, value: Object} @ http://localhost:3000/_next/static/chunks/11hm_next_dist_0m6rgog._.js:2441
[  164850ms] [LOG] [DEBUG] Renderizando celda: {columnId: id, isReference: undefined, value: Object} @ http://localhost:3000/_next/static/chunks/11hm_next_dist_0m6rgog._.js:2441
[  164850ms] [LOG] [DEBUG] Renderizando celda: {columnId: nombre, isReference: undefined, value: Object} @ http://localhost:3000/_next/static/chunks/11hm_next_dist_0m6rgog._.js:2441
[  164850ms] [LOG] [DEBUG] Renderizando celda: {columnId: nombre, isReference: undefined, value: Object} @ http://localhost:3000/_next/static/chunks/11hm_next_dist_0m6rgog._.js:2441
[  164850ms] [LOG] [DEBUG] Renderizando celda: {columnId: email, isReference: undefined, value: Object} @ http://localhost:3000/_next/static/chunks/11hm_next_dist_0m6rgog._.js:2441
[  164850ms] [LOG] [DEBUG] Renderizando celda: {columnId: email, isReference: undefined, value: Object} @ http://localhost:3000/_next/static/chunks/11hm_next_dist_0m6rgog._.js:2441
[  164850ms] [LOG] [DEBUG] Renderizando celda: {columnId: telefono, isReference: undefined, value: Object} @ http://localhost:3000/_next/static/chunks/11hm_next_dist_0m6rgog._.js:2441
[  164850ms] [LOG] [DEBUG] Renderizando celda: {columnId: telefono, isReference: undefined, value: Object} @ http://localhost:3000/_next/static/chunks/11hm_next_dist_0m6rgog._.js:2441
[  164850ms] [LOG] [DEBUG] Renderizando celda: {columnId: ciudad, isReference: undefined, value: Object} @ http://localhost:3000/_next/static/chunks/11hm_next_dist_0m6rgog._.js:2441
[  164850ms] [LOG] [DEBUG] Renderizando celda: {columnId: ciudad, isReference: undefined, value: Object} @ http://localhost:3000/_next/static/chunks/11hm_next_dist_0m6rgog._.js:2441
[  164850ms] [LOG] [DEBUG] Renderizando celda: {columnId: rol, isReference: undefined, value: Object} @ http://localhost:3000/_next/static/chunks/11hm_next_dist_0m6rgog._.js:2441
[  164850ms] [LOG] [DEBUG] Renderizando celda: {columnId: rol, isReference: undefined, value: Object} @ http://localhost:3000/_next/static/chunks/11hm_next_dist_0m6rgog._.js:2441
[  164850ms] [LOG] [DEBUG] Renderizando celda: {columnId: estado, isReference: undefined, value: Object} @ http://localhost:3000/_next/static/chunks/11hm_next_dist_0m6rgog._.js:2441
[  164851ms] [LOG] [DEBUG] Renderizando celda: {columnId: estado, isReference: undefined, value: Object} @ http://localhost:3000/_next/static/chunks/11hm_next_dist_0m6rgog._.js:2441
[  164851ms] [LOG] [DEBUG] Renderizando celda: {columnId: fechaRegistro, isReference: undefined, value: Object} @ http://localhost:3000/_next/static/chunks/11hm_next_dist_0m6rgog._.js:2441
[  164851ms] [LOG] [DEBUG] Renderizando celda: {columnId: fechaRegistro, isReference: undefined, value: Object} @ http://localhost:3000/_next/static/chunks/11hm_next_dist_0m6rgog._.js:2441
[  164851ms] [LOG] [DEBUG] Renderizando celda: {columnId: ultimoContacto, isReference: undefined, value: Object} @ http://localhost:3000/_next/static/chunks/11hm_next_dist_0m6rgog._.js:2441
[  164851ms] [LOG] [DEBUG] Renderizando celda: {columnId: ultimoContacto, isReference: undefined, value: Object} @ http://localhost:3000/_next/static/chunks/11hm_next_dist_0m6rgog._.js:2441
[  164851ms] [LOG] [DEBUG] Renderizando celda: {columnId: valorTotal, isReference: undefined, value: Object} @ http://localhost:3000/_next/static/chunks/11hm_next_dist_0m6rgog._.js:2441
[  164851ms] [LOG] [DEBUG] Renderizando celda: {columnId: valorTotal, isReference: undefined, value: Object} @ http://localhost:3000/_next/static/chunks/11hm_next_dist_0m6rgog._.js:2441
[  164851ms] [LOG] [DEBUG] Renderizando celda: {columnId: satisfaccion, isReference: undefined, value: Object} @ http://localhost:3000/_next/static/chunks/11hm_next_dist_0m6rgog._.js:2441
[  164851ms] [LOG] [DEBUG] Renderizando celda: {columnId: satisfaccion, isReference: undefined, value: Object} @ http://localhost:3000/_next/static/chunks/11hm_next_dist_0m6rgog._.js:2441
[  164851ms] [LOG] [DEBUG] Renderizando celda: {columnId: activo, isReference: undefined, value: Object} @ http://localhost:3000/_next/static/chunks/11hm_next_dist_0m6rgog._.js:2441
[  164851ms] [LOG] [DEBUG] Renderizando celda: {columnId: activo, isReference: undefined, value: Object} @ http://localhost:3000/_next/static/chunks/11hm_next_dist_0m6rgog._.js:2441
[  164852ms] [LOG] [DEBUG] Renderizando celda: {columnId: id, isReference: undefined, value: Object} @ http://localhost:3000/_next/static/chunks/11hm_next_dist_0m6rgog._.js:2441
[  164852ms] [LOG] [DEBUG] Renderizando celda: {columnId: id, isReference: undefined, value: Object} @ http://localhost:3000/_next/static/chunks/11hm_next_dist_0m6rgog._.js:2441
[  164852ms] [LOG] [DEBUG] Renderizando celda: {columnId: nombre, isReference: undefined, value: Object} @ http://localhost:3000/_next/static/chunks/11hm_next_dist_0m6rgog._.js:2441
[  164852ms] [LOG] [DEBUG] Renderizando celda: {columnId: nombre, isReference: undefined, value: Object} @ http://localhost:3000/_next/static/chunks/11hm_next_dist_0m6rgog._.js:2441
[  164853ms] [LOG] [DEBUG] Renderizando celda: {columnId: email, isReference: undefined, value: Object} @ http://localhost:3000/_next/static/chunks/11hm_next_dist_0m6rgog._.js:2441
[  164853ms] [LOG] [DEBUG] Renderizando celda: {columnId: email, isReference: undefined, value: Object} @ http://localhost:3000/_next/static/chunks/11hm_next_dist_0m6rgog._.js:2441
[  164853ms] [LOG] [DEBUG] Renderizando celda: {columnId: telefono, isReference: undefined, value: Object} @ http://localhost:3000/_next/static/chunks/11hm_next_dist_0m6rgog._.js:2441
[  164853ms] [LOG] [DEBUG] Renderizando celda: {columnId: telefono, isReference: undefined, value: Object} @ http://localhost:3000/_next/static/chunks/11hm_next_dist_0m6rgog._.js:2441
[  164853ms] [LOG] [DEBUG] Renderizando celda: {columnId: ciudad, isReference: undefined, value: Object} @ http://localhost:3000/_next/static/chunks/11hm_next_dist_0m6rgog._.js:2441
[  164853ms] [LOG] [DEBUG] Renderizando celda: {columnId: ciudad, isReference: undefined, value: Object} @ http://localhost:3000/_next/static/chunks/11hm_next_dist_0m6rgog._.js:2441
[  164853ms] [LOG] [DEBUG] Renderizando celda: {columnId: rol, isReference: undefined, value: Object} @ http://localhost:3000/_next/static/chunks/11hm_next_dist_0m6rgog._.js:2441
[  164853ms] [LOG] [DEBUG] Renderizando celda: {columnId: rol, isReference: undefined, value: Object} @ http://localhost:3000/_next/static/chunks/11hm_next_dist_0m6rgog._.js:2441
[  164853ms] [LOG] [DEBUG] Renderizando celda: {columnId: estado, isReference: undefined, value: Object} @ http://localhost:3000/_next/static/chunks/11hm_next_dist_0m6rgog._.js:2441
[  164853ms] [LOG] [DEBUG] Renderizando celda: {columnId: estado, isReference: undefined, value: Object} @ http://localhost:3000/_next/static/chunks/11hm_next_dist_0m6rgog._.js:2441
[  164853ms] [LOG] [DEBUG] Renderizando celda: {columnId: fechaRegistro, isReference: undefined, value: Object} @ http://localhost:3000/_next/static/chunks/11hm_next_dist_0m6rgog._.js:2441
[  164853ms] [LOG] [DEBUG] Renderizando celda: {columnId: fechaRegistro, isReference: undefined, value: Object} @ http://localhost:3000/_next/static/chunks/11hm_next_dist_0m6rgog._.js:2441
[  164853ms] [LOG] [DEBUG] Renderizando celda: {columnId: ultimoContacto, isReference: undefined, value: Object} @ http://localhost:3000/_next/static/chunks/11hm_next_dist_0m6rgog._.js:2441
[  164854ms] [LOG] [DEBUG] Renderizando celda: {columnId: ultimoContacto, isReference: undefined, value: Object} @ http://localhost:3000/_next/static/chunks/11hm_next_dist_0m6rgog._.js:2441
[  164854ms] [LOG] [DEBUG] Renderizando celda: {columnId: valorTotal, isReference: undefined, value: Object} @ http://localhost:3000/_next/static/chunks/11hm_next_dist_0m6rgog._.js:2441
[  164854ms] [LOG] [DEBUG] Renderizando celda: {columnId: valorTotal, isReference: undefined, value: Object} @ http://localhost:3000/_next/static/chunks/11hm_next_dist_0m6rgog._.js:2441
[  164854ms] [LOG] [DEBUG] Renderizando celda: {columnId: satisfaccion, isReference: undefined, value: Object} @ http://localhost:3000/_next/static/chunks/11hm_next_dist_0m6rgog._.js:2441
[  164854ms] [LOG] [DEBUG] Renderizando celda: {columnId: satisfaccion, isReference: undefined, value: Object} @ http://localhost:3000/_next/static/chunks/11hm_next_dist_0m6rgog._.js:2441
[  164854ms] [LOG] [DEBUG] Renderizando celda: {columnId: activo, isReference: undefined, value: Object} @ http://localhost:3000/_next/static/chunks/11hm_next_dist_0m6rgog._.js:2441
[  164854ms] [LOG] [DEBUG] Renderizando celda: {columnId: activo, isReference: undefined, value: Object} @ http://localhost:3000/_next/static/chunks/11hm_next_dist_0m6rgog._.js:2441
[  164855ms] [LOG] [DEBUG] Renderizando celda: {columnId: id, isReference: undefined, value: Object} @ http://localhost:3000/_next/static/chunks/11hm_next_dist_0m6rgog._.js:2441
[  164855ms] [LOG] [DEBUG] Renderizando celda: {columnId: id, isReference: undefined, value: Object} @ http://localhost:3000/_next/static/chunks/11hm_next_dist_0m6rgog._.js:2441
[  164855ms] [LOG] [DEBUG] Renderizando celda: {columnId: nombre, isReference: undefined, value: Object} @ http://localhost:3000/_next/static/chunks/11hm_next_dist_0m6rgog._.js:2441
[  164855ms] [LOG] [DEBUG] Renderizando celda: {columnId: nombre, isReference: undefined, value: Object} @ http://localhost:3000/_next/static/chunks/11hm_next_dist_0m6rgog._.js:2441
[  164855ms] [LOG] [DEBUG] Renderizando celda: {columnId: email, isReference: undefined, value: Object} @ http://localhost:3000/_next/static/chunks/11hm_next_dist_0m6rgog._.js:2441
[  164855ms] [LOG] [DEBUG] Renderizando celda: {columnId: email, isReference: undefined, value: Object} @ http://localhost:3000/_next/static/chunks/11hm_next_dist_0m6rgog._.js:2441
[  164855ms] [LOG] [DEBUG] Renderizando celda: {columnId: telefono, isReference: undefined, value: Object} @ http://localhost:3000/_next/static/chunks/11hm_next_dist_0m6rgog._.js:2441
[  164855ms] [LOG] [DEBUG] Renderizando celda: {columnId: telefono, isReference: undefined, value: Object} @ http://localhost:3000/_next/static/chunks/11hm_next_dist_0m6rgog._.js:2441
[  164855ms] [LOG] [DEBUG] Renderizando celda: {columnId: ciudad, isReference: undefined, value: Object} @ http://localhost:3000/_next/static/chunks/11hm_next_dist_0m6rgog._.js:2441
[  164855ms] [LOG] [DEBUG] Renderizando celda: {columnId: ciudad, isReference: undefined, value: Object} @ http://localhost:3000/_next/static/chunks/11hm_next_dist_0m6rgog._.js:2441
[  164855ms] [LOG] [DEBUG] Renderizando celda: {columnId: rol, isReference: undefined, value: Object} @ http://localhost:3000/_next/static/chunks/11hm_next_dist_0m6rgog._.js:2441
[  164856ms] [LOG] [DEBUG] Renderizando celda: {columnId: rol, isReference: undefined, value: Object} @ http://localhost:3000/_next/static/chunks/11hm_next_dist_0m6rgog._.js:2441
[  164856ms] [LOG] [DEBUG] Renderizando celda: {columnId: estado, isReference: undefined, value: Object} @ http://localhost:3000/_next/static/chunks/11hm_next_dist_0m6rgog._.js:2441
[  164856ms] [LOG] [DEBUG] Renderizando celda: {columnId: estado, isReference: undefined, value: Object} @ http://localhost:3000/_next/static/chunks/11hm_next_dist_0m6rgog._.js:2441
[  164856ms] [LOG] [DEBUG] Renderizando celda: {columnId: fechaRegistro, isReference: undefined, value: Object} @ http://localhost:3000/_next/static/chunks/11hm_next_dist_0m6rgog._.js:2441
[  164856ms] [LOG] [DEBUG] Renderizando celda: {columnId: fechaRegistro, isReference: undefined, value: Object} @ http://localhost:3000/_next/static/chunks/11hm_next_dist_0m6rgog._.js:2441
[  164856ms] [LOG] [DEBUG] Renderizando celda: {columnId: ultimoContacto, isReference: undefined, value: Object} @ http://localhost:3000/_next/static/chunks/11hm_next_dist_0m6rgog._.js:2441
[  164856ms] [LOG] [DEBUG] Renderizando celda: {columnId: ultimoContacto, isReference: undefined, value: Object} @ http://localhost:3000/_next/static/chunks/11hm_next_dist_0m6rgog._.js:2441
[  164856ms] [LOG] [DEBUG] Renderizando celda: {columnId: valorTotal, isReference: undefined, value: Object} @ http://localhost:3000/_next/static/chunks/11hm_next_dist_0m6rgog._.js:2441
[  164856ms] [LOG] [DEBUG] Renderizando celda: {columnId: valorTotal, isReference: undefined, value: Object} @ http://localhost:3000/_next/static/chunks/11hm_next_dist_0m6rgog._.js:2441
[  164856ms] [LOG] [DEBUG] Renderizando celda: {columnId: satisfaccion, isReference: undefined, value: Object} @ http://localhost:3000/_next/static/chunks/11hm_next_dist_0m6rgog._.js:2441
[  164856ms] [LOG] [DEBUG] Renderizando celda: {columnId: satisfaccion, isReference: undefined, value: Object} @ http://localhost:3000/_next/static/chunks/11hm_next_dist_0m6rgog._.js:2441
[  164856ms] [LOG] [DEBUG] Renderizando celda: {columnId: activo, isReference: undefined, value: Object} @ http://localhost:3000/_next/static/chunks/11hm_next_dist_0m6rgog._.js:2441
[  164857ms] [LOG] [DEBUG] Renderizando celda: {columnId: activo, isReference: undefined, value: Object} @ http://localhost:3000/_next/static/chunks/11hm_next_dist_0m6rgog._.js:2441
[  164857ms] [LOG] [DEBUG] Renderizando celda: {columnId: id, isReference: undefined, value: Object} @ http://localhost:3000/_next/static/chunks/11hm_next_dist_0m6rgog._.js:2441
[  164857ms] [LOG] [DEBUG] Renderizando celda: {columnId: id, isReference: undefined, value: Object} @ http://localhost:3000/_next/static/chunks/11hm_next_dist_0m6rgog._.js:2441
[  164858ms] [LOG] [DEBUG] Renderizando celda: {columnId: nombre, isReference: undefined, value: Object} @ http://localhost:3000/_next/static/chunks/11hm_next_dist_0m6rgog._.js:2441
[  164858ms] [LOG] [DEBUG] Renderizando celda: {columnId: nombre, isReference: undefined, value: Object} @ http://localhost:3000/_next/static/chunks/11hm_next_dist_0m6rgog._.js:2441
[  164858ms] [LOG] [DEBUG] Renderizando celda: {columnId: email, isReference: undefined, value: Object} @ http://localhost:3000/_next/static/chunks/11hm_next_dist_0m6rgog._.js:2441
[  164858ms] [LOG] [DEBUG] Renderizando celda: {columnId: email, isReference: undefined, value: Object} @ http://localhost:3000/_next/static/chunks/11hm_next_dist_0m6rgog._.js:2441
[  164858ms] [LOG] [DEBUG] Renderizando celda: {columnId: telefono, isReference: undefined, value: Object} @ http://localhost:3000/_next/static/chunks/11hm_next_dist_0m6rgog._.js:2441
[  164858ms] [LOG] [DEBUG] Renderizando celda: {columnId: telefono, isReference: undefined, value: Object} @ http://localhost:3000/_next/static/chunks/11hm_next_dist_0m6rgog._.js:2441
[  164858ms] [LOG] [DEBUG] Renderizando celda: {columnId: ciudad, isReference: undefined, value: Object} @ http://localhost:3000/_next/static/chunks/11hm_next_dist_0m6rgog._.js:2441
[  164858ms] [LOG] [DEBUG] Renderizando celda: {columnId: ciudad, isReference: undefined, value: Object} @ http://localhost:3000/_next/static/chunks/11hm_next_dist_0m6rgog._.js:2441
[  164858ms] [LOG] [DEBUG] Renderizando celda: {columnId: rol, isReference: undefined, value: Object} @ http://localhost:3000/_next/static/chunks/11hm_next_dist_0m6rgog._.js:2441
[  164858ms] [LOG] [DEBUG] Renderizando celda: {columnId: rol, isReference: undefined, value: Object} @ http://localhost:3000/_next/static/chunks/11hm_next_dist_0m6rgog._.js:2441
[  164858ms] [LOG] [DEBUG] Renderizando celda: {columnId: estado, isReference: undefined, value: Object} @ http://localhost:3000/_next/static/chunks/11hm_next_dist_0m6rgog._.js:2441
[  164858ms] [LOG] [DEBUG] Renderizando celda: {columnId: estado, isReference: undefined, value: Object} @ http://localhost:3000/_next/static/chunks/11hm_next_dist_0m6rgog._.js:2441
[  164859ms] [LOG] [DEBUG] Renderizando celda: {columnId: fechaRegistro, isReference: undefined, value: Object} @ http://localhost:3000/_next/static/chunks/11hm_next_dist_0m6rgog._.js:2441
[  164859ms] [LOG] [DEBUG] Renderizando celda: {columnId: fechaRegistro, isReference: undefined, value: Object} @ http://localhost:3000/_next/static/chunks/11hm_next_dist_0m6rgog._.js:2441
[  164859ms] [LOG] [DEBUG] Renderizando celda: {columnId: ultimoContacto, isReference: undefined, value: Object} @ http://localhost:3000/_next/static/chunks/11hm_next_dist_0m6rgog._.js:2441
[  164859ms] [LOG] [DEBUG] Renderizando celda: {columnId: ultimoContacto, isReference: undefined, value: Object} @ http://localhost:3000/_next/static/chunks/11hm_next_dist_0m6rgog._.js:2441
[  164859ms] [LOG] [DEBUG] Renderizando celda: {columnId: valorTotal, isReference: undefined, value: Object} @ http://localhost:3000/_next/static/chunks/11hm_next_dist_0m6rgog._.js:2441
[  164859ms] [LOG] [DEBUG] Renderizando celda: {columnId: valorTotal, isReference: undefined, value: Object} @ http://localhost:3000/_next/static/chunks/11hm_next_dist_0m6rgog._.js:2441
[  164859ms] [LOG] [DEBUG] Renderizando celda: {columnId: satisfaccion, isReference: undefined, value: Object} @ http://localhost:3000/_next/static/chunks/11hm_next_dist_0m6rgog._.js:2441
[  164859ms] [LOG] [DEBUG] Renderizando celda: {columnId: satisfaccion, isReference: undefined, value: Object} @ http://localhost:3000/_next/static/chunks/11hm_next_dist_0m6rgog._.js:2441
[  164859ms] [LOG] [DEBUG] Renderizando celda: {columnId: activo, isReference: undefined, value: Object} @ http://localhost:3000/_next/static/chunks/11hm_next_dist_0m6rgog._.js:2441
[  164859ms] [LOG] [DEBUG] Renderizando celda: {columnId: activo, isReference: undefined, value: Object} @ http://localhost:3000/_next/static/chunks/11hm_next_dist_0m6rgog._.js:2441
[  164860ms] [LOG] [DEBUG] Renderizando celda: {columnId: id, isReference: undefined, value: Object} @ http://localhost:3000/_next/static/chunks/11hm_next_dist_0m6rgog._.js:2441
[  164860ms] [LOG] [DEBUG] Renderizando celda: {columnId: id, isReference: undefined, value: Object} @ http://localhost:3000/_next/static/chunks/11hm_next_dist_0m6rgog._.js:2441
[  164860ms] [LOG] [DEBUG] Renderizando celda: {columnId: nombre, isReference: undefined, value: Object} @ http://localhost:3000/_next/static/chunks/11hm_next_dist_0m6rgog._.js:2441
[  164860ms] [LOG] [DEBUG] Renderizando celda: {columnId: nombre, isReference: undefined, value: Object} @ http://localhost:3000/_next/static/chunks/11hm_next_dist_0m6rgog._.js:2441
[  164860ms] [LOG] [DEBUG] Renderizando celda: {columnId: email, isReference: undefined, value: Object} @ http://localhost:3000/_next/static/chunks/11hm_next_dist_0m6rgog._.js:2441
[  164860ms] [LOG] [DEBUG] Renderizando celda: {columnId: email, isReference: undefined, value: Object} @ http://localhost:3000/_next/static/chunks/11hm_next_dist_0m6rgog._.js:2441
[  164861ms] [LOG] [DEBUG] Renderizando celda: {columnId: telefono, isReference: undefined, value: Object} @ http://localhost:3000/_next/static/chunks/11hm_next_dist_0m6rgog._.js:2441
[  164861ms] [LOG] [DEBUG] Renderizando celda: {columnId: telefono, isReference: undefined, value: Object} @ http://localhost:3000/_next/static/chunks/11hm_next_dist_0m6rgog._.js:2441
[  164861ms] [LOG] [DEBUG] Renderizando celda: {columnId: ciudad, isReference: undefined, value: Object} @ http://localhost:3000/_next/static/chunks/11hm_next_dist_0m6rgog._.js:2441
[  164861ms] [LOG] [DEBUG] Renderizando celda: {columnId: ciudad, isReference: undefined, value: Object} @ http://localhost:3000/_next/static/chunks/11hm_next_dist_0m6rgog._.js:2441
[  164861ms] [LOG] [DEBUG] Renderizando celda: {columnId: rol, isReference: undefined, value: Object} @ http://localhost:3000/_next/static/chunks/11hm_next_dist_0m6rgog._.js:2441
[  164861ms] [LOG] [DEBUG] Renderizando celda: {columnId: rol, isReference: undefined, value: Object} @ http://localhost:3000/_next/static/chunks/11hm_next_dist_0m6rgog._.js:2441
[  164861ms] [LOG] [DEBUG] Renderizando celda: {columnId: estado, isReference: undefined, value: Object} @ http://localhost:3000/_next/static/chunks/11hm_next_dist_0m6rgog._.js:2441
[  164861ms] [LOG] [DEBUG] Renderizando celda: {columnId: estado, isReference: undefined, value: Object} @ http://localhost:3000/_next/static/chunks/11hm_next_dist_0m6rgog._.js:2441
[  164861ms] [LOG] [DEBUG] Renderizando celda: {columnId: fechaRegistro, isReference: undefined, value: Object} @ http://localhost:3000/_next/static/chunks/11hm_next_dist_0m6rgog._.js:2441
[  164861ms] [LOG] [DEBUG] Renderizando celda: {columnId: fechaRegistro, isReference: undefined, value: Object} @ http://localhost:3000/_next/static/chunks/11hm_next_dist_0m6rgog._.js:2441
[  164861ms] [LOG] [DEBUG] Renderizando celda: {columnId: ultimoContacto, isReference: undefined, value: Object} @ http://localhost:3000/_next/static/chunks/11hm_next_dist_0m6rgog._.js:2441
[  164861ms] [LOG] [DEBUG] Renderizando celda: {columnId: ultimoContacto, isReference: undefined, value: Object} @ http://localhost:3000/_next/static/chunks/11hm_next_dist_0m6rgog._.js:2441
[  164862ms] [LOG] [DEBUG] Renderizando celda: {columnId: valorTotal, isReference: undefined, value: Object} @ http://localhost:3000/_next/static/chunks/11hm_next_dist_0m6rgog._.js:2441
[  164862ms] [LOG] [DEBUG] Renderizando celda: {columnId: valorTotal, isReference: undefined, value: Object} @ http://localhost:3000/_next/static/chunks/11hm_next_dist_0m6rgog._.js:2441
[  164862ms] [LOG] [DEBUG] Renderizando celda: {columnId: satisfaccion, isReference: undefined, value: Object} @ http://localhost:3000/_next/static/chunks/11hm_next_dist_0m6rgog._.js:2441
[  164862ms] [LOG] [DEBUG] Renderizando celda: {columnId: satisfaccion, isReference: undefined, value: Object} @ http://localhost:3000/_next/static/chunks/11hm_next_dist_0m6rgog._.js:2441
[  164862ms] [LOG] [DEBUG] Renderizando celda: {columnId: activo, isReference: undefined, value: Object} @ http://localhost:3000/_next/static/chunks/11hm_next_dist_0m6rgog._.js:2441
[  164862ms] [LOG] [DEBUG] Renderizando celda: {columnId: activo, isReference: undefined, value: Object} @ http://localhost:3000/_next/static/chunks/11hm_next_dist_0m6rgog._.js:2441
[  164863ms] [LOG] [DEBUG] Renderizando celda: {columnId: id, isReference: undefined, value: Object} @ http://localhost:3000/_next/static/chunks/11hm_next_dist_0m6rgog._.js:2441
[  164863ms] [LOG] [DEBUG] Renderizando celda: {columnId: id, isReference: undefined, value: Object} @ http://localhost:3000/_next/static/chunks/11hm_next_dist_0m6rgog._.js:2441
[  164863ms] [LOG] [DEBUG] Renderizando celda: {columnId: nombre, isReference: undefined, value: Object} @ http://localhost:3000/_next/static/chunks/11hm_next_dist_0m6rgog._.js:2441
[  164863ms] [LOG] [DEBUG] Renderizando celda: {columnId: nombre, isReference: undefined, value: Object} @ http://localhost:3000/_next/static/chunks/11hm_next_dist_0m6rgog._.js:2441
[  164863ms] [LOG] [DEBUG] Renderizando celda: {columnId: email, isReference: undefined, value: Object} @ http://localhost:3000/_next/static/chunks/11hm_next_dist_0m6rgog._.js:2441
[  164863ms] [LOG] [DEBUG] Renderizando celda: {columnId: email, isReference: undefined, value: Object} @ http://localhost:3000/_next/static/chunks/11hm_next_dist_0m6rgog._.js:2441
[  164863ms] [LOG] [DEBUG] Renderizando celda: {columnId: telefono, isReference: undefined, value: Object} @ http://localhost:3000/_next/static/chunks/11hm_next_dist_0m6rgog._.js:2441
[  164863ms] [LOG] [DEBUG] Renderizando celda: {columnId: telefono, isReference: undefined, value: Object} @ http://localhost:3000/_next/static/chunks/11hm_next_dist_0m6rgog._.js:2441
[  164863ms] [LOG] [DEBUG] Renderizando celda: {columnId: ciudad, isReference: undefined, value: Object} @ http://localhost:3000/_next/static/chunks/11hm_next_dist_0m6rgog._.js:2441
[  164863ms] [LOG] [DEBUG] Renderizando celda: {columnId: ciudad, isReference: undefined, value: Object} @ http://localhost:3000/_next/static/chunks/11hm_next_dist_0m6rgog._.js:2441
[  164863ms] [LOG] [DEBUG] Renderizando celda: {columnId: rol, isReference: undefined, value: Object} @ http://localhost:3000/_next/static/chunks/11hm_next_dist_0m6rgog._.js:2441
[  164864ms] [LOG] [DEBUG] Renderizando celda: {columnId: rol, isReference: undefined, value: Object} @ http://localhost:3000/_next/static/chunks/11hm_next_dist_0m6rgog._.js:2441
[  164864ms] [LOG] [DEBUG] Renderizando celda: {columnId: estado, isReference: undefined, value: Object} @ http://localhost:3000/_next/static/chunks/11hm_next_dist_0m6rgog._.js:2441
[  164864ms] [LOG] [DEBUG] Renderizando celda: {columnId: estado, isReference: undefined, value: Object} @ http://localhost:3000/_next/static/chunks/11hm_next_dist_0m6rgog._.js:2441
[  164864ms] [LOG] [DEBUG] Renderizando celda: {columnId: fechaRegistro, isReference: undefined, value: Object} @ http://localhost:3000/_next/static/chunks/11hm_next_dist_0m6rgog._.js:2441
[  164864ms] [LOG] [DEBUG] Renderizando celda: {columnId: fechaRegistro, isReference: undefined, value: Object} @ http://localhost:3000/_next/static/chunks/11hm_next_dist_0m6rgog._.js:2441
[  164864ms] [LOG] [DEBUG] Renderizando celda: {columnId: ultimoContacto, isReference: undefined, value: Object} @ http://localhost:3000/_next/static/chunks/11hm_next_dist_0m6rgog._.js:2441
[  164864ms] [LOG] [DEBUG] Renderizando celda: {columnId: ultimoContacto, isReference: undefined, value: Object} @ http://localhost:3000/_next/static/chunks/11hm_next_dist_0m6rgog._.js:2441
[  164864ms] [LOG] [DEBUG] Renderizando celda: {columnId: valorTotal, isReference: undefined, value: Object} @ http://localhost:3000/_next/static/chunks/11hm_next_dist_0m6rgog._.js:2441
[  164864ms] [LOG] [DEBUG] Renderizando celda: {columnId: valorTotal, isReference: undefined, value: Object} @ http://localhost:3000/_next/static/chunks/11hm_next_dist_0m6rgog._.js:2441
[  164864ms] [LOG] [DEBUG] Renderizando celda: {columnId: satisfaccion, isReference: undefined, value: Object} @ http://localhost:3000/_next/static/chunks/11hm_next_dist_0m6rgog._.js:2441
[  164864ms] [LOG] [DEBUG] Renderizando celda: {columnId: satisfaccion, isReference: undefined, value: Object} @ http://localhost:3000/_next/static/chunks/11hm_next_dist_0m6rgog._.js:2441
[  164864ms] [LOG] [DEBUG] Renderizando celda: {columnId: activo, isReference: undefined, value: Object} @ http://localhost:3000/_next/static/chunks/11hm_next_dist_0m6rgog._.js:2441
[  164864ms] [LOG] [DEBUG] Renderizando celda: {columnId: activo, isReference: undefined, value: Object} @ http://localhost:3000/_next/static/chunks/11hm_next_dist_0m6rgog._.js:2441
[  164865ms] [LOG] [DEBUG] Renderizando celda: {columnId: id, isReference: undefined, value: Object} @ http://localhost:3000/_next/static/chunks/11hm_next_dist_0m6rgog._.js:2441
[  164865ms] [LOG] [DEBUG] Renderizando celda: {columnId: id, isReference: undefined, value: Object} @ http://localhost:3000/_next/static/chunks/11hm_next_dist_0m6rgog._.js:2441
[  164867ms] [LOG] [DEBUG] Renderizando celda: {columnId: nombre, isReference: undefined, value: Object} @ http://localhost:3000/_next/static/chunks/11hm_next_dist_0m6rgog._.js:2441
[  164867ms] [LOG] [DEBUG] Renderizando celda: {columnId: nombre, isReference: undefined, value: Object} @ http://localhost:3000/_next/static/chunks/11hm_next_dist_0m6rgog._.js:2441
[  164867ms] [LOG] [DEBUG] Renderizando celda: {columnId: email, isReference: undefined, value: Object} @ http://localhost:3000/_next/static/chunks/11hm_next_dist_0m6rgog._.js:2441
[  164868ms] [LOG] [DEBUG] Renderizando celda: {columnId: email, isReference: undefined, value: Object} @ http://localhost:3000/_next/static/chunks/11hm_next_dist_0m6rgog._.js:2441
[  164868ms] [LOG] [DEBUG] Renderizando celda: {columnId: telefono, isReference: undefined, value: Object} @ http://localhost:3000/_next/static/chunks/11hm_next_dist_0m6rgog._.js:2441
[  164868ms] [LOG] [DEBUG] Renderizando celda: {columnId: telefono, isReference: undefined, value: Object} @ http://localhost:3000/_next/static/chunks/11hm_next_dist_0m6rgog._.js:2441
[  164868ms] [LOG] [DEBUG] Renderizando celda: {columnId: ciudad, isReference: undefined, value: Object} @ http://localhost:3000/_next/static/chunks/11hm_next_dist_0m6rgog._.js:2441
[  164868ms] [LOG] [DEBUG] Renderizando celda: {columnId: ciudad, isReference: undefined, value: Object} @ http://localhost:3000/_next/static/chunks/11hm_next_dist_0m6rgog._.js:2441
[  164868ms] [LOG] [DEBUG] Renderizando celda: {columnId: rol, isReference: undefined, value: Object} @ http://localhost:3000/_next/static/chunks/11hm_next_dist_0m6rgog._.js:2441
[  164868ms] [LOG] [DEBUG] Renderizando celda: {columnId: rol, isReference: undefined, value: Object} @ http://localhost:3000/_next/static/chunks/11hm_next_dist_0m6rgog._.js:2441
[  164868ms] [LOG] [DEBUG] Renderizando celda: {columnId: estado, isReference: undefined, value: Object} @ http://localhost:3000/_next/static/chunks/11hm_next_dist_0m6rgog._.js:2441
[  164869ms] [LOG] [DEBUG] Renderizando celda: {columnId: estado, isReference: undefined, value: Object} @ http://localhost:3000/_next/static/chunks/11hm_next_dist_0m6rgog._.js:2441
[  164869ms] [LOG] [DEBUG] Renderizando celda: {columnId: fechaRegistro, isReference: undefined, value: Object} @ http://localhost:3000/_next/static/chunks/11hm_next_dist_0m6rgog._.js:2441
[  164869ms] [LOG] [DEBUG] Renderizando celda: {columnId: fechaRegistro, isReference: undefined, value: Object} @ http://localhost:3000/_next/static/chunks/11hm_next_dist_0m6rgog._.js:2441
[  164869ms] [LOG] [DEBUG] Renderizando celda: {columnId: ultimoContacto, isReference: undefined, value: Object} @ http://localhost:3000/_next/static/chunks/11hm_next_dist_0m6rgog._.js:2441
[  164869ms] [LOG] [DEBUG] Renderizando celda: {columnId: ultimoContacto, isReference: undefined, value: Object} @ http://localhost:3000/_next/static/chunks/11hm_next_dist_0m6rgog._.js:2441
[  164869ms] [LOG] [DEBUG] Renderizando celda: {columnId: valorTotal, isReference: undefined, value: Object} @ http://localhost:3000/_next/static/chunks/11hm_next_dist_0m6rgog._.js:2441
[  164869ms] [LOG] [DEBUG] Renderizando celda: {columnId: valorTotal, isReference: undefined, value: Object} @ http://localhost:3000/_next/static/chunks/11hm_next_dist_0m6rgog._.js:2441
[  164869ms] [LOG] [DEBUG] Renderizando celda: {columnId: satisfaccion, isReference: undefined, value: Object} @ http://localhost:3000/_next/static/chunks/11hm_next_dist_0m6rgog._.js:2441
[  164870ms] [LOG] [DEBUG] Renderizando celda: {columnId: satisfaccion, isReference: undefined, value: Object} @ http://localhost:3000/_next/static/chunks/11hm_next_dist_0m6rgog._.js:2441
[  164870ms] [LOG] [DEBUG] Renderizando celda: {columnId: activo, isReference: undefined, value: Object} @ http://localhost:3000/_next/static/chunks/11hm_next_dist_0m6rgog._.js:2441
[  164870ms] [LOG] [DEBUG] Renderizando celda: {columnId: activo, isReference: undefined, value: Object} @ http://localhost:3000/_next/static/chunks/11hm_next_dist_0m6rgog._.js:2441
[  164871ms] [LOG] [DEBUG] Renderizando celda: {columnId: id, isReference: undefined, value: Object} @ http://localhost:3000/_next/static/chunks/11hm_next_dist_0m6rgog._.js:2441
[  164871ms] [LOG] [DEBUG] Renderizando celda: {columnId: id, isReference: undefined, value: Object} @ http://localhost:3000/_next/static/chunks/11hm_next_dist_0m6rgog._.js:2441
[  164871ms] [LOG] [DEBUG] Renderizando celda: {columnId: nombre, isReference: undefined, value: Object} @ http://localhost:3000/_next/static/chunks/11hm_next_dist_0m6rgog._.js:2441
[  164871ms] [LOG] [DEBUG] Renderizando celda: {columnId: nombre, isReference: undefined, value: Object} @ http://localhost:3000/_next/static/chunks/11hm_next_dist_0m6rgog._.js:2441
[  164871ms] [LOG] [DEBUG] Renderizando celda: {columnId: email, isReference: undefined, value: Object} @ http://localhost:3000/_next/static/chunks/11hm_next_dist_0m6rgog._.js:2441
[  164872ms] [LOG] [DEBUG] Renderizando celda: {columnId: email, isReference: undefined, value: Object} @ http://localhost:3000/_next/static/chunks/11hm_next_dist_0m6rgog._.js:2441
[  164872ms] [LOG] [DEBUG] Renderizando celda: {columnId: telefono, isReference: undefined, value: Object} @ http://localhost:3000/_next/static/chunks/11hm_next_dist_0m6rgog._.js:2441
[  164872ms] [LOG] [DEBUG] Renderizando celda: {columnId: telefono, isReference: undefined, value: Object} @ http://localhost:3000/_next/static/chunks/11hm_next_dist_0m6rgog._.js:2441
[  164872ms] [LOG] [DEBUG] Renderizando celda: {columnId: ciudad, isReference: undefined, value: Object} @ http://localhost:3000/_next/static/chunks/11hm_next_dist_0m6rgog._.js:2441
[  164872ms] [LOG] [DEBUG] Renderizando celda: {columnId: ciudad, isReference: undefined, value: Object} @ http://localhost:3000/_next/static/chunks/11hm_next_dist_0m6rgog._.js:2441
[  164872ms] [LOG] [DEBUG] Renderizando celda: {columnId: rol, isReference: undefined, value: Object} @ http://localhost:3000/_next/static/chunks/11hm_next_dist_0m6rgog._.js:2441
[  164872ms] [LOG] [DEBUG] Renderizando celda: {columnId: rol, isReference: undefined, value: Object} @ http://localhost:3000/_next/static/chunks/11hm_next_dist_0m6rgog._.js:2441
[  164872ms] [LOG] [DEBUG] Renderizando celda: {columnId: estado, isReference: undefined, value: Object} @ http://localhost:3000/_next/static/chunks/11hm_next_dist_0m6rgog._.js:2441
[  164872ms] [LOG] [DEBUG] Renderizando celda: {columnId: estado, isReference: undefined, value: Object} @ http://localhost:3000/_next/static/chunks/11hm_next_dist_0m6rgog._.js:2441
[  164872ms] [LOG] [DEBUG] Renderizando celda: {columnId: fechaRegistro, isReference: undefined, value: Object} @ http://localhost:3000/_next/static/chunks/11hm_next_dist_0m6rgog._.js:2441
[  164872ms] [LOG] [DEBUG] Renderizando celda: {columnId: fechaRegistro, isReference: undefined, value: Object} @ http://localhost:3000/_next/static/chunks/11hm_next_dist_0m6rgog._.js:2441
[  164872ms] [LOG] [DEBUG] Renderizando celda: {columnId: ultimoContacto, isReference: undefined, value: Object} @ http://localhost:3000/_next/static/chunks/11hm_next_dist_0m6rgog._.js:2441
[  164872ms] [LOG] [DEBUG] Renderizando celda: {columnId: ultimoContacto, isReference: undefined, value: Object} @ http://localhost:3000/_next/static/chunks/11hm_next_dist_0m6rgog._.js:2441
[  164873ms] [LOG] [DEBUG] Renderizando celda: {columnId: valorTotal, isReference: undefined, value: Object} @ http://localhost:3000/_next/static/chunks/11hm_next_dist_0m6rgog._.js:2441
[  164873ms] [LOG] [DEBUG] Renderizando celda: {columnId: valorTotal, isReference: undefined, value: Object} @ http://localhost:3000/_next/static/chunks/11hm_next_dist_0m6rgog._.js:2441
[  164873ms] [LOG] [DEBUG] Renderizando celda: {columnId: satisfaccion, isReference: undefined, value: Object} @ http://localhost:3000/_next/static/chunks/11hm_next_dist_0m6rgog._.js:2441
[  164873ms] [LOG] [DEBUG] Renderizando celda: {columnId: satisfaccion, isReference: undefined, value: Object} @ http://localhost:3000/_next/static/chunks/11hm_next_dist_0m6rgog._.js:2441
[  164873ms] [LOG] [DEBUG] Renderizando celda: {columnId: activo, isReference: undefined, value: Object} @ http://localhost:3000/_next/static/chunks/11hm_next_dist_0m6rgog._.js:2441
[  164873ms] [LOG] [DEBUG] Renderizando celda: {columnId: activo, isReference: undefined, value: Object} @ http://localhost:3000/_next/static/chunks/11hm_next_dist_0m6rgog._.js:2441
[  164874ms] [LOG] [DEBUG] Renderizando celda: {columnId: id, isReference: undefined, value: Object} @ http://localhost:3000/_next/static/chunks/11hm_next_dist_0m6rgog._.js:2441
[  164874ms] [LOG] [DEBUG] Renderizando celda: {columnId: id, isReference: undefined, value: Object} @ http://localhost:3000/_next/static/chunks/11hm_next_dist_0m6rgog._.js:2441
[  164874ms] [LOG] [DEBUG] Renderizando celda: {columnId: nombre, isReference: undefined, value: Object} @ http://localhost:3000/_next/static/chunks/11hm_next_dist_0m6rgog._.js:2441
[  164874ms] [LOG] [DEBUG] Renderizando celda: {columnId: nombre, isReference: undefined, value: Object} @ http://localhost:3000/_next/static/chunks/11hm_next_dist_0m6rgog._.js:2441
[  164874ms] [LOG] [DEBUG] Renderizando celda: {columnId: email, isReference: undefined, value: Object} @ http://localhost:3000/_next/static/chunks/11hm_next_dist_0m6rgog._.js:2441
[  164874ms] [LOG] [DEBUG] Renderizando celda: {columnId: email, isReference: undefined, value: Object} @ http://localhost:3000/_next/static/chunks/11hm_next_dist_0m6rgog._.js:2441
[  164874ms] [LOG] [DEBUG] Renderizando celda: {columnId: telefono, isReference: undefined, value: Object} @ http://localhost:3000/_next/static/chunks/11hm_next_dist_0m6rgog._.js:2441
[  164874ms] [LOG] [DEBUG] Renderizando celda: {columnId: telefono, isReference: undefined, value: Object} @ http://localhost:3000/_next/static/chunks/11hm_next_dist_0m6rgog._.js:2441
[  164874ms] [LOG] [DEBUG] Renderizando celda: {columnId: ciudad, isReference: undefined, value: Object} @ http://localhost:3000/_next/static/chunks/11hm_next_dist_0m6rgog._.js:2441
[  164874ms] [LOG] [DEBUG] Renderizando celda: {columnId: ciudad, isReference: undefined, value: Object} @ http://localhost:3000/_next/static/chunks/11hm_next_dist_0m6rgog._.js:2441
[  164874ms] [LOG] [DEBUG] Renderizando celda: {columnId: rol, isReference: undefined, value: Object} @ http://localhost:3000/_next/static/chunks/11hm_next_dist_0m6rgog._.js:2441
[  164874ms] [LOG] [DEBUG] Renderizando celda: {columnId: rol, isReference: undefined, value: Object} @ http://localhost:3000/_next/static/chunks/11hm_next_dist_0m6rgog._.js:2441
[  164875ms] [LOG] [DEBUG] Renderizando celda: {columnId: estado, isReference: undefined, value: Object} @ http://localhost:3000/_next/static/chunks/11hm_next_dist_0m6rgog._.js:2441
[  164875ms] [LOG] [DEBUG] Renderizando celda: {columnId: estado, isReference: undefined, value: Object} @ http://localhost:3000/_next/static/chunks/11hm_next_dist_0m6rgog._.js:2441
[  164875ms] [LOG] [DEBUG] Renderizando celda: {columnId: fechaRegistro, isReference: undefined, value: Object} @ http://localhost:3000/_next/static/chunks/11hm_next_dist_0m6rgog._.js:2441
[  164875ms] [LOG] [DEBUG] Renderizando celda: {columnId: fechaRegistro, isReference: undefined, value: Object} @ http://localhost:3000/_next/static/chunks/11hm_next_dist_0m6rgog._.js:2441
[  164875ms] [LOG] [DEBUG] Renderizando celda: {columnId: ultimoContacto, isReference: undefined, value: Object} @ http://localhost:3000/_next/static/chunks/11hm_next_dist_0m6rgog._.js:2441
[  164875ms] [LOG] [DEBUG] Renderizando celda: {columnId: ultimoContacto, isReference: undefined, value: Object} @ http://localhost:3000/_next/static/chunks/11hm_next_dist_0m6rgog._.js:2441
[  164875ms] [LOG] [DEBUG] Renderizando celda: {columnId: valorTotal, isReference: undefined, value: Object} @ http://localhost:3000/_next/static/chunks/11hm_next_dist_0m6rgog._.js:2441
[  164875ms] [LOG] [DEBUG] Renderizando celda: {columnId: valorTotal, isReference: undefined, value: Object} @ http://localhost:3000/_next/static/chunks/11hm_next_dist_0m6rgog._.js:2441
[  164875ms] [LOG] [DEBUG] Renderizando celda: {columnId: satisfaccion, isReference: undefined, value: Object} @ http://localhost:3000/_next/static/chunks/11hm_next_dist_0m6rgog._.js:2441
[  164875ms] [LOG] [DEBUG] Renderizando celda: {columnId: satisfaccion, isReference: undefined, value: Object} @ http://localhost:3000/_next/static/chunks/11hm_next_dist_0m6rgog._.js:2441
[  164875ms] [LOG] [DEBUG] Renderizando celda: {columnId: activo, isReference: undefined, value: Object} @ http://localhost:3000/_next/static/chunks/11hm_next_dist_0m6rgog._.js:2441
[  164875ms] [LOG] [DEBUG] Renderizando celda: {columnId: activo, isReference: undefined, value: Object} @ http://localhost:3000/_next/static/chunks/11hm_next_dist_0m6rgog._.js:2441
[  164877ms] [LOG] [DEBUG] Renderizando SecondaryTables: {level: 0, parentId: undefined, isLoading: false, arrayColumnsCount: 0, arrayColumns: Array(0)} @ http://localhost:3000/_next/static/chunks/11hm_next_dist_0m6rgog._.js:2441
[  164877ms] [LOG] [DEBUG] Renderizando SecondaryTables: {level: 0, parentId: undefined, isLoading: false, arrayColumnsCount: 0, arrayColumns: Array(0)} @ http://localhost:3000/_next/static/chunks/11hm_next_dist_0m6rgog._.js:2441
[  164897ms] [LOG] [DEBUG] Effective column order: {baseOrder: Array(14), pinnedColumnId: index, otherColumns: Array(13), hasActions: true, result: Array(15)} @ http://localhost:3000/_next/static/chunks/11hm_next_dist_0m6rgog._.js:2441
[  164897ms] [LOG] [DEBUG] Effective column order: {baseOrder: Array(14), pinnedColumnId: index, otherColumns: Array(13), hasActions: true, result: Array(15)} @ http://localhost:3000/_next/static/chunks/11hm_next_dist_0m6rgog._.js:2441
[  164898ms] [LOG] [DEBUG] Effective column order: {baseOrder: Array(14), pinnedColumnId: index, otherColumns: Array(13), hasActions: true, result: Array(15)} @ http://localhost:3000/_next/static/chunks/11hm_next_dist_0m6rgog._.js:2441
[  164898ms] [LOG] [DEBUG] Effective column order: {baseOrder: Array(14), pinnedColumnId: index, otherColumns: Array(13), hasActions: true, result: Array(15)} @ http://localhost:3000/_next/static/chunks/11hm_next_dist_0m6rgog._.js:2441
[  164905ms] [LOG] [DEBUG] Renderizando celda: {columnId: id, isReference: undefined, value: Object} @ http://localhost:3000/_next/static/chunks/11hm_next_dist_0m6rgog._.js:2441
[  164905ms] [LOG] [DEBUG] Renderizando celda: {columnId: id, isReference: undefined, value: Object} @ http://localhost:3000/_next/static/chunks/11hm_next_dist_0m6rgog._.js:2441
[  164905ms] [LOG] [DEBUG] Renderizando celda: {columnId: nombre, isReference: undefined, value: Object} @ http://localhost:3000/_next/static/chunks/11hm_next_dist_0m6rgog._.js:2441
[  164905ms] [LOG] [DEBUG] Renderizando celda: {columnId: nombre, isReference: undefined, value: Object} @ http://localhost:3000/_next/static/chunks/11hm_next_dist_0m6rgog._.js:2441
[  164905ms] [LOG] [DEBUG] Renderizando celda: {columnId: email, isReference: undefined, value: Object} @ http://localhost:3000/_next/static/chunks/11hm_next_dist_0m6rgog._.js:2441
[  164905ms] [LOG] [DEBUG] Renderizando celda: {columnId: email, isReference: undefined, value: Object} @ http://localhost:3000/_next/static/chunks/11hm_next_dist_0m6rgog._.js:2441
[  164905ms] [LOG] [DEBUG] Renderizando celda: {columnId: telefono, isReference: undefined, value: Object} @ http://localhost:3000/_next/static/chunks/11hm_next_dist_0m6rgog._.js:2441
[  164905ms] [LOG] [DEBUG] Renderizando celda: {columnId: telefono, isReference: undefined, value: Object} @ http://localhost:3000/_next/static/chunks/11hm_next_dist_0m6rgog._.js:2441
[  164905ms] [LOG] [DEBUG] Renderizando celda: {columnId: ciudad, isReference: undefined, value: Object} @ http://localhost:3000/_next/static/chunks/11hm_next_dist_0m6rgog._.js:2441
[  164905ms] [LOG] [DEBUG] Renderizando celda: {columnId: ciudad, isReference: undefined, value: Object} @ http://localhost:3000/_next/static/chunks/11hm_next_dist_0m6rgog._.js:2441
[  164905ms] [LOG] [DEBUG] Renderizando celda: {columnId: rol, isReference: undefined, value: Object} @ http://localhost:3000/_next/static/chunks/11hm_next_dist_0m6rgog._.js:2441
[  164905ms] [LOG] [DEBUG] Renderizando celda: {columnId: rol, isReference: undefined, value: Object} @ http://localhost:3000/_next/static/chunks/11hm_next_dist_0m6rgog._.js:2441
[  164906ms] [LOG] [DEBUG] Renderizando celda: {columnId: estado, isReference: undefined, value: Object} @ http://localhost:3000/_next/static/chunks/11hm_next_dist_0m6rgog._.js:2441
[  164906ms] [LOG] [DEBUG] Renderizando celda: {columnId: estado, isReference: undefined, value: Object} @ http://localhost:3000/_next/static/chunks/11hm_next_dist_0m6rgog._.js:2441
[  164906ms] [LOG] [DEBUG] Renderizando celda: {columnId: fechaRegistro, isReference: undefined, value: Object} @ http://localhost:3000/_next/static/chunks/11hm_next_dist_0m6rgog._.js:2441
[  164906ms] [LOG] [DEBUG] Renderizando celda: {columnId: fechaRegistro, isReference: undefined, value: Object} @ http://localhost:3000/_next/static/chunks/11hm_next_dist_0m6rgog._.js:2441
[  164906ms] [LOG] [DEBUG] Renderizando celda: {columnId: ultimoContacto, isReference: undefined, value: Object} @ http://localhost:3000/_next/static/chunks/11hm_next_dist_0m6rgog._.js:2441
[  164906ms] [LOG] [DEBUG] Renderizando celda: {columnId: ultimoContacto, isReference: undefined, value: Object} @ http://localhost:3000/_next/static/chunks/11hm_next_dist_0m6rgog._.js:2441
[  164906ms] [LOG] [DEBUG] Renderizando celda: {columnId: valorTotal, isReference: undefined, value: Object} @ http://localhost:3000/_next/static/chunks/11hm_next_dist_0m6rgog._.js:2441
[  164906ms] [LOG] [DEBUG] Renderizando celda: {columnId: valorTotal, isReference: undefined, value: Object} @ http://localhost:3000/_next/static/chunks/11hm_next_dist_0m6rgog._.js:2441
[  164906ms] [LOG] [DEBUG] Renderizando celda: {columnId: satisfaccion, isReference: undefined, value: Object} @ http://localhost:3000/_next/static/chunks/11hm_next_dist_0m6rgog._.js:2441
[  164906ms] [LOG] [DEBUG] Renderizando celda: {columnId: satisfaccion, isReference: undefined, value: Object} @ http://localhost:3000/_next/static/chunks/11hm_next_dist_0m6rgog._.js:2441
[  164906ms] [LOG] [DEBUG] Renderizando celda: {columnId: activo, isReference: undefined, value: Object} @ http://localhost:3000/_next/static/chunks/11hm_next_dist_0m6rgog._.js:2441
[  164906ms] [LOG] [DEBUG] Renderizando celda: {columnId: activo, isReference: undefined, value: Object} @ http://localhost:3000/_next/static/chunks/11hm_next_dist_0m6rgog._.js:2441
[  164907ms] [LOG] [DEBUG] Renderizando celda: {columnId: id, isReference: undefined, value: Object} @ http://localhost:3000/_next/static/chunks/11hm_next_dist_0m6rgog._.js:2441
[  164907ms] [LOG] [DEBUG] Renderizando celda: {columnId: id, isReference: undefined, value: Object} @ http://localhost:3000/_next/static/chunks/11hm_next_dist_0m6rgog._.js:2441
[  164907ms] [LOG] [DEBUG] Renderizando celda: {columnId: nombre, isReference: undefined, value: Object} @ http://localhost:3000/_next/static/chunks/11hm_next_dist_0m6rgog._.js:2441
[  164907ms] [LOG] [DEBUG] Renderizando celda: {columnId: nombre, isReference: undefined, value: Object} @ http://localhost:3000/_next/static/chunks/11hm_next_dist_0m6rgog._.js:2441
[  164907ms] [LOG] [DEBUG] Renderizando celda: {columnId: email, isReference: undefined, value: Object} @ http://localhost:3000/_next/static/chunks/11hm_next_dist_0m6rgog._.js:2441
[  164907ms] [LOG] [DEBUG] Renderizando celda: {columnId: email, isReference: undefined, value: Object} @ http://localhost:3000/_next/static/chunks/11hm_next_dist_0m6rgog._.js:2441
[  164907ms] [LOG] [DEBUG] Renderizando celda: {columnId: telefono, isReference: undefined, value: Object} @ http://localhost:3000/_next/static/chunks/11hm_next_dist_0m6rgog._.js:2441
[  164908ms] [LOG] [DEBUG] Renderizando celda: {columnId: telefono, isReference: undefined, value: Object} @ http://localhost:3000/_next/static/chunks/11hm_next_dist_0m6rgog._.js:2441
[  164908ms] [LOG] [DEBUG] Renderizando celda: {columnId: ciudad, isReference: undefined, value: Object} @ http://localhost:3000/_next/static/chunks/11hm_next_dist_0m6rgog._.js:2441
[  164908ms] [LOG] [DEBUG] Renderizando celda: {columnId: ciudad, isReference: undefined, value: Object} @ http://localhost:3000/_next/static/chunks/11hm_next_dist_0m6rgog._.js:2441
[  164908ms] [LOG] [DEBUG] Renderizando celda: {columnId: rol, isReference: undefined, value: Object} @ http://localhost:3000/_next/static/chunks/11hm_next_dist_0m6rgog._.js:2441
[  164908ms] [LOG] [DEBUG] Renderizando celda: {columnId: rol, isReference: undefined, value: Object} @ http://localhost:3000/_next/static/chunks/11hm_next_dist_0m6rgog._.js:2441
[  164908ms] [LOG] [DEBUG] Renderizando celda: {columnId: estado, isReference: undefined, value: Object} @ http://localhost:3000/_next/static/chunks/11hm_next_dist_0m6rgog._.js:2441
[  164908ms] [LOG] [DEBUG] Renderizando celda: {columnId: estado, isReference: undefined, value: Object} @ http://localhost:3000/_next/static/chunks/11hm_next_dist_0m6rgog._.js:2441
[  164908ms] [LOG] [DEBUG] Renderizando celda: {columnId: fechaRegistro, isReference: undefined, value: Object} @ http://localhost:3000/_next/static/chunks/11hm_next_dist_0m6rgog._.js:2441
[  164908ms] [LOG] [DEBUG] Renderizando celda: {columnId: fechaRegistro, isReference: undefined, value: Object} @ http://localhost:3000/_next/static/chunks/11hm_next_dist_0m6rgog._.js:2441
[  164908ms] [LOG] [DEBUG] Renderizando celda: {columnId: ultimoContacto, isReference: undefined, value: Object} @ http://localhost:3000/_next/static/chunks/11hm_next_dist_0m6rgog._.js:2441
[  164908ms] [LOG] [DEBUG] Renderizando celda: {columnId: ultimoContacto, isReference: undefined, value: Object} @ http://localhost:3000/_next/static/chunks/11hm_next_dist_0m6rgog._.js:2441
[  164908ms] [LOG] [DEBUG] Renderizando celda: {columnId: valorTotal, isReference: undefined, value: Object} @ http://localhost:3000/_next/static/chunks/11hm_next_dist_0m6rgog._.js:2441
[  164908ms] [LOG] [DEBUG] Renderizando celda: {columnId: valorTotal, isReference: undefined, value: Object} @ http://localhost:3000/_next/static/chunks/11hm_next_dist_0m6rgog._.js:2441
[  164909ms] [LOG] [DEBUG] Renderizando celda: {columnId: satisfaccion, isReference: undefined, value: Object} @ http://localhost:3000/_next/static/chunks/11hm_next_dist_0m6rgog._.js:2441
[  164909ms] [LOG] [DEBUG] Renderizando celda: {columnId: satisfaccion, isReference: undefined, value: Object} @ http://localhost:3000/_next/static/chunks/11hm_next_dist_0m6rgog._.js:2441
[  164909ms] [LOG] [DEBUG] Renderizando celda: {columnId: activo, isReference: undefined, value: Object} @ http://localhost:3000/_next/static/chunks/11hm_next_dist_0m6rgog._.js:2441
[  164909ms] [LOG] [DEBUG] Renderizando celda: {columnId: activo, isReference: undefined, value: Object} @ http://localhost:3000/_next/static/chunks/11hm_next_dist_0m6rgog._.js:2441
[  164910ms] [LOG] [DEBUG] Renderizando celda: {columnId: id, isReference: undefined, value: Object} @ http://localhost:3000/_next/static/chunks/11hm_next_dist_0m6rgog._.js:2441
[  164910ms] [LOG] [DEBUG] Renderizando celda: {columnId: id, isReference: undefined, value: Object} @ http://localhost:3000/_next/static/chunks/11hm_next_dist_0m6rgog._.js:2441
[  164910ms] [LOG] [DEBUG] Renderizando celda: {columnId: nombre, isReference: undefined, value: Object} @ http://localhost:3000/_next/static/chunks/11hm_next_dist_0m6rgog._.js:2441
[  164910ms] [LOG] [DEBUG] Renderizando celda: {columnId: nombre, isReference: undefined, value: Object} @ http://localhost:3000/_next/static/chunks/11hm_next_dist_0m6rgog._.js:2441
[  164910ms] [LOG] [DEBUG] Renderizando celda: {columnId: email, isReference: undefined, value: Object} @ http://localhost:3000/_next/static/chunks/11hm_next_dist_0m6rgog._.js:2441
[  164910ms] [LOG] [DEBUG] Renderizando celda: {columnId: email, isReference: undefined, value: Object} @ http://localhost:3000/_next/static/chunks/11hm_next_dist_0m6rgog._.js:2441
[  164910ms] [LOG] [DEBUG] Renderizando celda: {columnId: telefono, isReference: undefined, value: Object} @ http://localhost:3000/_next/static/chunks/11hm_next_dist_0m6rgog._.js:2441
[  164910ms] [LOG] [DEBUG] Renderizando celda: {columnId: telefono, isReference: undefined, value: Object} @ http://localhost:3000/_next/static/chunks/11hm_next_dist_0m6rgog._.js:2441
[  164910ms] [LOG] [DEBUG] Renderizando celda: {columnId: ciudad, isReference: undefined, value: Object} @ http://localhost:3000/_next/static/chunks/11hm_next_dist_0m6rgog._.js:2441
[  164910ms] [LOG] [DEBUG] Renderizando celda: {columnId: ciudad, isReference: undefined, value: Object} @ http://localhost:3000/_next/static/chunks/11hm_next_dist_0m6rgog._.js:2441
[  164910ms] [LOG] [DEBUG] Renderizando celda: {columnId: rol, isReference: undefined, value: Object} @ http://localhost:3000/_next/static/chunks/11hm_next_dist_0m6rgog._.js:2441
[  164910ms] [LOG] [DEBUG] Renderizando celda: {columnId: rol, isReference: undefined, value: Object} @ http://localhost:3000/_next/static/chunks/11hm_next_dist_0m6rgog._.js:2441
[  164911ms] [LOG] [DEBUG] Renderizando celda: {columnId: estado, isReference: undefined, value: Object} @ http://localhost:3000/_next/static/chunks/11hm_next_dist_0m6rgog._.js:2441
[  164911ms] [LOG] [DEBUG] Renderizando celda: {columnId: estado, isReference: undefined, value: Object} @ http://localhost:3000/_next/static/chunks/11hm_next_dist_0m6rgog._.js:2441
[  164911ms] [LOG] [DEBUG] Renderizando celda: {columnId: fechaRegistro, isReference: undefined, value: Object} @ http://localhost:3000/_next/static/chunks/11hm_next_dist_0m6rgog._.js:2441
[  164911ms] [LOG] [DEBUG] Renderizando celda: {columnId: fechaRegistro, isReference: undefined, value: Object} @ http://localhost:3000/_next/static/chunks/11hm_next_dist_0m6rgog._.js:2441
[  164911ms] [LOG] [DEBUG] Renderizando celda: {columnId: ultimoContacto, isReference: undefined, value: Object} @ http://localhost:3000/_next/static/chunks/11hm_next_dist_0m6rgog._.js:2441
[  164911ms] [LOG] [DEBUG] Renderizando celda: {columnId: ultimoContacto, isReference: undefined, value: Object} @ http://localhost:3000/_next/static/chunks/11hm_next_dist_0m6rgog._.js:2441
[  164911ms] [LOG] [DEBUG] Renderizando celda: {columnId: valorTotal, isReference: undefined, value: Object} @ http://localhost:3000/_next/static/chunks/11hm_next_dist_0m6rgog._.js:2441
[  164911ms] [LOG] [DEBUG] Renderizando celda: {columnId: valorTotal, isReference: undefined, value: Object} @ http://localhost:3000/_next/static/chunks/11hm_next_dist_0m6rgog._.js:2441
[  164911ms] [LOG] [DEBUG] Renderizando celda: {columnId: satisfaccion, isReference: undefined, value: Object} @ http://localhost:3000/_next/static/chunks/11hm_next_dist_0m6rgog._.js:2441
[  164911ms] [LOG] [DEBUG] Renderizando celda: {columnId: satisfaccion, isReference: undefined, value: Object} @ http://localhost:3000/_next/static/chunks/11hm_next_dist_0m6rgog._.js:2441
[  164911ms] [LOG] [DEBUG] Renderizando celda: {columnId: activo, isReference: undefined, value: Object} @ http://localhost:3000/_next/static/chunks/11hm_next_dist_0m6rgog._.js:2441
[  164911ms] [LOG] [DEBUG] Renderizando celda: {columnId: activo, isReference: undefined, value: Object} @ http://localhost:3000/_next/static/chunks/11hm_next_dist_0m6rgog._.js:2441
[  164912ms] [LOG] [DEBUG] Renderizando celda: {columnId: id, isReference: undefined, value: Object} @ http://localhost:3000/_next/static/chunks/11hm_next_dist_0m6rgog._.js:2441
[  164912ms] [LOG] [DEBUG] Renderizando celda: {columnId: id, isReference: undefined, value: Object} @ http://localhost:3000/_next/static/chunks/11hm_next_dist_0m6rgog._.js:2441
[  164913ms] [LOG] [DEBUG] Renderizando celda: {columnId: nombre, isReference: undefined, value: Object} @ http://localhost:3000/_next/static/chunks/11hm_next_dist_0m6rgog._.js:2441
[  164913ms] [LOG] [DEBUG] Renderizando celda: {columnId: nombre, isReference: undefined, value: Object} @ http://localhost:3000/_next/static/chunks/11hm_next_dist_0m6rgog._.js:2441
[  164913ms] [LOG] [DEBUG] Renderizando celda: {columnId: email, isReference: undefined, value: Object} @ http://localhost:3000/_next/static/chunks/11hm_next_dist_0m6rgog._.js:2441
[  164913ms] [LOG] [DEBUG] Renderizando celda: {columnId: email, isReference: undefined, value: Object} @ http://localhost:3000/_next/static/chunks/11hm_next_dist_0m6rgog._.js:2441
[  164913ms] [LOG] [DEBUG] Renderizando celda: {columnId: telefono, isReference: undefined, value: Object} @ http://localhost:3000/_next/static/chunks/11hm_next_dist_0m6rgog._.js:2441
[  164913ms] [LOG] [DEBUG] Renderizando celda: {columnId: telefono, isReference: undefined, value: Object} @ http://localhost:3000/_next/static/chunks/11hm_next_dist_0m6rgog._.js:2441
[  164913ms] [LOG] [DEBUG] Renderizando celda: {columnId: ciudad, isReference: undefined, value: Object} @ http://localhost:3000/_next/static/chunks/11hm_next_dist_0m6rgog._.js:2441
[  164913ms] [LOG] [DEBUG] Renderizando celda: {columnId: ciudad, isReference: undefined, value: Object} @ http://localhost:3000/_next/static/chunks/11hm_next_dist_0m6rgog._.js:2441
[  164913ms] [LOG] [DEBUG] Renderizando celda: {columnId: rol, isReference: undefined, value: Object} @ http://localhost:3000/_next/static/chunks/11hm_next_dist_0m6rgog._.js:2441
[  164913ms] [LOG] [DEBUG] Renderizando celda: {columnId: rol, isReference: undefined, value: Object} @ http://localhost:3000/_next/static/chunks/11hm_next_dist_0m6rgog._.js:2441
[  164913ms] [LOG] [DEBUG] Renderizando celda: {columnId: estado, isReference: undefined, value: Object} @ http://localhost:3000/_next/static/chunks/11hm_next_dist_0m6rgog._.js:2441
[  164913ms] [LOG] [DEBUG] Renderizando celda: {columnId: estado, isReference: undefined, value: Object} @ http://localhost:3000/_next/static/chunks/11hm_next_dist_0m6rgog._.js:2441
[  164913ms] [LOG] [DEBUG] Renderizando celda: {columnId: fechaRegistro, isReference: undefined, value: Object} @ http://localhost:3000/_next/static/chunks/11hm_next_dist_0m6rgog._.js:2441
[  164914ms] [LOG] [DEBUG] Renderizando celda: {columnId: fechaRegistro, isReference: undefined, value: Object} @ http://localhost:3000/_next/static/chunks/11hm_next_dist_0m6rgog._.js:2441
[  164914ms] [LOG] [DEBUG] Renderizando celda: {columnId: ultimoContacto, isReference: undefined, value: Object} @ http://localhost:3000/_next/static/chunks/11hm_next_dist_0m6rgog._.js:2441
[  164914ms] [LOG] [DEBUG] Renderizando celda: {columnId: ultimoContacto, isReference: undefined, value: Object} @ http://localhost:3000/_next/static/chunks/11hm_next_dist_0m6rgog._.js:2441
[  164914ms] [LOG] [DEBUG] Renderizando celda: {columnId: valorTotal, isReference: undefined, value: Object} @ http://localhost:3000/_next/static/chunks/11hm_next_dist_0m6rgog._.js:2441
[  164914ms] [LOG] [DEBUG] Renderizando celda: {columnId: valorTotal, isReference: undefined, value: Object} @ http://localhost:3000/_next/static/chunks/11hm_next_dist_0m6rgog._.js:2441
[  164914ms] [LOG] [DEBUG] Renderizando celda: {columnId: satisfaccion, isReference: undefined, value: Object} @ http://localhost:3000/_next/static/chunks/11hm_next_dist_0m6rgog._.js:2441
[  164914ms] [LOG] [DEBUG] Renderizando celda: {columnId: satisfaccion, isReference: undefined, value: Object} @ http://localhost:3000/_next/static/chunks/11hm_next_dist_0m6rgog._.js:2441
[  164914ms] [LOG] [DEBUG] Renderizando celda: {columnId: activo, isReference: undefined, value: Object} @ http://localhost:3000/_next/static/chunks/11hm_next_dist_0m6rgog._.js:2441
[  164914ms] [LOG] [DEBUG] Renderizando celda: {columnId: activo, isReference: undefined, value: Object} @ http://localhost:3000/_next/static/chunks/11hm_next_dist_0m6rgog._.js:2441
[  164915ms] [LOG] [DEBUG] Renderizando celda: {columnId: id, isReference: undefined, value: Object} @ http://localhost:3000/_next/static/chunks/11hm_next_dist_0m6rgog._.js:2441
[  164915ms] [LOG] [DEBUG] Renderizando celda: {columnId: id, isReference: undefined, value: Object} @ http://localhost:3000/_next/static/chunks/11hm_next_dist_0m6rgog._.js:2441
[  164915ms] [LOG] [DEBUG] Renderizando celda: {columnId: nombre, isReference: undefined, value: Object} @ http://localhost:3000/_next/static/chunks/11hm_next_dist_0m6rgog._.js:2441
[  164915ms] [LOG] [DEBUG] Renderizando celda: {columnId: nombre, isReference: undefined, value: Object} @ http://localhost:3000/_next/static/chunks/11hm_next_dist_0m6rgog._.js:2441
[  164915ms] [LOG] [DEBUG] Renderizando celda: {columnId: email, isReference: undefined, value: Object} @ http://localhost:3000/_next/static/chunks/11hm_next_dist_0m6rgog._.js:2441
[  164915ms] [LOG] [DEBUG] Renderizando celda: {columnId: email, isReference: undefined, value: Object} @ http://localhost:3000/_next/static/chunks/11hm_next_dist_0m6rgog._.js:2441
[  164915ms] [LOG] [DEBUG] Renderizando celda: {columnId: telefono, isReference: undefined, value: Object} @ http://localhost:3000/_next/static/chunks/11hm_next_dist_0m6rgog._.js:2441
[  164915ms] [LOG] [DEBUG] Renderizando celda: {columnId: telefono, isReference: undefined, value: Object} @ http://localhost:3000/_next/static/chunks/11hm_next_dist_0m6rgog._.js:2441
[  164915ms] [LOG] [DEBUG] Renderizando celda: {columnId: ciudad, isReference: undefined, value: Object} @ http://localhost:3000/_next/static/chunks/11hm_next_dist_0m6rgog._.js:2441
[  164916ms] [LOG] [DEBUG] Renderizando celda: {columnId: ciudad, isReference: undefined, value: Object} @ http://localhost:3000/_next/static/chunks/11hm_next_dist_0m6rgog._.js:2441
[  164916ms] [LOG] [DEBUG] Renderizando celda: {columnId: rol, isReference: undefined, value: Object} @ http://localhost:3000/_next/static/chunks/11hm_next_dist_0m6rgog._.js:2441
[  164916ms] [LOG] [DEBUG] Renderizando celda: {columnId: rol, isReference: undefined, value: Object} @ http://localhost:3000/_next/static/chunks/11hm_next_dist_0m6rgog._.js:2441
[  164916ms] [LOG] [DEBUG] Renderizando celda: {columnId: estado, isReference: undefined, value: Object} @ http://localhost:3000/_next/static/chunks/11hm_next_dist_0m6rgog._.js:2441
[  164916ms] [LOG] [DEBUG] Renderizando celda: {columnId: estado, isReference: undefined, value: Object} @ http://localhost:3000/_next/static/chunks/11hm_next_dist_0m6rgog._.js:2441
[  164916ms] [LOG] [DEBUG] Renderizando celda: {columnId: fechaRegistro, isReference: undefined, value: Object} @ http://localhost:3000/_next/static/chunks/11hm_next_dist_0m6rgog._.js:2441
[  164916ms] [LOG] [DEBUG] Renderizando celda: {columnId: fechaRegistro, isReference: undefined, value: Object} @ http://localhost:3000/_next/static/chunks/11hm_next_dist_0m6rgog._.js:2441
[  164916ms] [LOG] [DEBUG] Renderizando celda: {columnId: ultimoContacto, isReference: undefined, value: Object} @ http://localhost:3000/_next/static/chunks/11hm_next_dist_0m6rgog._.js:2441
[  164916ms] [LOG] [DEBUG] Renderizando celda: {columnId: ultimoContacto, isReference: undefined, value: Object} @ http://localhost:3000/_next/static/chunks/11hm_next_dist_0m6rgog._.js:2441
[  164916ms] [LOG] [DEBUG] Renderizando celda: {columnId: valorTotal, isReference: undefined, value: Object} @ http://localhost:3000/_next/static/chunks/11hm_next_dist_0m6rgog._.js:2441
[  164916ms] [LOG] [DEBUG] Renderizando celda: {columnId: valorTotal, isReference: undefined, value: Object} @ http://localhost:3000/_next/static/chunks/11hm_next_dist_0m6rgog._.js:2441
[  164916ms] [LOG] [DEBUG] Renderizando celda: {columnId: satisfaccion, isReference: undefined, value: Object} @ http://localhost:3000/_next/static/chunks/11hm_next_dist_0m6rgog._.js:2441
[  164916ms] [LOG] [DEBUG] Renderizando celda: {columnId: satisfaccion, isReference: undefined, value: Object} @ http://localhost:3000/_next/static/chunks/11hm_next_dist_0m6rgog._.js:2441
[  164916ms] [LOG] [DEBUG] Renderizando celda: {columnId: activo, isReference: undefined, value: Object} @ http://localhost:3000/_next/static/chunks/11hm_next_dist_0m6rgog._.js:2441
[  164917ms] [LOG] [DEBUG] Renderizando celda: {columnId: activo, isReference: undefined, value: Object} @ http://localhost:3000/_next/static/chunks/11hm_next_dist_0m6rgog._.js:2441
[  164917ms] [LOG] [DEBUG] Renderizando celda: {columnId: id, isReference: undefined, value: Object} @ http://localhost:3000/_next/static/chunks/11hm_next_dist_0m6rgog._.js:2441
[  164917ms] [LOG] [DEBUG] Renderizando celda: {columnId: id, isReference: undefined, value: Object} @ http://localhost:3000/_next/static/chunks/11hm_next_dist_0m6rgog._.js:2441
[  164917ms] [LOG] [DEBUG] Renderizando celda: {columnId: nombre, isReference: undefined, value: Object} @ http://localhost:3000/_next/static/chunks/11hm_next_dist_0m6rgog._.js:2441
[  164917ms] [LOG] [DEBUG] Renderizando celda: {columnId: nombre, isReference: undefined, value: Object} @ http://localhost:3000/_next/static/chunks/11hm_next_dist_0m6rgog._.js:2441
[  164917ms] [LOG] [DEBUG] Renderizando celda: {columnId: email, isReference: undefined, value: Object} @ http://localhost:3000/_next/static/chunks/11hm_next_dist_0m6rgog._.js:2441
[  164918ms] [LOG] [DEBUG] Renderizando celda: {columnId: email, isReference: undefined, value: Object} @ http://localhost:3000/_next/static/chunks/11hm_next_dist_0m6rgog._.js:2441
[  164918ms] [LOG] [DEBUG] Renderizando celda: {columnId: telefono, isReference: undefined, value: Object} @ http://localhost:3000/_next/static/chunks/11hm_next_dist_0m6rgog._.js:2441
[  164918ms] [LOG] [DEBUG] Renderizando celda: {columnId: telefono, isReference: undefined, value: Object} @ http://localhost:3000/_next/static/chunks/11hm_next_dist_0m6rgog._.js:2441
[  164918ms] [LOG] [DEBUG] Renderizando celda: {columnId: ciudad, isReference: undefined, value: Object} @ http://localhost:3000/_next/static/chunks/11hm_next_dist_0m6rgog._.js:2441
[  164918ms] [LOG] [DEBUG] Renderizando celda: {columnId: ciudad, isReference: undefined, value: Object} @ http://localhost:3000/_next/static/chunks/11hm_next_dist_0m6rgog._.js:2441
[  164918ms] [LOG] [DEBUG] Renderizando celda: {columnId: rol, isReference: undefined, value: Object} @ http://localhost:3000/_next/static/chunks/11hm_next_dist_0m6rgog._.js:2441
[  164918ms] [LOG] [DEBUG] Renderizando celda: {columnId: rol, isReference: undefined, value: Object} @ http://localhost:3000/_next/static/chunks/11hm_next_dist_0m6rgog._.js:2441
[  164918ms] [LOG] [DEBUG] Renderizando celda: {columnId: estado, isReference: undefined, value: Object} @ http://localhost:3000/_next/static/chunks/11hm_next_dist_0m6rgog._.js:2441
[  164918ms] [LOG] [DEBUG] Renderizando celda: {columnId: estado, isReference: undefined, value: Object} @ http://localhost:3000/_next/static/chunks/11hm_next_dist_0m6rgog._.js:2441
[  164918ms] [LOG] [DEBUG] Renderizando celda: {columnId: fechaRegistro, isReference: undefined, value: Object} @ http://localhost:3000/_next/static/chunks/11hm_next_dist_0m6rgog._.js:2441
[  164918ms] [LOG] [DEBUG] Renderizando celda: {columnId: fechaRegistro, isReference: undefined, value: Object} @ http://localhost:3000/_next/static/chunks/11hm_next_dist_0m6rgog._.js:2441
[  164919ms] [LOG] [DEBUG] Renderizando celda: {columnId: ultimoContacto, isReference: undefined, value: Object} @ http://localhost:3000/_next/static/chunks/11hm_next_dist_0m6rgog._.js:2441
[  164919ms] [LOG] [DEBUG] Renderizando celda: {columnId: ultimoContacto, isReference: undefined, value: Object} @ http://localhost:3000/_next/static/chunks/11hm_next_dist_0m6rgog._.js:2441
[  164919ms] [LOG] [DEBUG] Renderizando celda: {columnId: valorTotal, isReference: undefined, value: Object} @ http://localhost:3000/_next/static/chunks/11hm_next_dist_0m6rgog._.js:2441
[  164919ms] [LOG] [DEBUG] Renderizando celda: {columnId: valorTotal, isReference: undefined, value: Object} @ http://localhost:3000/_next/static/chunks/11hm_next_dist_0m6rgog._.js:2441
[  164919ms] [LOG] [DEBUG] Renderizando celda: {columnId: satisfaccion, isReference: undefined, value: Object} @ http://localhost:3000/_next/static/chunks/11hm_next_dist_0m6rgog._.js:2441
[  164919ms] [LOG] [DEBUG] Renderizando celda: {columnId: satisfaccion, isReference: undefined, value: Object} @ http://localhost:3000/_next/static/chunks/11hm_next_dist_0m6rgog._.js:2441
[  164919ms] [LOG] [DEBUG] Renderizando celda: {columnId: activo, isReference: undefined, value: Object} @ http://localhost:3000/_next/static/chunks/11hm_next_dist_0m6rgog._.js:2441
[  164919ms] [LOG] [DEBUG] Renderizando celda: {columnId: activo, isReference: undefined, value: Object} @ http://localhost:3000/_next/static/chunks/11hm_next_dist_0m6rgog._.js:2441
[  164920ms] [LOG] [DEBUG] Renderizando celda: {columnId: id, isReference: undefined, value: Object} @ http://localhost:3000/_next/static/chunks/11hm_next_dist_0m6rgog._.js:2441
[  164920ms] [LOG] [DEBUG] Renderizando celda: {columnId: id, isReference: undefined, value: Object} @ http://localhost:3000/_next/static/chunks/11hm_next_dist_0m6rgog._.js:2441
[  164920ms] [LOG] [DEBUG] Renderizando celda: {columnId: nombre, isReference: undefined, value: Object} @ http://localhost:3000/_next/static/chunks/11hm_next_dist_0m6rgog._.js:2441
[  164920ms] [LOG] [DEBUG] Renderizando celda: {columnId: nombre, isReference: undefined, value: Object} @ http://localhost:3000/_next/static/chunks/11hm_next_dist_0m6rgog._.js:2441
[  164920ms] [LOG] [DEBUG] Renderizando celda: {columnId: email, isReference: undefined, value: Object} @ http://localhost:3000/_next/static/chunks/11hm_next_dist_0m6rgog._.js:2441
[  164920ms] [LOG] [DEBUG] Renderizando celda: {columnId: email, isReference: undefined, value: Object} @ http://localhost:3000/_next/static/chunks/11hm_next_dist_0m6rgog._.js:2441
[  164920ms] [LOG] [DEBUG] Renderizando celda: {columnId: telefono, isReference: undefined, value: Object} @ http://localhost:3000/_next/static/chunks/11hm_next_dist_0m6rgog._.js:2441
[  164920ms] [LOG] [DEBUG] Renderizando celda: {columnId: telefono, isReference: undefined, value: Object} @ http://localhost:3000/_next/static/chunks/11hm_next_dist_0m6rgog._.js:2441
[  164920ms] [LOG] [DEBUG] Renderizando celda: {columnId: ciudad, isReference: undefined, value: Object} @ http://localhost:3000/_next/static/chunks/11hm_next_dist_0m6rgog._.js:2441
[  164920ms] [LOG] [DEBUG] Renderizando celda: {columnId: ciudad, isReference: undefined, value: Object} @ http://localhost:3000/_next/static/chunks/11hm_next_dist_0m6rgog._.js:2441
[  164920ms] [LOG] [DEBUG] Renderizando celda: {columnId: rol, isReference: undefined, value: Object} @ http://localhost:3000/_next/static/chunks/11hm_next_dist_0m6rgog._.js:2441
[  164921ms] [LOG] [DEBUG] Renderizando celda: {columnId: rol, isReference: undefined, value: Object} @ http://localhost:3000/_next/static/chunks/11hm_next_dist_0m6rgog._.js:2441
[  164921ms] [LOG] [DEBUG] Renderizando celda: {columnId: estado, isReference: undefined, value: Object} @ http://localhost:3000/_next/static/chunks/11hm_next_dist_0m6rgog._.js:2441
[  164921ms] [LOG] [DEBUG] Renderizando celda: {columnId: estado, isReference: undefined, value: Object} @ http://localhost:3000/_next/static/chunks/11hm_next_dist_0m6rgog._.js:2441
[  164921ms] [LOG] [DEBUG] Renderizando celda: {columnId: fechaRegistro, isReference: undefined, value: Object} @ http://localhost:3000/_next/static/chunks/11hm_next_dist_0m6rgog._.js:2441
[  164921ms] [LOG] [DEBUG] Renderizando celda: {columnId: fechaRegistro, isReference: undefined, value: Object} @ http://localhost:3000/_next/static/chunks/11hm_next_dist_0m6rgog._.js:2441
[  164921ms] [LOG] [DEBUG] Renderizando celda: {columnId: ultimoContacto, isReference: undefined, value: Object} @ http://localhost:3000/_next/static/chunks/11hm_next_dist_0m6rgog._.js:2441
[  164921ms] [LOG] [DEBUG] Renderizando celda: {columnId: ultimoContacto, isReference: undefined, value: Object} @ http://localhost:3000/_next/static/chunks/11hm_next_dist_0m6rgog._.js:2441
[  164921ms] [LOG] [DEBUG] Renderizando celda: {columnId: valorTotal, isReference: undefined, value: Object} @ http://localhost:3000/_next/static/chunks/11hm_next_dist_0m6rgog._.js:2441
[  164921ms] [LOG] [DEBUG] Renderizando celda: {columnId: valorTotal, isReference: undefined, value: Object} @ http://localhost:3000/_next/static/chunks/11hm_next_dist_0m6rgog._.js:2441
[  164921ms] [LOG] [DEBUG] Renderizando celda: {columnId: satisfaccion, isReference: undefined, value: Object} @ http://localhost:3000/_next/static/chunks/11hm_next_dist_0m6rgog._.js:2441
[  164921ms] [LOG] [DEBUG] Renderizando celda: {columnId: satisfaccion, isReference: undefined, value: Object} @ http://localhost:3000/_next/static/chunks/11hm_next_dist_0m6rgog._.js:2441
[  164921ms] [LOG] [DEBUG] Renderizando celda: {columnId: activo, isReference: undefined, value: Object} @ http://localhost:3000/_next/static/chunks/11hm_next_dist_0m6rgog._.js:2441
[  164921ms] [LOG] [DEBUG] Renderizando celda: {columnId: activo, isReference: undefined, value: Object} @ http://localhost:3000/_next/static/chunks/11hm_next_dist_0m6rgog._.js:2441
[  164922ms] [LOG] [DEBUG] Renderizando celda: {columnId: id, isReference: undefined, value: Object} @ http://localhost:3000/_next/static/chunks/11hm_next_dist_0m6rgog._.js:2441
[  164922ms] [LOG] [DEBUG] Renderizando celda: {columnId: id, isReference: undefined, value: Object} @ http://localhost:3000/_next/static/chunks/11hm_next_dist_0m6rgog._.js:2441
[  164922ms] [LOG] [DEBUG] Renderizando celda: {columnId: nombre, isReference: undefined, value: Object} @ http://localhost:3000/_next/static/chunks/11hm_next_dist_0m6rgog._.js:2441
[  164922ms] [LOG] [DEBUG] Renderizando celda: {columnId: nombre, isReference: undefined, value: Object} @ http://localhost:3000/_next/static/chunks/11hm_next_dist_0m6rgog._.js:2441
[  164922ms] [LOG] [DEBUG] Renderizando celda: {columnId: email, isReference: undefined, value: Object} @ http://localhost:3000/_next/static/chunks/11hm_next_dist_0m6rgog._.js:2441
[  164922ms] [LOG] [DEBUG] Renderizando celda: {columnId: email, isReference: undefined, value: Object} @ http://localhost:3000/_next/static/chunks/11hm_next_dist_0m6rgog._.js:2441
[  164922ms] [LOG] [DEBUG] Renderizando celda: {columnId: telefono, isReference: undefined, value: Object} @ http://localhost:3000/_next/static/chunks/11hm_next_dist_0m6rgog._.js:2441
[  164922ms] [LOG] [DEBUG] Renderizando celda: {columnId: telefono, isReference: undefined, value: Object} @ http://localhost:3000/_next/static/chunks/11hm_next_dist_0m6rgog._.js:2441
[  164923ms] [LOG] [DEBUG] Renderizando celda: {columnId: ciudad, isReference: undefined, value: Object} @ http://localhost:3000/_next/static/chunks/11hm_next_dist_0m6rgog._.js:2441
[  164923ms] [LOG] [DEBUG] Renderizando celda: {columnId: ciudad, isReference: undefined, value: Object} @ http://localhost:3000/_next/static/chunks/11hm_next_dist_0m6rgog._.js:2441
[  164923ms] [LOG] [DEBUG] Renderizando celda: {columnId: rol, isReference: undefined, value: Object} @ http://localhost:3000/_next/static/chunks/11hm_next_dist_0m6rgog._.js:2441
[  164923ms] [LOG] [DEBUG] Renderizando celda: {columnId: rol, isReference: undefined, value: Object} @ http://localhost:3000/_next/static/chunks/11hm_next_dist_0m6rgog._.js:2441
[  164923ms] [LOG] [DEBUG] Renderizando celda: {columnId: estado, isReference: undefined, value: Object} @ http://localhost:3000/_next/static/chunks/11hm_next_dist_0m6rgog._.js:2441
[  164923ms] [LOG] [DEBUG] Renderizando celda: {columnId: estado, isReference: undefined, value: Object} @ http://localhost:3000/_next/static/chunks/11hm_next_dist_0m6rgog._.js:2441
[  164923ms] [LOG] [DEBUG] Renderizando celda: {columnId: fechaRegistro, isReference: undefined, value: Object} @ http://localhost:3000/_next/static/chunks/11hm_next_dist_0m6rgog._.js:2441
[  164923ms] [LOG] [DEBUG] Renderizando celda: {columnId: fechaRegistro, isReference: undefined, value: Object} @ http://localhost:3000/_next/static/chunks/11hm_next_dist_0m6rgog._.js:2441
[  164923ms] [LOG] [DEBUG] Renderizando celda: {columnId: ultimoContacto, isReference: undefined, value: Object} @ http://localhost:3000/_next/static/chunks/11hm_next_dist_0m6rgog._.js:2441
[  164923ms] [LOG] [DEBUG] Renderizando celda: {columnId: ultimoContacto, isReference: undefined, value: Object} @ http://localhost:3000/_next/static/chunks/11hm_next_dist_0m6rgog._.js:2441
[  164923ms] [LOG] [DEBUG] Renderizando celda: {columnId: valorTotal, isReference: undefined, value: Object} @ http://localhost:3000/_next/static/chunks/11hm_next_dist_0m6rgog._.js:2441
[  164923ms] [LOG] [DEBUG] Renderizando celda: {columnId: valorTotal, isReference: undefined, value: Object} @ http://localhost:3000/_next/static/chunks/11hm_next_dist_0m6rgog._.js:2441
[  164923ms] [LOG] [DEBUG] Renderizando celda: {columnId: satisfaccion, isReference: undefined, value: Object} @ http://localhost:3000/_next/static/chunks/11hm_next_dist_0m6rgog._.js:2441
[  164924ms] [LOG] [DEBUG] Renderizando celda: {columnId: satisfaccion, isReference: undefined, value: Object} @ http://localhost:3000/_next/static/chunks/11hm_next_dist_0m6rgog._.js:2441
[  164924ms] [LOG] [DEBUG] Renderizando celda: {columnId: activo, isReference: undefined, value: Object} @ http://localhost:3000/_next/static/chunks/11hm_next_dist_0m6rgog._.js:2441
[  164924ms] [LOG] [DEBUG] Renderizando celda: {columnId: activo, isReference: undefined, value: Object} @ http://localhost:3000/_next/static/chunks/11hm_next_dist_0m6rgog._.js:2441
[  164924ms] [LOG] [DEBUG] Renderizando celda: {columnId: id, isReference: undefined, value: Object} @ http://localhost:3000/_next/static/chunks/11hm_next_dist_0m6rgog._.js:2441
[  164924ms] [LOG] [DEBUG] Renderizando celda: {columnId: id, isReference: undefined, value: Object} @ http://localhost:3000/_next/static/chunks/11hm_next_dist_0m6rgog._.js:2441
[  164924ms] [LOG] [DEBUG] Renderizando celda: {columnId: nombre, isReference: undefined, value: Object} @ http://localhost:3000/_next/static/chunks/11hm_next_dist_0m6rgog._.js:2441
[  164924ms] [LOG] [DEBUG] Renderizando celda: {columnId: nombre, isReference: undefined, value: Object} @ http://localhost:3000/_next/static/chunks/11hm_next_dist_0m6rgog._.js:2441
[  164925ms] [LOG] [DEBUG] Renderizando celda: {columnId: email, isReference: undefined, value: Object} @ http://localhost:3000/_next/static/chunks/11hm_next_dist_0m6rgog._.js:2441
[  164925ms] [LOG] [DEBUG] Renderizando celda: {columnId: email, isReference: undefined, value: Object} @ http://localhost:3000/_next/static/chunks/11hm_next_dist_0m6rgog._.js:2441
[  164925ms] [LOG] [DEBUG] Renderizando celda: {columnId: telefono, isReference: undefined, value: Object} @ http://localhost:3000/_next/static/chunks/11hm_next_dist_0m6rgog._.js:2441
[  164925ms] [LOG] [DEBUG] Renderizando celda: {columnId: telefono, isReference: undefined, value: Object} @ http://localhost:3000/_next/static/chunks/11hm_next_dist_0m6rgog._.js:2441
[  164925ms] [LOG] [DEBUG] Renderizando celda: {columnId: ciudad, isReference: undefined, value: Object} @ http://localhost:3000/_next/static/chunks/11hm_next_dist_0m6rgog._.js:2441
[  164925ms] [LOG] [DEBUG] Renderizando celda: {columnId: ciudad, isReference: undefined, value: Object} @ http://localhost:3000/_next/static/chunks/11hm_next_dist_0m6rgog._.js:2441
[  164925ms] [LOG] [DEBUG] Renderizando celda: {columnId: rol, isReference: undefined, value: Object} @ http://localhost:3000/_next/static/chunks/11hm_next_dist_0m6rgog._.js:2441
[  164925ms] [LOG] [DEBUG] Renderizando celda: {columnId: rol, isReference: undefined, value: Object} @ http://localhost:3000/_next/static/chunks/11hm_next_dist_0m6rgog._.js:2441
[  164925ms] [LOG] [DEBUG] Renderizando celda: {columnId: estado, isReference: undefined, value: Object} @ http://localhost:3000/_next/static/chunks/11hm_next_dist_0m6rgog._.js:2441
[  164925ms] [LOG] [DEBUG] Renderizando celda: {columnId: estado, isReference: undefined, value: Object} @ http://localhost:3000/_next/static/chunks/11hm_next_dist_0m6rgog._.js:2441
[  164925ms] [LOG] [DEBUG] Renderizando celda: {columnId: fechaRegistro, isReference: undefined, value: Object} @ http://localhost:3000/_next/static/chunks/11hm_next_dist_0m6rgog._.js:2441
[  164925ms] [LOG] [DEBUG] Renderizando celda: {columnId: fechaRegistro, isReference: undefined, value: Object} @ http://localhost:3000/_next/static/chunks/11hm_next_dist_0m6rgog._.js:2441
[  164925ms] [LOG] [DEBUG] Renderizando celda: {columnId: ultimoContacto, isReference: undefined, value: Object} @ http://localhost:3000/_next/static/chunks/11hm_next_dist_0m6rgog._.js:2441
[  164925ms] [LOG] [DEBUG] Renderizando celda: {columnId: ultimoContacto, isReference: undefined, value: Object} @ http://localhost:3000/_next/static/chunks/11hm_next_dist_0m6rgog._.js:2441
[  164926ms] [LOG] [DEBUG] Renderizando celda: {columnId: valorTotal, isReference: undefined, value: Object} @ http://localhost:3000/_next/static/chunks/11hm_next_dist_0m6rgog._.js:2441
[  164926ms] [LOG] [DEBUG] Renderizando celda: {columnId: valorTotal, isReference: undefined, value: Object} @ http://localhost:3000/_next/static/chunks/11hm_next_dist_0m6rgog._.js:2441
[  164926ms] [LOG] [DEBUG] Renderizando celda: {columnId: satisfaccion, isReference: undefined, value: Object} @ http://localhost:3000/_next/static/chunks/11hm_next_dist_0m6rgog._.js:2441
[  164926ms] [LOG] [DEBUG] Renderizando celda: {columnId: satisfaccion, isReference: undefined, value: Object} @ http://localhost:3000/_next/static/chunks/11hm_next_dist_0m6rgog._.js:2441
[  164926ms] [LOG] [DEBUG] Renderizando celda: {columnId: activo, isReference: undefined, value: Object} @ http://localhost:3000/_next/static/chunks/11hm_next_dist_0m6rgog._.js:2441
[  164926ms] [LOG] [DEBUG] Renderizando celda: {columnId: activo, isReference: undefined, value: Object} @ http://localhost:3000/_next/static/chunks/11hm_next_dist_0m6rgog._.js:2441
[  164926ms] [LOG] [DEBUG] Renderizando celda: {columnId: id, isReference: undefined, value: Object} @ http://localhost:3000/_next/static/chunks/11hm_next_dist_0m6rgog._.js:2441
[  164927ms] [LOG] [DEBUG] Renderizando celda: {columnId: id, isReference: undefined, value: Object} @ http://localhost:3000/_next/static/chunks/11hm_next_dist_0m6rgog._.js:2441
[  164927ms] [LOG] [DEBUG] Renderizando celda: {columnId: nombre, isReference: undefined, value: Object} @ http://localhost:3000/_next/static/chunks/11hm_next_dist_0m6rgog._.js:2441
[  164927ms] [LOG] [DEBUG] Renderizando celda: {columnId: nombre, isReference: undefined, value: Object} @ http://localhost:3000/_next/static/chunks/11hm_next_dist_0m6rgog._.js:2441
[  164927ms] [LOG] [DEBUG] Renderizando celda: {columnId: email, isReference: undefined, value: Object} @ http://localhost:3000/_next/static/chunks/11hm_next_dist_0m6rgog._.js:2441
[  164927ms] [LOG] [DEBUG] Renderizando celda: {columnId: email, isReference: undefined, value: Object} @ http://localhost:3000/_next/static/chunks/11hm_next_dist_0m6rgog._.js:2441
[  164927ms] [LOG] [DEBUG] Renderizando celda: {columnId: telefono, isReference: undefined, value: Object} @ http://localhost:3000/_next/static/chunks/11hm_next_dist_0m6rgog._.js:2441
[  164927ms] [LOG] [DEBUG] Renderizando celda: {columnId: telefono, isReference: undefined, value: Object} @ http://localhost:3000/_next/static/chunks/11hm_next_dist_0m6rgog._.js:2441
[  164927ms] [LOG] [DEBUG] Renderizando celda: {columnId: ciudad, isReference: undefined, value: Object} @ http://localhost:3000/_next/static/chunks/11hm_next_dist_0m6rgog._.js:2441
[  164927ms] [LOG] [DEBUG] Renderizando celda: {columnId: ciudad, isReference: undefined, value: Object} @ http://localhost:3000/_next/static/chunks/11hm_next_dist_0m6rgog._.js:2441
[  164927ms] [LOG] [DEBUG] Renderizando celda: {columnId: rol, isReference: undefined, value: Object} @ http://localhost:3000/_next/static/chunks/11hm_next_dist_0m6rgog._.js:2441
[  164927ms] [LOG] [DEBUG] Renderizando celda: {columnId: rol, isReference: undefined, value: Object} @ http://localhost:3000/_next/static/chunks/11hm_next_dist_0m6rgog._.js:2441
[  164927ms] [LOG] [DEBUG] Renderizando celda: {columnId: estado, isReference: undefined, value: Object} @ http://localhost:3000/_next/static/chunks/11hm_next_dist_0m6rgog._.js:2441
[  164927ms] [LOG] [DEBUG] Renderizando celda: {columnId: estado, isReference: undefined, value: Object} @ http://localhost:3000/_next/static/chunks/11hm_next_dist_0m6rgog._.js:2441
[  164927ms] [LOG] [DEBUG] Renderizando celda: {columnId: fechaRegistro, isReference: undefined, value: Object} @ http://localhost:3000/_next/static/chunks/11hm_next_dist_0m6rgog._.js:2441
[  164928ms] [LOG] [DEBUG] Renderizando celda: {columnId: fechaRegistro, isReference: undefined, value: Object} @ http://localhost:3000/_next/static/chunks/11hm_next_dist_0m6rgog._.js:2441
[  164928ms] [LOG] [DEBUG] Renderizando celda: {columnId: ultimoContacto, isReference: undefined, value: Object} @ http://localhost:3000/_next/static/chunks/11hm_next_dist_0m6rgog._.js:2441
[  164928ms] [LOG] [DEBUG] Renderizando celda: {columnId: ultimoContacto, isReference: undefined, value: Object} @ http://localhost:3000/_next/static/chunks/11hm_next_dist_0m6rgog._.js:2441
[  164928ms] [LOG] [DEBUG] Renderizando celda: {columnId: valorTotal, isReference: undefined, value: Object} @ http://localhost:3000/_next/static/chunks/11hm_next_dist_0m6rgog._.js:2441
[  164928ms] [LOG] [DEBUG] Renderizando celda: {columnId: valorTotal, isReference: undefined, value: Object} @ http://localhost:3000/_next/static/chunks/11hm_next_dist_0m6rgog._.js:2441
[  164928ms] [LOG] [DEBUG] Renderizando celda: {columnId: satisfaccion, isReference: undefined, value: Object} @ http://localhost:3000/_next/static/chunks/11hm_next_dist_0m6rgog._.js:2441
[  164928ms] [LOG] [DEBUG] Renderizando celda: {columnId: satisfaccion, isReference: undefined, value: Object} @ http://localhost:3000/_next/static/chunks/11hm_next_dist_0m6rgog._.js:2441
[  164929ms] [LOG] [DEBUG] Renderizando celda: {columnId: activo, isReference: undefined, value: Object} @ http://localhost:3000/_next/static/chunks/11hm_next_dist_0m6rgog._.js:2441
[  164929ms] [LOG] [DEBUG] Renderizando celda: {columnId: activo, isReference: undefined, value: Object} @ http://localhost:3000/_next/static/chunks/11hm_next_dist_0m6rgog._.js:2441
[  164932ms] [LOG] [DEBUG] Renderizando SecondaryTables: {level: 0, parentId: undefined, isLoading: true, arrayColumnsCount: 0, arrayColumns: Array(0)} @ http://localhost:3000/_next/static/chunks/11hm_next_dist_0m6rgog._.js:2441
[  164932ms] [LOG] [DEBUG] Renderizando SecondaryTables: {level: 0, parentId: undefined, isLoading: true, arrayColumnsCount: 0, arrayColumns: Array(0)} @ http://localhost:3000/_next/static/chunks/11hm_next_dist_0m6rgog._.js:2441
[  165198ms] [LOG] [DEBUG] Effective column order: {baseOrder: Array(14), pinnedColumnId: index, otherColumns: Array(13), hasActions: true, result: Array(15)} @ http://localhost:3000/_next/static/chunks/11hm_next_dist_0m6rgog._.js:2441
[  165198ms] [LOG] [DEBUG] Effective column order: {baseOrder: Array(14), pinnedColumnId: index, otherColumns: Array(13), hasActions: true, result: Array(15)} @ http://localhost:3000/_next/static/chunks/11hm_next_dist_0m6rgog._.js:2441
[  165204ms] [LOG] [DEBUG] Effective column order: {baseOrder: Array(14), pinnedColumnId: index, otherColumns: Array(13), hasActions: true, result: Array(15)} @ http://localhost:3000/_next/static/chunks/11hm_next_dist_0m6rgog._.js:2441
[  165205ms] [LOG] [DEBUG] Effective column order: {baseOrder: Array(14), pinnedColumnId: index, otherColumns: Array(13), hasActions: true, result: Array(15)} @ http://localhost:3000/_next/static/chunks/11hm_next_dist_0m6rgog._.js:2441
[  165252ms] [LOG] [DEBUG] Renderizando celda: {columnId: id, isReference: undefined, value: Object} @ http://localhost:3000/_next/static/chunks/11hm_next_dist_0m6rgog._.js:2441
[  165253ms] [LOG] [DEBUG] Renderizando celda: {columnId: id, isReference: undefined, value: Object} @ http://localhost:3000/_next/static/chunks/11hm_next_dist_0m6rgog._.js:2441
[  165253ms] [LOG] [DEBUG] Renderizando celda: {columnId: nombre, isReference: undefined, value: Object} @ http://localhost:3000/_next/static/chunks/11hm_next_dist_0m6rgog._.js:2441
[  165253ms] [LOG] [DEBUG] Renderizando celda: {columnId: nombre, isReference: undefined, value: Object} @ http://localhost:3000/_next/static/chunks/11hm_next_dist_0m6rgog._.js:2441
[  165253ms] [LOG] [DEBUG] Renderizando celda: {columnId: email, isReference: undefined, value: Object} @ http://localhost:3000/_next/static/chunks/11hm_next_dist_0m6rgog._.js:2441
[  165253ms] [LOG] [DEBUG] Renderizando celda: {columnId: email, isReference: undefined, value: Object} @ http://localhost:3000/_next/static/chunks/11hm_next_dist_0m6rgog._.js:2441
[  165253ms] [LOG] [DEBUG] Renderizando celda: {columnId: telefono, isReference: undefined, value: Object} @ http://localhost:3000/_next/static/chunks/11hm_next_dist_0m6rgog._.js:2441
[  165253ms] [LOG] [DEBUG] Renderizando celda: {columnId: telefono, isReference: undefined, value: Object} @ http://localhost:3000/_next/static/chunks/11hm_next_dist_0m6rgog._.js:2441
[  165253ms] [LOG] [DEBUG] Renderizando celda: {columnId: ciudad, isReference: undefined, value: Object} @ http://localhost:3000/_next/static/chunks/11hm_next_dist_0m6rgog._.js:2441
[  165253ms] [LOG] [DEBUG] Renderizando celda: {columnId: ciudad, isReference: undefined, value: Object} @ http://localhost:3000/_next/static/chunks/11hm_next_dist_0m6rgog._.js:2441
[  165253ms] [LOG] [DEBUG] Renderizando celda: {columnId: rol, isReference: undefined, value: Object} @ http://localhost:3000/_next/static/chunks/11hm_next_dist_0m6rgog._.js:2441
[  165253ms] [LOG] [DEBUG] Renderizando celda: {columnId: rol, isReference: undefined, value: Object} @ http://localhost:3000/_next/static/chunks/11hm_next_dist_0m6rgog._.js:2441
[  165253ms] [LOG] [DEBUG] Renderizando celda: {columnId: estado, isReference: undefined, value: Object} @ http://localhost:3000/_next/static/chunks/11hm_next_dist_0m6rgog._.js:2441
[  165253ms] [LOG] [DEBUG] Renderizando celda: {columnId: estado, isReference: undefined, value: Object} @ http://localhost:3000/_next/static/chunks/11hm_next_dist_0m6rgog._.js:2441
[  165254ms] [LOG] [DEBUG] Renderizando celda: {columnId: fechaRegistro, isReference: undefined, value: Object} @ http://localhost:3000/_next/static/chunks/11hm_next_dist_0m6rgog._.js:2441
[  165254ms] [LOG] [DEBUG] Renderizando celda: {columnId: fechaRegistro, isReference: undefined, value: Object} @ http://localhost:3000/_next/static/chunks/11hm_next_dist_0m6rgog._.js:2441
[  165254ms] [LOG] [DEBUG] Renderizando celda: {columnId: ultimoContacto, isReference: undefined, value: Object} @ http://localhost:3000/_next/static/chunks/11hm_next_dist_0m6rgog._.js:2441
[  165254ms] [LOG] [DEBUG] Renderizando celda: {columnId: ultimoContacto, isReference: undefined, value: Object} @ http://localhost:3000/_next/static/chunks/11hm_next_dist_0m6rgog._.js:2441
[  165254ms] [LOG] [DEBUG] Renderizando celda: {columnId: valorTotal, isReference: undefined, value: Object} @ http://localhost:3000/_next/static/chunks/11hm_next_dist_0m6rgog._.js:2441
[  165254ms] [LOG] [DEBUG] Renderizando celda: {columnId: valorTotal, isReference: undefined, value: Object} @ http://localhost:3000/_next/static/chunks/11hm_next_dist_0m6rgog._.js:2441
[  165254ms] [LOG] [DEBUG] Renderizando celda: {columnId: satisfaccion, isReference: undefined, value: Object} @ http://localhost:3000/_next/static/chunks/11hm_next_dist_0m6rgog._.js:2441
[  165254ms] [LOG] [DEBUG] Renderizando celda: {columnId: satisfaccion, isReference: undefined, value: Object} @ http://localhost:3000/_next/static/chunks/11hm_next_dist_0m6rgog._.js:2441
[  165254ms] [LOG] [DEBUG] Renderizando celda: {columnId: activo, isReference: undefined, value: Object} @ http://localhost:3000/_next/static/chunks/11hm_next_dist_0m6rgog._.js:2441
[  165254ms] [LOG] [DEBUG] Renderizando celda: {columnId: activo, isReference: undefined, value: Object} @ http://localhost:3000/_next/static/chunks/11hm_next_dist_0m6rgog._.js:2441
[  165259ms] [LOG] [DEBUG] Renderizando celda: {columnId: id, isReference: undefined, value: Object} @ http://localhost:3000/_next/static/chunks/11hm_next_dist_0m6rgog._.js:2441
[  165259ms] [LOG] [DEBUG] Renderizando celda: {columnId: id, isReference: undefined, value: Object} @ http://localhost:3000/_next/static/chunks/11hm_next_dist_0m6rgog._.js:2441
[  165259ms] [LOG] [DEBUG] Renderizando celda: {columnId: nombre, isReference: undefined, value: Object} @ http://localhost:3000/_next/static/chunks/11hm_next_dist_0m6rgog._.js:2441
[  165259ms] [LOG] [DEBUG] Renderizando celda: {columnId: nombre, isReference: undefined, value: Object} @ http://localhost:3000/_next/static/chunks/11hm_next_dist_0m6rgog._.js:2441
[  165259ms] [LOG] [DEBUG] Renderizando celda: {columnId: email, isReference: undefined, value: Object} @ http://localhost:3000/_next/static/chunks/11hm_next_dist_0m6rgog._.js:2441
[  165260ms] [LOG] [DEBUG] Renderizando celda: {columnId: email, isReference: undefined, value: Object} @ http://localhost:3000/_next/static/chunks/11hm_next_dist_0m6rgog._.js:2441
[  165260ms] [LOG] [DEBUG] Renderizando celda: {columnId: telefono, isReference: undefined, value: Object} @ http://localhost:3000/_next/static/chunks/11hm_next_dist_0m6rgog._.js:2441
[  165260ms] [LOG] [DEBUG] Renderizando celda: {columnId: telefono, isReference: undefined, value: Object} @ http://localhost:3000/_next/static/chunks/11hm_next_dist_0m6rgog._.js:2441
[  165260ms] [LOG] [DEBUG] Renderizando celda: {columnId: ciudad, isReference: undefined, value: Object} @ http://localhost:3000/_next/static/chunks/11hm_next_dist_0m6rgog._.js:2441
[  165260ms] [LOG] [DEBUG] Renderizando celda: {columnId: ciudad, isReference: undefined, value: Object} @ http://localhost:3000/_next/static/chunks/11hm_next_dist_0m6rgog._.js:2441
[  165260ms] [LOG] [DEBUG] Renderizando celda: {columnId: rol, isReference: undefined, value: Object} @ http://localhost:3000/_next/static/chunks/11hm_next_dist_0m6rgog._.js:2441
[  165260ms] [LOG] [DEBUG] Renderizando celda: {columnId: rol, isReference: undefined, value: Object} @ http://localhost:3000/_next/static/chunks/11hm_next_dist_0m6rgog._.js:2441
[  165260ms] [LOG] [DEBUG] Renderizando celda: {columnId: estado, isReference: undefined, value: Object} @ http://localhost:3000/_next/static/chunks/11hm_next_dist_0m6rgog._.js:2441
[  165260ms] [LOG] [DEBUG] Renderizando celda: {columnId: estado, isReference: undefined, value: Object} @ http://localhost:3000/_next/static/chunks/11hm_next_dist_0m6rgog._.js:2441
[  165260ms] [LOG] [DEBUG] Renderizando celda: {columnId: fechaRegistro, isReference: undefined, value: Object} @ http://localhost:3000/_next/static/chunks/11hm_next_dist_0m6rgog._.js:2441
[  165260ms] [LOG] [DEBUG] Renderizando celda: {columnId: fechaRegistro, isReference: undefined, value: Object} @ http://localhost:3000/_next/static/chunks/11hm_next_dist_0m6rgog._.js:2441
[  165260ms] [LOG] [DEBUG] Renderizando celda: {columnId: ultimoContacto, isReference: undefined, value: Object} @ http://localhost:3000/_next/static/chunks/11hm_next_dist_0m6rgog._.js:2441
[  165260ms] [LOG] [DEBUG] Renderizando celda: {columnId: ultimoContacto, isReference: undefined, value: Object} @ http://localhost:3000/_next/static/chunks/11hm_next_dist_0m6rgog._.js:2441
[  165260ms] [LOG] [DEBUG] Renderizando celda: {columnId: valorTotal, isReference: undefined, value: Object} @ http://localhost:3000/_next/static/chunks/11hm_next_dist_0m6rgog._.js:2441
[  165261ms] [LOG] [DEBUG] Renderizando celda: {columnId: valorTotal, isReference: undefined, value: Object} @ http://localhost:3000/_next/static/chunks/11hm_next_dist_0m6rgog._.js:2441
[  165261ms] [LOG] [DEBUG] Renderizando celda: {columnId: satisfaccion, isReference: undefined, value: Object} @ http://localhost:3000/_next/static/chunks/11hm_next_dist_0m6rgog._.js:2441
[  165261ms] [LOG] [DEBUG] Renderizando celda: {columnId: satisfaccion, isReference: undefined, value: Object} @ http://localhost:3000/_next/static/chunks/11hm_next_dist_0m6rgog._.js:2441
[  165261ms] [LOG] [DEBUG] Renderizando celda: {columnId: activo, isReference: undefined, value: Object} @ http://localhost:3000/_next/static/chunks/11hm_next_dist_0m6rgog._.js:2441
[  165261ms] [LOG] [DEBUG] Renderizando celda: {columnId: activo, isReference: undefined, value: Object} @ http://localhost:3000/_next/static/chunks/11hm_next_dist_0m6rgog._.js:2441
[  165265ms] [LOG] [DEBUG] Renderizando celda: {columnId: id, isReference: undefined, value: Object} @ http://localhost:3000/_next/static/chunks/11hm_next_dist_0m6rgog._.js:2441
[  165265ms] [LOG] [DEBUG] Renderizando celda: {columnId: id, isReference: undefined, value: Object} @ http://localhost:3000/_next/static/chunks/11hm_next_dist_0m6rgog._.js:2441
[  165265ms] [LOG] [DEBUG] Renderizando celda: {columnId: nombre, isReference: undefined, value: Object} @ http://localhost:3000/_next/static/chunks/11hm_next_dist_0m6rgog._.js:2441
[  165266ms] [LOG] [DEBUG] Renderizando celda: {columnId: nombre, isReference: undefined, value: Object} @ http://localhost:3000/_next/static/chunks/11hm_next_dist_0m6rgog._.js:2441
[  165266ms] [LOG] [DEBUG] Renderizando celda: {columnId: email, isReference: undefined, value: Object} @ http://localhost:3000/_next/static/chunks/11hm_next_dist_0m6rgog._.js:2441
[  165266ms] [LOG] [DEBUG] Renderizando celda: {columnId: email, isReference: undefined, value: Object} @ http://localhost:3000/_next/static/chunks/11hm_next_dist_0m6rgog._.js:2441
[  165266ms] [LOG] [DEBUG] Renderizando celda: {columnId: telefono, isReference: undefined, value: Object} @ http://localhost:3000/_next/static/chunks/11hm_next_dist_0m6rgog._.js:2441
[  165266ms] [LOG] [DEBUG] Renderizando celda: {columnId: telefono, isReference: undefined, value: Object} @ http://localhost:3000/_next/static/chunks/11hm_next_dist_0m6rgog._.js:2441
[  165266ms] [LOG] [DEBUG] Renderizando celda: {columnId: ciudad, isReference: undefined, value: Object} @ http://localhost:3000/_next/static/chunks/11hm_next_dist_0m6rgog._.js:2441
[  165266ms] [LOG] [DEBUG] Renderizando celda: {columnId: ciudad, isReference: undefined, value: Object} @ http://localhost:3000/_next/static/chunks/11hm_next_dist_0m6rgog._.js:2441
[  165266ms] [LOG] [DEBUG] Renderizando celda: {columnId: rol, isReference: undefined, value: Object} @ http://localhost:3000/_next/static/chunks/11hm_next_dist_0m6rgog._.js:2441
[  165266ms] [LOG] [DEBUG] Renderizando celda: {columnId: rol, isReference: undefined, value: Object} @ http://localhost:3000/_next/static/chunks/11hm_next_dist_0m6rgog._.js:2441
[  165266ms] [LOG] [DEBUG] Renderizando celda: {columnId: estado, isReference: undefined, value: Object} @ http://localhost:3000/_next/static/chunks/11hm_next_dist_0m6rgog._.js:2441
[  165266ms] [LOG] [DEBUG] Renderizando celda: {columnId: estado, isReference: undefined, value: Object} @ http://localhost:3000/_next/static/chunks/11hm_next_dist_0m6rgog._.js:2441
[  165266ms] [LOG] [DEBUG] Renderizando celda: {columnId: fechaRegistro, isReference: undefined, value: Object} @ http://localhost:3000/_next/static/chunks/11hm_next_dist_0m6rgog._.js:2441
[  165266ms] [LOG] [DEBUG] Renderizando celda: {columnId: fechaRegistro, isReference: undefined, value: Object} @ http://localhost:3000/_next/static/chunks/11hm_next_dist_0m6rgog._.js:2441
[  165266ms] [LOG] [DEBUG] Renderizando celda: {columnId: ultimoContacto, isReference: undefined, value: Object} @ http://localhost:3000/_next/static/chunks/11hm_next_dist_0m6rgog._.js:2441
[  165266ms] [LOG] [DEBUG] Renderizando celda: {columnId: ultimoContacto, isReference: undefined, value: Object} @ http://localhost:3000/_next/static/chunks/11hm_next_dist_0m6rgog._.js:2441
[  165267ms] [LOG] [DEBUG] Renderizando celda: {columnId: valorTotal, isReference: undefined, value: Object} @ http://localhost:3000/_next/static/chunks/11hm_next_dist_0m6rgog._.js:2441
[  165267ms] [LOG] [DEBUG] Renderizando celda: {columnId: valorTotal, isReference: undefined, value: Object} @ http://localhost:3000/_next/static/chunks/11hm_next_dist_0m6rgog._.js:2441
[  165267ms] [LOG] [DEBUG] Renderizando celda: {columnId: satisfaccion, isReference: undefined, value: Object} @ http://localhost:3000/_next/static/chunks/11hm_next_dist_0m6rgog._.js:2441
[  165267ms] [LOG] [DEBUG] Renderizando celda: {columnId: satisfaccion, isReference: undefined, value: Object} @ http://localhost:3000/_next/static/chunks/11hm_next_dist_0m6rgog._.js:2441
[  165267ms] [LOG] [DEBUG] Renderizando celda: {columnId: activo, isReference: undefined, value: Object} @ http://localhost:3000/_next/static/chunks/11hm_next_dist_0m6rgog._.js:2441
[  165267ms] [LOG] [DEBUG] Renderizando celda: {columnId: activo, isReference: undefined, value: Object} @ http://localhost:3000/_next/static/chunks/11hm_next_dist_0m6rgog._.js:2441
[  165274ms] [LOG] [DEBUG] Renderizando celda: {columnId: id, isReference: undefined, value: Object} @ http://localhost:3000/_next/static/chunks/11hm_next_dist_0m6rgog._.js:2441
[  165274ms] [LOG] [DEBUG] Renderizando celda: {columnId: id, isReference: undefined, value: Object} @ http://localhost:3000/_next/static/chunks/11hm_next_dist_0m6rgog._.js:2441
[  165274ms] [LOG] [DEBUG] Renderizando celda: {columnId: nombre, isReference: undefined, value: Object} @ http://localhost:3000/_next/static/chunks/11hm_next_dist_0m6rgog._.js:2441
[  165274ms] [LOG] [DEBUG] Renderizando celda: {columnId: nombre, isReference: undefined, value: Object} @ http://localhost:3000/_next/static/chunks/11hm_next_dist_0m6rgog._.js:2441
[  165274ms] [LOG] [DEBUG] Renderizando celda: {columnId: email, isReference: undefined, value: Object} @ http://localhost:3000/_next/static/chunks/11hm_next_dist_0m6rgog._.js:2441
[  165274ms] [LOG] [DEBUG] Renderizando celda: {columnId: email, isReference: undefined, value: Object} @ http://localhost:3000/_next/static/chunks/11hm_next_dist_0m6rgog._.js:2441
[  165274ms] [LOG] [DEBUG] Renderizando celda: {columnId: telefono, isReference: undefined, value: Object} @ http://localhost:3000/_next/static/chunks/11hm_next_dist_0m6rgog._.js:2441
[  165274ms] [LOG] [DEBUG] Renderizando celda: {columnId: telefono, isReference: undefined, value: Object} @ http://localhost:3000/_next/static/chunks/11hm_next_dist_0m6rgog._.js:2441
[  165274ms] [LOG] [DEBUG] Renderizando celda: {columnId: ciudad, isReference: undefined, value: Object} @ http://localhost:3000/_next/static/chunks/11hm_next_dist_0m6rgog._.js:2441
[  165274ms] [LOG] [DEBUG] Renderizando celda: {columnId: ciudad, isReference: undefined, value: Object} @ http://localhost:3000/_next/static/chunks/11hm_next_dist_0m6rgog._.js:2441
[  165275ms] [LOG] [DEBUG] Renderizando celda: {columnId: rol, isReference: undefined, value: Object} @ http://localhost:3000/_next/static/chunks/11hm_next_dist_0m6rgog._.js:2441
[  165275ms] [LOG] [DEBUG] Renderizando celda: {columnId: rol, isReference: undefined, value: Object} @ http://localhost:3000/_next/static/chunks/11hm_next_dist_0m6rgog._.js:2441
[  165275ms] [LOG] [DEBUG] Renderizando celda: {columnId: estado, isReference: undefined, value: Object} @ http://localhost:3000/_next/static/chunks/11hm_next_dist_0m6rgog._.js:2441
[  165275ms] [LOG] [DEBUG] Renderizando celda: {columnId: estado, isReference: undefined, value: Object} @ http://localhost:3000/_next/static/chunks/11hm_next_dist_0m6rgog._.js:2441
[  165275ms] [LOG] [DEBUG] Renderizando celda: {columnId: fechaRegistro, isReference: undefined, value: Object} @ http://localhost:3000/_next/static/chunks/11hm_next_dist_0m6rgog._.js:2441
[  165275ms] [LOG] [DEBUG] Renderizando celda: {columnId: fechaRegistro, isReference: undefined, value: Object} @ http://localhost:3000/_next/static/chunks/11hm_next_dist_0m6rgog._.js:2441
[  165275ms] [LOG] [DEBUG] Renderizando celda: {columnId: ultimoContacto, isReference: undefined, value: Object} @ http://localhost:3000/_next/static/chunks/11hm_next_dist_0m6rgog._.js:2441
[  165275ms] [LOG] [DEBUG] Renderizando celda: {columnId: ultimoContacto, isReference: undefined, value: Object} @ http://localhost:3000/_next/static/chunks/11hm_next_dist_0m6rgog._.js:2441
[  165275ms] [LOG] [DEBUG] Renderizando celda: {columnId: valorTotal, isReference: undefined, value: Object} @ http://localhost:3000/_next/static/chunks/11hm_next_dist_0m6rgog._.js:2441
[  165275ms] [LOG] [DEBUG] Renderizando celda: {columnId: valorTotal, isReference: undefined, value: Object} @ http://localhost:3000/_next/static/chunks/11hm_next_dist_0m6rgog._.js:2441
[  165275ms] [LOG] [DEBUG] Renderizando celda: {columnId: satisfaccion, isReference: undefined, value: Object} @ http://localhost:3000/_next/static/chunks/11hm_next_dist_0m6rgog._.js:2441
[  165275ms] [LOG] [DEBUG] Renderizando celda: {columnId: satisfaccion, isReference: undefined, value: Object} @ http://localhost:3000/_next/static/chunks/11hm_next_dist_0m6rgog._.js:2441
[  165275ms] [LOG] [DEBUG] Renderizando celda: {columnId: activo, isReference: undefined, value: Object} @ http://localhost:3000/_next/static/chunks/11hm_next_dist_0m6rgog._.js:2441
[  165275ms] [LOG] [DEBUG] Renderizando celda: {columnId: activo, isReference: undefined, value: Object} @ http://localhost:3000/_next/static/chunks/11hm_next_dist_0m6rgog._.js:2441
[  165280ms] [LOG] [DEBUG] Renderizando celda: {columnId: id, isReference: undefined, value: Object} @ http://localhost:3000/_next/static/chunks/11hm_next_dist_0m6rgog._.js:2441
[  165280ms] [LOG] [DEBUG] Renderizando celda: {columnId: id, isReference: undefined, value: Object} @ http://localhost:3000/_next/static/chunks/11hm_next_dist_0m6rgog._.js:2441
[  165280ms] [LOG] [DEBUG] Renderizando celda: {columnId: nombre, isReference: undefined, value: Object} @ http://localhost:3000/_next/static/chunks/11hm_next_dist_0m6rgog._.js:2441
[  165280ms] [LOG] [DEBUG] Renderizando celda: {columnId: nombre, isReference: undefined, value: Object} @ http://localhost:3000/_next/static/chunks/11hm_next_dist_0m6rgog._.js:2441
[  165280ms] [LOG] [DEBUG] Renderizando celda: {columnId: email, isReference: undefined, value: Object} @ http://localhost:3000/_next/static/chunks/11hm_next_dist_0m6rgog._.js:2441
[  165280ms] [LOG] [DEBUG] Renderizando celda: {columnId: email, isReference: undefined, value: Object} @ http://localhost:3000/_next/static/chunks/11hm_next_dist_0m6rgog._.js:2441
[  165280ms] [LOG] [DEBUG] Renderizando celda: {columnId: telefono, isReference: undefined, value: Object} @ http://localhost:3000/_next/static/chunks/11hm_next_dist_0m6rgog._.js:2441
[  165280ms] [LOG] [DEBUG] Renderizando celda: {columnId: telefono, isReference: undefined, value: Object} @ http://localhost:3000/_next/static/chunks/11hm_next_dist_0m6rgog._.js:2441
[  165281ms] [LOG] [DEBUG] Renderizando celda: {columnId: ciudad, isReference: undefined, value: Object} @ http://localhost:3000/_next/static/chunks/11hm_next_dist_0m6rgog._.js:2441
[  165281ms] [LOG] [DEBUG] Renderizando celda: {columnId: ciudad, isReference: undefined, value: Object} @ http://localhost:3000/_next/static/chunks/11hm_next_dist_0m6rgog._.js:2441
[  165281ms] [LOG] [DEBUG] Renderizando celda: {columnId: rol, isReference: undefined, value: Object} @ http://localhost:3000/_next/static/chunks/11hm_next_dist_0m6rgog._.js:2441
[  165281ms] [LOG] [DEBUG] Renderizando celda: {columnId: rol, isReference: undefined, value: Object} @ http://localhost:3000/_next/static/chunks/11hm_next_dist_0m6rgog._.js:2441
[  165281ms] [LOG] [DEBUG] Renderizando celda: {columnId: estado, isReference: undefined, value: Object} @ http://localhost:3000/_next/static/chunks/11hm_next_dist_0m6rgog._.js:2441
[  165281ms] [LOG] [DEBUG] Renderizando celda: {columnId: estado, isReference: undefined, value: Object} @ http://localhost:3000/_next/static/chunks/11hm_next_dist_0m6rgog._.js:2441
[  165281ms] [LOG] [DEBUG] Renderizando celda: {columnId: fechaRegistro, isReference: undefined, value: Object} @ http://localhost:3000/_next/static/chunks/11hm_next_dist_0m6rgog._.js:2441
[  165281ms] [LOG] [DEBUG] Renderizando celda: {columnId: fechaRegistro, isReference: undefined, value: Object} @ http://localhost:3000/_next/static/chunks/11hm_next_dist_0m6rgog._.js:2441
[  165281ms] [LOG] [DEBUG] Renderizando celda: {columnId: ultimoContacto, isReference: undefined, value: Object} @ http://localhost:3000/_next/static/chunks/11hm_next_dist_0m6rgog._.js:2441
[  165281ms] [LOG] [DEBUG] Renderizando celda: {columnId: ultimoContacto, isReference: undefined, value: Object} @ http://localhost:3000/_next/static/chunks/11hm_next_dist_0m6rgog._.js:2441
[  165281ms] [LOG] [DEBUG] Renderizando celda: {columnId: valorTotal, isReference: undefined, value: Object} @ http://localhost:3000/_next/static/chunks/11hm_next_dist_0m6rgog._.js:2441
[  165281ms] [LOG] [DEBUG] Renderizando celda: {columnId: valorTotal, isReference: undefined, value: Object} @ http://localhost:3000/_next/static/chunks/11hm_next_dist_0m6rgog._.js:2441
[  165281ms] [LOG] [DEBUG] Renderizando celda: {columnId: satisfaccion, isReference: undefined, value: Object} @ http://localhost:3000/_next/static/chunks/11hm_next_dist_0m6rgog._.js:2441
[  165281ms] [LOG] [DEBUG] Renderizando celda: {columnId: satisfaccion, isReference: undefined, value: Object} @ http://localhost:3000/_next/static/chunks/11hm_next_dist_0m6rgog._.js:2441
[  165282ms] [LOG] [DEBUG] Renderizando celda: {columnId: activo, isReference: undefined, value: Object} @ http://localhost:3000/_next/static/chunks/11hm_next_dist_0m6rgog._.js:2441
[  165282ms] [LOG] [DEBUG] Renderizando celda: {columnId: activo, isReference: undefined, value: Object} @ http://localhost:3000/_next/static/chunks/11hm_next_dist_0m6rgog._.js:2441
[  165286ms] [LOG] [DEBUG] Renderizando celda: {columnId: id, isReference: undefined, value: Object} @ http://localhost:3000/_next/static/chunks/11hm_next_dist_0m6rgog._.js:2441
[  165286ms] [LOG] [DEBUG] Renderizando celda: {columnId: id, isReference: undefined, value: Object} @ http://localhost:3000/_next/static/chunks/11hm_next_dist_0m6rgog._.js:2441
[  165286ms] [LOG] [DEBUG] Renderizando celda: {columnId: nombre, isReference: undefined, value: Object} @ http://localhost:3000/_next/static/chunks/11hm_next_dist_0m6rgog._.js:2441
[  165286ms] [LOG] [DEBUG] Renderizando celda: {columnId: nombre, isReference: undefined, value: Object} @ http://localhost:3000/_next/static/chunks/11hm_next_dist_0m6rgog._.js:2441
[  165287ms] [LOG] [DEBUG] Renderizando celda: {columnId: email, isReference: undefined, value: Object} @ http://localhost:3000/_next/static/chunks/11hm_next_dist_0m6rgog._.js:2441
[  165287ms] [LOG] [DEBUG] Renderizando celda: {columnId: email, isReference: undefined, value: Object} @ http://localhost:3000/_next/static/chunks/11hm_next_dist_0m6rgog._.js:2441
[  165287ms] [LOG] [DEBUG] Renderizando celda: {columnId: telefono, isReference: undefined, value: Object} @ http://localhost:3000/_next/static/chunks/11hm_next_dist_0m6rgog._.js:2441
[  165287ms] [LOG] [DEBUG] Renderizando celda: {columnId: telefono, isReference: undefined, value: Object} @ http://localhost:3000/_next/static/chunks/11hm_next_dist_0m6rgog._.js:2441
[  165287ms] [LOG] [DEBUG] Renderizando celda: {columnId: ciudad, isReference: undefined, value: Object} @ http://localhost:3000/_next/static/chunks/11hm_next_dist_0m6rgog._.js:2441
[  165287ms] [LOG] [DEBUG] Renderizando celda: {columnId: ciudad, isReference: undefined, value: Object} @ http://localhost:3000/_next/static/chunks/11hm_next_dist_0m6rgog._.js:2441
[  165287ms] [LOG] [DEBUG] Renderizando celda: {columnId: rol, isReference: undefined, value: Object} @ http://localhost:3000/_next/static/chunks/11hm_next_dist_0m6rgog._.js:2441
[  165287ms] [LOG] [DEBUG] Renderizando celda: {columnId: rol, isReference: undefined, value: Object} @ http://localhost:3000/_next/static/chunks/11hm_next_dist_0m6rgog._.js:2441
[  165287ms] [LOG] [DEBUG] Renderizando celda: {columnId: estado, isReference: undefined, value: Object} @ http://localhost:3000/_next/static/chunks/11hm_next_dist_0m6rgog._.js:2441
[  165287ms] [LOG] [DEBUG] Renderizando celda: {columnId: estado, isReference: undefined, value: Object} @ http://localhost:3000/_next/static/chunks/11hm_next_dist_0m6rgog._.js:2441
[  165287ms] [LOG] [DEBUG] Renderizando celda: {columnId: fechaRegistro, isReference: undefined, value: Object} @ http://localhost:3000/_next/static/chunks/11hm_next_dist_0m6rgog._.js:2441
[  165287ms] [LOG] [DEBUG] Renderizando celda: {columnId: fechaRegistro, isReference: undefined, value: Object} @ http://localhost:3000/_next/static/chunks/11hm_next_dist_0m6rgog._.js:2441
[  165287ms] [LOG] [DEBUG] Renderizando celda: {columnId: ultimoContacto, isReference: undefined, value: Object} @ http://localhost:3000/_next/static/chunks/11hm_next_dist_0m6rgog._.js:2441
[  165287ms] [LOG] [DEBUG] Renderizando celda: {columnId: ultimoContacto, isReference: undefined, value: Object} @ http://localhost:3000/_next/static/chunks/11hm_next_dist_0m6rgog._.js:2441
[  165287ms] [LOG] [DEBUG] Renderizando celda: {columnId: valorTotal, isReference: undefined, value: Object} @ http://localhost:3000/_next/static/chunks/11hm_next_dist_0m6rgog._.js:2441
[  165288ms] [LOG] [DEBUG] Renderizando celda: {columnId: valorTotal, isReference: undefined, value: Object} @ http://localhost:3000/_next/static/chunks/11hm_next_dist_0m6rgog._.js:2441
[  165288ms] [LOG] [DEBUG] Renderizando celda: {columnId: satisfaccion, isReference: undefined, value: Object} @ http://localhost:3000/_next/static/chunks/11hm_next_dist_0m6rgog._.js:2441
[  165288ms] [LOG] [DEBUG] Renderizando celda: {columnId: satisfaccion, isReference: undefined, value: Object} @ http://localhost:3000/_next/static/chunks/11hm_next_dist_0m6rgog._.js:2441
[  165288ms] [LOG] [DEBUG] Renderizando celda: {columnId: activo, isReference: undefined, value: Object} @ http://localhost:3000/_next/static/chunks/11hm_next_dist_0m6rgog._.js:2441
[  165288ms] [LOG] [DEBUG] Renderizando celda: {columnId: activo, isReference: undefined, value: Object} @ http://localhost:3000/_next/static/chunks/11hm_next_dist_0m6rgog._.js:2441
[  165292ms] [LOG] [DEBUG] Renderizando celda: {columnId: id, isReference: undefined, value: Object} @ http://localhost:3000/_next/static/chunks/11hm_next_dist_0m6rgog._.js:2441
[  165292ms] [LOG] [DEBUG] Renderizando celda: {columnId: id, isReference: undefined, value: Object} @ http://localhost:3000/_next/static/chunks/11hm_next_dist_0m6rgog._.js:2441
[  165292ms] [LOG] [DEBUG] Renderizando celda: {columnId: nombre, isReference: undefined, value: Object} @ http://localhost:3000/_next/static/chunks/11hm_next_dist_0m6rgog._.js:2441
[  165292ms] [LOG] [DEBUG] Renderizando celda: {columnId: nombre, isReference: undefined, value: Object} @ http://localhost:3000/_next/static/chunks/11hm_next_dist_0m6rgog._.js:2441
[  165293ms] [LOG] [DEBUG] Renderizando celda: {columnId: email, isReference: undefined, value: Object} @ http://localhost:3000/_next/static/chunks/11hm_next_dist_0m6rgog._.js:2441
[  165293ms] [LOG] [DEBUG] Renderizando celda: {columnId: email, isReference: undefined, value: Object} @ http://localhost:3000/_next/static/chunks/11hm_next_dist_0m6rgog._.js:2441
[  165293ms] [LOG] [DEBUG] Renderizando celda: {columnId: telefono, isReference: undefined, value: Object} @ http://localhost:3000/_next/static/chunks/11hm_next_dist_0m6rgog._.js:2441
[  165293ms] [LOG] [DEBUG] Renderizando celda: {columnId: telefono, isReference: undefined, value: Object} @ http://localhost:3000/_next/static/chunks/11hm_next_dist_0m6rgog._.js:2441
[  165293ms] [LOG] [DEBUG] Renderizando celda: {columnId: ciudad, isReference: undefined, value: Object} @ http://localhost:3000/_next/static/chunks/11hm_next_dist_0m6rgog._.js:2441
[  165293ms] [LOG] [DEBUG] Renderizando celda: {columnId: ciudad, isReference: undefined, value: Object} @ http://localhost:3000/_next/static/chunks/11hm_next_dist_0m6rgog._.js:2441
[  165293ms] [LOG] [DEBUG] Renderizando celda: {columnId: rol, isReference: undefined, value: Object} @ http://localhost:3000/_next/static/chunks/11hm_next_dist_0m6rgog._.js:2441
[  165293ms] [LOG] [DEBUG] Renderizando celda: {columnId: rol, isReference: undefined, value: Object} @ http://localhost:3000/_next/static/chunks/11hm_next_dist_0m6rgog._.js:2441
[  165293ms] [LOG] [DEBUG] Renderizando celda: {columnId: estado, isReference: undefined, value: Object} @ http://localhost:3000/_next/static/chunks/11hm_next_dist_0m6rgog._.js:2441
[  165293ms] [LOG] [DEBUG] Renderizando celda: {columnId: estado, isReference: undefined, value: Object} @ http://localhost:3000/_next/static/chunks/11hm_next_dist_0m6rgog._.js:2441
[  165293ms] [LOG] [DEBUG] Renderizando celda: {columnId: fechaRegistro, isReference: undefined, value: Object} @ http://localhost:3000/_next/static/chunks/11hm_next_dist_0m6rgog._.js:2441
[  165294ms] [LOG] [DEBUG] Renderizando celda: {columnId: fechaRegistro, isReference: undefined, value: Object} @ http://localhost:3000/_next/static/chunks/11hm_next_dist_0m6rgog._.js:2441
[  165294ms] [LOG] [DEBUG] Renderizando celda: {columnId: ultimoContacto, isReference: undefined, value: Object} @ http://localhost:3000/_next/static/chunks/11hm_next_dist_0m6rgog._.js:2441
[  165294ms] [LOG] [DEBUG] Renderizando celda: {columnId: ultimoContacto, isReference: undefined, value: Object} @ http://localhost:3000/_next/static/chunks/11hm_next_dist_0m6rgog._.js:2441
[  165294ms] [LOG] [DEBUG] Renderizando celda: {columnId: valorTotal, isReference: undefined, value: Object} @ http://localhost:3000/_next/static/chunks/11hm_next_dist_0m6rgog._.js:2441
[  165294ms] [LOG] [DEBUG] Renderizando celda: {columnId: valorTotal, isReference: undefined, value: Object} @ http://localhost:3000/_next/static/chunks/11hm_next_dist_0m6rgog._.js:2441
[  165294ms] [LOG] [DEBUG] Renderizando celda: {columnId: satisfaccion, isReference: undefined, value: Object} @ http://localhost:3000/_next/static/chunks/11hm_next_dist_0m6rgog._.js:2441
[  165294ms] [LOG] [DEBUG] Renderizando celda: {columnId: satisfaccion, isReference: undefined, value: Object} @ http://localhost:3000/_next/static/chunks/11hm_next_dist_0m6rgog._.js:2441
[  165294ms] [LOG] [DEBUG] Renderizando celda: {columnId: activo, isReference: undefined, value: Object} @ http://localhost:3000/_next/static/chunks/11hm_next_dist_0m6rgog._.js:2441
[  165294ms] [LOG] [DEBUG] Renderizando celda: {columnId: activo, isReference: undefined, value: Object} @ http://localhost:3000/_next/static/chunks/11hm_next_dist_0m6rgog._.js:2441
[  165299ms] [LOG] [DEBUG] Renderizando celda: {columnId: id, isReference: undefined, value: Object} @ http://localhost:3000/_next/static/chunks/11hm_next_dist_0m6rgog._.js:2441
[  165299ms] [LOG] [DEBUG] Renderizando celda: {columnId: id, isReference: undefined, value: Object} @ http://localhost:3000/_next/static/chunks/11hm_next_dist_0m6rgog._.js:2441
[  165299ms] [LOG] [DEBUG] Renderizando celda: {columnId: nombre, isReference: undefined, value: Object} @ http://localhost:3000/_next/static/chunks/11hm_next_dist_0m6rgog._.js:2441
[  165299ms] [LOG] [DEBUG] Renderizando celda: {columnId: nombre, isReference: undefined, value: Object} @ http://localhost:3000/_next/static/chunks/11hm_next_dist_0m6rgog._.js:2441
[  165299ms] [LOG] [DEBUG] Renderizando celda: {columnId: email, isReference: undefined, value: Object} @ http://localhost:3000/_next/static/chunks/11hm_next_dist_0m6rgog._.js:2441
[  165299ms] [LOG] [DEBUG] Renderizando celda: {columnId: email, isReference: undefined, value: Object} @ http://localhost:3000/_next/static/chunks/11hm_next_dist_0m6rgog._.js:2441
[  165299ms] [LOG] [DEBUG] Renderizando celda: {columnId: telefono, isReference: undefined, value: Object} @ http://localhost:3000/_next/static/chunks/11hm_next_dist_0m6rgog._.js:2441
[  165299ms] [LOG] [DEBUG] Renderizando celda: {columnId: telefono, isReference: undefined, value: Object} @ http://localhost:3000/_next/static/chunks/11hm_next_dist_0m6rgog._.js:2441
[  165299ms] [LOG] [DEBUG] Renderizando celda: {columnId: ciudad, isReference: undefined, value: Object} @ http://localhost:3000/_next/static/chunks/11hm_next_dist_0m6rgog._.js:2441
[  165299ms] [LOG] [DEBUG] Renderizando celda: {columnId: ciudad, isReference: undefined, value: Object} @ http://localhost:3000/_next/static/chunks/11hm_next_dist_0m6rgog._.js:2441
[  165299ms] [LOG] [DEBUG] Renderizando celda: {columnId: rol, isReference: undefined, value: Object} @ http://localhost:3000/_next/static/chunks/11hm_next_dist_0m6rgog._.js:2441
[  165300ms] [LOG] [DEBUG] Renderizando celda: {columnId: rol, isReference: undefined, value: Object} @ http://localhost:3000/_next/static/chunks/11hm_next_dist_0m6rgog._.js:2441
[  165300ms] [LOG] [DEBUG] Renderizando celda: {columnId: estado, isReference: undefined, value: Object} @ http://localhost:3000/_next/static/chunks/11hm_next_dist_0m6rgog._.js:2441
[  165300ms] [LOG] [DEBUG] Renderizando celda: {columnId: estado, isReference: undefined, value: Object} @ http://localhost:3000/_next/static/chunks/11hm_next_dist_0m6rgog._.js:2441
[  165300ms] [LOG] [DEBUG] Renderizando celda: {columnId: fechaRegistro, isReference: undefined, value: Object} @ http://localhost:3000/_next/static/chunks/11hm_next_dist_0m6rgog._.js:2441
[  165300ms] [LOG] [DEBUG] Renderizando celda: {columnId: fechaRegistro, isReference: undefined, value: Object} @ http://localhost:3000/_next/static/chunks/11hm_next_dist_0m6rgog._.js:2441
[  165300ms] [LOG] [DEBUG] Renderizando celda: {columnId: ultimoContacto, isReference: undefined, value: Object} @ http://localhost:3000/_next/static/chunks/11hm_next_dist_0m6rgog._.js:2441
[  165300ms] [LOG] [DEBUG] Renderizando celda: {columnId: ultimoContacto, isReference: undefined, value: Object} @ http://localhost:3000/_next/static/chunks/11hm_next_dist_0m6rgog._.js:2441
[  165300ms] [LOG] [DEBUG] Renderizando celda: {columnId: valorTotal, isReference: undefined, value: Object} @ http://localhost:3000/_next/static/chunks/11hm_next_dist_0m6rgog._.js:2441
[  165300ms] [LOG] [DEBUG] Renderizando celda: {columnId: valorTotal, isReference: undefined, value: Object} @ http://localhost:3000/_next/static/chunks/11hm_next_dist_0m6rgog._.js:2441
[  165300ms] [LOG] [DEBUG] Renderizando celda: {columnId: satisfaccion, isReference: undefined, value: Object} @ http://localhost:3000/_next/static/chunks/11hm_next_dist_0m6rgog._.js:2441
[  165300ms] [LOG] [DEBUG] Renderizando celda: {columnId: satisfaccion, isReference: undefined, value: Object} @ http://localhost:3000/_next/static/chunks/11hm_next_dist_0m6rgog._.js:2441
[  165300ms] [LOG] [DEBUG] Renderizando celda: {columnId: activo, isReference: undefined, value: Object} @ http://localhost:3000/_next/static/chunks/11hm_next_dist_0m6rgog._.js:2441
[  165300ms] [LOG] [DEBUG] Renderizando celda: {columnId: activo, isReference: undefined, value: Object} @ http://localhost:3000/_next/static/chunks/11hm_next_dist_0m6rgog._.js:2441
[  165305ms] [LOG] [DEBUG] Renderizando celda: {columnId: id, isReference: undefined, value: Object} @ http://localhost:3000/_next/static/chunks/11hm_next_dist_0m6rgog._.js:2441
[  165305ms] [LOG] [DEBUG] Renderizando celda: {columnId: id, isReference: undefined, value: Object} @ http://localhost:3000/_next/static/chunks/11hm_next_dist_0m6rgog._.js:2441
[  165305ms] [LOG] [DEBUG] Renderizando celda: {columnId: nombre, isReference: undefined, value: Object} @ http://localhost:3000/_next/static/chunks/11hm_next_dist_0m6rgog._.js:2441
[  165305ms] [LOG] [DEBUG] Renderizando celda: {columnId: nombre, isReference: undefined, value: Object} @ http://localhost:3000/_next/static/chunks/11hm_next_dist_0m6rgog._.js:2441
[  165305ms] [LOG] [DEBUG] Renderizando celda: {columnId: email, isReference: undefined, value: Object} @ http://localhost:3000/_next/static/chunks/11hm_next_dist_0m6rgog._.js:2441
[  165305ms] [LOG] [DEBUG] Renderizando celda: {columnId: email, isReference: undefined, value: Object} @ http://localhost:3000/_next/static/chunks/11hm_next_dist_0m6rgog._.js:2441
[  165305ms] [LOG] [DEBUG] Renderizando celda: {columnId: telefono, isReference: undefined, value: Object} @ http://localhost:3000/_next/static/chunks/11hm_next_dist_0m6rgog._.js:2441
[  165305ms] [LOG] [DEBUG] Renderizando celda: {columnId: telefono, isReference: undefined, value: Object} @ http://localhost:3000/_next/static/chunks/11hm_next_dist_0m6rgog._.js:2441
[  165305ms] [LOG] [DEBUG] Renderizando celda: {columnId: ciudad, isReference: undefined, value: Object} @ http://localhost:3000/_next/static/chunks/11hm_next_dist_0m6rgog._.js:2441
[  165306ms] [LOG] [DEBUG] Renderizando celda: {columnId: ciudad, isReference: undefined, value: Object} @ http://localhost:3000/_next/static/chunks/11hm_next_dist_0m6rgog._.js:2441
[  165306ms] [LOG] [DEBUG] Renderizando celda: {columnId: rol, isReference: undefined, value: Object} @ http://localhost:3000/_next/static/chunks/11hm_next_dist_0m6rgog._.js:2441
[  165306ms] [LOG] [DEBUG] Renderizando celda: {columnId: rol, isReference: undefined, value: Object} @ http://localhost:3000/_next/static/chunks/11hm_next_dist_0m6rgog._.js:2441
[  165306ms] [LOG] [DEBUG] Renderizando celda: {columnId: estado, isReference: undefined, value: Object} @ http://localhost:3000/_next/static/chunks/11hm_next_dist_0m6rgog._.js:2441
[  165306ms] [LOG] [DEBUG] Renderizando celda: {columnId: estado, isReference: undefined, value: Object} @ http://localhost:3000/_next/static/chunks/11hm_next_dist_0m6rgog._.js:2441
[  165306ms] [LOG] [DEBUG] Renderizando celda: {columnId: fechaRegistro, isReference: undefined, value: Object} @ http://localhost:3000/_next/static/chunks/11hm_next_dist_0m6rgog._.js:2441
[  165306ms] [LOG] [DEBUG] Renderizando celda: {columnId: fechaRegistro, isReference: undefined, value: Object} @ http://localhost:3000/_next/static/chunks/11hm_next_dist_0m6rgog._.js:2441
[  165306ms] [LOG] [DEBUG] Renderizando celda: {columnId: ultimoContacto, isReference: undefined, value: Object} @ http://localhost:3000/_next/static/chunks/11hm_next_dist_0m6rgog._.js:2441
[  165306ms] [LOG] [DEBUG] Renderizando celda: {columnId: ultimoContacto, isReference: undefined, value: Object} @ http://localhost:3000/_next/static/chunks/11hm_next_dist_0m6rgog._.js:2441
[  165306ms] [LOG] [DEBUG] Renderizando celda: {columnId: valorTotal, isReference: undefined, value: Object} @ http://localhost:3000/_next/static/chunks/11hm_next_dist_0m6rgog._.js:2441
[  165306ms] [LOG] [DEBUG] Renderizando celda: {columnId: valorTotal, isReference: undefined, value: Object} @ http://localhost:3000/_next/static/chunks/11hm_next_dist_0m6rgog._.js:2441
[  165306ms] [LOG] [DEBUG] Renderizando celda: {columnId: satisfaccion, isReference: undefined, value: Object} @ http://localhost:3000/_next/static/chunks/11hm_next_dist_0m6rgog._.js:2441
[  165306ms] [LOG] [DEBUG] Renderizando celda: {columnId: satisfaccion, isReference: undefined, value: Object} @ http://localhost:3000/_next/static/chunks/11hm_next_dist_0m6rgog._.js:2441
[  165306ms] [LOG] [DEBUG] Renderizando celda: {columnId: activo, isReference: undefined, value: Object} @ http://localhost:3000/_next/static/chunks/11hm_next_dist_0m6rgog._.js:2441
[  165306ms] [LOG] [DEBUG] Renderizando celda: {columnId: activo, isReference: undefined, value: Object} @ http://localhost:3000/_next/static/chunks/11hm_next_dist_0m6rgog._.js:2441
[  165311ms] [LOG] [DEBUG] Renderizando celda: {columnId: id, isReference: undefined, value: Object} @ http://localhost:3000/_next/static/chunks/11hm_next_dist_0m6rgog._.js:2441
[  165311ms] [LOG] [DEBUG] Renderizando celda: {columnId: id, isReference: undefined, value: Object} @ http://localhost:3000/_next/static/chunks/11hm_next_dist_0m6rgog._.js:2441
[  165311ms] [LOG] [DEBUG] Renderizando celda: {columnId: nombre, isReference: undefined, value: Object} @ http://localhost:3000/_next/static/chunks/11hm_next_dist_0m6rgog._.js:2441
[  165311ms] [LOG] [DEBUG] Renderizando celda: {columnId: nombre, isReference: undefined, value: Object} @ http://localhost:3000/_next/static/chunks/11hm_next_dist_0m6rgog._.js:2441
[  165311ms] [LOG] [DEBUG] Renderizando celda: {columnId: email, isReference: undefined, value: Object} @ http://localhost:3000/_next/static/chunks/11hm_next_dist_0m6rgog._.js:2441
[  165311ms] [LOG] [DEBUG] Renderizando celda: {columnId: email, isReference: undefined, value: Object} @ http://localhost:3000/_next/static/chunks/11hm_next_dist_0m6rgog._.js:2441
[  165311ms] [LOG] [DEBUG] Renderizando celda: {columnId: telefono, isReference: undefined, value: Object} @ http://localhost:3000/_next/static/chunks/11hm_next_dist_0m6rgog._.js:2441
[  165311ms] [LOG] [DEBUG] Renderizando celda: {columnId: telefono, isReference: undefined, value: Object} @ http://localhost:3000/_next/static/chunks/11hm_next_dist_0m6rgog._.js:2441
[  165311ms] [LOG] [DEBUG] Renderizando celda: {columnId: ciudad, isReference: undefined, value: Object} @ http://localhost:3000/_next/static/chunks/11hm_next_dist_0m6rgog._.js:2441
[  165311ms] [LOG] [DEBUG] Renderizando celda: {columnId: ciudad, isReference: undefined, value: Object} @ http://localhost:3000/_next/static/chunks/11hm_next_dist_0m6rgog._.js:2441
[  165312ms] [LOG] [DEBUG] Renderizando celda: {columnId: rol, isReference: undefined, value: Object} @ http://localhost:3000/_next/static/chunks/11hm_next_dist_0m6rgog._.js:2441
[  165312ms] [LOG] [DEBUG] Renderizando celda: {columnId: rol, isReference: undefined, value: Object} @ http://localhost:3000/_next/static/chunks/11hm_next_dist_0m6rgog._.js:2441
[  165312ms] [LOG] [DEBUG] Renderizando celda: {columnId: estado, isReference: undefined, value: Object} @ http://localhost:3000/_next/static/chunks/11hm_next_dist_0m6rgog._.js:2441
[  165312ms] [LOG] [DEBUG] Renderizando celda: {columnId: estado, isReference: undefined, value: Object} @ http://localhost:3000/_next/static/chunks/11hm_next_dist_0m6rgog._.js:2441
[  165312ms] [LOG] [DEBUG] Renderizando celda: {columnId: fechaRegistro, isReference: undefined, value: Object} @ http://localhost:3000/_next/static/chunks/11hm_next_dist_0m6rgog._.js:2441
[  165312ms] [LOG] [DEBUG] Renderizando celda: {columnId: fechaRegistro, isReference: undefined, value: Object} @ http://localhost:3000/_next/static/chunks/11hm_next_dist_0m6rgog._.js:2441
[  165312ms] [LOG] [DEBUG] Renderizando celda: {columnId: ultimoContacto, isReference: undefined, value: Object} @ http://localhost:3000/_next/static/chunks/11hm_next_dist_0m6rgog._.js:2441
[  165312ms] [LOG] [DEBUG] Renderizando celda: {columnId: ultimoContacto, isReference: undefined, value: Object} @ http://localhost:3000/_next/static/chunks/11hm_next_dist_0m6rgog._.js:2441
[  165312ms] [LOG] [DEBUG] Renderizando celda: {columnId: valorTotal, isReference: undefined, value: Object} @ http://localhost:3000/_next/static/chunks/11hm_next_dist_0m6rgog._.js:2441
[  165312ms] [LOG] [DEBUG] Renderizando celda: {columnId: valorTotal, isReference: undefined, value: Object} @ http://localhost:3000/_next/static/chunks/11hm_next_dist_0m6rgog._.js:2441
[  165312ms] [LOG] [DEBUG] Renderizando celda: {columnId: satisfaccion, isReference: undefined, value: Object} @ http://localhost:3000/_next/static/chunks/11hm_next_dist_0m6rgog._.js:2441
[  165312ms] [LOG] [DEBUG] Renderizando celda: {columnId: satisfaccion, isReference: undefined, value: Object} @ http://localhost:3000/_next/static/chunks/11hm_next_dist_0m6rgog._.js:2441
[  165312ms] [LOG] [DEBUG] Renderizando celda: {columnId: activo, isReference: undefined, value: Object} @ http://localhost:3000/_next/static/chunks/11hm_next_dist_0m6rgog._.js:2441
[  165312ms] [LOG] [DEBUG] Renderizando celda: {columnId: activo, isReference: undefined, value: Object} @ http://localhost:3000/_next/static/chunks/11hm_next_dist_0m6rgog._.js:2441
[  165317ms] [LOG] [DEBUG] Renderizando SecondaryTables: {level: 0, parentId: undefined, isLoading: false, arrayColumnsCount: 0, arrayColumns: Array(0)} @ http://localhost:3000/_next/static/chunks/11hm_next_dist_0m6rgog._.js:2441
[  165317ms] [LOG] [DEBUG] Renderizando SecondaryTables: {level: 0, parentId: undefined, isLoading: false, arrayColumnsCount: 0, arrayColumns: Array(0)} @ http://localhost:3000/_next/static/chunks/11hm_next_dist_0m6rgog._.js:2441
[  165696ms] [ERROR] Access to fetch at 'http://localhost:3001/trpc/featureFlags.isEnabled,user.me,theme.listAllThemes?batch=1&input=%7B%220%22%3A%7B%22key%22%3A%22support-chat%22%7D%7D' from origin 'http://localhost:3000' has been blocked by CORS policy: No 'Access-Control-Allow-Origin' header is present on the requested resource. @ http://localhost:3000/es/demo/table:0
[  165696ms] [ERROR] Failed to load resource: net::ERR_FAILED @ http://localhost:3001/trpc/featureFlags.isEnabled,user.me,theme.listAllThemes?batch=1&input=%7B%220%22%3A%7B%22key%22%3A%22support-chat%22%7D%7D:0
[  166723ms] [ERROR] Access to fetch at 'http://localhost:3001/trpc/featureFlags.isEnabled,theme.listAllThemes?batch=1&input=%7B%220%22%3A%7B%22key%22%3A%22support-chat%22%7D%7D' from origin 'http://localhost:3000' has been blocked by CORS policy: No 'Access-Control-Allow-Origin' header is present on the requested resource. @ http://localhost:3000/es/demo/table:0
[  166723ms] [ERROR] Failed to load resource: net::ERR_FAILED @ http://localhost:3001/trpc/featureFlags.isEnabled,theme.listAllThemes?batch=1&input=%7B%220%22%3A%7B%22key%22%3A%22support-chat%22%7D%7D:0
[  168757ms] [ERROR] Access to fetch at 'http://localhost:3001/trpc/featureFlags.isEnabled,theme.listAllThemes?batch=1&input=%7B%220%22%3A%7B%22key%22%3A%22support-chat%22%7D%7D' from origin 'http://localhost:3000' has been blocked by CORS policy: No 'Access-Control-Allow-Origin' header is present on the requested resource. @ http://localhost:3000/es/demo/table:0
[  168757ms] [ERROR] Failed to load resource: net::ERR_FAILED @ http://localhost:3001/trpc/featureFlags.isEnabled,theme.listAllThemes?batch=1&input=%7B%220%22%3A%7B%22key%22%3A%22support-chat%22%7D%7D:0
[  172786ms] [ERROR] Access to fetch at 'http://localhost:3001/trpc/featureFlags.isEnabled,theme.listAllThemes?batch=1&input=%7B%220%22%3A%7B%22key%22%3A%22support-chat%22%7D%7D' from origin 'http://localhost:3000' has been blocked by CORS policy: No 'Access-Control-Allow-Origin' header is present on the requested resource. @ http://localhost:3000/es/demo/table:0
[  172786ms] [ERROR] Failed to load resource: net::ERR_FAILED @ http://localhost:3001/trpc/featureFlags.isEnabled,theme.listAllThemes?batch=1&input=%7B%220%22%3A%7B%22key%22%3A%22support-chat%22%7D%7D:0
[  301967ms] [LOG] [Fast Refresh] rebuilding @ http://localhost:3000/_next/static/chunks/11hm_next_dist_0m6rgog._.js:2441
[  302003ms] [LOG] [DEBUG] Iniciando procesamiento por lotes: {totalRows: 25, sampleSize: 100} @ http://localhost:3000/_next/static/chunks/11hm_next_dist_0m6rgog._.js:2441
[  302004ms] [LOG] [DEBUG] Iniciando análisis de tipos por columna... @ http://localhost:3000/_next/static/chunks/11hm_next_dist_0m6rgog._.js:2441
[  302004ms] [LOG] [DEBUG] Analizando columna: id {totalValores: 25, sampleSize: 25} @ http://localhost:3000/_next/static/chunks/11hm_next_dist_0m6rgog._.js:2441
[  302004ms] [LOG] [DEBUG] Tipo inferido para id: {type: number, normalizer: } @ http://localhost:3000/_next/static/chunks/11hm_next_dist_0m6rgog._.js:2441
[  302005ms] [LOG] [DEBUG] Analizando columna: nombre {totalValores: 25, sampleSize: 25} @ http://localhost:3000/_next/static/chunks/11hm_next_dist_0m6rgog._.js:2441
[  302005ms] [LOG] [DEBUG] Columna nombre: Tratando como string por defecto @ http://localhost:3000/_next/static/chunks/11hm_next_dist_0m6rgog._.js:2441
[  302005ms] [LOG] [DEBUG] Tipo inferido para nombre: {type: string, normalizer: } @ http://localhost:3000/_next/static/chunks/11hm_next_dist_0m6rgog._.js:2441
[  302005ms] [LOG] [DEBUG] Analizando columna: email {totalValores: 25, sampleSize: 25} @ http://localhost:3000/_next/static/chunks/11hm_next_dist_0m6rgog._.js:2441
[  302005ms] [LOG] [DEBUG] Columna email: Tratando como string por defecto @ http://localhost:3000/_next/static/chunks/11hm_next_dist_0m6rgog._.js:2441
[  302005ms] [LOG] [DEBUG] Tipo inferido para email: {type: string, normalizer: } @ http://localhost:3000/_next/static/chunks/11hm_next_dist_0m6rgog._.js:2441
[  302005ms] [LOG] [DEBUG] Analizando columna: telefono {totalValores: 25, sampleSize: 25} @ http://localhost:3000/_next/static/chunks/11hm_next_dist_0m6rgog._.js:2441
[  302006ms] [LOG] [DEBUG] Tipo inferido para telefono: {type: number, normalizer: } @ http://localhost:3000/_next/static/chunks/11hm_next_dist_0m6rgog._.js:2441
[  302006ms] [LOG] [DEBUG] Analizando columna: ciudad {totalValores: 25, sampleSize: 25} @ http://localhost:3000/_next/static/chunks/11hm_next_dist_0m6rgog._.js:2441
[  302006ms] [LOG] [DEBUG] Columna ciudad: Tratando como string por defecto @ http://localhost:3000/_next/static/chunks/11hm_next_dist_0m6rgog._.js:2441
[  302006ms] [LOG] [DEBUG] Tipo inferido para ciudad: {type: string, normalizer: } @ http://localhost:3000/_next/static/chunks/11hm_next_dist_0m6rgog._.js:2441
[  302006ms] [LOG] [DEBUG] Analizando columna: rol {totalValores: 25, sampleSize: 25} @ http://localhost:3000/_next/static/chunks/11hm_next_dist_0m6rgog._.js:2441
[  302006ms] [LOG] [DEBUG] Columna rol: Tratando como string por defecto @ http://localhost:3000/_next/static/chunks/11hm_next_dist_0m6rgog._.js:2441
[  302006ms] [LOG] [DEBUG] Tipo inferido para rol: {type: string, normalizer: } @ http://localhost:3000/_next/static/chunks/11hm_next_dist_0m6rgog._.js:2441
[  302006ms] [LOG] [DEBUG] Analizando columna: estado {totalValores: 25, sampleSize: 25} @ http://localhost:3000/_next/static/chunks/11hm_next_dist_0m6rgog._.js:2441
[  302006ms] [LOG] [DEBUG] Columna estado: Tratando como string por defecto @ http://localhost:3000/_next/static/chunks/11hm_next_dist_0m6rgog._.js:2441
[  302007ms] [LOG] [DEBUG] Tipo inferido para estado: {type: string, normalizer: } @ http://localhost:3000/_next/static/chunks/11hm_next_dist_0m6rgog._.js:2441
[  302007ms] [LOG] [DEBUG] Analizando columna: fechaRegistro {totalValores: 25, sampleSize: 25} @ http://localhost:3000/_next/static/chunks/11hm_next_dist_0m6rgog._.js:2441
[  302007ms] [LOG] [DEBUG] Análisis de fechas para fechaRegistro: {total: 25, compatibles: 25, porcentaje: 100.00%, umbral: 30.00%} @ http://localhost:3000/_next/static/chunks/11hm_next_dist_0m6rgog._.js:2441
[  302007ms] [LOG] [DEBUG] Columna fechaRegistro: Detectado tipo fecha (confidence: 1.00) @ http://localhost:3000/_next/static/chunks/11hm_next_dist_0m6rgog._.js:2441
[  302007ms] [LOG] [DEBUG] Tipo inferido para fechaRegistro: {type: date, normalizer: } @ http://localhost:3000/_next/static/chunks/11hm_next_dist_0m6rgog._.js:2441
[  302007ms] [LOG] [DEBUG] Analizando columna: ultimoContacto {totalValores: 25, sampleSize: 25} @ http://localhost:3000/_next/static/chunks/11hm_next_dist_0m6rgog._.js:2441
[  302007ms] [LOG] [DEBUG] Análisis de fechas para ultimoContacto: {total: 25, compatibles: 25, porcentaje: 100.00%, umbral: 70.00%} @ http://localhost:3000/_next/static/chunks/11hm_next_dist_0m6rgog._.js:2441
[  302007ms] [LOG] [DEBUG] Columna ultimoContacto: Detectado tipo fecha (confidence: 1.00) @ http://localhost:3000/_next/static/chunks/11hm_next_dist_0m6rgog._.js:2441
[  302007ms] [LOG] [DEBUG] Tipo inferido para ultimoContacto: {type: date, normalizer: } @ http://localhost:3000/_next/static/chunks/11hm_next_dist_0m6rgog._.js:2441
[  302007ms] [LOG] [DEBUG] Analizando columna: valorTotal {totalValores: 25, sampleSize: 25} @ http://localhost:3000/_next/static/chunks/11hm_next_dist_0m6rgog._.js:2441
[  302008ms] [LOG] [DEBUG] Columna valorTotal: Tratando como string para valores numéricos específicos @ http://localhost:3000/_next/static/chunks/11hm_next_dist_0m6rgog._.js:2441
[  302008ms] [LOG] [DEBUG] Tipo inferido para valorTotal: {type: string, normalizer: } @ http://localhost:3000/_next/static/chunks/11hm_next_dist_0m6rgog._.js:2441
[  302009ms] [LOG] [DEBUG] Analizando columna: satisfaccion {totalValores: 25, sampleSize: 25} @ http://localhost:3000/_next/static/chunks/11hm_next_dist_0m6rgog._.js:2441
[  302009ms] [LOG] [DEBUG] Tipo inferido para satisfaccion: {type: number, normalizer: } @ http://localhost:3000/_next/static/chunks/11hm_next_dist_0m6rgog._.js:2441
[  302009ms] [LOG] [DEBUG] Analizando columna: activo {totalValores: 25, sampleSize: 25} @ http://localhost:3000/_next/static/chunks/11hm_next_dist_0m6rgog._.js:2441
[  302009ms] [LOG] [DEBUG] Tipo inferido para activo: {type: boolean, normalizer: } @ http://localhost:3000/_next/static/chunks/11hm_next_dist_0m6rgog._.js:2441
[  302009ms] [LOG] [DEBUG] Procesando fila 0/25 @ http://localhost:3000/_next/static/chunks/11hm_next_dist_0m6rgog._.js:2441
[  302012ms] [LOG] [DEBUG] Iniciando procesamiento por lotes: {totalRows: 25, sampleSize: 100} @ http://localhost:3000/_next/static/chunks/11hm_next_dist_0m6rgog._.js:2441
[  302012ms] [LOG] [DEBUG] Iniciando análisis de tipos por columna... @ http://localhost:3000/_next/static/chunks/11hm_next_dist_0m6rgog._.js:2441
[  302012ms] [LOG] [DEBUG] Analizando columna: id {totalValores: 25, sampleSize: 25} @ http://localhost:3000/_next/static/chunks/11hm_next_dist_0m6rgog._.js:2441
[  302012ms] [LOG] [DEBUG] Tipo inferido para id: {type: number, normalizer: } @ http://localhost:3000/_next/static/chunks/11hm_next_dist_0m6rgog._.js:2441
[  302013ms] [LOG] [DEBUG] Analizando columna: nombre {totalValores: 25, sampleSize: 25} @ http://localhost:3000/_next/static/chunks/11hm_next_dist_0m6rgog._.js:2441
[  302013ms] [LOG] [DEBUG] Tipo inferido para nombre: {type: string, normalizer: } @ http://localhost:3000/_next/static/chunks/11hm_next_dist_0m6rgog._.js:2441
[  302013ms] [LOG] [DEBUG] Analizando columna: email {totalValores: 25, sampleSize: 25} @ http://localhost:3000/_next/static/chunks/11hm_next_dist_0m6rgog._.js:2441
[  302013ms] [LOG] [DEBUG] Tipo inferido para email: {type: string, normalizer: } @ http://localhost:3000/_next/static/chunks/11hm_next_dist_0m6rgog._.js:2441
[  302013ms] [LOG] [DEBUG] Analizando columna: telefono {totalValores: 25, sampleSize: 25} @ http://localhost:3000/_next/static/chunks/11hm_next_dist_0m6rgog._.js:2441
[  302013ms] [LOG] [DEBUG] Tipo inferido para telefono: {type: number, normalizer: } @ http://localhost:3000/_next/static/chunks/11hm_next_dist_0m6rgog._.js:2441
[  302013ms] [LOG] [DEBUG] Analizando columna: ciudad {totalValores: 25, sampleSize: 25} @ http://localhost:3000/_next/static/chunks/11hm_next_dist_0m6rgog._.js:2441
[  302013ms] [LOG] [DEBUG] Tipo inferido para ciudad: {type: string, normalizer: } @ http://localhost:3000/_next/static/chunks/11hm_next_dist_0m6rgog._.js:2441
[  302013ms] [LOG] [DEBUG] Analizando columna: rol {totalValores: 25, sampleSize: 25} @ http://localhost:3000/_next/static/chunks/11hm_next_dist_0m6rgog._.js:2441
[  302013ms] [LOG] [DEBUG] Tipo inferido para rol: {type: string, normalizer: } @ http://localhost:3000/_next/static/chunks/11hm_next_dist_0m6rgog._.js:2441
[  302013ms] [LOG] [DEBUG] Analizando columna: estado {totalValores: 25, sampleSize: 25} @ http://localhost:3000/_next/static/chunks/11hm_next_dist_0m6rgog._.js:2441
[  302013ms] [LOG] [DEBUG] Tipo inferido para estado: {type: string, normalizer: } @ http://localhost:3000/_next/static/chunks/11hm_next_dist_0m6rgog._.js:2441
[  302014ms] [LOG] [DEBUG] Analizando columna: fechaRegistro {totalValores: 25, sampleSize: 25} @ http://localhost:3000/_next/static/chunks/11hm_next_dist_0m6rgog._.js:2441
[  302014ms] [LOG] [DEBUG] Tipo inferido para fechaRegistro: {type: date, normalizer: } @ http://localhost:3000/_next/static/chunks/11hm_next_dist_0m6rgog._.js:2441
[  302014ms] [LOG] [DEBUG] Analizando columna: ultimoContacto {totalValores: 25, sampleSize: 25} @ http://localhost:3000/_next/static/chunks/11hm_next_dist_0m6rgog._.js:2441
[  302014ms] [LOG] [DEBUG] Tipo inferido para ultimoContacto: {type: date, normalizer: } @ http://localhost:3000/_next/static/chunks/11hm_next_dist_0m6rgog._.js:2441
[  302014ms] [LOG] [DEBUG] Analizando columna: valorTotal {totalValores: 25, sampleSize: 25} @ http://localhost:3000/_next/static/chunks/11hm_next_dist_0m6rgog._.js:2441
[  302014ms] [LOG] [DEBUG] Tipo inferido para valorTotal: {type: string, normalizer: } @ http://localhost:3000/_next/static/chunks/11hm_next_dist_0m6rgog._.js:2441
[  302014ms] [LOG] [DEBUG] Analizando columna: satisfaccion {totalValores: 25, sampleSize: 25} @ http://localhost:3000/_next/static/chunks/11hm_next_dist_0m6rgog._.js:2441
[  302014ms] [LOG] [DEBUG] Tipo inferido para satisfaccion: {type: number, normalizer: } @ http://localhost:3000/_next/static/chunks/11hm_next_dist_0m6rgog._.js:2441
[  302014ms] [LOG] [DEBUG] Analizando columna: activo {totalValores: 25, sampleSize: 25} @ http://localhost:3000/_next/static/chunks/11hm_next_dist_0m6rgog._.js:2441
[  302014ms] [LOG] [DEBUG] Tipo inferido para activo: {type: boolean, normalizer: } @ http://localhost:3000/_next/static/chunks/11hm_next_dist_0m6rgog._.js:2441
[  302014ms] [LOG] [DEBUG] Procesando fila 0/25 @ http://localhost:3000/_next/static/chunks/11hm_next_dist_0m6rgog._.js:2441
[  302017ms] [LOG] [DEBUG] Creando definicion de columna: {columnId: id, isReference: false, type: number, path: Array(1)} @ http://localhost:3000/_next/static/chunks/11hm_next_dist_0m6rgog._.js:2441
[  302017ms] [LOG] [DEBUG] Creando definicion de columna: {columnId: nombre, isReference: false, type: string, path: Array(1)} @ http://localhost:3000/_next/static/chunks/11hm_next_dist_0m6rgog._.js:2441
[  302017ms] [LOG] [DEBUG] Creando definicion de columna: {columnId: email, isReference: false, type: string, path: Array(1)} @ http://localhost:3000/_next/static/chunks/11hm_next_dist_0m6rgog._.js:2441
[  302017ms] [LOG] [DEBUG] Creando definicion de columna: {columnId: telefono, isReference: false, type: number, path: Array(1)} @ http://localhost:3000/_next/static/chunks/11hm_next_dist_0m6rgog._.js:2441
[  302017ms] [LOG] [DEBUG] Creando definicion de columna: {columnId: ciudad, isReference: false, type: string, path: Array(1)} @ http://localhost:3000/_next/static/chunks/11hm_next_dist_0m6rgog._.js:2441
[  302017ms] [LOG] [DEBUG] Creando definicion de columna: {columnId: rol, isReference: false, type: string, path: Array(1)} @ http://localhost:3000/_next/static/chunks/11hm_next_dist_0m6rgog._.js:2441
[  302017ms] [LOG] [DEBUG] Creando definicion de columna: {columnId: estado, isReference: false, type: string, path: Array(1)} @ http://localhost:3000/_next/static/chunks/11hm_next_dist_0m6rgog._.js:2441
[  302018ms] [LOG] [DEBUG] Creando definicion de columna: {columnId: fechaRegistro, isReference: false, type: date, path: Array(1)} @ http://localhost:3000/_next/static/chunks/11hm_next_dist_0m6rgog._.js:2441
[  302018ms] [LOG] [DEBUG] Creando definicion de columna: {columnId: ultimoContacto, isReference: false, type: date, path: Array(1)} @ http://localhost:3000/_next/static/chunks/11hm_next_dist_0m6rgog._.js:2441
[  302018ms] [LOG] [DEBUG] Creando definicion de columna: {columnId: valorTotal, isReference: false, type: string, path: Array(1)} @ http://localhost:3000/_next/static/chunks/11hm_next_dist_0m6rgog._.js:2441
[  302018ms] [LOG] [DEBUG] Creando definicion de columna: {columnId: satisfaccion, isReference: false, type: number, path: Array(1)} @ http://localhost:3000/_next/static/chunks/11hm_next_dist_0m6rgog._.js:2441
[  302018ms] [LOG] [DEBUG] Creando definicion de columna: {columnId: activo, isReference: false, type: boolean, path: Array(1)} @ http://localhost:3000/_next/static/chunks/11hm_next_dist_0m6rgog._.js:2441
[  302018ms] [LOG] [DEBUG] Creando definicion de columna: {columnId: id, isReference: false, type: number, path: Array(1)} @ http://localhost:3000/_next/static/chunks/11hm_next_dist_0m6rgog._.js:2441
[  302018ms] [LOG] [DEBUG] Creando definicion de columna: {columnId: nombre, isReference: false, type: string, path: Array(1)} @ http://localhost:3000/_next/static/chunks/11hm_next_dist_0m6rgog._.js:2441
[  302018ms] [LOG] [DEBUG] Creando definicion de columna: {columnId: email, isReference: false, type: string, path: Array(1)} @ http://localhost:3000/_next/static/chunks/11hm_next_dist_0m6rgog._.js:2441
[  302018ms] [LOG] [DEBUG] Creando definicion de columna: {columnId: telefono, isReference: false, type: number, path: Array(1)} @ http://localhost:3000/_next/static/chunks/11hm_next_dist_0m6rgog._.js:2441
[  302018ms] [LOG] [DEBUG] Creando definicion de columna: {columnId: ciudad, isReference: false, type: string, path: Array(1)} @ http://localhost:3000/_next/static/chunks/11hm_next_dist_0m6rgog._.js:2441
[  302018ms] [LOG] [DEBUG] Creando definicion de columna: {columnId: rol, isReference: false, type: string, path: Array(1)} @ http://localhost:3000/_next/static/chunks/11hm_next_dist_0m6rgog._.js:2441
[  302019ms] [LOG] [DEBUG] Creando definicion de columna: {columnId: estado, isReference: false, type: string, path: Array(1)} @ http://localhost:3000/_next/static/chunks/11hm_next_dist_0m6rgog._.js:2441
[  302019ms] [LOG] [DEBUG] Creando definicion de columna: {columnId: fechaRegistro, isReference: false, type: date, path: Array(1)} @ http://localhost:3000/_next/static/chunks/11hm_next_dist_0m6rgog._.js:2441
[  302019ms] [LOG] [DEBUG] Creando definicion de columna: {columnId: ultimoContacto, isReference: false, type: date, path: Array(1)} @ http://localhost:3000/_next/static/chunks/11hm_next_dist_0m6rgog._.js:2441
[  302019ms] [LOG] [DEBUG] Creando definicion de columna: {columnId: valorTotal, isReference: false, type: string, path: Array(1)} @ http://localhost:3000/_next/static/chunks/11hm_next_dist_0m6rgog._.js:2441
[  302019ms] [LOG] [DEBUG] Creando definicion de columna: {columnId: satisfaccion, isReference: false, type: number, path: Array(1)} @ http://localhost:3000/_next/static/chunks/11hm_next_dist_0m6rgog._.js:2441
[  302019ms] [LOG] [DEBUG] Creando definicion de columna: {columnId: activo, isReference: false, type: boolean, path: Array(1)} @ http://localhost:3000/_next/static/chunks/11hm_next_dist_0m6rgog._.js:2441
[  302019ms] [LOG] [DEBUG] Effective column order: {baseOrder: Array(14), pinnedColumnId: index, otherColumns: Array(13), hasActions: true, result: Array(15)} @ http://localhost:3000/_next/static/chunks/11hm_next_dist_0m6rgog._.js:2441
[  302019ms] [LOG] [DEBUG] Effective column order: {baseOrder: Array(14), pinnedColumnId: index, otherColumns: Array(13), hasActions: true, result: Array(15)} @ http://localhost:3000/_next/static/chunks/11hm_next_dist_0m6rgog._.js:2441
[  302028ms] [LOG] [DEBUG] Effective column order: {baseOrder: Array(14), pinnedColumnId: index, otherColumns: Array(13), hasActions: true, result: Array(15)} @ http://localhost:3000/_next/static/chunks/11hm_next_dist_0m6rgog._.js:2441
[  302028ms] [LOG] [DEBUG] Effective column order: {baseOrder: Array(14), pinnedColumnId: index, otherColumns: Array(13), hasActions: true, result: Array(15)} @ http://localhost:3000/_next/static/chunks/11hm_next_dist_0m6rgog._.js:2441
[  302093ms] [LOG] [DEBUG] Renderizando celda: {columnId: id, isReference: undefined, value: Object} @ http://localhost:3000/_next/static/chunks/11hm_next_dist_0m6rgog._.js:2441
[  302093ms] [LOG] [DEBUG] Renderizando celda: {columnId: id, isReference: undefined, value: Object} @ http://localhost:3000/_next/static/chunks/11hm_next_dist_0m6rgog._.js:2441
[  302094ms] [LOG] [DEBUG] Renderizando celda: {columnId: nombre, isReference: undefined, value: Object} @ http://localhost:3000/_next/static/chunks/11hm_next_dist_0m6rgog._.js:2441
[  302094ms] [LOG] [DEBUG] Renderizando celda: {columnId: nombre, isReference: undefined, value: Object} @ http://localhost:3000/_next/static/chunks/11hm_next_dist_0m6rgog._.js:2441
[  302094ms] [LOG] [DEBUG] Renderizando celda: {columnId: email, isReference: undefined, value: Object} @ http://localhost:3000/_next/static/chunks/11hm_next_dist_0m6rgog._.js:2441
[  302094ms] [LOG] [DEBUG] Renderizando celda: {columnId: email, isReference: undefined, value: Object} @ http://localhost:3000/_next/static/chunks/11hm_next_dist_0m6rgog._.js:2441
[  302094ms] [LOG] [DEBUG] Renderizando celda: {columnId: telefono, isReference: undefined, value: Object} @ http://localhost:3000/_next/static/chunks/11hm_next_dist_0m6rgog._.js:2441
[  302094ms] [LOG] [DEBUG] Renderizando celda: {columnId: telefono, isReference: undefined, value: Object} @ http://localhost:3000/_next/static/chunks/11hm_next_dist_0m6rgog._.js:2441
[  302094ms] [LOG] [DEBUG] Tipo corregido: number -> date {originalValue: 34612345678, originalType: number, detectedType: date} @ http://localhost:3000/_next/static/chunks/11hm_next_dist_0m6rgog._.js:2441
[  302094ms] [LOG] [DEBUG] Tipo corregido: number -> date {originalValue: 34612345678, originalType: number, detectedType: date} @ http://localhost:3000/_next/static/chunks/11hm_next_dist_0m6rgog._.js:2441
[  302094ms] [LOG] [DEBUG] Renderizando celda: {columnId: ciudad, isReference: undefined, value: Object} @ http://localhost:3000/_next/static/chunks/11hm_next_dist_0m6rgog._.js:2441
[  302095ms] [LOG] [DEBUG] Renderizando celda: {columnId: ciudad, isReference: undefined, value: Object} @ http://localhost:3000/_next/static/chunks/11hm_next_dist_0m6rgog._.js:2441
[  302095ms] [LOG] [DEBUG] Renderizando celda: {columnId: rol, isReference: undefined, value: Object} @ http://localhost:3000/_next/static/chunks/11hm_next_dist_0m6rgog._.js:2441
[  302095ms] [LOG] [DEBUG] Renderizando celda: {columnId: rol, isReference: undefined, value: Object} @ http://localhost:3000/_next/static/chunks/11hm_next_dist_0m6rgog._.js:2441
[  302095ms] [LOG] [DEBUG] Renderizando celda: {columnId: estado, isReference: undefined, value: Object} @ http://localhost:3000/_next/static/chunks/11hm_next_dist_0m6rgog._.js:2441
[  302095ms] [LOG] [DEBUG] Renderizando celda: {columnId: estado, isReference: undefined, value: Object} @ http://localhost:3000/_next/static/chunks/11hm_next_dist_0m6rgog._.js:2441
[  302095ms] [LOG] [DEBUG] Renderizando celda: {columnId: fechaRegistro, isReference: undefined, value: Object} @ http://localhost:3000/_next/static/chunks/11hm_next_dist_0m6rgog._.js:2441
[  302095ms] [LOG] [DEBUG] Renderizando celda: {columnId: fechaRegistro, isReference: undefined, value: Object} @ http://localhost:3000/_next/static/chunks/11hm_next_dist_0m6rgog._.js:2441
[  302095ms] [LOG] [DEBUG] Renderizando celda: {columnId: ultimoContacto, isReference: undefined, value: Object} @ http://localhost:3000/_next/static/chunks/11hm_next_dist_0m6rgog._.js:2441
[  302096ms] [LOG] [DEBUG] Renderizando celda: {columnId: ultimoContacto, isReference: undefined, value: Object} @ http://localhost:3000/_next/static/chunks/11hm_next_dist_0m6rgog._.js:2441
[  302096ms] [LOG] [DEBUG] Renderizando celda: {columnId: valorTotal, isReference: undefined, value: Object} @ http://localhost:3000/_next/static/chunks/11hm_next_dist_0m6rgog._.js:2441
[  302096ms] [LOG] [DEBUG] Renderizando celda: {columnId: valorTotal, isReference: undefined, value: Object} @ http://localhost:3000/_next/static/chunks/11hm_next_dist_0m6rgog._.js:2441
[  302096ms] [LOG] [DEBUG] Tipo corregido: string -> number {originalValue: 3840, originalType: string, detectedType: number} @ http://localhost:3000/_next/static/chunks/11hm_next_dist_0m6rgog._.js:2441
[  302096ms] [LOG] [DEBUG] Tipo corregido: string -> number {originalValue: 3840, originalType: string, detectedType: number} @ http://localhost:3000/_next/static/chunks/11hm_next_dist_0m6rgog._.js:2441
[  302096ms] [LOG] [DEBUG] Renderizando celda: {columnId: satisfaccion, isReference: undefined, value: Object} @ http://localhost:3000/_next/static/chunks/11hm_next_dist_0m6rgog._.js:2441
[  302096ms] [LOG] [DEBUG] Renderizando celda: {columnId: satisfaccion, isReference: undefined, value: Object} @ http://localhost:3000/_next/static/chunks/11hm_next_dist_0m6rgog._.js:2441
[  302096ms] [LOG] [DEBUG] Renderizando celda: {columnId: activo, isReference: undefined, value: Object} @ http://localhost:3000/_next/static/chunks/11hm_next_dist_0m6rgog._.js:2441
[  302096ms] [LOG] [DEBUG] Renderizando celda: {columnId: activo, isReference: undefined, value: Object} @ http://localhost:3000/_next/static/chunks/11hm_next_dist_0m6rgog._.js:2441
[  302097ms] [LOG] [DEBUG] Tipo corregido: boolean -> string {originalValue: true, originalType: boolean, detectedType: string} @ http://localhost:3000/_next/static/chunks/11hm_next_dist_0m6rgog._.js:2441
[  302097ms] [LOG] [DEBUG] Tipo corregido: boolean -> string {originalValue: true, originalType: boolean, detectedType: string} @ http://localhost:3000/_next/static/chunks/11hm_next_dist_0m6rgog._.js:2441
[  302102ms] [LOG] [DEBUG] Renderizando celda: {columnId: id, isReference: undefined, value: Object} @ http://localhost:3000/_next/static/chunks/11hm_next_dist_0m6rgog._.js:2441
[  302103ms] [LOG] [DEBUG] Renderizando celda: {columnId: id, isReference: undefined, value: Object} @ http://localhost:3000/_next/static/chunks/11hm_next_dist_0m6rgog._.js:2441
[  302103ms] [LOG] [DEBUG] Renderizando celda: {columnId: nombre, isReference: undefined, value: Object} @ http://localhost:3000/_next/static/chunks/11hm_next_dist_0m6rgog._.js:2441
[  302103ms] [LOG] [DEBUG] Renderizando celda: {columnId: nombre, isReference: undefined, value: Object} @ http://localhost:3000/_next/static/chunks/11hm_next_dist_0m6rgog._.js:2441
[  302103ms] [LOG] [DEBUG] Renderizando celda: {columnId: email, isReference: undefined, value: Object} @ http://localhost:3000/_next/static/chunks/11hm_next_dist_0m6rgog._.js:2441
[  302103ms] [LOG] [DEBUG] Renderizando celda: {columnId: email, isReference: undefined, value: Object} @ http://localhost:3000/_next/static/chunks/11hm_next_dist_0m6rgog._.js:2441
[  302103ms] [LOG] [DEBUG] Renderizando celda: {columnId: telefono, isReference: undefined, value: Object} @ http://localhost:3000/_next/static/chunks/11hm_next_dist_0m6rgog._.js:2441
[  302103ms] [LOG] [DEBUG] Renderizando celda: {columnId: telefono, isReference: undefined, value: Object} @ http://localhost:3000/_next/static/chunks/11hm_next_dist_0m6rgog._.js:2441
[  302104ms] [LOG] [DEBUG] Tipo corregido: number -> date {originalValue: 34634567890, originalType: number, detectedType: date} @ http://localhost:3000/_next/static/chunks/11hm_next_dist_0m6rgog._.js:2441
[  302104ms] [LOG] [DEBUG] Tipo corregido: number -> date {originalValue: 34634567890, originalType: number, detectedType: date} @ http://localhost:3000/_next/static/chunks/11hm_next_dist_0m6rgog._.js:2441
[  302104ms] [LOG] [DEBUG] Renderizando celda: {columnId: ciudad, isReference: undefined, value: Object} @ http://localhost:3000/_next/static/chunks/11hm_next_dist_0m6rgog._.js:2441
[  302104ms] [LOG] [DEBUG] Renderizando celda: {columnId: ciudad, isReference: undefined, value: Object} @ http://localhost:3000/_next/static/chunks/11hm_next_dist_0m6rgog._.js:2441
[  302104ms] [LOG] [DEBUG] Renderizando celda: {columnId: rol, isReference: undefined, value: Object} @ http://localhost:3000/_next/static/chunks/11hm_next_dist_0m6rgog._.js:2441
[  302104ms] [LOG] [DEBUG] Renderizando celda: {columnId: rol, isReference: undefined, value: Object} @ http://localhost:3000/_next/static/chunks/11hm_next_dist_0m6rgog._.js:2441
[  302104ms] [LOG] [DEBUG] Renderizando celda: {columnId: estado, isReference: undefined, value: Object} @ http://localhost:3000/_next/static/chunks/11hm_next_dist_0m6rgog._.js:2441
[  302104ms] [LOG] [DEBUG] Renderizando celda: {columnId: estado, isReference: undefined, value: Object} @ http://localhost:3000/_next/static/chunks/11hm_next_dist_0m6rgog._.js:2441
[  302104ms] [LOG] [DEBUG] Renderizando celda: {columnId: fechaRegistro, isReference: undefined, value: Object} @ http://localhost:3000/_next/static/chunks/11hm_next_dist_0m6rgog._.js:2441
[  302104ms] [LOG] [DEBUG] Renderizando celda: {columnId: fechaRegistro, isReference: undefined, value: Object} @ http://localhost:3000/_next/static/chunks/11hm_next_dist_0m6rgog._.js:2441
[  302105ms] [LOG] [DEBUG] Renderizando celda: {columnId: ultimoContacto, isReference: undefined, value: Object} @ http://localhost:3000/_next/static/chunks/11hm_next_dist_0m6rgog._.js:2441
[  302105ms] [LOG] [DEBUG] Renderizando celda: {columnId: ultimoContacto, isReference: undefined, value: Object} @ http://localhost:3000/_next/static/chunks/11hm_next_dist_0m6rgog._.js:2441
[  302105ms] [LOG] [DEBUG] Renderizando celda: {columnId: valorTotal, isReference: undefined, value: Object} @ http://localhost:3000/_next/static/chunks/11hm_next_dist_0m6rgog._.js:2441
[  302105ms] [LOG] [DEBUG] Renderizando celda: {columnId: valorTotal, isReference: undefined, value: Object} @ http://localhost:3000/_next/static/chunks/11hm_next_dist_0m6rgog._.js:2441
[  302105ms] [LOG] [DEBUG] Tipo corregido: string -> number {originalValue: 6120, originalType: string, detectedType: number} @ http://localhost:3000/_next/static/chunks/11hm_next_dist_0m6rgog._.js:2441
[  302105ms] [LOG] [DEBUG] Tipo corregido: string -> number {originalValue: 6120, originalType: string, detectedType: number} @ http://localhost:3000/_next/static/chunks/11hm_next_dist_0m6rgog._.js:2441
[  302105ms] [LOG] [DEBUG] Renderizando celda: {columnId: satisfaccion, isReference: undefined, value: Object} @ http://localhost:3000/_next/static/chunks/11hm_next_dist_0m6rgog._.js:2441
[  302105ms] [LOG] [DEBUG] Renderizando celda: {columnId: satisfaccion, isReference: undefined, value: Object} @ http://localhost:3000/_next/static/chunks/11hm_next_dist_0m6rgog._.js:2441
[  302105ms] [LOG] [DEBUG] Renderizando celda: {columnId: activo, isReference: undefined, value: Object} @ http://localhost:3000/_next/static/chunks/11hm_next_dist_0m6rgog._.js:2441
[  302105ms] [LOG] [DEBUG] Renderizando celda: {columnId: activo, isReference: undefined, value: Object} @ http://localhost:3000/_next/static/chunks/11hm_next_dist_0m6rgog._.js:2441
[  302106ms] [LOG] [DEBUG] Tipo corregido: boolean -> string {originalValue: true, originalType: boolean, detectedType: string} @ http://localhost:3000/_next/static/chunks/11hm_next_dist_0m6rgog._.js:2441
[  302106ms] [LOG] [DEBUG] Tipo corregido: boolean -> string {originalValue: true, originalType: boolean, detectedType: string} @ http://localhost:3000/_next/static/chunks/11hm_next_dist_0m6rgog._.js:2441
[  302112ms] [LOG] [DEBUG] Renderizando celda: {columnId: id, isReference: undefined, value: Object} @ http://localhost:3000/_next/static/chunks/11hm_next_dist_0m6rgog._.js:2441
[  302112ms] [LOG] [DEBUG] Renderizando celda: {columnId: id, isReference: undefined, value: Object} @ http://localhost:3000/_next/static/chunks/11hm_next_dist_0m6rgog._.js:2441
[  302113ms] [LOG] [DEBUG] Renderizando celda: {columnId: nombre, isReference: undefined, value: Object} @ http://localhost:3000/_next/static/chunks/11hm_next_dist_0m6rgog._.js:2441
[  302113ms] [LOG] [DEBUG] Renderizando celda: {columnId: nombre, isReference: undefined, value: Object} @ http://localhost:3000/_next/static/chunks/11hm_next_dist_0m6rgog._.js:2441
[  302113ms] [LOG] [DEBUG] Renderizando celda: {columnId: email, isReference: undefined, value: Object} @ http://localhost:3000/_next/static/chunks/11hm_next_dist_0m6rgog._.js:2441
[  302113ms] [LOG] [DEBUG] Renderizando celda: {columnId: email, isReference: undefined, value: Object} @ http://localhost:3000/_next/static/chunks/11hm_next_dist_0m6rgog._.js:2441
[  302113ms] [LOG] [DEBUG] Renderizando celda: {columnId: telefono, isReference: undefined, value: Object} @ http://localhost:3000/_next/static/chunks/11hm_next_dist_0m6rgog._.js:2441
[  302113ms] [LOG] [DEBUG] Renderizando celda: {columnId: telefono, isReference: undefined, value: Object} @ http://localhost:3000/_next/static/chunks/11hm_next_dist_0m6rgog._.js:2441
[  302113ms] [LOG] [DEBUG] Tipo corregido: number -> date {originalValue: 34655678901, originalType: number, detectedType: date} @ http://localhost:3000/_next/static/chunks/11hm_next_dist_0m6rgog._.js:2441
[  302113ms] [LOG] [DEBUG] Tipo corregido: number -> date {originalValue: 34655678901, originalType: number, detectedType: date} @ http://localhost:3000/_next/static/chunks/11hm_next_dist_0m6rgog._.js:2441
[  302113ms] [LOG] [DEBUG] Renderizando celda: {columnId: ciudad, isReference: undefined, value: Object} @ http://localhost:3000/_next/static/chunks/11hm_next_dist_0m6rgog._.js:2441
[  302114ms] [LOG] [DEBUG] Renderizando celda: {columnId: ciudad, isReference: undefined, value: Object} @ http://localhost:3000/_next/static/chunks/11hm_next_dist_0m6rgog._.js:2441
[  302114ms] [LOG] [DEBUG] Renderizando celda: {columnId: rol, isReference: undefined, value: Object} @ http://localhost:3000/_next/static/chunks/11hm_next_dist_0m6rgog._.js:2441
[  302114ms] [LOG] [DEBUG] Renderizando celda: {columnId: rol, isReference: undefined, value: Object} @ http://localhost:3000/_next/static/chunks/11hm_next_dist_0m6rgog._.js:2441
[  302114ms] [LOG] [DEBUG] Renderizando celda: {columnId: estado, isReference: undefined, value: Object} @ http://localhost:3000/_next/static/chunks/11hm_next_dist_0m6rgog._.js:2441
[  302114ms] [LOG] [DEBUG] Renderizando celda: {columnId: estado, isReference: undefined, value: Object} @ http://localhost:3000/_next/static/chunks/11hm_next_dist_0m6rgog._.js:2441
[  302114ms] [LOG] [DEBUG] Renderizando celda: {columnId: fechaRegistro, isReference: undefined, value: Object} @ http://localhost:3000/_next/static/chunks/11hm_next_dist_0m6rgog._.js:2441
[  302114ms] [LOG] [DEBUG] Renderizando celda: {columnId: fechaRegistro, isReference: undefined, value: Object} @ http://localhost:3000/_next/static/chunks/11hm_next_dist_0m6rgog._.js:2441
[  302114ms] [LOG] [DEBUG] Renderizando celda: {columnId: ultimoContacto, isReference: undefined, value: Object} @ http://localhost:3000/_next/static/chunks/11hm_next_dist_0m6rgog._.js:2441
[  302114ms] [LOG] [DEBUG] Renderizando celda: {columnId: ultimoContacto, isReference: undefined, value: Object} @ http://localhost:3000/_next/static/chunks/11hm_next_dist_0m6rgog._.js:2441
[  302115ms] [LOG] [DEBUG] Renderizando celda: {columnId: valorTotal, isReference: undefined, value: Object} @ http://localhost:3000/_next/static/chunks/11hm_next_dist_0m6rgog._.js:2441
[  302115ms] [LOG] [DEBUG] Renderizando celda: {columnId: valorTotal, isReference: undefined, value: Object} @ http://localhost:3000/_next/static/chunks/11hm_next_dist_0m6rgog._.js:2441
[  302115ms] [LOG] [DEBUG] Tipo corregido: string -> number {originalValue: 0, originalType: string, detectedType: number} @ http://localhost:3000/_next/static/chunks/11hm_next_dist_0m6rgog._.js:2441
[  302115ms] [LOG] [DEBUG] Tipo corregido: string -> number {originalValue: 0, originalType: string, detectedType: number} @ http://localhost:3000/_next/static/chunks/11hm_next_dist_0m6rgog._.js:2441
[  302115ms] [LOG] [DEBUG] Renderizando celda: {columnId: satisfaccion, isReference: undefined, value: Object} @ http://localhost:3000/_next/static/chunks/11hm_next_dist_0m6rgog._.js:2441
[  302115ms] [LOG] [DEBUG] Renderizando celda: {columnId: satisfaccion, isReference: undefined, value: Object} @ http://localhost:3000/_next/static/chunks/11hm_next_dist_0m6rgog._.js:2441
[  302115ms] [LOG] [DEBUG] Renderizando celda: {columnId: activo, isReference: undefined, value: Object} @ http://localhost:3000/_next/static/chunks/11hm_next_dist_0m6rgog._.js:2441
[  302115ms] [LOG] [DEBUG] Renderizando celda: {columnId: activo, isReference: undefined, value: Object} @ http://localhost:3000/_next/static/chunks/11hm_next_dist_0m6rgog._.js:2441
[  302115ms] [LOG] [DEBUG] Tipo corregido: boolean -> string {originalValue: false, originalType: boolean, detectedType: string} @ http://localhost:3000/_next/static/chunks/11hm_next_dist_0m6rgog._.js:2441
[  302115ms] [LOG] [DEBUG] Tipo corregido: boolean -> string {originalValue: false, originalType: boolean, detectedType: string} @ http://localhost:3000/_next/static/chunks/11hm_next_dist_0m6rgog._.js:2441
[  302121ms] [LOG] [DEBUG] Renderizando celda: {columnId: id, isReference: undefined, value: Object} @ http://localhost:3000/_next/static/chunks/11hm_next_dist_0m6rgog._.js:2441
[  302121ms] [LOG] [DEBUG] Renderizando celda: {columnId: id, isReference: undefined, value: Object} @ http://localhost:3000/_next/static/chunks/11hm_next_dist_0m6rgog._.js:2441
[  302121ms] [LOG] [DEBUG] Renderizando celda: {columnId: nombre, isReference: undefined, value: Object} @ http://localhost:3000/_next/static/chunks/11hm_next_dist_0m6rgog._.js:2441
[  302121ms] [LOG] [DEBUG] Renderizando celda: {columnId: nombre, isReference: undefined, value: Object} @ http://localhost:3000/_next/static/chunks/11hm_next_dist_0m6rgog._.js:2441
[  302122ms] [LOG] [DEBUG] Renderizando celda: {columnId: email, isReference: undefined, value: Object} @ http://localhost:3000/_next/static/chunks/11hm_next_dist_0m6rgog._.js:2441
[  302122ms] [LOG] [DEBUG] Renderizando celda: {columnId: email, isReference: undefined, value: Object} @ http://localhost:3000/_next/static/chunks/11hm_next_dist_0m6rgog._.js:2441
[  302122ms] [LOG] [DEBUG] Renderizando celda: {columnId: telefono, isReference: undefined, value: Object} @ http://localhost:3000/_next/static/chunks/11hm_next_dist_0m6rgog._.js:2441
[  302122ms] [LOG] [DEBUG] Renderizando celda: {columnId: telefono, isReference: undefined, value: Object} @ http://localhost:3000/_next/static/chunks/11hm_next_dist_0m6rgog._.js:2441
[  302122ms] [LOG] [DEBUG] Tipo corregido: number -> date {originalValue: 34676789012, originalType: number, detectedType: date} @ http://localhost:3000/_next/static/chunks/11hm_next_dist_0m6rgog._.js:2441
[  302122ms] [LOG] [DEBUG] Tipo corregido: number -> date {originalValue: 34676789012, originalType: number, detectedType: date} @ http://localhost:3000/_next/static/chunks/11hm_next_dist_0m6rgog._.js:2441
[  302122ms] [LOG] [DEBUG] Renderizando celda: {columnId: ciudad, isReference: undefined, value: Object} @ http://localhost:3000/_next/static/chunks/11hm_next_dist_0m6rgog._.js:2441
[  302122ms] [LOG] [DEBUG] Renderizando celda: {columnId: ciudad, isReference: undefined, value: Object} @ http://localhost:3000/_next/static/chunks/11hm_next_dist_0m6rgog._.js:2441
[  302122ms] [LOG] [DEBUG] Renderizando celda: {columnId: rol, isReference: undefined, value: Object} @ http://localhost:3000/_next/static/chunks/11hm_next_dist_0m6rgog._.js:2441
[  302122ms] [LOG] [DEBUG] Renderizando celda: {columnId: rol, isReference: undefined, value: Object} @ http://localhost:3000/_next/static/chunks/11hm_next_dist_0m6rgog._.js:2441
[  302123ms] [LOG] [DEBUG] Renderizando celda: {columnId: estado, isReference: undefined, value: Object} @ http://localhost:3000/_next/static/chunks/11hm_next_dist_0m6rgog._.js:2441
[  302123ms] [LOG] [DEBUG] Renderizando celda: {columnId: estado, isReference: undefined, value: Object} @ http://localhost:3000/_next/static/chunks/11hm_next_dist_0m6rgog._.js:2441
[  302123ms] [LOG] [DEBUG] Renderizando celda: {columnId: fechaRegistro, isReference: undefined, value: Object} @ http://localhost:3000/_next/static/chunks/11hm_next_dist_0m6rgog._.js:2441
[  302123ms] [LOG] [DEBUG] Renderizando celda: {columnId: fechaRegistro, isReference: undefined, value: Object} @ http://localhost:3000/_next/static/chunks/11hm_next_dist_0m6rgog._.js:2441
[  302123ms] [LOG] [DEBUG] Renderizando celda: {columnId: ultimoContacto, isReference: undefined, value: Object} @ http://localhost:3000/_next/static/chunks/11hm_next_dist_0m6rgog._.js:2441
[  302123ms] [LOG] [DEBUG] Renderizando celda: {columnId: ultimoContacto, isReference: undefined, value: Object} @ http://localhost:3000/_next/static/chunks/11hm_next_dist_0m6rgog._.js:2441
[  302123ms] [LOG] [DEBUG] Renderizando celda: {columnId: valorTotal, isReference: undefined, value: Object} @ http://localhost:3000/_next/static/chunks/11hm_next_dist_0m6rgog._.js:2441
[  302123ms] [LOG] [DEBUG] Renderizando celda: {columnId: valorTotal, isReference: undefined, value: Object} @ http://localhost:3000/_next/static/chunks/11hm_next_dist_0m6rgog._.js:2441
[  302123ms] [LOG] [DEBUG] Tipo corregido: string -> number {originalValue: 2280, originalType: string, detectedType: number} @ http://localhost:3000/_next/static/chunks/11hm_next_dist_0m6rgog._.js:2441
[  302124ms] [LOG] [DEBUG] Tipo corregido: string -> number {originalValue: 2280, originalType: string, detectedType: number} @ http://localhost:3000/_next/static/chunks/11hm_next_dist_0m6rgog._.js:2441
[  302124ms] [LOG] [DEBUG] Renderizando celda: {columnId: satisfaccion, isReference: undefined, value: Object} @ http://localhost:3000/_next/static/chunks/11hm_next_dist_0m6rgog._.js:2441
[  302124ms] [LOG] [DEBUG] Renderizando celda: {columnId: satisfaccion, isReference: undefined, value: Object} @ http://localhost:3000/_next/static/chunks/11hm_next_dist_0m6rgog._.js:2441
[  302124ms] [LOG] [DEBUG] Renderizando celda: {columnId: activo, isReference: undefined, value: Object} @ http://localhost:3000/_next/static/chunks/11hm_next_dist_0m6rgog._.js:2441
[  302124ms] [LOG] [DEBUG] Renderizando celda: {columnId: activo, isReference: undefined, value: Object} @ http://localhost:3000/_next/static/chunks/11hm_next_dist_0m6rgog._.js:2441
[  302124ms] [LOG] [DEBUG] Tipo corregido: boolean -> string {originalValue: false, originalType: boolean, detectedType: string} @ http://localhost:3000/_next/static/chunks/11hm_next_dist_0m6rgog._.js:2441
[  302124ms] [LOG] [DEBUG] Tipo corregido: boolean -> string {originalValue: false, originalType: boolean, detectedType: string} @ http://localhost:3000/_next/static/chunks/11hm_next_dist_0m6rgog._.js:2441
[  302129ms] [LOG] [DEBUG] Renderizando celda: {columnId: id, isReference: undefined, value: Object} @ http://localhost:3000/_next/static/chunks/11hm_next_dist_0m6rgog._.js:2441
[  302129ms] [LOG] [DEBUG] Renderizando celda: {columnId: id, isReference: undefined, value: Object} @ http://localhost:3000/_next/static/chunks/11hm_next_dist_0m6rgog._.js:2441
[  302130ms] [LOG] [DEBUG] Renderizando celda: {columnId: nombre, isReference: undefined, value: Object} @ http://localhost:3000/_next/static/chunks/11hm_next_dist_0m6rgog._.js:2441
[  302130ms] [LOG] [DEBUG] Renderizando celda: {columnId: nombre, isReference: undefined, value: Object} @ http://localhost:3000/_next/static/chunks/11hm_next_dist_0m6rgog._.js:2441
[  302130ms] [LOG] [DEBUG] Renderizando celda: {columnId: email, isReference: undefined, value: Object} @ http://localhost:3000/_next/static/chunks/11hm_next_dist_0m6rgog._.js:2441
[  302130ms] [LOG] [DEBUG] Renderizando celda: {columnId: email, isReference: undefined, value: Object} @ http://localhost:3000/_next/static/chunks/11hm_next_dist_0m6rgog._.js:2441
[  302130ms] [LOG] [DEBUG] Renderizando celda: {columnId: telefono, isReference: undefined, value: Object} @ http://localhost:3000/_next/static/chunks/11hm_next_dist_0m6rgog._.js:2441
[  302130ms] [LOG] [DEBUG] Renderizando celda: {columnId: telefono, isReference: undefined, value: Object} @ http://localhost:3000/_next/static/chunks/11hm_next_dist_0m6rgog._.js:2441
[  302130ms] [LOG] [DEBUG] Tipo corregido: number -> date {originalValue: 34697890123, originalType: number, detectedType: date} @ http://localhost:3000/_next/static/chunks/11hm_next_dist_0m6rgog._.js:2441
[  302130ms] [LOG] [DEBUG] Tipo corregido: number -> date {originalValue: 34697890123, originalType: number, detectedType: date} @ http://localhost:3000/_next/static/chunks/11hm_next_dist_0m6rgog._.js:2441
[  302130ms] [LOG] [DEBUG] Renderizando celda: {columnId: ciudad, isReference: undefined, value: Object} @ http://localhost:3000/_next/static/chunks/11hm_next_dist_0m6rgog._.js:2441
[  302130ms] [LOG] [DEBUG] Renderizando celda: {columnId: ciudad, isReference: undefined, value: Object} @ http://localhost:3000/_next/static/chunks/11hm_next_dist_0m6rgog._.js:2441
[  302131ms] [LOG] [DEBUG] Renderizando celda: {columnId: rol, isReference: undefined, value: Object} @ http://localhost:3000/_next/static/chunks/11hm_next_dist_0m6rgog._.js:2441
[  302131ms] [LOG] [DEBUG] Renderizando celda: {columnId: rol, isReference: undefined, value: Object} @ http://localhost:3000/_next/static/chunks/11hm_next_dist_0m6rgog._.js:2441
[  302131ms] [LOG] [DEBUG] Renderizando celda: {columnId: estado, isReference: undefined, value: Object} @ http://localhost:3000/_next/static/chunks/11hm_next_dist_0m6rgog._.js:2441
[  302131ms] [LOG] [DEBUG] Renderizando celda: {columnId: estado, isReference: undefined, value: Object} @ http://localhost:3000/_next/static/chunks/11hm_next_dist_0m6rgog._.js:2441
[  302131ms] [LOG] [DEBUG] Renderizando celda: {columnId: fechaRegistro, isReference: undefined, value: Object} @ http://localhost:3000/_next/static/chunks/11hm_next_dist_0m6rgog._.js:2441
[  302131ms] [LOG] [DEBUG] Renderizando celda: {columnId: fechaRegistro, isReference: undefined, value: Object} @ http://localhost:3000/_next/static/chunks/11hm_next_dist_0m6rgog._.js:2441
[  302131ms] [LOG] [DEBUG] Renderizando celda: {columnId: ultimoContacto, isReference: undefined, value: Object} @ http://localhost:3000/_next/static/chunks/11hm_next_dist_0m6rgog._.js:2441
[  302131ms] [LOG] [DEBUG] Renderizando celda: {columnId: ultimoContacto, isReference: undefined, value: Object} @ http://localhost:3000/_next/static/chunks/11hm_next_dist_0m6rgog._.js:2441
[  302131ms] [LOG] [DEBUG] Renderizando celda: {columnId: valorTotal, isReference: undefined, value: Object} @ http://localhost:3000/_next/static/chunks/11hm_next_dist_0m6rgog._.js:2441
[  302132ms] [LOG] [DEBUG] Renderizando celda: {columnId: valorTotal, isReference: undefined, value: Object} @ http://localhost:3000/_next/static/chunks/11hm_next_dist_0m6rgog._.js:2441
[  302132ms] [LOG] [DEBUG] Tipo corregido: string -> number {originalValue: 4560, originalType: string, detectedType: number} @ http://localhost:3000/_next/static/chunks/11hm_next_dist_0m6rgog._.js:2441
[  302132ms] [LOG] [DEBUG] Tipo corregido: string -> number {originalValue: 4560, originalType: string, detectedType: number} @ http://localhost:3000/_next/static/chunks/11hm_next_dist_0m6rgog._.js:2441
[  302132ms] [LOG] [DEBUG] Renderizando celda: {columnId: satisfaccion, isReference: undefined, value: Object} @ http://localhost:3000/_next/static/chunks/11hm_next_dist_0m6rgog._.js:2441
[  302132ms] [LOG] [DEBUG] Renderizando celda: {columnId: satisfaccion, isReference: undefined, value: Object} @ http://localhost:3000/_next/static/chunks/11hm_next_dist_0m6rgog._.js:2441
[  302132ms] [LOG] [DEBUG] Renderizando celda: {columnId: activo, isReference: undefined, value: Object} @ http://localhost:3000/_next/static/chunks/11hm_next_dist_0m6rgog._.js:2441
[  302132ms] [LOG] [DEBUG] Renderizando celda: {columnId: activo, isReference: undefined, value: Object} @ http://localhost:3000/_next/static/chunks/11hm_next_dist_0m6rgog._.js:2441
[  302132ms] [LOG] [DEBUG] Tipo corregido: boolean -> string {originalValue: true, originalType: boolean, detectedType: string} @ http://localhost:3000/_next/static/chunks/11hm_next_dist_0m6rgog._.js:2441
[  302132ms] [LOG] [DEBUG] Tipo corregido: boolean -> string {originalValue: true, originalType: boolean, detectedType: string} @ http://localhost:3000/_next/static/chunks/11hm_next_dist_0m6rgog._.js:2441
[  302138ms] [LOG] [DEBUG] Renderizando celda: {columnId: id, isReference: undefined, value: Object} @ http://localhost:3000/_next/static/chunks/11hm_next_dist_0m6rgog._.js:2441
[  302138ms] [LOG] [DEBUG] Renderizando celda: {columnId: id, isReference: undefined, value: Object} @ http://localhost:3000/_next/static/chunks/11hm_next_dist_0m6rgog._.js:2441
[  302138ms] [LOG] [DEBUG] Renderizando celda: {columnId: nombre, isReference: undefined, value: Object} @ http://localhost:3000/_next/static/chunks/11hm_next_dist_0m6rgog._.js:2441
[  302138ms] [LOG] [DEBUG] Renderizando celda: {columnId: nombre, isReference: undefined, value: Object} @ http://localhost:3000/_next/static/chunks/11hm_next_dist_0m6rgog._.js:2441
[  302138ms] [LOG] [DEBUG] Renderizando celda: {columnId: email, isReference: undefined, value: Object} @ http://localhost:3000/_next/static/chunks/11hm_next_dist_0m6rgog._.js:2441
[  302138ms] [LOG] [DEBUG] Renderizando celda: {columnId: email, isReference: undefined, value: Object} @ http://localhost:3000/_next/static/chunks/11hm_next_dist_0m6rgog._.js:2441
[  302138ms] [LOG] [DEBUG] Renderizando celda: {columnId: telefono, isReference: undefined, value: Object} @ http://localhost:3000/_next/static/chunks/11hm_next_dist_0m6rgog._.js:2441
[  302138ms] [LOG] [DEBUG] Renderizando celda: {columnId: telefono, isReference: undefined, value: Object} @ http://localhost:3000/_next/static/chunks/11hm_next_dist_0m6rgog._.js:2441
[  302139ms] [LOG] [DEBUG] Tipo corregido: number -> date {originalValue: 34900123456, originalType: number, detectedType: date} @ http://localhost:3000/_next/static/chunks/11hm_next_dist_0m6rgog._.js:2441
[  302139ms] [LOG] [DEBUG] Tipo corregido: number -> date {originalValue: 34900123456, originalType: number, detectedType: date} @ http://localhost:3000/_next/static/chunks/11hm_next_dist_0m6rgog._.js:2441
[  302139ms] [LOG] [DEBUG] Renderizando celda: {columnId: ciudad, isReference: undefined, value: Object} @ http://localhost:3000/_next/static/chunks/11hm_next_dist_0m6rgog._.js:2441
[  302139ms] [LOG] [DEBUG] Renderizando celda: {columnId: ciudad, isReference: undefined, value: Object} @ http://localhost:3000/_next/static/chunks/11hm_next_dist_0m6rgog._.js:2441
[  302139ms] [LOG] [DEBUG] Renderizando celda: {columnId: rol, isReference: undefined, value: Object} @ http://localhost:3000/_next/static/chunks/11hm_next_dist_0m6rgog._.js:2441
[  302139ms] [LOG] [DEBUG] Renderizando celda: {columnId: rol, isReference: undefined, value: Object} @ http://localhost:3000/_next/static/chunks/11hm_next_dist_0m6rgog._.js:2441
[  302139ms] [LOG] [DEBUG] Renderizando celda: {columnId: estado, isReference: undefined, value: Object} @ http://localhost:3000/_next/static/chunks/11hm_next_dist_0m6rgog._.js:2441
[  302140ms] [LOG] [DEBUG] Renderizando celda: {columnId: estado, isReference: undefined, value: Object} @ http://localhost:3000/_next/static/chunks/11hm_next_dist_0m6rgog._.js:2441
[  302140ms] [LOG] [DEBUG] Renderizando celda: {columnId: fechaRegistro, isReference: undefined, value: Object} @ http://localhost:3000/_next/static/chunks/11hm_next_dist_0m6rgog._.js:2441
[  302140ms] [LOG] [DEBUG] Renderizando celda: {columnId: fechaRegistro, isReference: undefined, value: Object} @ http://localhost:3000/_next/static/chunks/11hm_next_dist_0m6rgog._.js:2441
[  302140ms] [LOG] [DEBUG] Renderizando celda: {columnId: ultimoContacto, isReference: undefined, value: Object} @ http://localhost:3000/_next/static/chunks/11hm_next_dist_0m6rgog._.js:2441
[  302140ms] [LOG] [DEBUG] Renderizando celda: {columnId: ultimoContacto, isReference: undefined, value: Object} @ http://localhost:3000/_next/static/chunks/11hm_next_dist_0m6rgog._.js:2441
[  302140ms] [LOG] [DEBUG] Renderizando celda: {columnId: valorTotal, isReference: undefined, value: Object} @ http://localhost:3000/_next/static/chunks/11hm_next_dist_0m6rgog._.js:2441
[  302140ms] [LOG] [DEBUG] Renderizando celda: {columnId: valorTotal, isReference: undefined, value: Object} @ http://localhost:3000/_next/static/chunks/11hm_next_dist_0m6rgog._.js:2441
[  302140ms] [LOG] [DEBUG] Renderizando celda: {columnId: satisfaccion, isReference: undefined, value: Object} @ http://localhost:3000/_next/static/chunks/11hm_next_dist_0m6rgog._.js:2441
[  302141ms] [LOG] [DEBUG] Renderizando celda: {columnId: satisfaccion, isReference: undefined, value: Object} @ http://localhost:3000/_next/static/chunks/11hm_next_dist_0m6rgog._.js:2441
[  302141ms] [LOG] [DEBUG] Renderizando celda: {columnId: activo, isReference: undefined, value: Object} @ http://localhost:3000/_next/static/chunks/11hm_next_dist_0m6rgog._.js:2441
[  302141ms] [LOG] [DEBUG] Renderizando celda: {columnId: activo, isReference: undefined, value: Object} @ http://localhost:3000/_next/static/chunks/11hm_next_dist_0m6rgog._.js:2441
[  302141ms] [LOG] [DEBUG] Tipo corregido: boolean -> string {originalValue: true, originalType: boolean, detectedType: string} @ http://localhost:3000/_next/static/chunks/11hm_next_dist_0m6rgog._.js:2441
[  302141ms] [LOG] [DEBUG] Tipo corregido: boolean -> string {originalValue: true, originalType: boolean, detectedType: string} @ http://localhost:3000/_next/static/chunks/11hm_next_dist_0m6rgog._.js:2441
[  302146ms] [LOG] [DEBUG] Renderizando celda: {columnId: id, isReference: undefined, value: Object} @ http://localhost:3000/_next/static/chunks/11hm_next_dist_0m6rgog._.js:2441
[  302146ms] [LOG] [DEBUG] Renderizando celda: {columnId: id, isReference: undefined, value: Object} @ http://localhost:3000/_next/static/chunks/11hm_next_dist_0m6rgog._.js:2441
[  302147ms] [LOG] [DEBUG] Renderizando celda: {columnId: nombre, isReference: undefined, value: Object} @ http://localhost:3000/_next/static/chunks/11hm_next_dist_0m6rgog._.js:2441
[  302147ms] [LOG] [DEBUG] Renderizando celda: {columnId: nombre, isReference: undefined, value: Object} @ http://localhost:3000/_next/static/chunks/11hm_next_dist_0m6rgog._.js:2441
[  302147ms] [LOG] [DEBUG] Renderizando celda: {columnId: email, isReference: undefined, value: Object} @ http://localhost:3000/_next/static/chunks/11hm_next_dist_0m6rgog._.js:2441
[  302147ms] [LOG] [DEBUG] Renderizando celda: {columnId: email, isReference: undefined, value: Object} @ http://localhost:3000/_next/static/chunks/11hm_next_dist_0m6rgog._.js:2441
[  302147ms] [LOG] [DEBUG] Renderizando celda: {columnId: telefono, isReference: undefined, value: Object} @ http://localhost:3000/_next/static/chunks/11hm_next_dist_0m6rgog._.js:2441
[  302147ms] [LOG] [DEBUG] Renderizando celda: {columnId: telefono, isReference: undefined, value: Object} @ http://localhost:3000/_next/static/chunks/11hm_next_dist_0m6rgog._.js:2441
[  302147ms] [LOG] [DEBUG] Tipo corregido: number -> date {originalValue: 34618234567, originalType: number, detectedType: date} @ http://localhost:3000/_next/static/chunks/11hm_next_dist_0m6rgog._.js:2441
[  302147ms] [LOG] [DEBUG] Tipo corregido: number -> date {originalValue: 34618234567, originalType: number, detectedType: date} @ http://localhost:3000/_next/static/chunks/11hm_next_dist_0m6rgog._.js:2441
[  302148ms] [LOG] [DEBUG] Renderizando celda: {columnId: ciudad, isReference: undefined, value: Object} @ http://localhost:3000/_next/static/chunks/11hm_next_dist_0m6rgog._.js:2441
[  302148ms] [LOG] [DEBUG] Renderizando celda: {columnId: ciudad, isReference: undefined, value: Object} @ http://localhost:3000/_next/static/chunks/11hm_next_dist_0m6rgog._.js:2441
[  302148ms] [LOG] [DEBUG] Renderizando celda: {columnId: rol, isReference: undefined, value: Object} @ http://localhost:3000/_next/static/chunks/11hm_next_dist_0m6rgog._.js:2441
[  302148ms] [LOG] [DEBUG] Renderizando celda: {columnId: rol, isReference: undefined, value: Object} @ http://localhost:3000/_next/static/chunks/11hm_next_dist_0m6rgog._.js:2441
[  302148ms] [LOG] [DEBUG] Renderizando celda: {columnId: estado, isReference: undefined, value: Object} @ http://localhost:3000/_next/static/chunks/11hm_next_dist_0m6rgog._.js:2441
[  302148ms] [LOG] [DEBUG] Renderizando celda: {columnId: estado, isReference: undefined, value: Object} @ http://localhost:3000/_next/static/chunks/11hm_next_dist_0m6rgog._.js:2441
[  302148ms] [LOG] [DEBUG] Renderizando celda: {columnId: fechaRegistro, isReference: undefined, value: Object} @ http://localhost:3000/_next/static/chunks/11hm_next_dist_0m6rgog._.js:2441
[  302148ms] [LOG] [DEBUG] Renderizando celda: {columnId: fechaRegistro, isReference: undefined, value: Object} @ http://localhost:3000/_next/static/chunks/11hm_next_dist_0m6rgog._.js:2441
[  302148ms] [LOG] [DEBUG] Renderizando celda: {columnId: ultimoContacto, isReference: undefined, value: Object} @ http://localhost:3000/_next/static/chunks/11hm_next_dist_0m6rgog._.js:2441
[  302149ms] [LOG] [DEBUG] Renderizando celda: {columnId: ultimoContacto, isReference: undefined, value: Object} @ http://localhost:3000/_next/static/chunks/11hm_next_dist_0m6rgog._.js:2441
[  302149ms] [LOG] [DEBUG] Renderizando celda: {columnId: valorTotal, isReference: undefined, value: Object} @ http://localhost:3000/_next/static/chunks/11hm_next_dist_0m6rgog._.js:2441
[  302149ms] [LOG] [DEBUG] Renderizando celda: {columnId: valorTotal, isReference: undefined, value: Object} @ http://localhost:3000/_next/static/chunks/11hm_next_dist_0m6rgog._.js:2441
[  302149ms] [LOG] [DEBUG] Tipo corregido: string -> number {originalValue: 0, originalType: string, detectedType: number} @ http://localhost:3000/_next/static/chunks/11hm_next_dist_0m6rgog._.js:2441
[  302149ms] [LOG] [DEBUG] Tipo corregido: string -> number {originalValue: 0, originalType: string, detectedType: number} @ http://localhost:3000/_next/static/chunks/11hm_next_dist_0m6rgog._.js:2441
[  302149ms] [LOG] [DEBUG] Renderizando celda: {columnId: satisfaccion, isReference: undefined, value: Object} @ http://localhost:3000/_next/static/chunks/11hm_next_dist_0m6rgog._.js:2441
[  302149ms] [LOG] [DEBUG] Renderizando celda: {columnId: satisfaccion, isReference: undefined, value: Object} @ http://localhost:3000/_next/static/chunks/11hm_next_dist_0m6rgog._.js:2441
[  302149ms] [LOG] [DEBUG] Renderizando celda: {columnId: activo, isReference: undefined, value: Object} @ http://localhost:3000/_next/static/chunks/11hm_next_dist_0m6rgog._.js:2441
[  302149ms] [LOG] [DEBUG] Renderizando celda: {columnId: activo, isReference: undefined, value: Object} @ http://localhost:3000/_next/static/chunks/11hm_next_dist_0m6rgog._.js:2441
[  302149ms] [LOG] [DEBUG] Tipo corregido: boolean -> string {originalValue: false, originalType: boolean, detectedType: string} @ http://localhost:3000/_next/static/chunks/11hm_next_dist_0m6rgog._.js:2441
[  302149ms] [LOG] [DEBUG] Tipo corregido: boolean -> string {originalValue: false, originalType: boolean, detectedType: string} @ http://localhost:3000/_next/static/chunks/11hm_next_dist_0m6rgog._.js:2441
[  302156ms] [LOG] [DEBUG] Renderizando celda: {columnId: id, isReference: undefined, value: Object} @ http://localhost:3000/_next/static/chunks/11hm_next_dist_0m6rgog._.js:2441
[  302156ms] [LOG] [DEBUG] Renderizando celda: {columnId: id, isReference: undefined, value: Object} @ http://localhost:3000/_next/static/chunks/11hm_next_dist_0m6rgog._.js:2441
[  302157ms] [LOG] [DEBUG] Renderizando celda: {columnId: nombre, isReference: undefined, value: Object} @ http://localhost:3000/_next/static/chunks/11hm_next_dist_0m6rgog._.js:2441
[  302157ms] [LOG] [DEBUG] Renderizando celda: {columnId: nombre, isReference: undefined, value: Object} @ http://localhost:3000/_next/static/chunks/11hm_next_dist_0m6rgog._.js:2441
[  302157ms] [LOG] [DEBUG] Renderizando celda: {columnId: email, isReference: undefined, value: Object} @ http://localhost:3000/_next/static/chunks/11hm_next_dist_0m6rgog._.js:2441
[  302157ms] [LOG] [DEBUG] Renderizando celda: {columnId: email, isReference: undefined, value: Object} @ http://localhost:3000/_next/static/chunks/11hm_next_dist_0m6rgog._.js:2441
[  302157ms] [LOG] [DEBUG] Renderizando celda: {columnId: telefono, isReference: undefined, value: Object} @ http://localhost:3000/_next/static/chunks/11hm_next_dist_0m6rgog._.js:2441
[  302157ms] [LOG] [DEBUG] Renderizando celda: {columnId: telefono, isReference: undefined, value: Object} @ http://localhost:3000/_next/static/chunks/11hm_next_dist_0m6rgog._.js:2441
[  302157ms] [LOG] [DEBUG] Tipo corregido: number -> date {originalValue: 34639345678, originalType: number, detectedType: date} @ http://localhost:3000/_next/static/chunks/11hm_next_dist_0m6rgog._.js:2441
[  302157ms] [LOG] [DEBUG] Tipo corregido: number -> date {originalValue: 34639345678, originalType: number, detectedType: date} @ http://localhost:3000/_next/static/chunks/11hm_next_dist_0m6rgog._.js:2441
[  302157ms] [LOG] [DEBUG] Renderizando celda: {columnId: ciudad, isReference: undefined, value: Object} @ http://localhost:3000/_next/static/chunks/11hm_next_dist_0m6rgog._.js:2441
[  302157ms] [LOG] [DEBUG] Renderizando celda: {columnId: ciudad, isReference: undefined, value: Object} @ http://localhost:3000/_next/static/chunks/11hm_next_dist_0m6rgog._.js:2441
[  302158ms] [LOG] [DEBUG] Renderizando celda: {columnId: rol, isReference: undefined, value: Object} @ http://localhost:3000/_next/static/chunks/11hm_next_dist_0m6rgog._.js:2441
[  302158ms] [LOG] [DEBUG] Renderizando celda: {columnId: rol, isReference: undefined, value: Object} @ http://localhost:3000/_next/static/chunks/11hm_next_dist_0m6rgog._.js:2441
[  302158ms] [LOG] [DEBUG] Renderizando celda: {columnId: estado, isReference: undefined, value: Object} @ http://localhost:3000/_next/static/chunks/11hm_next_dist_0m6rgog._.js:2441
[  302158ms] [LOG] [DEBUG] Renderizando celda: {columnId: estado, isReference: undefined, value: Object} @ http://localhost:3000/_next/static/chunks/11hm_next_dist_0m6rgog._.js:2441
[  302158ms] [LOG] [DEBUG] Renderizando celda: {columnId: fechaRegistro, isReference: undefined, value: Object} @ http://localhost:3000/_next/static/chunks/11hm_next_dist_0m6rgog._.js:2441
[  302158ms] [LOG] [DEBUG] Renderizando celda: {columnId: fechaRegistro, isReference: undefined, value: Object} @ http://localhost:3000/_next/static/chunks/11hm_next_dist_0m6rgog._.js:2441
[  302158ms] [LOG] [DEBUG] Renderizando celda: {columnId: ultimoContacto, isReference: undefined, value: Object} @ http://localhost:3000/_next/static/chunks/11hm_next_dist_0m6rgog._.js:2441
[  302158ms] [LOG] [DEBUG] Renderizando celda: {columnId: ultimoContacto, isReference: undefined, value: Object} @ http://localhost:3000/_next/static/chunks/11hm_next_dist_0m6rgog._.js:2441
[  302158ms] [LOG] [DEBUG] Renderizando celda: {columnId: valorTotal, isReference: undefined, value: Object} @ http://localhost:3000/_next/static/chunks/11hm_next_dist_0m6rgog._.js:2441
[  302159ms] [LOG] [DEBUG] Renderizando celda: {columnId: valorTotal, isReference: undefined, value: Object} @ http://localhost:3000/_next/static/chunks/11hm_next_dist_0m6rgog._.js:2441
[  302159ms] [LOG] [DEBUG] Tipo corregido: string -> number {originalValue: 3120, originalType: string, detectedType: number} @ http://localhost:3000/_next/static/chunks/11hm_next_dist_0m6rgog._.js:2441
[  302159ms] [LOG] [DEBUG] Tipo corregido: string -> number {originalValue: 3120, originalType: string, detectedType: number} @ http://localhost:3000/_next/static/chunks/11hm_next_dist_0m6rgog._.js:2441
[  302159ms] [LOG] [DEBUG] Renderizando celda: {columnId: satisfaccion, isReference: undefined, value: Object} @ http://localhost:3000/_next/static/chunks/11hm_next_dist_0m6rgog._.js:2441
[  302159ms] [LOG] [DEBUG] Renderizando celda: {columnId: satisfaccion, isReference: undefined, value: Object} @ http://localhost:3000/_next/static/chunks/11hm_next_dist_0m6rgog._.js:2441
[  302159ms] [LOG] [DEBUG] Renderizando celda: {columnId: activo, isReference: undefined, value: Object} @ http://localhost:3000/_next/static/chunks/11hm_next_dist_0m6rgog._.js:2441
[  302159ms] [LOG] [DEBUG] Renderizando celda: {columnId: activo, isReference: undefined, value: Object} @ http://localhost:3000/_next/static/chunks/11hm_next_dist_0m6rgog._.js:2441
[  302159ms] [LOG] [DEBUG] Tipo corregido: boolean -> string {originalValue: true, originalType: boolean, detectedType: string} @ http://localhost:3000/_next/static/chunks/11hm_next_dist_0m6rgog._.js:2441
[  302159ms] [LOG] [DEBUG] Tipo corregido: boolean -> string {originalValue: true, originalType: boolean, detectedType: string} @ http://localhost:3000/_next/static/chunks/11hm_next_dist_0m6rgog._.js:2441
[  302165ms] [LOG] [DEBUG] Renderizando celda: {columnId: id, isReference: undefined, value: Object} @ http://localhost:3000/_next/static/chunks/11hm_next_dist_0m6rgog._.js:2441
[  302165ms] [LOG] [DEBUG] Renderizando celda: {columnId: id, isReference: undefined, value: Object} @ http://localhost:3000/_next/static/chunks/11hm_next_dist_0m6rgog._.js:2441
[  302165ms] [LOG] [DEBUG] Renderizando celda: {columnId: nombre, isReference: undefined, value: Object} @ http://localhost:3000/_next/static/chunks/11hm_next_dist_0m6rgog._.js:2441
[  302165ms] [LOG] [DEBUG] Renderizando celda: {columnId: nombre, isReference: undefined, value: Object} @ http://localhost:3000/_next/static/chunks/11hm_next_dist_0m6rgog._.js:2441
[  302165ms] [LOG] [DEBUG] Renderizando celda: {columnId: email, isReference: undefined, value: Object} @ http://localhost:3000/_next/static/chunks/11hm_next_dist_0m6rgog._.js:2441
[  302165ms] [LOG] [DEBUG] Renderizando celda: {columnId: email, isReference: undefined, value: Object} @ http://localhost:3000/_next/static/chunks/11hm_next_dist_0m6rgog._.js:2441
[  302165ms] [LOG] [DEBUG] Renderizando celda: {columnId: telefono, isReference: undefined, value: Object} @ http://localhost:3000/_next/static/chunks/11hm_next_dist_0m6rgog._.js:2441
[  302165ms] [LOG] [DEBUG] Renderizando celda: {columnId: telefono, isReference: undefined, value: Object} @ http://localhost:3000/_next/static/chunks/11hm_next_dist_0m6rgog._.js:2441
[  302165ms] [LOG] [DEBUG] Tipo corregido: number -> date {originalValue: 34660456789, originalType: number, detectedType: date} @ http://localhost:3000/_next/static/chunks/11hm_next_dist_0m6rgog._.js:2441
[  302166ms] [LOG] [DEBUG] Tipo corregido: number -> date {originalValue: 34660456789, originalType: number, detectedType: date} @ http://localhost:3000/_next/static/chunks/11hm_next_dist_0m6rgog._.js:2441
[  302166ms] [LOG] [DEBUG] Renderizando celda: {columnId: ciudad, isReference: undefined, value: Object} @ http://localhost:3000/_next/static/chunks/11hm_next_dist_0m6rgog._.js:2441
[  302166ms] [LOG] [DEBUG] Renderizando celda: {columnId: ciudad, isReference: undefined, value: Object} @ http://localhost:3000/_next/static/chunks/11hm_next_dist_0m6rgog._.js:2441
[  302166ms] [LOG] [DEBUG] Renderizando celda: {columnId: rol, isReference: undefined, value: Object} @ http://localhost:3000/_next/static/chunks/11hm_next_dist_0m6rgog._.js:2441
[  302166ms] [LOG] [DEBUG] Renderizando celda: {columnId: rol, isReference: undefined, value: Object} @ http://localhost:3000/_next/static/chunks/11hm_next_dist_0m6rgog._.js:2441
[  302166ms] [LOG] [DEBUG] Renderizando celda: {columnId: estado, isReference: undefined, value: Object} @ http://localhost:3000/_next/static/chunks/11hm_next_dist_0m6rgog._.js:2441
[  302166ms] [LOG] [DEBUG] Renderizando celda: {columnId: estado, isReference: undefined, value: Object} @ http://localhost:3000/_next/static/chunks/11hm_next_dist_0m6rgog._.js:2441
[  302166ms] [LOG] [DEBUG] Renderizando celda: {columnId: fechaRegistro, isReference: undefined, value: Object} @ http://localhost:3000/_next/static/chunks/11hm_next_dist_0m6rgog._.js:2441
[  302167ms] [LOG] [DEBUG] Renderizando celda: {columnId: fechaRegistro, isReference: undefined, value: Object} @ http://localhost:3000/_next/static/chunks/11hm_next_dist_0m6rgog._.js:2441
[  302167ms] [LOG] [DEBUG] Renderizando celda: {columnId: ultimoContacto, isReference: undefined, value: Object} @ http://localhost:3000/_next/static/chunks/11hm_next_dist_0m6rgog._.js:2441
[  302167ms] [LOG] [DEBUG] Renderizando celda: {columnId: ultimoContacto, isReference: undefined, value: Object} @ http://localhost:3000/_next/static/chunks/11hm_next_dist_0m6rgog._.js:2441
[  302167ms] [LOG] [DEBUG] Renderizando celda: {columnId: valorTotal, isReference: undefined, value: Object} @ http://localhost:3000/_next/static/chunks/11hm_next_dist_0m6rgog._.js:2441
[  302167ms] [LOG] [DEBUG] Renderizando celda: {columnId: valorTotal, isReference: undefined, value: Object} @ http://localhost:3000/_next/static/chunks/11hm_next_dist_0m6rgog._.js:2441
[  302167ms] [LOG] [DEBUG] Tipo corregido: string -> number {originalValue: 1680, originalType: string, detectedType: number} @ http://localhost:3000/_next/static/chunks/11hm_next_dist_0m6rgog._.js:2441
[  302167ms] [LOG] [DEBUG] Tipo corregido: string -> number {originalValue: 1680, originalType: string, detectedType: number} @ http://localhost:3000/_next/static/chunks/11hm_next_dist_0m6rgog._.js:2441
[  302167ms] [LOG] [DEBUG] Renderizando celda: {columnId: satisfaccion, isReference: undefined, value: Object} @ http://localhost:3000/_next/static/chunks/11hm_next_dist_0m6rgog._.js:2441
[  302167ms] [LOG] [DEBUG] Renderizando celda: {columnId: satisfaccion, isReference: undefined, value: Object} @ http://localhost:3000/_next/static/chunks/11hm_next_dist_0m6rgog._.js:2441
[  302168ms] [LOG] [DEBUG] Renderizando celda: {columnId: activo, isReference: undefined, value: Object} @ http://localhost:3000/_next/static/chunks/11hm_next_dist_0m6rgog._.js:2441
[  302168ms] [LOG] [DEBUG] Renderizando celda: {columnId: activo, isReference: undefined, value: Object} @ http://localhost:3000/_next/static/chunks/11hm_next_dist_0m6rgog._.js:2441
[  302168ms] [LOG] [DEBUG] Tipo corregido: boolean -> string {originalValue: false, originalType: boolean, detectedType: string} @ http://localhost:3000/_next/static/chunks/11hm_next_dist_0m6rgog._.js:2441
[  302168ms] [LOG] [DEBUG] Tipo corregido: boolean -> string {originalValue: false, originalType: boolean, detectedType: string} @ http://localhost:3000/_next/static/chunks/11hm_next_dist_0m6rgog._.js:2441
[  302170ms] [LOG] [DEBUG] Renderizando celda: {columnId: id, isReference: undefined, value: Object} @ http://localhost:3000/_next/static/chunks/11hm_next_dist_0m6rgog._.js:2441
[  302170ms] [LOG] [DEBUG] Renderizando celda: {columnId: id, isReference: undefined, value: Object} @ http://localhost:3000/_next/static/chunks/11hm_next_dist_0m6rgog._.js:2441
[  302170ms] [LOG] [DEBUG] Renderizando celda: {columnId: nombre, isReference: undefined, value: Object} @ http://localhost:3000/_next/static/chunks/11hm_next_dist_0m6rgog._.js:2441
[  302171ms] [LOG] [DEBUG] Renderizando celda: {columnId: nombre, isReference: undefined, value: Object} @ http://localhost:3000/_next/static/chunks/11hm_next_dist_0m6rgog._.js:2441
[  302171ms] [LOG] [DEBUG] Renderizando celda: {columnId: email, isReference: undefined, value: Object} @ http://localhost:3000/_next/static/chunks/11hm_next_dist_0m6rgog._.js:2441
[  302171ms] [LOG] [DEBUG] Renderizando celda: {columnId: email, isReference: undefined, value: Object} @ http://localhost:3000/_next/static/chunks/11hm_next_dist_0m6rgog._.js:2441
[  302171ms] [LOG] [DEBUG] Renderizando celda: {columnId: telefono, isReference: undefined, value: Object} @ http://localhost:3000/_next/static/chunks/11hm_next_dist_0m6rgog._.js:2441
[  302171ms] [LOG] [DEBUG] Renderizando celda: {columnId: telefono, isReference: undefined, value: Object} @ http://localhost:3000/_next/static/chunks/11hm_next_dist_0m6rgog._.js:2441
[  302171ms] [LOG] [DEBUG] Tipo corregido: number -> date {originalValue: 34681567890, originalType: number, detectedType: date} @ http://localhost:3000/_next/static/chunks/11hm_next_dist_0m6rgog._.js:2441
[  302171ms] [LOG] [DEBUG] Tipo corregido: number -> date {originalValue: 34681567890, originalType: number, detectedType: date} @ http://localhost:3000/_next/static/chunks/11hm_next_dist_0m6rgog._.js:2441
[  302171ms] [LOG] [DEBUG] Renderizando celda: {columnId: ciudad, isReference: undefined, value: Object} @ http://localhost:3000/_next/static/chunks/11hm_next_dist_0m6rgog._.js:2441
[  302171ms] [LOG] [DEBUG] Renderizando celda: {columnId: ciudad, isReference: undefined, value: Object} @ http://localhost:3000/_next/static/chunks/11hm_next_dist_0m6rgog._.js:2441
[  302171ms] [LOG] [DEBUG] Renderizando celda: {columnId: rol, isReference: undefined, value: Object} @ http://localhost:3000/_next/static/chunks/11hm_next_dist_0m6rgog._.js:2441
[  302171ms] [LOG] [DEBUG] Renderizando celda: {columnId: rol, isReference: undefined, value: Object} @ http://localhost:3000/_next/static/chunks/11hm_next_dist_0m6rgog._.js:2441
[  302171ms] [LOG] [DEBUG] Renderizando celda: {columnId: estado, isReference: undefined, value: Object} @ http://localhost:3000/_next/static/chunks/11hm_next_dist_0m6rgog._.js:2441
[  302171ms] [LOG] [DEBUG] Renderizando celda: {columnId: estado, isReference: undefined, value: Object} @ http://localhost:3000/_next/static/chunks/11hm_next_dist_0m6rgog._.js:2441
[  302172ms] [LOG] [DEBUG] Renderizando celda: {columnId: fechaRegistro, isReference: undefined, value: Object} @ http://localhost:3000/_next/static/chunks/11hm_next_dist_0m6rgog._.js:2441
[  302172ms] [LOG] [DEBUG] Renderizando celda: {columnId: fechaRegistro, isReference: undefined, value: Object} @ http://localhost:3000/_next/static/chunks/11hm_next_dist_0m6rgog._.js:2441
[  302172ms] [LOG] [DEBUG] Renderizando celda: {columnId: ultimoContacto, isReference: undefined, value: Object} @ http://localhost:3000/_next/static/chunks/11hm_next_dist_0m6rgog._.js:2441
[  302172ms] [LOG] [DEBUG] Renderizando celda: {columnId: ultimoContacto, isReference: undefined, value: Object} @ http://localhost:3000/_next/static/chunks/11hm_next_dist_0m6rgog._.js:2441
[  302172ms] [LOG] [DEBUG] Renderizando celda: {columnId: valorTotal, isReference: undefined, value: Object} @ http://localhost:3000/_next/static/chunks/11hm_next_dist_0m6rgog._.js:2441
[  302172ms] [LOG] [DEBUG] Renderizando celda: {columnId: valorTotal, isReference: undefined, value: Object} @ http://localhost:3000/_next/static/chunks/11hm_next_dist_0m6rgog._.js:2441
[  302172ms] [LOG] [DEBUG] Tipo corregido: string -> number {originalValue: 480, originalType: string, detectedType: number} @ http://localhost:3000/_next/static/chunks/11hm_next_dist_0m6rgog._.js:2441
[  302172ms] [LOG] [DEBUG] Tipo corregido: string -> number {originalValue: 480, originalType: string, detectedType: number} @ http://localhost:3000/_next/static/chunks/11hm_next_dist_0m6rgog._.js:2441
[  302172ms] [LOG] [DEBUG] Renderizando celda: {columnId: satisfaccion, isReference: undefined, value: Object} @ http://localhost:3000/_next/static/chunks/11hm_next_dist_0m6rgog._.js:2441
[  302172ms] [LOG] [DEBUG] Renderizando celda: {columnId: satisfaccion, isReference: undefined, value: Object} @ http://localhost:3000/_next/static/chunks/11hm_next_dist_0m6rgog._.js:2441
[  302172ms] [LOG] [DEBUG] Renderizando celda: {columnId: activo, isReference: undefined, value: Object} @ http://localhost:3000/_next/static/chunks/11hm_next_dist_0m6rgog._.js:2441
[  302172ms] [LOG] [DEBUG] Renderizando celda: {columnId: activo, isReference: undefined, value: Object} @ http://localhost:3000/_next/static/chunks/11hm_next_dist_0m6rgog._.js:2441
[  302172ms] [LOG] [DEBUG] Tipo corregido: boolean -> string {originalValue: true, originalType: boolean, detectedType: string} @ http://localhost:3000/_next/static/chunks/11hm_next_dist_0m6rgog._.js:2441
[  302172ms] [LOG] [DEBUG] Tipo corregido: boolean -> string {originalValue: true, originalType: boolean, detectedType: string} @ http://localhost:3000/_next/static/chunks/11hm_next_dist_0m6rgog._.js:2441
[  302173ms] [LOG] [DEBUG] Renderizando SecondaryTables: {level: 0, parentId: undefined, isLoading: false, arrayColumnsCount: 0, arrayColumns: Array(0)} @ http://localhost:3000/_next/static/chunks/11hm_next_dist_0m6rgog._.js:2441
[  302173ms] [LOG] [DEBUG] Renderizando SecondaryTables: {level: 0, parentId: undefined, isLoading: false, arrayColumnsCount: 0, arrayColumns: Array(0)} @ http://localhost:3000/_next/static/chunks/11hm_next_dist_0m6rgog._.js:2441
[  302187ms] [LOG] [DEBUG] Array columns procesadas: {count: 0, totalRegistros: 0, columns: Array(0)} @ http://localhost:3000/_next/static/chunks/11hm_next_dist_0m6rgog._.js:2441
[  302193ms] [LOG] [DEBUG] Effective column order: {baseOrder: Array(14), pinnedColumnId: index, otherColumns: Array(13), hasActions: true, result: Array(15)} @ http://localhost:3000/_next/static/chunks/11hm_next_dist_0m6rgog._.js:2441
[  302193ms] [LOG] [DEBUG] Effective column order: {baseOrder: Array(14), pinnedColumnId: index, otherColumns: Array(13), hasActions: true, result: Array(15)} @ http://localhost:3000/_next/static/chunks/11hm_next_dist_0m6rgog._.js:2441
[  302194ms] [LOG] [DEBUG] Effective column order: {baseOrder: Array(14), pinnedColumnId: index, otherColumns: Array(13), hasActions: true, result: Array(15)} @ http://localhost:3000/_next/static/chunks/11hm_next_dist_0m6rgog._.js:2441
[  302195ms] [LOG] [DEBUG] Effective column order: {baseOrder: Array(14), pinnedColumnId: index, otherColumns: Array(13), hasActions: true, result: Array(15)} @ http://localhost:3000/_next/static/chunks/11hm_next_dist_0m6rgog._.js:2441
[  302210ms] [LOG] [DEBUG] Renderizando celda: {columnId: id, isReference: undefined, value: Object} @ http://localhost:3000/_next/static/chunks/11hm_next_dist_0m6rgog._.js:2441
[  302210ms] [LOG] [DEBUG] Renderizando celda: {columnId: id, isReference: undefined, value: Object} @ http://localhost:3000/_next/static/chunks/11hm_next_dist_0m6rgog._.js:2441
[  302210ms] [LOG] [DEBUG] Renderizando celda: {columnId: nombre, isReference: undefined, value: Object} @ http://localhost:3000/_next/static/chunks/11hm_next_dist_0m6rgog._.js:2441
[  302210ms] [LOG] [DEBUG] Renderizando celda: {columnId: nombre, isReference: undefined, value: Object} @ http://localhost:3000/_next/static/chunks/11hm_next_dist_0m6rgog._.js:2441
[  302210ms] [LOG] [DEBUG] Renderizando celda: {columnId: email, isReference: undefined, value: Object} @ http://localhost:3000/_next/static/chunks/11hm_next_dist_0m6rgog._.js:2441
[  302210ms] [LOG] [DEBUG] Renderizando celda: {columnId: email, isReference: undefined, value: Object} @ http://localhost:3000/_next/static/chunks/11hm_next_dist_0m6rgog._.js:2441
[  302210ms] [LOG] [DEBUG] Renderizando celda: {columnId: telefono, isReference: undefined, value: Object} @ http://localhost:3000/_next/static/chunks/11hm_next_dist_0m6rgog._.js:2441
[  302210ms] [LOG] [DEBUG] Renderizando celda: {columnId: telefono, isReference: undefined, value: Object} @ http://localhost:3000/_next/static/chunks/11hm_next_dist_0m6rgog._.js:2441
[  302211ms] [LOG] [DEBUG] Renderizando celda: {columnId: ciudad, isReference: undefined, value: Object} @ http://localhost:3000/_next/static/chunks/11hm_next_dist_0m6rgog._.js:2441
[  302211ms] [LOG] [DEBUG] Renderizando celda: {columnId: ciudad, isReference: undefined, value: Object} @ http://localhost:3000/_next/static/chunks/11hm_next_dist_0m6rgog._.js:2441
[  302211ms] [LOG] [DEBUG] Renderizando celda: {columnId: rol, isReference: undefined, value: Object} @ http://localhost:3000/_next/static/chunks/11hm_next_dist_0m6rgog._.js:2441
[  302211ms] [LOG] [DEBUG] Renderizando celda: {columnId: rol, isReference: undefined, value: Object} @ http://localhost:3000/_next/static/chunks/11hm_next_dist_0m6rgog._.js:2441
[  302211ms] [LOG] [DEBUG] Renderizando celda: {columnId: estado, isReference: undefined, value: Object} @ http://localhost:3000/_next/static/chunks/11hm_next_dist_0m6rgog._.js:2441
[  302211ms] [LOG] [DEBUG] Renderizando celda: {columnId: estado, isReference: undefined, value: Object} @ http://localhost:3000/_next/static/chunks/11hm_next_dist_0m6rgog._.js:2441
[  302212ms] [LOG] [DEBUG] Renderizando celda: {columnId: fechaRegistro, isReference: undefined, value: Object} @ http://localhost:3000/_next/static/chunks/11hm_next_dist_0m6rgog._.js:2441
[  302212ms] [LOG] [DEBUG] Renderizando celda: {columnId: fechaRegistro, isReference: undefined, value: Object} @ http://localhost:3000/_next/static/chunks/11hm_next_dist_0m6rgog._.js:2441
[  302212ms] [LOG] [DEBUG] Renderizando celda: {columnId: ultimoContacto, isReference: undefined, value: Object} @ http://localhost:3000/_next/static/chunks/11hm_next_dist_0m6rgog._.js:2441
[  302212ms] [LOG] [DEBUG] Renderizando celda: {columnId: ultimoContacto, isReference: undefined, value: Object} @ http://localhost:3000/_next/static/chunks/11hm_next_dist_0m6rgog._.js:2441
[  302212ms] [LOG] [DEBUG] Renderizando celda: {columnId: valorTotal, isReference: undefined, value: Object} @ http://localhost:3000/_next/static/chunks/11hm_next_dist_0m6rgog._.js:2441
[  302212ms] [LOG] [DEBUG] Renderizando celda: {columnId: valorTotal, isReference: undefined, value: Object} @ http://localhost:3000/_next/static/chunks/11hm_next_dist_0m6rgog._.js:2441
[  302212ms] [LOG] [DEBUG] Renderizando celda: {columnId: satisfaccion, isReference: undefined, value: Object} @ http://localhost:3000/_next/static/chunks/11hm_next_dist_0m6rgog._.js:2441
[  302212ms] [LOG] [DEBUG] Renderizando celda: {columnId: satisfaccion, isReference: undefined, value: Object} @ http://localhost:3000/_next/static/chunks/11hm_next_dist_0m6rgog._.js:2441
[  302212ms] [LOG] [DEBUG] Renderizando celda: {columnId: activo, isReference: undefined, value: Object} @ http://localhost:3000/_next/static/chunks/11hm_next_dist_0m6rgog._.js:2441
[  302212ms] [LOG] [DEBUG] Renderizando celda: {columnId: activo, isReference: undefined, value: Object} @ http://localhost:3000/_next/static/chunks/11hm_next_dist_0m6rgog._.js:2441
[  302213ms] [LOG] [DEBUG] Renderizando celda: {columnId: id, isReference: undefined, value: Object} @ http://localhost:3000/_next/static/chunks/11hm_next_dist_0m6rgog._.js:2441
[  302213ms] [LOG] [DEBUG] Renderizando celda: {columnId: id, isReference: undefined, value: Object} @ http://localhost:3000/_next/static/chunks/11hm_next_dist_0m6rgog._.js:2441
[  302213ms] [LOG] [DEBUG] Renderizando celda: {columnId: nombre, isReference: undefined, value: Object} @ http://localhost:3000/_next/static/chunks/11hm_next_dist_0m6rgog._.js:2441
[  302213ms] [LOG] [DEBUG] Renderizando celda: {columnId: nombre, isReference: undefined, value: Object} @ http://localhost:3000/_next/static/chunks/11hm_next_dist_0m6rgog._.js:2441
[  302213ms] [LOG] [DEBUG] Renderizando celda: {columnId: email, isReference: undefined, value: Object} @ http://localhost:3000/_next/static/chunks/11hm_next_dist_0m6rgog._.js:2441
[  302213ms] [LOG] [DEBUG] Renderizando celda: {columnId: email, isReference: undefined, value: Object} @ http://localhost:3000/_next/static/chunks/11hm_next_dist_0m6rgog._.js:2441
[  302213ms] [LOG] [DEBUG] Renderizando celda: {columnId: telefono, isReference: undefined, value: Object} @ http://localhost:3000/_next/static/chunks/11hm_next_dist_0m6rgog._.js:2441
[  302213ms] [LOG] [DEBUG] Renderizando celda: {columnId: telefono, isReference: undefined, value: Object} @ http://localhost:3000/_next/static/chunks/11hm_next_dist_0m6rgog._.js:2441
[  302213ms] [LOG] [DEBUG] Renderizando celda: {columnId: ciudad, isReference: undefined, value: Object} @ http://localhost:3000/_next/static/chunks/11hm_next_dist_0m6rgog._.js:2441
[  302214ms] [LOG] [DEBUG] Renderizando celda: {columnId: ciudad, isReference: undefined, value: Object} @ http://localhost:3000/_next/static/chunks/11hm_next_dist_0m6rgog._.js:2441
[  302214ms] [LOG] [DEBUG] Renderizando celda: {columnId: rol, isReference: undefined, value: Object} @ http://localhost:3000/_next/static/chunks/11hm_next_dist_0m6rgog._.js:2441
[  302214ms] [LOG] [DEBUG] Renderizando celda: {columnId: rol, isReference: undefined, value: Object} @ http://localhost:3000/_next/static/chunks/11hm_next_dist_0m6rgog._.js:2441
[  302214ms] [LOG] [DEBUG] Renderizando celda: {columnId: estado, isReference: undefined, value: Object} @ http://localhost:3000/_next/static/chunks/11hm_next_dist_0m6rgog._.js:2441
[  302214ms] [LOG] [DEBUG] Renderizando celda: {columnId: estado, isReference: undefined, value: Object} @ http://localhost:3000/_next/static/chunks/11hm_next_dist_0m6rgog._.js:2441
[  302214ms] [LOG] [DEBUG] Renderizando celda: {columnId: fechaRegistro, isReference: undefined, value: Object} @ http://localhost:3000/_next/static/chunks/11hm_next_dist_0m6rgog._.js:2441
[  302214ms] [LOG] [DEBUG] Renderizando celda: {columnId: fechaRegistro, isReference: undefined, value: Object} @ http://localhost:3000/_next/static/chunks/11hm_next_dist_0m6rgog._.js:2441
[  302214ms] [LOG] [DEBUG] Renderizando celda: {columnId: ultimoContacto, isReference: undefined, value: Object} @ http://localhost:3000/_next/static/chunks/11hm_next_dist_0m6rgog._.js:2441
[  302214ms] [LOG] [DEBUG] Renderizando celda: {columnId: ultimoContacto, isReference: undefined, value: Object} @ http://localhost:3000/_next/static/chunks/11hm_next_dist_0m6rgog._.js:2441
[  302214ms] [LOG] [DEBUG] Renderizando celda: {columnId: valorTotal, isReference: undefined, value: Object} @ http://localhost:3000/_next/static/chunks/11hm_next_dist_0m6rgog._.js:2441
[  302214ms] [LOG] [DEBUG] Renderizando celda: {columnId: valorTotal, isReference: undefined, value: Object} @ http://localhost:3000/_next/static/chunks/11hm_next_dist_0m6rgog._.js:2441
[  302214ms] [LOG] [DEBUG] Renderizando celda: {columnId: satisfaccion, isReference: undefined, value: Object} @ http://localhost:3000/_next/static/chunks/11hm_next_dist_0m6rgog._.js:2441
[  302214ms] [LOG] [DEBUG] Renderizando celda: {columnId: satisfaccion, isReference: undefined, value: Object} @ http://localhost:3000/_next/static/chunks/11hm_next_dist_0m6rgog._.js:2441
[  302215ms] [LOG] [DEBUG] Renderizando celda: {columnId: activo, isReference: undefined, value: Object} @ http://localhost:3000/_next/static/chunks/11hm_next_dist_0m6rgog._.js:2441
[  302215ms] [LOG] [DEBUG] Renderizando celda: {columnId: activo, isReference: undefined, value: Object} @ http://localhost:3000/_next/static/chunks/11hm_next_dist_0m6rgog._.js:2441
[  302215ms] [LOG] [DEBUG] Renderizando celda: {columnId: id, isReference: undefined, value: Object} @ http://localhost:3000/_next/static/chunks/11hm_next_dist_0m6rgog._.js:2441
[  302215ms] [LOG] [DEBUG] Renderizando celda: {columnId: id, isReference: undefined, value: Object} @ http://localhost:3000/_next/static/chunks/11hm_next_dist_0m6rgog._.js:2441
[  302215ms] [LOG] [DEBUG] Renderizando celda: {columnId: nombre, isReference: undefined, value: Object} @ http://localhost:3000/_next/static/chunks/11hm_next_dist_0m6rgog._.js:2441
[  302215ms] [LOG] [DEBUG] Renderizando celda: {columnId: nombre, isReference: undefined, value: Object} @ http://localhost:3000/_next/static/chunks/11hm_next_dist_0m6rgog._.js:2441
[  302215ms] [LOG] [DEBUG] Renderizando celda: {columnId: email, isReference: undefined, value: Object} @ http://localhost:3000/_next/static/chunks/11hm_next_dist_0m6rgog._.js:2441
[  302216ms] [LOG] [DEBUG] Renderizando celda: {columnId: email, isReference: undefined, value: Object} @ http://localhost:3000/_next/static/chunks/11hm_next_dist_0m6rgog._.js:2441
[  302216ms] [LOG] [DEBUG] Renderizando celda: {columnId: telefono, isReference: undefined, value: Object} @ http://localhost:3000/_next/static/chunks/11hm_next_dist_0m6rgog._.js:2441
[  302216ms] [LOG] [DEBUG] Renderizando celda: {columnId: telefono, isReference: undefined, value: Object} @ http://localhost:3000/_next/static/chunks/11hm_next_dist_0m6rgog._.js:2441
[  302216ms] [LOG] [DEBUG] Renderizando celda: {columnId: ciudad, isReference: undefined, value: Object} @ http://localhost:3000/_next/static/chunks/11hm_next_dist_0m6rgog._.js:2441
[  302216ms] [LOG] [DEBUG] Renderizando celda: {columnId: ciudad, isReference: undefined, value: Object} @ http://localhost:3000/_next/static/chunks/11hm_next_dist_0m6rgog._.js:2441
[  302216ms] [LOG] [DEBUG] Renderizando celda: {columnId: rol, isReference: undefined, value: Object} @ http://localhost:3000/_next/static/chunks/11hm_next_dist_0m6rgog._.js:2441
[  302216ms] [LOG] [DEBUG] Renderizando celda: {columnId: rol, isReference: undefined, value: Object} @ http://localhost:3000/_next/static/chunks/11hm_next_dist_0m6rgog._.js:2441
[  302216ms] [LOG] [DEBUG] Renderizando celda: {columnId: estado, isReference: undefined, value: Object} @ http://localhost:3000/_next/static/chunks/11hm_next_dist_0m6rgog._.js:2441
[  302216ms] [LOG] [DEBUG] Renderizando celda: {columnId: estado, isReference: undefined, value: Object} @ http://localhost:3000/_next/static/chunks/11hm_next_dist_0m6rgog._.js:2441
[  302216ms] [LOG] [DEBUG] Renderizando celda: {columnId: fechaRegistro, isReference: undefined, value: Object} @ http://localhost:3000/_next/static/chunks/11hm_next_dist_0m6rgog._.js:2441
[  302216ms] [LOG] [DEBUG] Renderizando celda: {columnId: fechaRegistro, isReference: undefined, value: Object} @ http://localhost:3000/_next/static/chunks/11hm_next_dist_0m6rgog._.js:2441
[  302216ms] [LOG] [DEBUG] Renderizando celda: {columnId: ultimoContacto, isReference: undefined, value: Object} @ http://localhost:3000/_next/static/chunks/11hm_next_dist_0m6rgog._.js:2441
[  302216ms] [LOG] [DEBUG] Renderizando celda: {columnId: ultimoContacto, isReference: undefined, value: Object} @ http://localhost:3000/_next/static/chunks/11hm_next_dist_0m6rgog._.js:2441
[  302216ms] [LOG] [DEBUG] Renderizando celda: {columnId: valorTotal, isReference: undefined, value: Object} @ http://localhost:3000/_next/static/chunks/11hm_next_dist_0m6rgog._.js:2441
[  302216ms] [LOG] [DEBUG] Renderizando celda: {columnId: valorTotal, isReference: undefined, value: Object} @ http://localhost:3000/_next/static/chunks/11hm_next_dist_0m6rgog._.js:2441
[  302216ms] [LOG] [DEBUG] Renderizando celda: {columnId: satisfaccion, isReference: undefined, value: Object} @ http://localhost:3000/_next/static/chunks/11hm_next_dist_0m6rgog._.js:2441
[  302217ms] [LOG] [DEBUG] Renderizando celda: {columnId: satisfaccion, isReference: undefined, value: Object} @ http://localhost:3000/_next/static/chunks/11hm_next_dist_0m6rgog._.js:2441
[  302217ms] [LOG] [DEBUG] Renderizando celda: {columnId: activo, isReference: undefined, value: Object} @ http://localhost:3000/_next/static/chunks/11hm_next_dist_0m6rgog._.js:2441
[  302217ms] [LOG] [DEBUG] Renderizando celda: {columnId: activo, isReference: undefined, value: Object} @ http://localhost:3000/_next/static/chunks/11hm_next_dist_0m6rgog._.js:2441
[  302217ms] [LOG] [DEBUG] Renderizando celda: {columnId: id, isReference: undefined, value: Object} @ http://localhost:3000/_next/static/chunks/11hm_next_dist_0m6rgog._.js:2441
[  302217ms] [LOG] [DEBUG] Renderizando celda: {columnId: id, isReference: undefined, value: Object} @ http://localhost:3000/_next/static/chunks/11hm_next_dist_0m6rgog._.js:2441
[  302217ms] [LOG] [DEBUG] Renderizando celda: {columnId: nombre, isReference: undefined, value: Object} @ http://localhost:3000/_next/static/chunks/11hm_next_dist_0m6rgog._.js:2441
[  302217ms] [LOG] [DEBUG] Renderizando celda: {columnId: nombre, isReference: undefined, value: Object} @ http://localhost:3000/_next/static/chunks/11hm_next_dist_0m6rgog._.js:2441
[  302217ms] [LOG] [DEBUG] Renderizando celda: {columnId: email, isReference: undefined, value: Object} @ http://localhost:3000/_next/static/chunks/11hm_next_dist_0m6rgog._.js:2441
[  302217ms] [LOG] [DEBUG] Renderizando celda: {columnId: email, isReference: undefined, value: Object} @ http://localhost:3000/_next/static/chunks/11hm_next_dist_0m6rgog._.js:2441
[  302218ms] [LOG] [DEBUG] Renderizando celda: {columnId: telefono, isReference: undefined, value: Object} @ http://localhost:3000/_next/static/chunks/11hm_next_dist_0m6rgog._.js:2441
[  302218ms] [LOG] [DEBUG] Renderizando celda: {columnId: telefono, isReference: undefined, value: Object} @ http://localhost:3000/_next/static/chunks/11hm_next_dist_0m6rgog._.js:2441
[  302218ms] [LOG] [DEBUG] Renderizando celda: {columnId: ciudad, isReference: undefined, value: Object} @ http://localhost:3000/_next/static/chunks/11hm_next_dist_0m6rgog._.js:2441
[  302218ms] [LOG] [DEBUG] Renderizando celda: {columnId: ciudad, isReference: undefined, value: Object} @ http://localhost:3000/_next/static/chunks/11hm_next_dist_0m6rgog._.js:2441
[  302218ms] [LOG] [DEBUG] Renderizando celda: {columnId: rol, isReference: undefined, value: Object} @ http://localhost:3000/_next/static/chunks/11hm_next_dist_0m6rgog._.js:2441
[  302218ms] [LOG] [DEBUG] Renderizando celda: {columnId: rol, isReference: undefined, value: Object} @ http://localhost:3000/_next/static/chunks/11hm_next_dist_0m6rgog._.js:2441
[  302218ms] [LOG] [DEBUG] Renderizando celda: {columnId: estado, isReference: undefined, value: Object} @ http://localhost:3000/_next/static/chunks/11hm_next_dist_0m6rgog._.js:2441
[  302218ms] [LOG] [DEBUG] Renderizando celda: {columnId: estado, isReference: undefined, value: Object} @ http://localhost:3000/_next/static/chunks/11hm_next_dist_0m6rgog._.js:2441
[  302218ms] [LOG] [DEBUG] Renderizando celda: {columnId: fechaRegistro, isReference: undefined, value: Object} @ http://localhost:3000/_next/static/chunks/11hm_next_dist_0m6rgog._.js:2441
[  302218ms] [LOG] [DEBUG] Renderizando celda: {columnId: fechaRegistro, isReference: undefined, value: Object} @ http://localhost:3000/_next/static/chunks/11hm_next_dist_0m6rgog._.js:2441
[  302218ms] [LOG] [DEBUG] Renderizando celda: {columnId: ultimoContacto, isReference: undefined, value: Object} @ http://localhost:3000/_next/static/chunks/11hm_next_dist_0m6rgog._.js:2441
[  302218ms] [LOG] [DEBUG] Renderizando celda: {columnId: ultimoContacto, isReference: undefined, value: Object} @ http://localhost:3000/_next/static/chunks/11hm_next_dist_0m6rgog._.js:2441
[  302218ms] [LOG] [DEBUG] Renderizando celda: {columnId: valorTotal, isReference: undefined, value: Object} @ http://localhost:3000/_next/static/chunks/11hm_next_dist_0m6rgog._.js:2441
[  302218ms] [LOG] [DEBUG] Renderizando celda: {columnId: valorTotal, isReference: undefined, value: Object} @ http://localhost:3000/_next/static/chunks/11hm_next_dist_0m6rgog._.js:2441
[  302218ms] [LOG] [DEBUG] Renderizando celda: {columnId: satisfaccion, isReference: undefined, value: Object} @ http://localhost:3000/_next/static/chunks/11hm_next_dist_0m6rgog._.js:2441
[  302218ms] [LOG] [DEBUG] Renderizando celda: {columnId: satisfaccion, isReference: undefined, value: Object} @ http://localhost:3000/_next/static/chunks/11hm_next_dist_0m6rgog._.js:2441
[  302218ms] [LOG] [DEBUG] Renderizando celda: {columnId: activo, isReference: undefined, value: Object} @ http://localhost:3000/_next/static/chunks/11hm_next_dist_0m6rgog._.js:2441
[  302219ms] [LOG] [DEBUG] Renderizando celda: {columnId: activo, isReference: undefined, value: Object} @ http://localhost:3000/_next/static/chunks/11hm_next_dist_0m6rgog._.js:2441
[  302219ms] [LOG] [DEBUG] Renderizando celda: {columnId: id, isReference: undefined, value: Object} @ http://localhost:3000/_next/static/chunks/11hm_next_dist_0m6rgog._.js:2441
[  302219ms] [LOG] [DEBUG] Renderizando celda: {columnId: id, isReference: undefined, value: Object} @ http://localhost:3000/_next/static/chunks/11hm_next_dist_0m6rgog._.js:2441
[  302219ms] [LOG] [DEBUG] Renderizando celda: {columnId: nombre, isReference: undefined, value: Object} @ http://localhost:3000/_next/static/chunks/11hm_next_dist_0m6rgog._.js:2441
[  302219ms] [LOG] [DEBUG] Renderizando celda: {columnId: nombre, isReference: undefined, value: Object} @ http://localhost:3000/_next/static/chunks/11hm_next_dist_0m6rgog._.js:2441
[  302219ms] [LOG] [DEBUG] Renderizando celda: {columnId: email, isReference: undefined, value: Object} @ http://localhost:3000/_next/static/chunks/11hm_next_dist_0m6rgog._.js:2441
[  302219ms] [LOG] [DEBUG] Renderizando celda: {columnId: email, isReference: undefined, value: Object} @ http://localhost:3000/_next/static/chunks/11hm_next_dist_0m6rgog._.js:2441
[  302219ms] [LOG] [DEBUG] Renderizando celda: {columnId: telefono, isReference: undefined, value: Object} @ http://localhost:3000/_next/static/chunks/11hm_next_dist_0m6rgog._.js:2441
[  302220ms] [LOG] [DEBUG] Renderizando celda: {columnId: telefono, isReference: undefined, value: Object} @ http://localhost:3000/_next/static/chunks/11hm_next_dist_0m6rgog._.js:2441
[  302220ms] [LOG] [DEBUG] Renderizando celda: {columnId: ciudad, isReference: undefined, value: Object} @ http://localhost:3000/_next/static/chunks/11hm_next_dist_0m6rgog._.js:2441
[  302220ms] [LOG] [DEBUG] Renderizando celda: {columnId: ciudad, isReference: undefined, value: Object} @ http://localhost:3000/_next/static/chunks/11hm_next_dist_0m6rgog._.js:2441
[  302220ms] [LOG] [DEBUG] Renderizando celda: {columnId: rol, isReference: undefined, value: Object} @ http://localhost:3000/_next/static/chunks/11hm_next_dist_0m6rgog._.js:2441
[  302220ms] [LOG] [DEBUG] Renderizando celda: {columnId: rol, isReference: undefined, value: Object} @ http://localhost:3000/_next/static/chunks/11hm_next_dist_0m6rgog._.js:2441
[  302220ms] [LOG] [DEBUG] Renderizando celda: {columnId: estado, isReference: undefined, value: Object} @ http://localhost:3000/_next/static/chunks/11hm_next_dist_0m6rgog._.js:2441
[  302220ms] [LOG] [DEBUG] Renderizando celda: {columnId: estado, isReference: undefined, value: Object} @ http://localhost:3000/_next/static/chunks/11hm_next_dist_0m6rgog._.js:2441
[  302220ms] [LOG] [DEBUG] Renderizando celda: {columnId: fechaRegistro, isReference: undefined, value: Object} @ http://localhost:3000/_next/static/chunks/11hm_next_dist_0m6rgog._.js:2441
[  302220ms] [LOG] [DEBUG] Renderizando celda: {columnId: fechaRegistro, isReference: undefined, value: Object} @ http://localhost:3000/_next/static/chunks/11hm_next_dist_0m6rgog._.js:2441
[  302220ms] [LOG] [DEBUG] Renderizando celda: {columnId: ultimoContacto, isReference: undefined, value: Object} @ http://localhost:3000/_next/static/chunks/11hm_next_dist_0m6rgog._.js:2441
[  302220ms] [LOG] [DEBUG] Renderizando celda: {columnId: ultimoContacto, isReference: undefined, value: Object} @ http://localhost:3000/_next/static/chunks/11hm_next_dist_0m6rgog._.js:2441
[  302220ms] [LOG] [DEBUG] Renderizando celda: {columnId: valorTotal, isReference: undefined, value: Object} @ http://localhost:3000/_next/static/chunks/11hm_next_dist_0m6rgog._.js:2441
[  302220ms] [LOG] [DEBUG] Renderizando celda: {columnId: valorTotal, isReference: undefined, value: Object} @ http://localhost:3000/_next/static/chunks/11hm_next_dist_0m6rgog._.js:2441
[  302220ms] [LOG] [DEBUG] Renderizando celda: {columnId: satisfaccion, isReference: undefined, value: Object} @ http://localhost:3000/_next/static/chunks/11hm_next_dist_0m6rgog._.js:2441
[  302220ms] [LOG] [DEBUG] Renderizando celda: {columnId: satisfaccion, isReference: undefined, value: Object} @ http://localhost:3000/_next/static/chunks/11hm_next_dist_0m6rgog._.js:2441
[  302220ms] [LOG] [DEBUG] Renderizando celda: {columnId: activo, isReference: undefined, value: Object} @ http://localhost:3000/_next/static/chunks/11hm_next_dist_0m6rgog._.js:2441
[  302221ms] [LOG] [DEBUG] Renderizando celda: {columnId: activo, isReference: undefined, value: Object} @ http://localhost:3000/_next/static/chunks/11hm_next_dist_0m6rgog._.js:2441
[  302221ms] [LOG] [DEBUG] Renderizando celda: {columnId: id, isReference: undefined, value: Object} @ http://localhost:3000/_next/static/chunks/11hm_next_dist_0m6rgog._.js:2441
[  302221ms] [LOG] [DEBUG] Renderizando celda: {columnId: id, isReference: undefined, value: Object} @ http://localhost:3000/_next/static/chunks/11hm_next_dist_0m6rgog._.js:2441
[  302221ms] [LOG] [DEBUG] Renderizando celda: {columnId: nombre, isReference: undefined, value: Object} @ http://localhost:3000/_next/static/chunks/11hm_next_dist_0m6rgog._.js:2441
[  302221ms] [LOG] [DEBUG] Renderizando celda: {columnId: nombre, isReference: undefined, value: Object} @ http://localhost:3000/_next/static/chunks/11hm_next_dist_0m6rgog._.js:2441
[  302221ms] [LOG] [DEBUG] Renderizando celda: {columnId: email, isReference: undefined, value: Object} @ http://localhost:3000/_next/static/chunks/11hm_next_dist_0m6rgog._.js:2441
[  302221ms] [LOG] [DEBUG] Renderizando celda: {columnId: email, isReference: undefined, value: Object} @ http://localhost:3000/_next/static/chunks/11hm_next_dist_0m6rgog._.js:2441
[  302221ms] [LOG] [DEBUG] Renderizando celda: {columnId: telefono, isReference: undefined, value: Object} @ http://localhost:3000/_next/static/chunks/11hm_next_dist_0m6rgog._.js:2441
[  302221ms] [LOG] [DEBUG] Renderizando celda: {columnId: telefono, isReference: undefined, value: Object} @ http://localhost:3000/_next/static/chunks/11hm_next_dist_0m6rgog._.js:2441
[  302222ms] [LOG] [DEBUG] Renderizando celda: {columnId: ciudad, isReference: undefined, value: Object} @ http://localhost:3000/_next/static/chunks/11hm_next_dist_0m6rgog._.js:2441
[  302222ms] [LOG] [DEBUG] Renderizando celda: {columnId: ciudad, isReference: undefined, value: Object} @ http://localhost:3000/_next/static/chunks/11hm_next_dist_0m6rgog._.js:2441
[  302222ms] [LOG] [DEBUG] Renderizando celda: {columnId: rol, isReference: undefined, value: Object} @ http://localhost:3000/_next/static/chunks/11hm_next_dist_0m6rgog._.js:2441
[  302222ms] [LOG] [DEBUG] Renderizando celda: {columnId: rol, isReference: undefined, value: Object} @ http://localhost:3000/_next/static/chunks/11hm_next_dist_0m6rgog._.js:2441
[  302222ms] [LOG] [DEBUG] Renderizando celda: {columnId: estado, isReference: undefined, value: Object} @ http://localhost:3000/_next/static/chunks/11hm_next_dist_0m6rgog._.js:2441
[  302222ms] [LOG] [DEBUG] Renderizando celda: {columnId: estado, isReference: undefined, value: Object} @ http://localhost:3000/_next/static/chunks/11hm_next_dist_0m6rgog._.js:2441
[  302222ms] [LOG] [DEBUG] Renderizando celda: {columnId: fechaRegistro, isReference: undefined, value: Object} @ http://localhost:3000/_next/static/chunks/11hm_next_dist_0m6rgog._.js:2441
[  302222ms] [LOG] [DEBUG] Renderizando celda: {columnId: fechaRegistro, isReference: undefined, value: Object} @ http://localhost:3000/_next/static/chunks/11hm_next_dist_0m6rgog._.js:2441
[  302222ms] [LOG] [DEBUG] Renderizando celda: {columnId: ultimoContacto, isReference: undefined, value: Object} @ http://localhost:3000/_next/static/chunks/11hm_next_dist_0m6rgog._.js:2441
[  302222ms] [LOG] [DEBUG] Renderizando celda: {columnId: ultimoContacto, isReference: undefined, value: Object} @ http://localhost:3000/_next/static/chunks/11hm_next_dist_0m6rgog._.js:2441
[  302222ms] [LOG] [DEBUG] Renderizando celda: {columnId: valorTotal, isReference: undefined, value: Object} @ http://localhost:3000/_next/static/chunks/11hm_next_dist_0m6rgog._.js:2441
[  302222ms] [LOG] [DEBUG] Renderizando celda: {columnId: valorTotal, isReference: undefined, value: Object} @ http://localhost:3000/_next/static/chunks/11hm_next_dist_0m6rgog._.js:2441
[  302222ms] [LOG] [DEBUG] Renderizando celda: {columnId: satisfaccion, isReference: undefined, value: Object} @ http://localhost:3000/_next/static/chunks/11hm_next_dist_0m6rgog._.js:2441
[  302222ms] [LOG] [DEBUG] Renderizando celda: {columnId: satisfaccion, isReference: undefined, value: Object} @ http://localhost:3000/_next/static/chunks/11hm_next_dist_0m6rgog._.js:2441
[  302222ms] [LOG] [DEBUG] Renderizando celda: {columnId: activo, isReference: undefined, value: Object} @ http://localhost:3000/_next/static/chunks/11hm_next_dist_0m6rgog._.js:2441
[  302222ms] [LOG] [DEBUG] Renderizando celda: {columnId: activo, isReference: undefined, value: Object} @ http://localhost:3000/_next/static/chunks/11hm_next_dist_0m6rgog._.js:2441
[  302223ms] [LOG] [DEBUG] Renderizando celda: {columnId: id, isReference: undefined, value: Object} @ http://localhost:3000/_next/static/chunks/11hm_next_dist_0m6rgog._.js:2441
[  302223ms] [LOG] [DEBUG] Renderizando celda: {columnId: id, isReference: undefined, value: Object} @ http://localhost:3000/_next/static/chunks/11hm_next_dist_0m6rgog._.js:2441
[  302223ms] [LOG] [DEBUG] Renderizando celda: {columnId: nombre, isReference: undefined, value: Object} @ http://localhost:3000/_next/static/chunks/11hm_next_dist_0m6rgog._.js:2441
[  302223ms] [LOG] [DEBUG] Renderizando celda: {columnId: nombre, isReference: undefined, value: Object} @ http://localhost:3000/_next/static/chunks/11hm_next_dist_0m6rgog._.js:2441
[  302223ms] [LOG] [DEBUG] Renderizando celda: {columnId: email, isReference: undefined, value: Object} @ http://localhost:3000/_next/static/chunks/11hm_next_dist_0m6rgog._.js:2441
[  302223ms] [LOG] [DEBUG] Renderizando celda: {columnId: email, isReference: undefined, value: Object} @ http://localhost:3000/_next/static/chunks/11hm_next_dist_0m6rgog._.js:2441
[  302223ms] [LOG] [DEBUG] Renderizando celda: {columnId: telefono, isReference: undefined, value: Object} @ http://localhost:3000/_next/static/chunks/11hm_next_dist_0m6rgog._.js:2441
[  302223ms] [LOG] [DEBUG] Renderizando celda: {columnId: telefono, isReference: undefined, value: Object} @ http://localhost:3000/_next/static/chunks/11hm_next_dist_0m6rgog._.js:2441
[  302223ms] [LOG] [DEBUG] Renderizando celda: {columnId: ciudad, isReference: undefined, value: Object} @ http://localhost:3000/_next/static/chunks/11hm_next_dist_0m6rgog._.js:2441
[  302224ms] [LOG] [DEBUG] Renderizando celda: {columnId: ciudad, isReference: undefined, value: Object} @ http://localhost:3000/_next/static/chunks/11hm_next_dist_0m6rgog._.js:2441
[  302224ms] [LOG] [DEBUG] Renderizando celda: {columnId: rol, isReference: undefined, value: Object} @ http://localhost:3000/_next/static/chunks/11hm_next_dist_0m6rgog._.js:2441
[  302224ms] [LOG] [DEBUG] Renderizando celda: {columnId: rol, isReference: undefined, value: Object} @ http://localhost:3000/_next/static/chunks/11hm_next_dist_0m6rgog._.js:2441
[  302224ms] [LOG] [DEBUG] Renderizando celda: {columnId: estado, isReference: undefined, value: Object} @ http://localhost:3000/_next/static/chunks/11hm_next_dist_0m6rgog._.js:2441
[  302224ms] [LOG] [DEBUG] Renderizando celda: {columnId: estado, isReference: undefined, value: Object} @ http://localhost:3000/_next/static/chunks/11hm_next_dist_0m6rgog._.js:2441
[  302224ms] [LOG] [DEBUG] Renderizando celda: {columnId: fechaRegistro, isReference: undefined, value: Object} @ http://localhost:3000/_next/static/chunks/11hm_next_dist_0m6rgog._.js:2441
[  302224ms] [LOG] [DEBUG] Renderizando celda: {columnId: fechaRegistro, isReference: undefined, value: Object} @ http://localhost:3000/_next/static/chunks/11hm_next_dist_0m6rgog._.js:2441
[  302224ms] [LOG] [DEBUG] Renderizando celda: {columnId: ultimoContacto, isReference: undefined, value: Object} @ http://localhost:3000/_next/static/chunks/11hm_next_dist_0m6rgog._.js:2441
[  302224ms] [LOG] [DEBUG] Renderizando celda: {columnId: ultimoContacto, isReference: undefined, value: Object} @ http://localhost:3000/_next/static/chunks/11hm_next_dist_0m6rgog._.js:2441
[  302224ms] [LOG] [DEBUG] Renderizando celda: {columnId: valorTotal, isReference: undefined, value: Object} @ http://localhost:3000/_next/static/chunks/11hm_next_dist_0m6rgog._.js:2441
[  302224ms] [LOG] [DEBUG] Renderizando celda: {columnId: valorTotal, isReference: undefined, value: Object} @ http://localhost:3000/_next/static/chunks/11hm_next_dist_0m6rgog._.js:2441
[  302224ms] [LOG] [DEBUG] Renderizando celda: {columnId: satisfaccion, isReference: undefined, value: Object} @ http://localhost:3000/_next/static/chunks/11hm_next_dist_0m6rgog._.js:2441
[  302224ms] [LOG] [DEBUG] Renderizando celda: {columnId: satisfaccion, isReference: undefined, value: Object} @ http://localhost:3000/_next/static/chunks/11hm_next_dist_0m6rgog._.js:2441
[  302224ms] [LOG] [DEBUG] Renderizando celda: {columnId: activo, isReference: undefined, value: Object} @ http://localhost:3000/_next/static/chunks/11hm_next_dist_0m6rgog._.js:2441
[  302225ms] [LOG] [DEBUG] Renderizando celda: {columnId: activo, isReference: undefined, value: Object} @ http://localhost:3000/_next/static/chunks/11hm_next_dist_0m6rgog._.js:2441
[  302225ms] [LOG] [DEBUG] Renderizando celda: {columnId: id, isReference: undefined, value: Object} @ http://localhost:3000/_next/static/chunks/11hm_next_dist_0m6rgog._.js:2441
[  302226ms] [LOG] [DEBUG] Renderizando celda: {columnId: id, isReference: undefined, value: Object} @ http://localhost:3000/_next/static/chunks/11hm_next_dist_0m6rgog._.js:2441
[  302226ms] [LOG] [DEBUG] Renderizando celda: {columnId: nombre, isReference: undefined, value: Object} @ http://localhost:3000/_next/static/chunks/11hm_next_dist_0m6rgog._.js:2441
[  302226ms] [LOG] [DEBUG] Renderizando celda: {columnId: nombre, isReference: undefined, value: Object} @ http://localhost:3000/_next/static/chunks/11hm_next_dist_0m6rgog._.js:2441
[  302226ms] [LOG] [DEBUG] Renderizando celda: {columnId: email, isReference: undefined, value: Object} @ http://localhost:3000/_next/static/chunks/11hm_next_dist_0m6rgog._.js:2441
[  302226ms] [LOG] [DEBUG] Renderizando celda: {columnId: email, isReference: undefined, value: Object} @ http://localhost:3000/_next/static/chunks/11hm_next_dist_0m6rgog._.js:2441
[  302226ms] [LOG] [DEBUG] Renderizando celda: {columnId: telefono, isReference: undefined, value: Object} @ http://localhost:3000/_next/static/chunks/11hm_next_dist_0m6rgog._.js:2441
[  302226ms] [LOG] [DEBUG] Renderizando celda: {columnId: telefono, isReference: undefined, value: Object} @ http://localhost:3000/_next/static/chunks/11hm_next_dist_0m6rgog._.js:2441
[  302226ms] [LOG] [DEBUG] Renderizando celda: {columnId: ciudad, isReference: undefined, value: Object} @ http://localhost:3000/_next/static/chunks/11hm_next_dist_0m6rgog._.js:2441
[  302226ms] [LOG] [DEBUG] Renderizando celda: {columnId: ciudad, isReference: undefined, value: Object} @ http://localhost:3000/_next/static/chunks/11hm_next_dist_0m6rgog._.js:2441
[  302226ms] [LOG] [DEBUG] Renderizando celda: {columnId: rol, isReference: undefined, value: Object} @ http://localhost:3000/_next/static/chunks/11hm_next_dist_0m6rgog._.js:2441
[  302226ms] [LOG] [DEBUG] Renderizando celda: {columnId: rol, isReference: undefined, value: Object} @ http://localhost:3000/_next/static/chunks/11hm_next_dist_0m6rgog._.js:2441
[  302226ms] [LOG] [DEBUG] Renderizando celda: {columnId: estado, isReference: undefined, value: Object} @ http://localhost:3000/_next/static/chunks/11hm_next_dist_0m6rgog._.js:2441
[  302226ms] [LOG] [DEBUG] Renderizando celda: {columnId: estado, isReference: undefined, value: Object} @ http://localhost:3000/_next/static/chunks/11hm_next_dist_0m6rgog._.js:2441
[  302226ms] [LOG] [DEBUG] Renderizando celda: {columnId: fechaRegistro, isReference: undefined, value: Object} @ http://localhost:3000/_next/static/chunks/11hm_next_dist_0m6rgog._.js:2441
[  302226ms] [LOG] [DEBUG] Renderizando celda: {columnId: fechaRegistro, isReference: undefined, value: Object} @ http://localhost:3000/_next/static/chunks/11hm_next_dist_0m6rgog._.js:2441
[  302226ms] [LOG] [DEBUG] Renderizando celda: {columnId: ultimoContacto, isReference: undefined, value: Object} @ http://localhost:3000/_next/static/chunks/11hm_next_dist_0m6rgog._.js:2441
[  302227ms] [LOG] [DEBUG] Renderizando celda: {columnId: ultimoContacto, isReference: undefined, value: Object} @ http://localhost:3000/_next/static/chunks/11hm_next_dist_0m6rgog._.js:2441
[  302227ms] [LOG] [DEBUG] Renderizando celda: {columnId: valorTotal, isReference: undefined, value: Object} @ http://localhost:3000/_next/static/chunks/11hm_next_dist_0m6rgog._.js:2441
[  302227ms] [LOG] [DEBUG] Renderizando celda: {columnId: valorTotal, isReference: undefined, value: Object} @ http://localhost:3000/_next/static/chunks/11hm_next_dist_0m6rgog._.js:2441
[  302227ms] [LOG] [DEBUG] Renderizando celda: {columnId: satisfaccion, isReference: undefined, value: Object} @ http://localhost:3000/_next/static/chunks/11hm_next_dist_0m6rgog._.js:2441
[  302227ms] [LOG] [DEBUG] Renderizando celda: {columnId: satisfaccion, isReference: undefined, value: Object} @ http://localhost:3000/_next/static/chunks/11hm_next_dist_0m6rgog._.js:2441
[  302227ms] [LOG] [DEBUG] Renderizando celda: {columnId: activo, isReference: undefined, value: Object} @ http://localhost:3000/_next/static/chunks/11hm_next_dist_0m6rgog._.js:2441
[  302227ms] [LOG] [DEBUG] Renderizando celda: {columnId: activo, isReference: undefined, value: Object} @ http://localhost:3000/_next/static/chunks/11hm_next_dist_0m6rgog._.js:2441
[  302227ms] [LOG] [DEBUG] Renderizando celda: {columnId: id, isReference: undefined, value: Object} @ http://localhost:3000/_next/static/chunks/11hm_next_dist_0m6rgog._.js:2441
[  302228ms] [LOG] [DEBUG] Renderizando celda: {columnId: id, isReference: undefined, value: Object} @ http://localhost:3000/_next/static/chunks/11hm_next_dist_0m6rgog._.js:2441
[  302228ms] [LOG] [DEBUG] Renderizando celda: {columnId: nombre, isReference: undefined, value: Object} @ http://localhost:3000/_next/static/chunks/11hm_next_dist_0m6rgog._.js:2441
[  302228ms] [LOG] [DEBUG] Renderizando celda: {columnId: nombre, isReference: undefined, value: Object} @ http://localhost:3000/_next/static/chunks/11hm_next_dist_0m6rgog._.js:2441
[  302228ms] [LOG] [DEBUG] Renderizando celda: {columnId: email, isReference: undefined, value: Object} @ http://localhost:3000/_next/static/chunks/11hm_next_dist_0m6rgog._.js:2441
[  302228ms] [LOG] [DEBUG] Renderizando celda: {columnId: email, isReference: undefined, value: Object} @ http://localhost:3000/_next/static/chunks/11hm_next_dist_0m6rgog._.js:2441
[  302228ms] [LOG] [DEBUG] Renderizando celda: {columnId: telefono, isReference: undefined, value: Object} @ http://localhost:3000/_next/static/chunks/11hm_next_dist_0m6rgog._.js:2441
[  302228ms] [LOG] [DEBUG] Renderizando celda: {columnId: telefono, isReference: undefined, value: Object} @ http://localhost:3000/_next/static/chunks/11hm_next_dist_0m6rgog._.js:2441
[  302228ms] [LOG] [DEBUG] Renderizando celda: {columnId: ciudad, isReference: undefined, value: Object} @ http://localhost:3000/_next/static/chunks/11hm_next_dist_0m6rgog._.js:2441
[  302228ms] [LOG] [DEBUG] Renderizando celda: {columnId: ciudad, isReference: undefined, value: Object} @ http://localhost:3000/_next/static/chunks/11hm_next_dist_0m6rgog._.js:2441
[  302228ms] [LOG] [DEBUG] Renderizando celda: {columnId: rol, isReference: undefined, value: Object} @ http://localhost:3000/_next/static/chunks/11hm_next_dist_0m6rgog._.js:2441
[  302228ms] [LOG] [DEBUG] Renderizando celda: {columnId: rol, isReference: undefined, value: Object} @ http://localhost:3000/_next/static/chunks/11hm_next_dist_0m6rgog._.js:2441
[  302228ms] [LOG] [DEBUG] Renderizando celda: {columnId: estado, isReference: undefined, value: Object} @ http://localhost:3000/_next/static/chunks/11hm_next_dist_0m6rgog._.js:2441
[  302228ms] [LOG] [DEBUG] Renderizando celda: {columnId: estado, isReference: undefined, value: Object} @ http://localhost:3000/_next/static/chunks/11hm_next_dist_0m6rgog._.js:2441
[  302228ms] [LOG] [DEBUG] Renderizando celda: {columnId: fechaRegistro, isReference: undefined, value: Object} @ http://localhost:3000/_next/static/chunks/11hm_next_dist_0m6rgog._.js:2441
[  302228ms] [LOG] [DEBUG] Renderizando celda: {columnId: fechaRegistro, isReference: undefined, value: Object} @ http://localhost:3000/_next/static/chunks/11hm_next_dist_0m6rgog._.js:2441
[  302228ms] [LOG] [DEBUG] Renderizando celda: {columnId: ultimoContacto, isReference: undefined, value: Object} @ http://localhost:3000/_next/static/chunks/11hm_next_dist_0m6rgog._.js:2441
[  302229ms] [LOG] [DEBUG] Renderizando celda: {columnId: ultimoContacto, isReference: undefined, value: Object} @ http://localhost:3000/_next/static/chunks/11hm_next_dist_0m6rgog._.js:2441
[  302229ms] [LOG] [DEBUG] Renderizando celda: {columnId: valorTotal, isReference: undefined, value: Object} @ http://localhost:3000/_next/static/chunks/11hm_next_dist_0m6rgog._.js:2441
[  302229ms] [LOG] [DEBUG] Renderizando celda: {columnId: valorTotal, isReference: undefined, value: Object} @ http://localhost:3000/_next/static/chunks/11hm_next_dist_0m6rgog._.js:2441
[  302229ms] [LOG] [DEBUG] Renderizando celda: {columnId: satisfaccion, isReference: undefined, value: Object} @ http://localhost:3000/_next/static/chunks/11hm_next_dist_0m6rgog._.js:2441
[  302229ms] [LOG] [DEBUG] Renderizando celda: {columnId: satisfaccion, isReference: undefined, value: Object} @ http://localhost:3000/_next/static/chunks/11hm_next_dist_0m6rgog._.js:2441
[  302229ms] [LOG] [DEBUG] Renderizando celda: {columnId: activo, isReference: undefined, value: Object} @ http://localhost:3000/_next/static/chunks/11hm_next_dist_0m6rgog._.js:2441
[  302229ms] [LOG] [DEBUG] Renderizando celda: {columnId: activo, isReference: undefined, value: Object} @ http://localhost:3000/_next/static/chunks/11hm_next_dist_0m6rgog._.js:2441
[  302229ms] [LOG] [DEBUG] Renderizando celda: {columnId: id, isReference: undefined, value: Object} @ http://localhost:3000/_next/static/chunks/11hm_next_dist_0m6rgog._.js:2441
[  302229ms] [LOG] [DEBUG] Renderizando celda: {columnId: id, isReference: undefined, value: Object} @ http://localhost:3000/_next/static/chunks/11hm_next_dist_0m6rgog._.js:2441
[  302230ms] [LOG] [DEBUG] Renderizando celda: {columnId: nombre, isReference: undefined, value: Object} @ http://localhost:3000/_next/static/chunks/11hm_next_dist_0m6rgog._.js:2441
[  302230ms] [LOG] [DEBUG] Renderizando celda: {columnId: nombre, isReference: undefined, value: Object} @ http://localhost:3000/_next/static/chunks/11hm_next_dist_0m6rgog._.js:2441
[  302230ms] [LOG] [DEBUG] Renderizando celda: {columnId: email, isReference: undefined, value: Object} @ http://localhost:3000/_next/static/chunks/11hm_next_dist_0m6rgog._.js:2441
[  302230ms] [LOG] [DEBUG] Renderizando celda: {columnId: email, isReference: undefined, value: Object} @ http://localhost:3000/_next/static/chunks/11hm_next_dist_0m6rgog._.js:2441
[  302230ms] [LOG] [DEBUG] Renderizando celda: {columnId: telefono, isReference: undefined, value: Object} @ http://localhost:3000/_next/static/chunks/11hm_next_dist_0m6rgog._.js:2441
[  302230ms] [LOG] [DEBUG] Renderizando celda: {columnId: telefono, isReference: undefined, value: Object} @ http://localhost:3000/_next/static/chunks/11hm_next_dist_0m6rgog._.js:2441
[  302230ms] [LOG] [DEBUG] Renderizando celda: {columnId: ciudad, isReference: undefined, value: Object} @ http://localhost:3000/_next/static/chunks/11hm_next_dist_0m6rgog._.js:2441
[  302230ms] [LOG] [DEBUG] Renderizando celda: {columnId: ciudad, isReference: undefined, value: Object} @ http://localhost:3000/_next/static/chunks/11hm_next_dist_0m6rgog._.js:2441
[  302230ms] [LOG] [DEBUG] Renderizando celda: {columnId: rol, isReference: undefined, value: Object} @ http://localhost:3000/_next/static/chunks/11hm_next_dist_0m6rgog._.js:2441
[  302230ms] [LOG] [DEBUG] Renderizando celda: {columnId: rol, isReference: undefined, value: Object} @ http://localhost:3000/_next/static/chunks/11hm_next_dist_0m6rgog._.js:2441
[  302230ms] [LOG] [DEBUG] Renderizando celda: {columnId: estado, isReference: undefined, value: Object} @ http://localhost:3000/_next/static/chunks/11hm_next_dist_0m6rgog._.js:2441
[  302230ms] [LOG] [DEBUG] Renderizando celda: {columnId: estado, isReference: undefined, value: Object} @ http://localhost:3000/_next/static/chunks/11hm_next_dist_0m6rgog._.js:2441
[  302230ms] [LOG] [DEBUG] Renderizando celda: {columnId: fechaRegistro, isReference: undefined, value: Object} @ http://localhost:3000/_next/static/chunks/11hm_next_dist_0m6rgog._.js:2441
[  302230ms] [LOG] [DEBUG] Renderizando celda: {columnId: fechaRegistro, isReference: undefined, value: Object} @ http://localhost:3000/_next/static/chunks/11hm_next_dist_0m6rgog._.js:2441
[  302230ms] [LOG] [DEBUG] Renderizando celda: {columnId: ultimoContacto, isReference: undefined, value: Object} @ http://localhost:3000/_next/static/chunks/11hm_next_dist_0m6rgog._.js:2441
[  302230ms] [LOG] [DEBUG] Renderizando celda: {columnId: ultimoContacto, isReference: undefined, value: Object} @ http://localhost:3000/_next/static/chunks/11hm_next_dist_0m6rgog._.js:2441
[  302230ms] [LOG] [DEBUG] Renderizando celda: {columnId: valorTotal, isReference: undefined, value: Object} @ http://localhost:3000/_next/static/chunks/11hm_next_dist_0m6rgog._.js:2441
[  302231ms] [LOG] [DEBUG] Renderizando celda: {columnId: valorTotal, isReference: undefined, value: Object} @ http://localhost:3000/_next/static/chunks/11hm_next_dist_0m6rgog._.js:2441
[  302231ms] [LOG] [DEBUG] Renderizando celda: {columnId: satisfaccion, isReference: undefined, value: Object} @ http://localhost:3000/_next/static/chunks/11hm_next_dist_0m6rgog._.js:2441
[  302231ms] [LOG] [DEBUG] Renderizando celda: {columnId: satisfaccion, isReference: undefined, value: Object} @ http://localhost:3000/_next/static/chunks/11hm_next_dist_0m6rgog._.js:2441
[  302231ms] [LOG] [DEBUG] Renderizando celda: {columnId: activo, isReference: undefined, value: Object} @ http://localhost:3000/_next/static/chunks/11hm_next_dist_0m6rgog._.js:2441
[  302231ms] [LOG] [DEBUG] Renderizando celda: {columnId: activo, isReference: undefined, value: Object} @ http://localhost:3000/_next/static/chunks/11hm_next_dist_0m6rgog._.js:2441
[  302231ms] [LOG] [DEBUG] Renderizando SecondaryTables: {level: 0, parentId: undefined, isLoading: true, arrayColumnsCount: 0, arrayColumns: Array(0)} @ http://localhost:3000/_next/static/chunks/11hm_next_dist_0m6rgog._.js:2441
[  302231ms] [LOG] [DEBUG] Renderizando SecondaryTables: {level: 0, parentId: undefined, isLoading: true, arrayColumnsCount: 0, arrayColumns: Array(0)} @ http://localhost:3000/_next/static/chunks/11hm_next_dist_0m6rgog._.js:2441
[  302247ms] [LOG] [DEBUG] Effective column order: {baseOrder: Array(14), pinnedColumnId: index, otherColumns: Array(13), hasActions: true, result: Array(15)} @ http://localhost:3000/_next/static/chunks/11hm_next_dist_0m6rgog._.js:2441
[  302248ms] [LOG] [DEBUG] Effective column order: {baseOrder: Array(14), pinnedColumnId: index, otherColumns: Array(13), hasActions: true, result: Array(15)} @ http://localhost:3000/_next/static/chunks/11hm_next_dist_0m6rgog._.js:2441
[  302248ms] [LOG] [DEBUG] Effective column order: {baseOrder: Array(14), pinnedColumnId: index, otherColumns: Array(13), hasActions: true, result: Array(15)} @ http://localhost:3000/_next/static/chunks/11hm_next_dist_0m6rgog._.js:2441
[  302249ms] [LOG] [DEBUG] Effective column order: {baseOrder: Array(14), pinnedColumnId: index, otherColumns: Array(13), hasActions: true, result: Array(15)} @ http://localhost:3000/_next/static/chunks/11hm_next_dist_0m6rgog._.js:2441
[  302269ms] [LOG] [DEBUG] Renderizando celda: {columnId: id, isReference: undefined, value: Object} @ http://localhost:3000/_next/static/chunks/11hm_next_dist_0m6rgog._.js:2441
[  302270ms] [LOG] [DEBUG] Renderizando celda: {columnId: id, isReference: undefined, value: Object} @ http://localhost:3000/_next/static/chunks/11hm_next_dist_0m6rgog._.js:2441
[  302270ms] [LOG] [DEBUG] Renderizando celda: {columnId: nombre, isReference: undefined, value: Object} @ http://localhost:3000/_next/static/chunks/11hm_next_dist_0m6rgog._.js:2441
[  302270ms] [LOG] [DEBUG] Renderizando celda: {columnId: nombre, isReference: undefined, value: Object} @ http://localhost:3000/_next/static/chunks/11hm_next_dist_0m6rgog._.js:2441
[  302270ms] [LOG] [DEBUG] Renderizando celda: {columnId: email, isReference: undefined, value: Object} @ http://localhost:3000/_next/static/chunks/11hm_next_dist_0m6rgog._.js:2441
[  302270ms] [LOG] [DEBUG] Renderizando celda: {columnId: email, isReference: undefined, value: Object} @ http://localhost:3000/_next/static/chunks/11hm_next_dist_0m6rgog._.js:2441
[  302272ms] [LOG] [DEBUG] Renderizando celda: {columnId: telefono, isReference: undefined, value: Object} @ http://localhost:3000/_next/static/chunks/11hm_next_dist_0m6rgog._.js:2441
[  302272ms] [LOG] [DEBUG] Renderizando celda: {columnId: telefono, isReference: undefined, value: Object} @ http://localhost:3000/_next/static/chunks/11hm_next_dist_0m6rgog._.js:2441
[  302272ms] [LOG] [DEBUG] Renderizando celda: {columnId: ciudad, isReference: undefined, value: Object} @ http://localhost:3000/_next/static/chunks/11hm_next_dist_0m6rgog._.js:2441
[  302273ms] [LOG] [DEBUG] Renderizando celda: {columnId: ciudad, isReference: undefined, value: Object} @ http://localhost:3000/_next/static/chunks/11hm_next_dist_0m6rgog._.js:2441
[  302273ms] [LOG] [DEBUG] Renderizando celda: {columnId: rol, isReference: undefined, value: Object} @ http://localhost:3000/_next/static/chunks/11hm_next_dist_0m6rgog._.js:2441
[  302273ms] [LOG] [DEBUG] Renderizando celda: {columnId: rol, isReference: undefined, value: Object} @ http://localhost:3000/_next/static/chunks/11hm_next_dist_0m6rgog._.js:2441
[  302274ms] [LOG] [DEBUG] Renderizando celda: {columnId: estado, isReference: undefined, value: Object} @ http://localhost:3000/_next/static/chunks/11hm_next_dist_0m6rgog._.js:2441
[  302274ms] [LOG] [DEBUG] Renderizando celda: {columnId: estado, isReference: undefined, value: Object} @ http://localhost:3000/_next/static/chunks/11hm_next_dist_0m6rgog._.js:2441
[  302274ms] [LOG] [DEBUG] Renderizando celda: {columnId: fechaRegistro, isReference: undefined, value: Object} @ http://localhost:3000/_next/static/chunks/11hm_next_dist_0m6rgog._.js:2441
[  302276ms] [LOG] [DEBUG] Renderizando celda: {columnId: fechaRegistro, isReference: undefined, value: Object} @ http://localhost:3000/_next/static/chunks/11hm_next_dist_0m6rgog._.js:2441
[  302276ms] [LOG] [DEBUG] Renderizando celda: {columnId: ultimoContacto, isReference: undefined, value: Object} @ http://localhost:3000/_next/static/chunks/11hm_next_dist_0m6rgog._.js:2441
[  302276ms] [LOG] [DEBUG] Renderizando celda: {columnId: ultimoContacto, isReference: undefined, value: Object} @ http://localhost:3000/_next/static/chunks/11hm_next_dist_0m6rgog._.js:2441
[  302276ms] [LOG] [DEBUG] Renderizando celda: {columnId: valorTotal, isReference: undefined, value: Object} @ http://localhost:3000/_next/static/chunks/11hm_next_dist_0m6rgog._.js:2441
[  302276ms] [LOG] [DEBUG] Renderizando celda: {columnId: valorTotal, isReference: undefined, value: Object} @ http://localhost:3000/_next/static/chunks/11hm_next_dist_0m6rgog._.js:2441
[  302276ms] [LOG] [DEBUG] Renderizando celda: {columnId: satisfaccion, isReference: undefined, value: Object} @ http://localhost:3000/_next/static/chunks/11hm_next_dist_0m6rgog._.js:2441
[  302276ms] [LOG] [DEBUG] Renderizando celda: {columnId: satisfaccion, isReference: undefined, value: Object} @ http://localhost:3000/_next/static/chunks/11hm_next_dist_0m6rgog._.js:2441
[  302276ms] [LOG] [DEBUG] Renderizando celda: {columnId: activo, isReference: undefined, value: Object} @ http://localhost:3000/_next/static/chunks/11hm_next_dist_0m6rgog._.js:2441
[  302277ms] [LOG] [DEBUG] Renderizando celda: {columnId: activo, isReference: undefined, value: Object} @ http://localhost:3000/_next/static/chunks/11hm_next_dist_0m6rgog._.js:2441
[  302280ms] [LOG] [DEBUG] Renderizando celda: {columnId: id, isReference: undefined, value: Object} @ http://localhost:3000/_next/static/chunks/11hm_next_dist_0m6rgog._.js:2441
[  302280ms] [LOG] [DEBUG] Renderizando celda: {columnId: id, isReference: undefined, value: Object} @ http://localhost:3000/_next/static/chunks/11hm_next_dist_0m6rgog._.js:2441
[  302280ms] [LOG] [DEBUG] Renderizando celda: {columnId: nombre, isReference: undefined, value: Object} @ http://localhost:3000/_next/static/chunks/11hm_next_dist_0m6rgog._.js:2441
[  302280ms] [LOG] [DEBUG] Renderizando celda: {columnId: nombre, isReference: undefined, value: Object} @ http://localhost:3000/_next/static/chunks/11hm_next_dist_0m6rgog._.js:2441
[  302280ms] [LOG] [DEBUG] Renderizando celda: {columnId: email, isReference: undefined, value: Object} @ http://localhost:3000/_next/static/chunks/11hm_next_dist_0m6rgog._.js:2441
[  302280ms] [LOG] [DEBUG] Renderizando celda: {columnId: email, isReference: undefined, value: Object} @ http://localhost:3000/_next/static/chunks/11hm_next_dist_0m6rgog._.js:2441
[  302280ms] [LOG] [DEBUG] Renderizando celda: {columnId: telefono, isReference: undefined, value: Object} @ http://localhost:3000/_next/static/chunks/11hm_next_dist_0m6rgog._.js:2441
[  302280ms] [LOG] [DEBUG] Renderizando celda: {columnId: telefono, isReference: undefined, value: Object} @ http://localhost:3000/_next/static/chunks/11hm_next_dist_0m6rgog._.js:2441
[  302280ms] [LOG] [DEBUG] Renderizando celda: {columnId: ciudad, isReference: undefined, value: Object} @ http://localhost:3000/_next/static/chunks/11hm_next_dist_0m6rgog._.js:2441
[  302281ms] [LOG] [DEBUG] Renderizando celda: {columnId: ciudad, isReference: undefined, value: Object} @ http://localhost:3000/_next/static/chunks/11hm_next_dist_0m6rgog._.js:2441
[  302281ms] [LOG] [DEBUG] Renderizando celda: {columnId: rol, isReference: undefined, value: Object} @ http://localhost:3000/_next/static/chunks/11hm_next_dist_0m6rgog._.js:2441
[  302282ms] [LOG] [DEBUG] Renderizando celda: {columnId: rol, isReference: undefined, value: Object} @ http://localhost:3000/_next/static/chunks/11hm_next_dist_0m6rgog._.js:2441
[  302282ms] [LOG] [DEBUG] Renderizando celda: {columnId: estado, isReference: undefined, value: Object} @ http://localhost:3000/_next/static/chunks/11hm_next_dist_0m6rgog._.js:2441
[  302282ms] [LOG] [DEBUG] Renderizando celda: {columnId: estado, isReference: undefined, value: Object} @ http://localhost:3000/_next/static/chunks/11hm_next_dist_0m6rgog._.js:2441
[  302282ms] [LOG] [DEBUG] Renderizando celda: {columnId: fechaRegistro, isReference: undefined, value: Object} @ http://localhost:3000/_next/static/chunks/11hm_next_dist_0m6rgog._.js:2441
[  302282ms] [LOG] [DEBUG] Renderizando celda: {columnId: fechaRegistro, isReference: undefined, value: Object} @ http://localhost:3000/_next/static/chunks/11hm_next_dist_0m6rgog._.js:2441
[  302282ms] [LOG] [DEBUG] Renderizando celda: {columnId: ultimoContacto, isReference: undefined, value: Object} @ http://localhost:3000/_next/static/chunks/11hm_next_dist_0m6rgog._.js:2441
[  302282ms] [LOG] [DEBUG] Renderizando celda: {columnId: ultimoContacto, isReference: undefined, value: Object} @ http://localhost:3000/_next/static/chunks/11hm_next_dist_0m6rgog._.js:2441
[  302282ms] [LOG] [DEBUG] Renderizando celda: {columnId: valorTotal, isReference: undefined, value: Object} @ http://localhost:3000/_next/static/chunks/11hm_next_dist_0m6rgog._.js:2441
[  302282ms] [LOG] [DEBUG] Renderizando celda: {columnId: valorTotal, isReference: undefined, value: Object} @ http://localhost:3000/_next/static/chunks/11hm_next_dist_0m6rgog._.js:2441
[  302283ms] [LOG] [DEBUG] Renderizando celda: {columnId: satisfaccion, isReference: undefined, value: Object} @ http://localhost:3000/_next/static/chunks/11hm_next_dist_0m6rgog._.js:2441
[  302283ms] [LOG] [DEBUG] Renderizando celda: {columnId: satisfaccion, isReference: undefined, value: Object} @ http://localhost:3000/_next/static/chunks/11hm_next_dist_0m6rgog._.js:2441
[  302283ms] [LOG] [DEBUG] Renderizando celda: {columnId: activo, isReference: undefined, value: Object} @ http://localhost:3000/_next/static/chunks/11hm_next_dist_0m6rgog._.js:2441
[  302283ms] [LOG] [DEBUG] Renderizando celda: {columnId: activo, isReference: undefined, value: Object} @ http://localhost:3000/_next/static/chunks/11hm_next_dist_0m6rgog._.js:2441
[  302284ms] [LOG] [DEBUG] Renderizando celda: {columnId: id, isReference: undefined, value: Object} @ http://localhost:3000/_next/static/chunks/11hm_next_dist_0m6rgog._.js:2441
[  302284ms] [LOG] [DEBUG] Renderizando celda: {columnId: id, isReference: undefined, value: Object} @ http://localhost:3000/_next/static/chunks/11hm_next_dist_0m6rgog._.js:2441
[  302284ms] [LOG] [DEBUG] Renderizando celda: {columnId: nombre, isReference: undefined, value: Object} @ http://localhost:3000/_next/static/chunks/11hm_next_dist_0m6rgog._.js:2441
[  302284ms] [LOG] [DEBUG] Renderizando celda: {columnId: nombre, isReference: undefined, value: Object} @ http://localhost:3000/_next/static/chunks/11hm_next_dist_0m6rgog._.js:2441
[  302284ms] [LOG] [DEBUG] Renderizando celda: {columnId: email, isReference: undefined, value: Object} @ http://localhost:3000/_next/static/chunks/11hm_next_dist_0m6rgog._.js:2441
[  302284ms] [LOG] [DEBUG] Renderizando celda: {columnId: email, isReference: undefined, value: Object} @ http://localhost:3000/_next/static/chunks/11hm_next_dist_0m6rgog._.js:2441
[  302284ms] [LOG] [DEBUG] Renderizando celda: {columnId: telefono, isReference: undefined, value: Object} @ http://localhost:3000/_next/static/chunks/11hm_next_dist_0m6rgog._.js:2441
[  302284ms] [LOG] [DEBUG] Renderizando celda: {columnId: telefono, isReference: undefined, value: Object} @ http://localhost:3000/_next/static/chunks/11hm_next_dist_0m6rgog._.js:2441
[  302284ms] [LOG] [DEBUG] Renderizando celda: {columnId: ciudad, isReference: undefined, value: Object} @ http://localhost:3000/_next/static/chunks/11hm_next_dist_0m6rgog._.js:2441
[  302285ms] [LOG] [DEBUG] Renderizando celda: {columnId: ciudad, isReference: undefined, value: Object} @ http://localhost:3000/_next/static/chunks/11hm_next_dist_0m6rgog._.js:2441
[  302285ms] [LOG] [DEBUG] Renderizando celda: {columnId: rol, isReference: undefined, value: Object} @ http://localhost:3000/_next/static/chunks/11hm_next_dist_0m6rgog._.js:2441
[  302285ms] [LOG] [DEBUG] Renderizando celda: {columnId: rol, isReference: undefined, value: Object} @ http://localhost:3000/_next/static/chunks/11hm_next_dist_0m6rgog._.js:2441
[  302285ms] [LOG] [DEBUG] Renderizando celda: {columnId: estado, isReference: undefined, value: Object} @ http://localhost:3000/_next/static/chunks/11hm_next_dist_0m6rgog._.js:2441
[  302285ms] [LOG] [DEBUG] Renderizando celda: {columnId: estado, isReference: undefined, value: Object} @ http://localhost:3000/_next/static/chunks/11hm_next_dist_0m6rgog._.js:2441
[  302285ms] [LOG] [DEBUG] Renderizando celda: {columnId: fechaRegistro, isReference: undefined, value: Object} @ http://localhost:3000/_next/static/chunks/11hm_next_dist_0m6rgog._.js:2441
[  302285ms] [LOG] [DEBUG] Renderizando celda: {columnId: fechaRegistro, isReference: undefined, value: Object} @ http://localhost:3000/_next/static/chunks/11hm_next_dist_0m6rgog._.js:2441
[  302285ms] [LOG] [DEBUG] Renderizando celda: {columnId: ultimoContacto, isReference: undefined, value: Object} @ http://localhost:3000/_next/static/chunks/11hm_next_dist_0m6rgog._.js:2441
[  302285ms] [LOG] [DEBUG] Renderizando celda: {columnId: ultimoContacto, isReference: undefined, value: Object} @ http://localhost:3000/_next/static/chunks/11hm_next_dist_0m6rgog._.js:2441
[  302285ms] [LOG] [DEBUG] Renderizando celda: {columnId: valorTotal, isReference: undefined, value: Object} @ http://localhost:3000/_next/static/chunks/11hm_next_dist_0m6rgog._.js:2441
[  302285ms] [LOG] [DEBUG] Renderizando celda: {columnId: valorTotal, isReference: undefined, value: Object} @ http://localhost:3000/_next/static/chunks/11hm_next_dist_0m6rgog._.js:2441
[  302285ms] [LOG] [DEBUG] Renderizando celda: {columnId: satisfaccion, isReference: undefined, value: Object} @ http://localhost:3000/_next/static/chunks/11hm_next_dist_0m6rgog._.js:2441
[  302286ms] [LOG] [DEBUG] Renderizando celda: {columnId: satisfaccion, isReference: undefined, value: Object} @ http://localhost:3000/_next/static/chunks/11hm_next_dist_0m6rgog._.js:2441
[  302286ms] [LOG] [DEBUG] Renderizando celda: {columnId: activo, isReference: undefined, value: Object} @ http://localhost:3000/_next/static/chunks/11hm_next_dist_0m6rgog._.js:2441
[  302286ms] [LOG] [DEBUG] Renderizando celda: {columnId: activo, isReference: undefined, value: Object} @ http://localhost:3000/_next/static/chunks/11hm_next_dist_0m6rgog._.js:2441
[  302289ms] [LOG] [DEBUG] Renderizando celda: {columnId: id, isReference: undefined, value: Object} @ http://localhost:3000/_next/static/chunks/11hm_next_dist_0m6rgog._.js:2441
[  302289ms] [LOG] [DEBUG] Renderizando celda: {columnId: id, isReference: undefined, value: Object} @ http://localhost:3000/_next/static/chunks/11hm_next_dist_0m6rgog._.js:2441
[  302289ms] [LOG] [DEBUG] Renderizando celda: {columnId: nombre, isReference: undefined, value: Object} @ http://localhost:3000/_next/static/chunks/11hm_next_dist_0m6rgog._.js:2441
[  302289ms] [LOG] [DEBUG] Renderizando celda: {columnId: nombre, isReference: undefined, value: Object} @ http://localhost:3000/_next/static/chunks/11hm_next_dist_0m6rgog._.js:2441
[  302289ms] [LOG] [DEBUG] Renderizando celda: {columnId: email, isReference: undefined, value: Object} @ http://localhost:3000/_next/static/chunks/11hm_next_dist_0m6rgog._.js:2441
[  302290ms] [LOG] [DEBUG] Renderizando celda: {columnId: email, isReference: undefined, value: Object} @ http://localhost:3000/_next/static/chunks/11hm_next_dist_0m6rgog._.js:2441
[  302290ms] [LOG] [DEBUG] Renderizando celda: {columnId: telefono, isReference: undefined, value: Object} @ http://localhost:3000/_next/static/chunks/11hm_next_dist_0m6rgog._.js:2441
[  302290ms] [LOG] [DEBUG] Renderizando celda: {columnId: telefono, isReference: undefined, value: Object} @ http://localhost:3000/_next/static/chunks/11hm_next_dist_0m6rgog._.js:2441
[  302290ms] [LOG] [DEBUG] Renderizando celda: {columnId: ciudad, isReference: undefined, value: Object} @ http://localhost:3000/_next/static/chunks/11hm_next_dist_0m6rgog._.js:2441
[  302290ms] [LOG] [DEBUG] Renderizando celda: {columnId: ciudad, isReference: undefined, value: Object} @ http://localhost:3000/_next/static/chunks/11hm_next_dist_0m6rgog._.js:2441
[  302290ms] [LOG] [DEBUG] Renderizando celda: {columnId: rol, isReference: undefined, value: Object} @ http://localhost:3000/_next/static/chunks/11hm_next_dist_0m6rgog._.js:2441
[  302290ms] [LOG] [DEBUG] Renderizando celda: {columnId: rol, isReference: undefined, value: Object} @ http://localhost:3000/_next/static/chunks/11hm_next_dist_0m6rgog._.js:2441
[  302290ms] [LOG] [DEBUG] Renderizando celda: {columnId: estado, isReference: undefined, value: Object} @ http://localhost:3000/_next/static/chunks/11hm_next_dist_0m6rgog._.js:2441
[  302290ms] [LOG] [DEBUG] Renderizando celda: {columnId: estado, isReference: undefined, value: Object} @ http://localhost:3000/_next/static/chunks/11hm_next_dist_0m6rgog._.js:2441
[  302290ms] [LOG] [DEBUG] Renderizando celda: {columnId: fechaRegistro, isReference: undefined, value: Object} @ http://localhost:3000/_next/static/chunks/11hm_next_dist_0m6rgog._.js:2441
[  302291ms] [LOG] [DEBUG] Renderizando celda: {columnId: fechaRegistro, isReference: undefined, value: Object} @ http://localhost:3000/_next/static/chunks/11hm_next_dist_0m6rgog._.js:2441
[  302291ms] [LOG] [DEBUG] Renderizando celda: {columnId: ultimoContacto, isReference: undefined, value: Object} @ http://localhost:3000/_next/static/chunks/11hm_next_dist_0m6rgog._.js:2441
[  302291ms] [LOG] [DEBUG] Renderizando celda: {columnId: ultimoContacto, isReference: undefined, value: Object} @ http://localhost:3000/_next/static/chunks/11hm_next_dist_0m6rgog._.js:2441
[  302291ms] [LOG] [DEBUG] Renderizando celda: {columnId: valorTotal, isReference: undefined, value: Object} @ http://localhost:3000/_next/static/chunks/11hm_next_dist_0m6rgog._.js:2441
[  302291ms] [LOG] [DEBUG] Renderizando celda: {columnId: valorTotal, isReference: undefined, value: Object} @ http://localhost:3000/_next/static/chunks/11hm_next_dist_0m6rgog._.js:2441
[  302291ms] [LOG] [DEBUG] Renderizando celda: {columnId: satisfaccion, isReference: undefined, value: Object} @ http://localhost:3000/_next/static/chunks/11hm_next_dist_0m6rgog._.js:2441
[  302291ms] [LOG] [DEBUG] Renderizando celda: {columnId: satisfaccion, isReference: undefined, value: Object} @ http://localhost:3000/_next/static/chunks/11hm_next_dist_0m6rgog._.js:2441
[  302292ms] [LOG] [DEBUG] Renderizando celda: {columnId: activo, isReference: undefined, value: Object} @ http://localhost:3000/_next/static/chunks/11hm_next_dist_0m6rgog._.js:2441
[  302292ms] [LOG] [DEBUG] Renderizando celda: {columnId: activo, isReference: undefined, value: Object} @ http://localhost:3000/_next/static/chunks/11hm_next_dist_0m6rgog._.js:2441
[  302300ms] [LOG] [DEBUG] Renderizando celda: {columnId: id, isReference: undefined, value: Object} @ http://localhost:3000/_next/static/chunks/11hm_next_dist_0m6rgog._.js:2441
[  302300ms] [LOG] [DEBUG] Renderizando celda: {columnId: id, isReference: undefined, value: Object} @ http://localhost:3000/_next/static/chunks/11hm_next_dist_0m6rgog._.js:2441
[  302300ms] [LOG] [DEBUG] Renderizando celda: {columnId: nombre, isReference: undefined, value: Object} @ http://localhost:3000/_next/static/chunks/11hm_next_dist_0m6rgog._.js:2441
[  302300ms] [LOG] [DEBUG] Renderizando celda: {columnId: nombre, isReference: undefined, value: Object} @ http://localhost:3000/_next/static/chunks/11hm_next_dist_0m6rgog._.js:2441
[  302301ms] [LOG] [DEBUG] Renderizando celda: {columnId: email, isReference: undefined, value: Object} @ http://localhost:3000/_next/static/chunks/11hm_next_dist_0m6rgog._.js:2441
[  302301ms] [LOG] [DEBUG] Renderizando celda: {columnId: email, isReference: undefined, value: Object} @ http://localhost:3000/_next/static/chunks/11hm_next_dist_0m6rgog._.js:2441
[  302301ms] [LOG] [DEBUG] Renderizando celda: {columnId: telefono, isReference: undefined, value: Object} @ http://localhost:3000/_next/static/chunks/11hm_next_dist_0m6rgog._.js:2441
[  302301ms] [LOG] [DEBUG] Renderizando celda: {columnId: telefono, isReference: undefined, value: Object} @ http://localhost:3000/_next/static/chunks/11hm_next_dist_0m6rgog._.js:2441
[  302301ms] [LOG] [DEBUG] Renderizando celda: {columnId: ciudad, isReference: undefined, value: Object} @ http://localhost:3000/_next/static/chunks/11hm_next_dist_0m6rgog._.js:2441
[  302302ms] [LOG] [DEBUG] Renderizando celda: {columnId: ciudad, isReference: undefined, value: Object} @ http://localhost:3000/_next/static/chunks/11hm_next_dist_0m6rgog._.js:2441
[  302302ms] [LOG] [DEBUG] Renderizando celda: {columnId: rol, isReference: undefined, value: Object} @ http://localhost:3000/_next/static/chunks/11hm_next_dist_0m6rgog._.js:2441
[  302302ms] [LOG] [DEBUG] Renderizando celda: {columnId: rol, isReference: undefined, value: Object} @ http://localhost:3000/_next/static/chunks/11hm_next_dist_0m6rgog._.js:2441
[  302302ms] [LOG] [DEBUG] Renderizando celda: {columnId: estado, isReference: undefined, value: Object} @ http://localhost:3000/_next/static/chunks/11hm_next_dist_0m6rgog._.js:2441
[  302303ms] [LOG] [DEBUG] Renderizando celda: {columnId: estado, isReference: undefined, value: Object} @ http://localhost:3000/_next/static/chunks/11hm_next_dist_0m6rgog._.js:2441
[  302303ms] [LOG] [DEBUG] Renderizando celda: {columnId: fechaRegistro, isReference: undefined, value: Object} @ http://localhost:3000/_next/static/chunks/11hm_next_dist_0m6rgog._.js:2441
[  302305ms] [LOG] [DEBUG] Renderizando celda: {columnId: fechaRegistro, isReference: undefined, value: Object} @ http://localhost:3000/_next/static/chunks/11hm_next_dist_0m6rgog._.js:2441
[  302305ms] [LOG] [DEBUG] Renderizando celda: {columnId: ultimoContacto, isReference: undefined, value: Object} @ http://localhost:3000/_next/static/chunks/11hm_next_dist_0m6rgog._.js:2441
[  302305ms] [LOG] [DEBUG] Renderizando celda: {columnId: ultimoContacto, isReference: undefined, value: Object} @ http://localhost:3000/_next/static/chunks/11hm_next_dist_0m6rgog._.js:2441
[  302306ms] [LOG] [DEBUG] Renderizando celda: {columnId: valorTotal, isReference: undefined, value: Object} @ http://localhost:3000/_next/static/chunks/11hm_next_dist_0m6rgog._.js:2441
[  302306ms] [LOG] [DEBUG] Renderizando celda: {columnId: valorTotal, isReference: undefined, value: Object} @ http://localhost:3000/_next/static/chunks/11hm_next_dist_0m6rgog._.js:2441
[  302306ms] [LOG] [DEBUG] Renderizando celda: {columnId: satisfaccion, isReference: undefined, value: Object} @ http://localhost:3000/_next/static/chunks/11hm_next_dist_0m6rgog._.js:2441
[  302306ms] [LOG] [DEBUG] Renderizando celda: {columnId: satisfaccion, isReference: undefined, value: Object} @ http://localhost:3000/_next/static/chunks/11hm_next_dist_0m6rgog._.js:2441
[  302307ms] [LOG] [DEBUG] Renderizando celda: {columnId: activo, isReference: undefined, value: Object} @ http://localhost:3000/_next/static/chunks/11hm_next_dist_0m6rgog._.js:2441
[  302307ms] [LOG] [DEBUG] Renderizando celda: {columnId: activo, isReference: undefined, value: Object} @ http://localhost:3000/_next/static/chunks/11hm_next_dist_0m6rgog._.js:2441
[  302308ms] [LOG] [DEBUG] Renderizando celda: {columnId: id, isReference: undefined, value: Object} @ http://localhost:3000/_next/static/chunks/11hm_next_dist_0m6rgog._.js:2441
[  302309ms] [LOG] [DEBUG] Renderizando celda: {columnId: id, isReference: undefined, value: Object} @ http://localhost:3000/_next/static/chunks/11hm_next_dist_0m6rgog._.js:2441
[  302309ms] [LOG] [DEBUG] Renderizando celda: {columnId: nombre, isReference: undefined, value: Object} @ http://localhost:3000/_next/static/chunks/11hm_next_dist_0m6rgog._.js:2441
[  302309ms] [LOG] [DEBUG] Renderizando celda: {columnId: nombre, isReference: undefined, value: Object} @ http://localhost:3000/_next/static/chunks/11hm_next_dist_0m6rgog._.js:2441
[  302309ms] [LOG] [DEBUG] Renderizando celda: {columnId: email, isReference: undefined, value: Object} @ http://localhost:3000/_next/static/chunks/11hm_next_dist_0m6rgog._.js:2441
[  302309ms] [LOG] [DEBUG] Renderizando celda: {columnId: email, isReference: undefined, value: Object} @ http://localhost:3000/_next/static/chunks/11hm_next_dist_0m6rgog._.js:2441
[  302309ms] [LOG] [DEBUG] Renderizando celda: {columnId: telefono, isReference: undefined, value: Object} @ http://localhost:3000/_next/static/chunks/11hm_next_dist_0m6rgog._.js:2441
[  302309ms] [LOG] [DEBUG] Renderizando celda: {columnId: telefono, isReference: undefined, value: Object} @ http://localhost:3000/_next/static/chunks/11hm_next_dist_0m6rgog._.js:2441
[  302309ms] [LOG] [DEBUG] Renderizando celda: {columnId: ciudad, isReference: undefined, value: Object} @ http://localhost:3000/_next/static/chunks/11hm_next_dist_0m6rgog._.js:2441
[  302309ms] [LOG] [DEBUG] Renderizando celda: {columnId: ciudad, isReference: undefined, value: Object} @ http://localhost:3000/_next/static/chunks/11hm_next_dist_0m6rgog._.js:2441
[  302309ms] [LOG] [DEBUG] Renderizando celda: {columnId: rol, isReference: undefined, value: Object} @ http://localhost:3000/_next/static/chunks/11hm_next_dist_0m6rgog._.js:2441
[  302309ms] [LOG] [DEBUG] Renderizando celda: {columnId: rol, isReference: undefined, value: Object} @ http://localhost:3000/_next/static/chunks/11hm_next_dist_0m6rgog._.js:2441
[  302309ms] [LOG] [DEBUG] Renderizando celda: {columnId: estado, isReference: undefined, value: Object} @ http://localhost:3000/_next/static/chunks/11hm_next_dist_0m6rgog._.js:2441
[  302309ms] [LOG] [DEBUG] Renderizando celda: {columnId: estado, isReference: undefined, value: Object} @ http://localhost:3000/_next/static/chunks/11hm_next_dist_0m6rgog._.js:2441
[  302309ms] [LOG] [DEBUG] Renderizando celda: {columnId: fechaRegistro, isReference: undefined, value: Object} @ http://localhost:3000/_next/static/chunks/11hm_next_dist_0m6rgog._.js:2441
[  302309ms] [LOG] [DEBUG] Renderizando celda: {columnId: fechaRegistro, isReference: undefined, value: Object} @ http://localhost:3000/_next/static/chunks/11hm_next_dist_0m6rgog._.js:2441
[  302310ms] [LOG] [DEBUG] Renderizando celda: {columnId: ultimoContacto, isReference: undefined, value: Object} @ http://localhost:3000/_next/static/chunks/11hm_next_dist_0m6rgog._.js:2441
[  302310ms] [LOG] [DEBUG] Renderizando celda: {columnId: ultimoContacto, isReference: undefined, value: Object} @ http://localhost:3000/_next/static/chunks/11hm_next_dist_0m6rgog._.js:2441
[  302310ms] [LOG] [DEBUG] Renderizando celda: {columnId: valorTotal, isReference: undefined, value: Object} @ http://localhost:3000/_next/static/chunks/11hm_next_dist_0m6rgog._.js:2441
[  302310ms] [LOG] [DEBUG] Renderizando celda: {columnId: valorTotal, isReference: undefined, value: Object} @ http://localhost:3000/_next/static/chunks/11hm_next_dist_0m6rgog._.js:2441
[  302310ms] [LOG] [DEBUG] Renderizando celda: {columnId: satisfaccion, isReference: undefined, value: Object} @ http://localhost:3000/_next/static/chunks/11hm_next_dist_0m6rgog._.js:2441
[  302310ms] [LOG] [DEBUG] Renderizando celda: {columnId: satisfaccion, isReference: undefined, value: Object} @ http://localhost:3000/_next/static/chunks/11hm_next_dist_0m6rgog._.js:2441
[  302310ms] [LOG] [DEBUG] Renderizando celda: {columnId: activo, isReference: undefined, value: Object} @ http://localhost:3000/_next/static/chunks/11hm_next_dist_0m6rgog._.js:2441
[  302310ms] [LOG] [DEBUG] Renderizando celda: {columnId: activo, isReference: undefined, value: Object} @ http://localhost:3000/_next/static/chunks/11hm_next_dist_0m6rgog._.js:2441
[  302311ms] [LOG] [DEBUG] Renderizando celda: {columnId: id, isReference: undefined, value: Object} @ http://localhost:3000/_next/static/chunks/11hm_next_dist_0m6rgog._.js:2441
[  302311ms] [LOG] [DEBUG] Renderizando celda: {columnId: id, isReference: undefined, value: Object} @ http://localhost:3000/_next/static/chunks/11hm_next_dist_0m6rgog._.js:2441
[  302311ms] [LOG] [DEBUG] Renderizando celda: {columnId: nombre, isReference: undefined, value: Object} @ http://localhost:3000/_next/static/chunks/11hm_next_dist_0m6rgog._.js:2441
[  302312ms] [LOG] [DEBUG] Renderizando celda: {columnId: nombre, isReference: undefined, value: Object} @ http://localhost:3000/_next/static/chunks/11hm_next_dist_0m6rgog._.js:2441
[  302312ms] [LOG] [DEBUG] Renderizando celda: {columnId: email, isReference: undefined, value: Object} @ http://localhost:3000/_next/static/chunks/11hm_next_dist_0m6rgog._.js:2441
[  302312ms] [LOG] [DEBUG] Renderizando celda: {columnId: email, isReference: undefined, value: Object} @ http://localhost:3000/_next/static/chunks/11hm_next_dist_0m6rgog._.js:2441
[  302312ms] [LOG] [DEBUG] Renderizando celda: {columnId: telefono, isReference: undefined, value: Object} @ http://localhost:3000/_next/static/chunks/11hm_next_dist_0m6rgog._.js:2441
[  302312ms] [LOG] [DEBUG] Renderizando celda: {columnId: telefono, isReference: undefined, value: Object} @ http://localhost:3000/_next/static/chunks/11hm_next_dist_0m6rgog._.js:2441
[  302312ms] [LOG] [DEBUG] Renderizando celda: {columnId: ciudad, isReference: undefined, value: Object} @ http://localhost:3000/_next/static/chunks/11hm_next_dist_0m6rgog._.js:2441
[  302312ms] [LOG] [DEBUG] Renderizando celda: {columnId: ciudad, isReference: undefined, value: Object} @ http://localhost:3000/_next/static/chunks/11hm_next_dist_0m6rgog._.js:2441
[  302312ms] [LOG] [DEBUG] Renderizando celda: {columnId: rol, isReference: undefined, value: Object} @ http://localhost:3000/_next/static/chunks/11hm_next_dist_0m6rgog._.js:2441
[  302313ms] [LOG] [DEBUG] Renderizando celda: {columnId: rol, isReference: undefined, value: Object} @ http://localhost:3000/_next/static/chunks/11hm_next_dist_0m6rgog._.js:2441
[  302313ms] [LOG] [DEBUG] Renderizando celda: {columnId: estado, isReference: undefined, value: Object} @ http://localhost:3000/_next/static/chunks/11hm_next_dist_0m6rgog._.js:2441
[  302313ms] [LOG] [DEBUG] Renderizando celda: {columnId: estado, isReference: undefined, value: Object} @ http://localhost:3000/_next/static/chunks/11hm_next_dist_0m6rgog._.js:2441
[  302313ms] [LOG] [DEBUG] Renderizando celda: {columnId: fechaRegistro, isReference: undefined, value: Object} @ http://localhost:3000/_next/static/chunks/11hm_next_dist_0m6rgog._.js:2441
[  302313ms] [LOG] [DEBUG] Renderizando celda: {columnId: fechaRegistro, isReference: undefined, value: Object} @ http://localhost:3000/_next/static/chunks/11hm_next_dist_0m6rgog._.js:2441
[  302314ms] [LOG] [DEBUG] Renderizando celda: {columnId: ultimoContacto, isReference: undefined, value: Object} @ http://localhost:3000/_next/static/chunks/11hm_next_dist_0m6rgog._.js:2441
[  302315ms] [LOG] [DEBUG] Renderizando celda: {columnId: ultimoContacto, isReference: undefined, value: Object} @ http://localhost:3000/_next/static/chunks/11hm_next_dist_0m6rgog._.js:2441
[  302315ms] [LOG] [DEBUG] Renderizando celda: {columnId: valorTotal, isReference: undefined, value: Object} @ http://localhost:3000/_next/static/chunks/11hm_next_dist_0m6rgog._.js:2441
[  302315ms] [LOG] [DEBUG] Renderizando celda: {columnId: valorTotal, isReference: undefined, value: Object} @ http://localhost:3000/_next/static/chunks/11hm_next_dist_0m6rgog._.js:2441
[  302315ms] [LOG] [DEBUG] Renderizando celda: {columnId: satisfaccion, isReference: undefined, value: Object} @ http://localhost:3000/_next/static/chunks/11hm_next_dist_0m6rgog._.js:2441
[  302315ms] [LOG] [DEBUG] Renderizando celda: {columnId: satisfaccion, isReference: undefined, value: Object} @ http://localhost:3000/_next/static/chunks/11hm_next_dist_0m6rgog._.js:2441
[  302315ms] [LOG] [DEBUG] Renderizando celda: {columnId: activo, isReference: undefined, value: Object} @ http://localhost:3000/_next/static/chunks/11hm_next_dist_0m6rgog._.js:2441
[  302315ms] [LOG] [DEBUG] Renderizando celda: {columnId: activo, isReference: undefined, value: Object} @ http://localhost:3000/_next/static/chunks/11hm_next_dist_0m6rgog._.js:2441
[  302316ms] [LOG] [DEBUG] Renderizando celda: {columnId: id, isReference: undefined, value: Object} @ http://localhost:3000/_next/static/chunks/11hm_next_dist_0m6rgog._.js:2441
[  302316ms] [LOG] [DEBUG] Renderizando celda: {columnId: id, isReference: undefined, value: Object} @ http://localhost:3000/_next/static/chunks/11hm_next_dist_0m6rgog._.js:2441
[  302316ms] [LOG] [DEBUG] Renderizando celda: {columnId: nombre, isReference: undefined, value: Object} @ http://localhost:3000/_next/static/chunks/11hm_next_dist_0m6rgog._.js:2441
[  302316ms] [LOG] [DEBUG] Renderizando celda: {columnId: nombre, isReference: undefined, value: Object} @ http://localhost:3000/_next/static/chunks/11hm_next_dist_0m6rgog._.js:2441
[  302316ms] [LOG] [DEBUG] Renderizando celda: {columnId: email, isReference: undefined, value: Object} @ http://localhost:3000/_next/static/chunks/11hm_next_dist_0m6rgog._.js:2441
[  302316ms] [LOG] [DEBUG] Renderizando celda: {columnId: email, isReference: undefined, value: Object} @ http://localhost:3000/_next/static/chunks/11hm_next_dist_0m6rgog._.js:2441
[  302316ms] [LOG] [DEBUG] Renderizando celda: {columnId: telefono, isReference: undefined, value: Object} @ http://localhost:3000/_next/static/chunks/11hm_next_dist_0m6rgog._.js:2441
[  302316ms] [LOG] [DEBUG] Renderizando celda: {columnId: telefono, isReference: undefined, value: Object} @ http://localhost:3000/_next/static/chunks/11hm_next_dist_0m6rgog._.js:2441
[  302316ms] [LOG] [DEBUG] Renderizando celda: {columnId: ciudad, isReference: undefined, value: Object} @ http://localhost:3000/_next/static/chunks/11hm_next_dist_0m6rgog._.js:2441
[  302316ms] [LOG] [DEBUG] Renderizando celda: {columnId: ciudad, isReference: undefined, value: Object} @ http://localhost:3000/_next/static/chunks/11hm_next_dist_0m6rgog._.js:2441
[  302316ms] [LOG] [DEBUG] Renderizando celda: {columnId: rol, isReference: undefined, value: Object} @ http://localhost:3000/_next/static/chunks/11hm_next_dist_0m6rgog._.js:2441
[  302316ms] [LOG] [DEBUG] Renderizando celda: {columnId: rol, isReference: undefined, value: Object} @ http://localhost:3000/_next/static/chunks/11hm_next_dist_0m6rgog._.js:2441
[  302316ms] [LOG] [DEBUG] Renderizando celda: {columnId: estado, isReference: undefined, value: Object} @ http://localhost:3000/_next/static/chunks/11hm_next_dist_0m6rgog._.js:2441
[  302317ms] [LOG] [DEBUG] Renderizando celda: {columnId: estado, isReference: undefined, value: Object} @ http://localhost:3000/_next/static/chunks/11hm_next_dist_0m6rgog._.js:2441
[  302317ms] [LOG] [DEBUG] Renderizando celda: {columnId: fechaRegistro, isReference: undefined, value: Object} @ http://localhost:3000/_next/static/chunks/11hm_next_dist_0m6rgog._.js:2441
[  302317ms] [LOG] [DEBUG] Renderizando celda: {columnId: fechaRegistro, isReference: undefined, value: Object} @ http://localhost:3000/_next/static/chunks/11hm_next_dist_0m6rgog._.js:2441
[  302317ms] [LOG] [DEBUG] Renderizando celda: {columnId: ultimoContacto, isReference: undefined, value: Object} @ http://localhost:3000/_next/static/chunks/11hm_next_dist_0m6rgog._.js:2441
[  302317ms] [LOG] [DEBUG] Renderizando celda: {columnId: ultimoContacto, isReference: undefined, value: Object} @ http://localhost:3000/_next/static/chunks/11hm_next_dist_0m6rgog._.js:2441
[  302317ms] [LOG] [DEBUG] Renderizando celda: {columnId: valorTotal, isReference: undefined, value: Object} @ http://localhost:3000/_next/static/chunks/11hm_next_dist_0m6rgog._.js:2441
[  302317ms] [LOG] [DEBUG] Renderizando celda: {columnId: valorTotal, isReference: undefined, value: Object} @ http://localhost:3000/_next/static/chunks/11hm_next_dist_0m6rgog._.js:2441
[  302317ms] [LOG] [DEBUG] Renderizando celda: {columnId: satisfaccion, isReference: undefined, value: Object} @ http://localhost:3000/_next/static/chunks/11hm_next_dist_0m6rgog._.js:2441
[  302317ms] [LOG] [DEBUG] Renderizando celda: {columnId: satisfaccion, isReference: undefined, value: Object} @ http://localhost:3000/_next/static/chunks/11hm_next_dist_0m6rgog._.js:2441
[  302317ms] [LOG] [DEBUG] Renderizando celda: {columnId: activo, isReference: undefined, value: Object} @ http://localhost:3000/_next/static/chunks/11hm_next_dist_0m6rgog._.js:2441
[  302317ms] [LOG] [DEBUG] Renderizando celda: {columnId: activo, isReference: undefined, value: Object} @ http://localhost:3000/_next/static/chunks/11hm_next_dist_0m6rgog._.js:2441
[  302318ms] [LOG] [DEBUG] Renderizando celda: {columnId: id, isReference: undefined, value: Object} @ http://localhost:3000/_next/static/chunks/11hm_next_dist_0m6rgog._.js:2441
[  302318ms] [LOG] [DEBUG] Renderizando celda: {columnId: id, isReference: undefined, value: Object} @ http://localhost:3000/_next/static/chunks/11hm_next_dist_0m6rgog._.js:2441
[  302318ms] [LOG] [DEBUG] Renderizando celda: {columnId: nombre, isReference: undefined, value: Object} @ http://localhost:3000/_next/static/chunks/11hm_next_dist_0m6rgog._.js:2441
[  302318ms] [LOG] [DEBUG] Renderizando celda: {columnId: nombre, isReference: undefined, value: Object} @ http://localhost:3000/_next/static/chunks/11hm_next_dist_0m6rgog._.js:2441
[  302318ms] [LOG] [DEBUG] Renderizando celda: {columnId: email, isReference: undefined, value: Object} @ http://localhost:3000/_next/static/chunks/11hm_next_dist_0m6rgog._.js:2441
[  302318ms] [LOG] [DEBUG] Renderizando celda: {columnId: email, isReference: undefined, value: Object} @ http://localhost:3000/_next/static/chunks/11hm_next_dist_0m6rgog._.js:2441
[  302318ms] [LOG] [DEBUG] Renderizando celda: {columnId: telefono, isReference: undefined, value: Object} @ http://localhost:3000/_next/static/chunks/11hm_next_dist_0m6rgog._.js:2441
[  302318ms] [LOG] [DEBUG] Renderizando celda: {columnId: telefono, isReference: undefined, value: Object} @ http://localhost:3000/_next/static/chunks/11hm_next_dist_0m6rgog._.js:2441
[  302318ms] [LOG] [DEBUG] Renderizando celda: {columnId: ciudad, isReference: undefined, value: Object} @ http://localhost:3000/_next/static/chunks/11hm_next_dist_0m6rgog._.js:2441
[  302318ms] [LOG] [DEBUG] Renderizando celda: {columnId: ciudad, isReference: undefined, value: Object} @ http://localhost:3000/_next/static/chunks/11hm_next_dist_0m6rgog._.js:2441
[  302318ms] [LOG] [DEBUG] Renderizando celda: {columnId: rol, isReference: undefined, value: Object} @ http://localhost:3000/_next/static/chunks/11hm_next_dist_0m6rgog._.js:2441
[  302318ms] [LOG] [DEBUG] Renderizando celda: {columnId: rol, isReference: undefined, value: Object} @ http://localhost:3000/_next/static/chunks/11hm_next_dist_0m6rgog._.js:2441
[  302318ms] [LOG] [DEBUG] Renderizando celda: {columnId: estado, isReference: undefined, value: Object} @ http://localhost:3000/_next/static/chunks/11hm_next_dist_0m6rgog._.js:2441
[  302318ms] [LOG] [DEBUG] Renderizando celda: {columnId: estado, isReference: undefined, value: Object} @ http://localhost:3000/_next/static/chunks/11hm_next_dist_0m6rgog._.js:2441
[  302318ms] [LOG] [DEBUG] Renderizando celda: {columnId: fechaRegistro, isReference: undefined, value: Object} @ http://localhost:3000/_next/static/chunks/11hm_next_dist_0m6rgog._.js:2441
[  302318ms] [LOG] [DEBUG] Renderizando celda: {columnId: fechaRegistro, isReference: undefined, value: Object} @ http://localhost:3000/_next/static/chunks/11hm_next_dist_0m6rgog._.js:2441
[  302319ms] [LOG] [DEBUG] Renderizando celda: {columnId: ultimoContacto, isReference: undefined, value: Object} @ http://localhost:3000/_next/static/chunks/11hm_next_dist_0m6rgog._.js:2441
[  302319ms] [LOG] [DEBUG] Renderizando celda: {columnId: ultimoContacto, isReference: undefined, value: Object} @ http://localhost:3000/_next/static/chunks/11hm_next_dist_0m6rgog._.js:2441
[  302319ms] [LOG] [DEBUG] Renderizando celda: {columnId: valorTotal, isReference: undefined, value: Object} @ http://localhost:3000/_next/static/chunks/11hm_next_dist_0m6rgog._.js:2441
[  302319ms] [LOG] [DEBUG] Renderizando celda: {columnId: valorTotal, isReference: undefined, value: Object} @ http://localhost:3000/_next/static/chunks/11hm_next_dist_0m6rgog._.js:2441
[  302319ms] [LOG] [DEBUG] Renderizando celda: {columnId: satisfaccion, isReference: undefined, value: Object} @ http://localhost:3000/_next/static/chunks/11hm_next_dist_0m6rgog._.js:2441
[  302319ms] [LOG] [DEBUG] Renderizando celda: {columnId: satisfaccion, isReference: undefined, value: Object} @ http://localhost:3000/_next/static/chunks/11hm_next_dist_0m6rgog._.js:2441
[  302319ms] [LOG] [DEBUG] Renderizando celda: {columnId: activo, isReference: undefined, value: Object} @ http://localhost:3000/_next/static/chunks/11hm_next_dist_0m6rgog._.js:2441
[  302319ms] [LOG] [DEBUG] Renderizando celda: {columnId: activo, isReference: undefined, value: Object} @ http://localhost:3000/_next/static/chunks/11hm_next_dist_0m6rgog._.js:2441
[  302319ms] [LOG] [DEBUG] Renderizando celda: {columnId: id, isReference: undefined, value: Object} @ http://localhost:3000/_next/static/chunks/11hm_next_dist_0m6rgog._.js:2441
[  302319ms] [LOG] [DEBUG] Renderizando celda: {columnId: id, isReference: undefined, value: Object} @ http://localhost:3000/_next/static/chunks/11hm_next_dist_0m6rgog._.js:2441
[  302320ms] [LOG] [DEBUG] Renderizando celda: {columnId: nombre, isReference: undefined, value: Object} @ http://localhost:3000/_next/static/chunks/11hm_next_dist_0m6rgog._.js:2441
[  302320ms] [LOG] [DEBUG] Renderizando celda: {columnId: nombre, isReference: undefined, value: Object} @ http://localhost:3000/_next/static/chunks/11hm_next_dist_0m6rgog._.js:2441
[  302320ms] [LOG] [DEBUG] Renderizando celda: {columnId: email, isReference: undefined, value: Object} @ http://localhost:3000/_next/static/chunks/11hm_next_dist_0m6rgog._.js:2441
[  302320ms] [LOG] [DEBUG] Renderizando celda: {columnId: email, isReference: undefined, value: Object} @ http://localhost:3000/_next/static/chunks/11hm_next_dist_0m6rgog._.js:2441
[  302320ms] [LOG] [DEBUG] Renderizando celda: {columnId: telefono, isReference: undefined, value: Object} @ http://localhost:3000/_next/static/chunks/11hm_next_dist_0m6rgog._.js:2441
[  302320ms] [LOG] [DEBUG] Renderizando celda: {columnId: telefono, isReference: undefined, value: Object} @ http://localhost:3000/_next/static/chunks/11hm_next_dist_0m6rgog._.js:2441
[  302320ms] [LOG] [DEBUG] Renderizando celda: {columnId: ciudad, isReference: undefined, value: Object} @ http://localhost:3000/_next/static/chunks/11hm_next_dist_0m6rgog._.js:2441
[  302320ms] [LOG] [DEBUG] Renderizando celda: {columnId: ciudad, isReference: undefined, value: Object} @ http://localhost:3000/_next/static/chunks/11hm_next_dist_0m6rgog._.js:2441
[  302320ms] [LOG] [DEBUG] Renderizando celda: {columnId: rol, isReference: undefined, value: Object} @ http://localhost:3000/_next/static/chunks/11hm_next_dist_0m6rgog._.js:2441
[  302320ms] [LOG] [DEBUG] Renderizando celda: {columnId: rol, isReference: undefined, value: Object} @ http://localhost:3000/_next/static/chunks/11hm_next_dist_0m6rgog._.js:2441
[  302320ms] [LOG] [DEBUG] Renderizando celda: {columnId: estado, isReference: undefined, value: Object} @ http://localhost:3000/_next/static/chunks/11hm_next_dist_0m6rgog._.js:2441
[  302320ms] [LOG] [DEBUG] Renderizando celda: {columnId: estado, isReference: undefined, value: Object} @ http://localhost:3000/_next/static/chunks/11hm_next_dist_0m6rgog._.js:2441
[  302320ms] [LOG] [DEBUG] Renderizando celda: {columnId: fechaRegistro, isReference: undefined, value: Object} @ http://localhost:3000/_next/static/chunks/11hm_next_dist_0m6rgog._.js:2441
[  302320ms] [LOG] [DEBUG] Renderizando celda: {columnId: fechaRegistro, isReference: undefined, value: Object} @ http://localhost:3000/_next/static/chunks/11hm_next_dist_0m6rgog._.js:2441
[  302320ms] [LOG] [DEBUG] Renderizando celda: {columnId: ultimoContacto, isReference: undefined, value: Object} @ http://localhost:3000/_next/static/chunks/11hm_next_dist_0m6rgog._.js:2441
[  302320ms] [LOG] [DEBUG] Renderizando celda: {columnId: ultimoContacto, isReference: undefined, value: Object} @ http://localhost:3000/_next/static/chunks/11hm_next_dist_0m6rgog._.js:2441
[  302320ms] [LOG] [DEBUG] Renderizando celda: {columnId: valorTotal, isReference: undefined, value: Object} @ http://localhost:3000/_next/static/chunks/11hm_next_dist_0m6rgog._.js:2441
[  302320ms] [LOG] [DEBUG] Renderizando celda: {columnId: valorTotal, isReference: undefined, value: Object} @ http://localhost:3000/_next/static/chunks/11hm_next_dist_0m6rgog._.js:2441
[  302320ms] [LOG] [DEBUG] Renderizando celda: {columnId: satisfaccion, isReference: undefined, value: Object} @ http://localhost:3000/_next/static/chunks/11hm_next_dist_0m6rgog._.js:2441
[  302320ms] [LOG] [DEBUG] Renderizando celda: {columnId: satisfaccion, isReference: undefined, value: Object} @ http://localhost:3000/_next/static/chunks/11hm_next_dist_0m6rgog._.js:2441
[  302321ms] [LOG] [DEBUG] Renderizando celda: {columnId: activo, isReference: undefined, value: Object} @ http://localhost:3000/_next/static/chunks/11hm_next_dist_0m6rgog._.js:2441
[  302321ms] [LOG] [DEBUG] Renderizando celda: {columnId: activo, isReference: undefined, value: Object} @ http://localhost:3000/_next/static/chunks/11hm_next_dist_0m6rgog._.js:2441
[  302321ms] [LOG] [DEBUG] Renderizando SecondaryTables: {level: 0, parentId: undefined, isLoading: true, arrayColumnsCount: 0, arrayColumns: Array(0)} @ http://localhost:3000/_next/static/chunks/11hm_next_dist_0m6rgog._.js:2441
[  302321ms] [LOG] [DEBUG] Renderizando SecondaryTables: {level: 0, parentId: undefined, isLoading: true, arrayColumnsCount: 0, arrayColumns: Array(0)} @ http://localhost:3000/_next/static/chunks/11hm_next_dist_0m6rgog._.js:2441
[  302328ms] [LOG] [Fast Refresh] done in 132ms @ http://localhost:3000/_next/static/chunks/11hm_next_dist_0m6rgog._.js:2441
[  302489ms] [LOG] [DEBUG] Effective column order: {baseOrder: Array(14), pinnedColumnId: index, otherColumns: Array(13), hasActions: true, result: Array(15)} @ http://localhost:3000/_next/static/chunks/11hm_next_dist_0m6rgog._.js:2441
[  302489ms] [LOG] [DEBUG] Effective column order: {baseOrder: Array(14), pinnedColumnId: index, otherColumns: Array(13), hasActions: true, result: Array(15)} @ http://localhost:3000/_next/static/chunks/11hm_next_dist_0m6rgog._.js:2441
[  302490ms] [LOG] [DEBUG] Effective column order: {baseOrder: Array(14), pinnedColumnId: index, otherColumns: Array(13), hasActions: true, result: Array(15)} @ http://localhost:3000/_next/static/chunks/11hm_next_dist_0m6rgog._.js:2441
[  302490ms] [LOG] [DEBUG] Effective column order: {baseOrder: Array(14), pinnedColumnId: index, otherColumns: Array(13), hasActions: true, result: Array(15)} @ http://localhost:3000/_next/static/chunks/11hm_next_dist_0m6rgog._.js:2441
[  302497ms] [LOG] [DEBUG] Renderizando celda: {columnId: id, isReference: undefined, value: Object} @ http://localhost:3000/_next/static/chunks/11hm_next_dist_0m6rgog._.js:2441
[  302497ms] [LOG] [DEBUG] Renderizando celda: {columnId: id, isReference: undefined, value: Object} @ http://localhost:3000/_next/static/chunks/11hm_next_dist_0m6rgog._.js:2441
[  302497ms] [LOG] [DEBUG] Renderizando celda: {columnId: nombre, isReference: undefined, value: Object} @ http://localhost:3000/_next/static/chunks/11hm_next_dist_0m6rgog._.js:2441
[  302497ms] [LOG] [DEBUG] Renderizando celda: {columnId: nombre, isReference: undefined, value: Object} @ http://localhost:3000/_next/static/chunks/11hm_next_dist_0m6rgog._.js:2441
[  302497ms] [LOG] [DEBUG] Renderizando celda: {columnId: email, isReference: undefined, value: Object} @ http://localhost:3000/_next/static/chunks/11hm_next_dist_0m6rgog._.js:2441
[  302497ms] [LOG] [DEBUG] Renderizando celda: {columnId: email, isReference: undefined, value: Object} @ http://localhost:3000/_next/static/chunks/11hm_next_dist_0m6rgog._.js:2441
[  302497ms] [LOG] [DEBUG] Renderizando celda: {columnId: telefono, isReference: undefined, value: Object} @ http://localhost:3000/_next/static/chunks/11hm_next_dist_0m6rgog._.js:2441
[  302497ms] [LOG] [DEBUG] Renderizando celda: {columnId: telefono, isReference: undefined, value: Object} @ http://localhost:3000/_next/static/chunks/11hm_next_dist_0m6rgog._.js:2441
[  302497ms] [LOG] [DEBUG] Renderizando celda: {columnId: ciudad, isReference: undefined, value: Object} @ http://localhost:3000/_next/static/chunks/11hm_next_dist_0m6rgog._.js:2441
[  302497ms] [LOG] [DEBUG] Renderizando celda: {columnId: ciudad, isReference: undefined, value: Object} @ http://localhost:3000/_next/static/chunks/11hm_next_dist_0m6rgog._.js:2441
[  302497ms] [LOG] [DEBUG] Renderizando celda: {columnId: rol, isReference: undefined, value: Object} @ http://localhost:3000/_next/static/chunks/11hm_next_dist_0m6rgog._.js:2441
[  302498ms] [LOG] [DEBUG] Renderizando celda: {columnId: rol, isReference: undefined, value: Object} @ http://localhost:3000/_next/static/chunks/11hm_next_dist_0m6rgog._.js:2441
[  302498ms] [LOG] [DEBUG] Renderizando celda: {columnId: estado, isReference: undefined, value: Object} @ http://localhost:3000/_next/static/chunks/11hm_next_dist_0m6rgog._.js:2441
[  302498ms] [LOG] [DEBUG] Renderizando celda: {columnId: estado, isReference: undefined, value: Object} @ http://localhost:3000/_next/static/chunks/11hm_next_dist_0m6rgog._.js:2441
[  302498ms] [LOG] [DEBUG] Renderizando celda: {columnId: fechaRegistro, isReference: undefined, value: Object} @ http://localhost:3000/_next/static/chunks/11hm_next_dist_0m6rgog._.js:2441
[  302498ms] [LOG] [DEBUG] Renderizando celda: {columnId: fechaRegistro, isReference: undefined, value: Object} @ http://localhost:3000/_next/static/chunks/11hm_next_dist_0m6rgog._.js:2441
[  302498ms] [LOG] [DEBUG] Renderizando celda: {columnId: ultimoContacto, isReference: undefined, value: Object} @ http://localhost:3000/_next/static/chunks/11hm_next_dist_0m6rgog._.js:2441
[  302498ms] [LOG] [DEBUG] Renderizando celda: {columnId: ultimoContacto, isReference: undefined, value: Object} @ http://localhost:3000/_next/static/chunks/11hm_next_dist_0m6rgog._.js:2441
[  302498ms] [LOG] [DEBUG] Renderizando celda: {columnId: valorTotal, isReference: undefined, value: Object} @ http://localhost:3000/_next/static/chunks/11hm_next_dist_0m6rgog._.js:2441
[  302498ms] [LOG] [DEBUG] Renderizando celda: {columnId: valorTotal, isReference: undefined, value: Object} @ http://localhost:3000/_next/static/chunks/11hm_next_dist_0m6rgog._.js:2441
[  302498ms] [LOG] [DEBUG] Renderizando celda: {columnId: satisfaccion, isReference: undefined, value: Object} @ http://localhost:3000/_next/static/chunks/11hm_next_dist_0m6rgog._.js:2441
[  302498ms] [LOG] [DEBUG] Renderizando celda: {columnId: satisfaccion, isReference: undefined, value: Object} @ http://localhost:3000/_next/static/chunks/11hm_next_dist_0m6rgog._.js:2441
[  302498ms] [LOG] [DEBUG] Renderizando celda: {columnId: activo, isReference: undefined, value: Object} @ http://localhost:3000/_next/static/chunks/11hm_next_dist_0m6rgog._.js:2441
[  302498ms] [LOG] [DEBUG] Renderizando celda: {columnId: activo, isReference: undefined, value: Object} @ http://localhost:3000/_next/static/chunks/11hm_next_dist_0m6rgog._.js:2441
[  302499ms] [LOG] [DEBUG] Renderizando celda: {columnId: id, isReference: undefined, value: Object} @ http://localhost:3000/_next/static/chunks/11hm_next_dist_0m6rgog._.js:2441
[  302499ms] [LOG] [DEBUG] Renderizando celda: {columnId: id, isReference: undefined, value: Object} @ http://localhost:3000/_next/static/chunks/11hm_next_dist_0m6rgog._.js:2441
[  302499ms] [LOG] [DEBUG] Renderizando celda: {columnId: nombre, isReference: undefined, value: Object} @ http://localhost:3000/_next/static/chunks/11hm_next_dist_0m6rgog._.js:2441
[  302499ms] [LOG] [DEBUG] Renderizando celda: {columnId: nombre, isReference: undefined, value: Object} @ http://localhost:3000/_next/static/chunks/11hm_next_dist_0m6rgog._.js:2441
[  302499ms] [LOG] [DEBUG] Renderizando celda: {columnId: email, isReference: undefined, value: Object} @ http://localhost:3000/_next/static/chunks/11hm_next_dist_0m6rgog._.js:2441
[  302499ms] [LOG] [DEBUG] Renderizando celda: {columnId: email, isReference: undefined, value: Object} @ http://localhost:3000/_next/static/chunks/11hm_next_dist_0m6rgog._.js:2441
[  302499ms] [LOG] [DEBUG] Renderizando celda: {columnId: telefono, isReference: undefined, value: Object} @ http://localhost:3000/_next/static/chunks/11hm_next_dist_0m6rgog._.js:2441
[  302499ms] [LOG] [DEBUG] Renderizando celda: {columnId: telefono, isReference: undefined, value: Object} @ http://localhost:3000/_next/static/chunks/11hm_next_dist_0m6rgog._.js:2441
[  302499ms] [LOG] [DEBUG] Renderizando celda: {columnId: ciudad, isReference: undefined, value: Object} @ http://localhost:3000/_next/static/chunks/11hm_next_dist_0m6rgog._.js:2441
[  302499ms] [LOG] [DEBUG] Renderizando celda: {columnId: ciudad, isReference: undefined, value: Object} @ http://localhost:3000/_next/static/chunks/11hm_next_dist_0m6rgog._.js:2441
[  302500ms] [LOG] [DEBUG] Renderizando celda: {columnId: rol, isReference: undefined, value: Object} @ http://localhost:3000/_next/static/chunks/11hm_next_dist_0m6rgog._.js:2441
[  302500ms] [LOG] [DEBUG] Renderizando celda: {columnId: rol, isReference: undefined, value: Object} @ http://localhost:3000/_next/static/chunks/11hm_next_dist_0m6rgog._.js:2441
[  302500ms] [LOG] [DEBUG] Renderizando celda: {columnId: estado, isReference: undefined, value: Object} @ http://localhost:3000/_next/static/chunks/11hm_next_dist_0m6rgog._.js:2441
[  302500ms] [LOG] [DEBUG] Renderizando celda: {columnId: estado, isReference: undefined, value: Object} @ http://localhost:3000/_next/static/chunks/11hm_next_dist_0m6rgog._.js:2441
[  302500ms] [LOG] [DEBUG] Renderizando celda: {columnId: fechaRegistro, isReference: undefined, value: Object} @ http://localhost:3000/_next/static/chunks/11hm_next_dist_0m6rgog._.js:2441
[  302500ms] [LOG] [DEBUG] Renderizando celda: {columnId: fechaRegistro, isReference: undefined, value: Object} @ http://localhost:3000/_next/static/chunks/11hm_next_dist_0m6rgog._.js:2441
[  302500ms] [LOG] [DEBUG] Renderizando celda: {columnId: ultimoContacto, isReference: undefined, value: Object} @ http://localhost:3000/_next/static/chunks/11hm_next_dist_0m6rgog._.js:2441
[  302500ms] [LOG] [DEBUG] Renderizando celda: {columnId: ultimoContacto, isReference: undefined, value: Object} @ http://localhost:3000/_next/static/chunks/11hm_next_dist_0m6rgog._.js:2441
[  302500ms] [LOG] [DEBUG] Renderizando celda: {columnId: valorTotal, isReference: undefined, value: Object} @ http://localhost:3000/_next/static/chunks/11hm_next_dist_0m6rgog._.js:2441
[  302500ms] [LOG] [DEBUG] Renderizando celda: {columnId: valorTotal, isReference: undefined, value: Object} @ http://localhost:3000/_next/static/chunks/11hm_next_dist_0m6rgog._.js:2441
[  302500ms] [LOG] [DEBUG] Renderizando celda: {columnId: satisfaccion, isReference: undefined, value: Object} @ http://localhost:3000/_next/static/chunks/11hm_next_dist_0m6rgog._.js:2441
[  302500ms] [LOG] [DEBUG] Renderizando celda: {columnId: satisfaccion, isReference: undefined, value: Object} @ http://localhost:3000/_next/static/chunks/11hm_next_dist_0m6rgog._.js:2441
[  302500ms] [LOG] [DEBUG] Renderizando celda: {columnId: activo, isReference: undefined, value: Object} @ http://localhost:3000/_next/static/chunks/11hm_next_dist_0m6rgog._.js:2441
[  302500ms] [LOG] [DEBUG] Renderizando celda: {columnId: activo, isReference: undefined, value: Object} @ http://localhost:3000/_next/static/chunks/11hm_next_dist_0m6rgog._.js:2441
[  302501ms] [LOG] [DEBUG] Renderizando celda: {columnId: id, isReference: undefined, value: Object} @ http://localhost:3000/_next/static/chunks/11hm_next_dist_0m6rgog._.js:2441
[  302501ms] [LOG] [DEBUG] Renderizando celda: {columnId: id, isReference: undefined, value: Object} @ http://localhost:3000/_next/static/chunks/11hm_next_dist_0m6rgog._.js:2441
[  302501ms] [LOG] [DEBUG] Renderizando celda: {columnId: nombre, isReference: undefined, value: Object} @ http://localhost:3000/_next/static/chunks/11hm_next_dist_0m6rgog._.js:2441
[  302501ms] [LOG] [DEBUG] Renderizando celda: {columnId: nombre, isReference: undefined, value: Object} @ http://localhost:3000/_next/static/chunks/11hm_next_dist_0m6rgog._.js:2441
[  302501ms] [LOG] [DEBUG] Renderizando celda: {columnId: email, isReference: undefined, value: Object} @ http://localhost:3000/_next/static/chunks/11hm_next_dist_0m6rgog._.js:2441
[  302502ms] [LOG] [DEBUG] Renderizando celda: {columnId: email, isReference: undefined, value: Object} @ http://localhost:3000/_next/static/chunks/11hm_next_dist_0m6rgog._.js:2441
[  302502ms] [LOG] [DEBUG] Renderizando celda: {columnId: telefono, isReference: undefined, value: Object} @ http://localhost:3000/_next/static/chunks/11hm_next_dist_0m6rgog._.js:2441
[  302502ms] [LOG] [DEBUG] Renderizando celda: {columnId: telefono, isReference: undefined, value: Object} @ http://localhost:3000/_next/static/chunks/11hm_next_dist_0m6rgog._.js:2441
[  302502ms] [LOG] [DEBUG] Renderizando celda: {columnId: ciudad, isReference: undefined, value: Object} @ http://localhost:3000/_next/static/chunks/11hm_next_dist_0m6rgog._.js:2441
[  302502ms] [LOG] [DEBUG] Renderizando celda: {columnId: ciudad, isReference: undefined, value: Object} @ http://localhost:3000/_next/static/chunks/11hm_next_dist_0m6rgog._.js:2441
[  302502ms] [LOG] [DEBUG] Renderizando celda: {columnId: rol, isReference: undefined, value: Object} @ http://localhost:3000/_next/static/chunks/11hm_next_dist_0m6rgog._.js:2441
[  302502ms] [LOG] [DEBUG] Renderizando celda: {columnId: rol, isReference: undefined, value: Object} @ http://localhost:3000/_next/static/chunks/11hm_next_dist_0m6rgog._.js:2441
[  302502ms] [LOG] [DEBUG] Renderizando celda: {columnId: estado, isReference: undefined, value: Object} @ http://localhost:3000/_next/static/chunks/11hm_next_dist_0m6rgog._.js:2441
[  302502ms] [LOG] [DEBUG] Renderizando celda: {columnId: estado, isReference: undefined, value: Object} @ http://localhost:3000/_next/static/chunks/11hm_next_dist_0m6rgog._.js:2441
[  302502ms] [LOG] [DEBUG] Renderizando celda: {columnId: fechaRegistro, isReference: undefined, value: Object} @ http://localhost:3000/_next/static/chunks/11hm_next_dist_0m6rgog._.js:2441
[  302502ms] [LOG] [DEBUG] Renderizando celda: {columnId: fechaRegistro, isReference: undefined, value: Object} @ http://localhost:3000/_next/static/chunks/11hm_next_dist_0m6rgog._.js:2441
[  302502ms] [LOG] [DEBUG] Renderizando celda: {columnId: ultimoContacto, isReference: undefined, value: Object} @ http://localhost:3000/_next/static/chunks/11hm_next_dist_0m6rgog._.js:2441
[  302502ms] [LOG] [DEBUG] Renderizando celda: {columnId: ultimoContacto, isReference: undefined, value: Object} @ http://localhost:3000/_next/static/chunks/11hm_next_dist_0m6rgog._.js:2441
[  302502ms] [LOG] [DEBUG] Renderizando celda: {columnId: valorTotal, isReference: undefined, value: Object} @ http://localhost:3000/_next/static/chunks/11hm_next_dist_0m6rgog._.js:2441
[  302502ms] [LOG] [DEBUG] Renderizando celda: {columnId: valorTotal, isReference: undefined, value: Object} @ http://localhost:3000/_next/static/chunks/11hm_next_dist_0m6rgog._.js:2441
[  302502ms] [LOG] [DEBUG] Renderizando celda: {columnId: satisfaccion, isReference: undefined, value: Object} @ http://localhost:3000/_next/static/chunks/11hm_next_dist_0m6rgog._.js:2441
[  302502ms] [LOG] [DEBUG] Renderizando celda: {columnId: satisfaccion, isReference: undefined, value: Object} @ http://localhost:3000/_next/static/chunks/11hm_next_dist_0m6rgog._.js:2441
[  302503ms] [LOG] [DEBUG] Renderizando celda: {columnId: activo, isReference: undefined, value: Object} @ http://localhost:3000/_next/static/chunks/11hm_next_dist_0m6rgog._.js:2441
[  302503ms] [LOG] [DEBUG] Renderizando celda: {columnId: activo, isReference: undefined, value: Object} @ http://localhost:3000/_next/static/chunks/11hm_next_dist_0m6rgog._.js:2441
[  302503ms] [LOG] [DEBUG] Renderizando celda: {columnId: id, isReference: undefined, value: Object} @ http://localhost:3000/_next/static/chunks/11hm_next_dist_0m6rgog._.js:2441
[  302503ms] [LOG] [DEBUG] Renderizando celda: {columnId: id, isReference: undefined, value: Object} @ http://localhost:3000/_next/static/chunks/11hm_next_dist_0m6rgog._.js:2441
[  302504ms] [LOG] [DEBUG] Renderizando celda: {columnId: nombre, isReference: undefined, value: Object} @ http://localhost:3000/_next/static/chunks/11hm_next_dist_0m6rgog._.js:2441
[  302504ms] [LOG] [DEBUG] Renderizando celda: {columnId: nombre, isReference: undefined, value: Object} @ http://localhost:3000/_next/static/chunks/11hm_next_dist_0m6rgog._.js:2441
[  302504ms] [LOG] [DEBUG] Renderizando celda: {columnId: email, isReference: undefined, value: Object} @ http://localhost:3000/_next/static/chunks/11hm_next_dist_0m6rgog._.js:2441
[  302504ms] [LOG] [DEBUG] Renderizando celda: {columnId: email, isReference: undefined, value: Object} @ http://localhost:3000/_next/static/chunks/11hm_next_dist_0m6rgog._.js:2441
[  302504ms] [LOG] [DEBUG] Renderizando celda: {columnId: telefono, isReference: undefined, value: Object} @ http://localhost:3000/_next/static/chunks/11hm_next_dist_0m6rgog._.js:2441
[  302504ms] [LOG] [DEBUG] Renderizando celda: {columnId: telefono, isReference: undefined, value: Object} @ http://localhost:3000/_next/static/chunks/11hm_next_dist_0m6rgog._.js:2441
[  302504ms] [LOG] [DEBUG] Renderizando celda: {columnId: ciudad, isReference: undefined, value: Object} @ http://localhost:3000/_next/static/chunks/11hm_next_dist_0m6rgog._.js:2441
[  302504ms] [LOG] [DEBUG] Renderizando celda: {columnId: ciudad, isReference: undefined, value: Object} @ http://localhost:3000/_next/static/chunks/11hm_next_dist_0m6rgog._.js:2441
[  302504ms] [LOG] [DEBUG] Renderizando celda: {columnId: rol, isReference: undefined, value: Object} @ http://localhost:3000/_next/static/chunks/11hm_next_dist_0m6rgog._.js:2441
[  302504ms] [LOG] [DEBUG] Renderizando celda: {columnId: rol, isReference: undefined, value: Object} @ http://localhost:3000/_next/static/chunks/11hm_next_dist_0m6rgog._.js:2441
[  302504ms] [LOG] [DEBUG] Renderizando celda: {columnId: estado, isReference: undefined, value: Object} @ http://localhost:3000/_next/static/chunks/11hm_next_dist_0m6rgog._.js:2441
[  302504ms] [LOG] [DEBUG] Renderizando celda: {columnId: estado, isReference: undefined, value: Object} @ http://localhost:3000/_next/static/chunks/11hm_next_dist_0m6rgog._.js:2441
[  302505ms] [LOG] [DEBUG] Renderizando celda: {columnId: fechaRegistro, isReference: undefined, value: Object} @ http://localhost:3000/_next/static/chunks/11hm_next_dist_0m6rgog._.js:2441
[  302505ms] [LOG] [DEBUG] Renderizando celda: {columnId: fechaRegistro, isReference: undefined, value: Object} @ http://localhost:3000/_next/static/chunks/11hm_next_dist_0m6rgog._.js:2441
[  302505ms] [LOG] [DEBUG] Renderizando celda: {columnId: ultimoContacto, isReference: undefined, value: Object} @ http://localhost:3000/_next/static/chunks/11hm_next_dist_0m6rgog._.js:2441
[  302505ms] [LOG] [DEBUG] Renderizando celda: {columnId: ultimoContacto, isReference: undefined, value: Object} @ http://localhost:3000/_next/static/chunks/11hm_next_dist_0m6rgog._.js:2441
[  302505ms] [LOG] [DEBUG] Renderizando celda: {columnId: valorTotal, isReference: undefined, value: Object} @ http://localhost:3000/_next/static/chunks/11hm_next_dist_0m6rgog._.js:2441
[  302505ms] [LOG] [DEBUG] Renderizando celda: {columnId: valorTotal, isReference: undefined, value: Object} @ http://localhost:3000/_next/static/chunks/11hm_next_dist_0m6rgog._.js:2441
[  302505ms] [LOG] [DEBUG] Renderizando celda: {columnId: satisfaccion, isReference: undefined, value: Object} @ http://localhost:3000/_next/static/chunks/11hm_next_dist_0m6rgog._.js:2441
[  302505ms] [LOG] [DEBUG] Renderizando celda: {columnId: satisfaccion, isReference: undefined, value: Object} @ http://localhost:3000/_next/static/chunks/11hm_next_dist_0m6rgog._.js:2441
[  302505ms] [LOG] [DEBUG] Renderizando celda: {columnId: activo, isReference: undefined, value: Object} @ http://localhost:3000/_next/static/chunks/11hm_next_dist_0m6rgog._.js:2441
[  302505ms] [LOG] [DEBUG] Renderizando celda: {columnId: activo, isReference: undefined, value: Object} @ http://localhost:3000/_next/static/chunks/11hm_next_dist_0m6rgog._.js:2441
[  302506ms] [LOG] [DEBUG] Renderizando celda: {columnId: id, isReference: undefined, value: Object} @ http://localhost:3000/_next/static/chunks/11hm_next_dist_0m6rgog._.js:2441
[  302506ms] [LOG] [DEBUG] Renderizando celda: {columnId: id, isReference: undefined, value: Object} @ http://localhost:3000/_next/static/chunks/11hm_next_dist_0m6rgog._.js:2441
[  302506ms] [LOG] [DEBUG] Renderizando celda: {columnId: nombre, isReference: undefined, value: Object} @ http://localhost:3000/_next/static/chunks/11hm_next_dist_0m6rgog._.js:2441
[  302506ms] [LOG] [DEBUG] Renderizando celda: {columnId: nombre, isReference: undefined, value: Object} @ http://localhost:3000/_next/static/chunks/11hm_next_dist_0m6rgog._.js:2441
[  302506ms] [LOG] [DEBUG] Renderizando celda: {columnId: email, isReference: undefined, value: Object} @ http://localhost:3000/_next/static/chunks/11hm_next_dist_0m6rgog._.js:2441
[  302506ms] [LOG] [DEBUG] Renderizando celda: {columnId: email, isReference: undefined, value: Object} @ http://localhost:3000/_next/static/chunks/11hm_next_dist_0m6rgog._.js:2441
[  302506ms] [LOG] [DEBUG] Renderizando celda: {columnId: telefono, isReference: undefined, value: Object} @ http://localhost:3000/_next/static/chunks/11hm_next_dist_0m6rgog._.js:2441
[  302506ms] [LOG] [DEBUG] Renderizando celda: {columnId: telefono, isReference: undefined, value: Object} @ http://localhost:3000/_next/static/chunks/11hm_next_dist_0m6rgog._.js:2441
[  302506ms] [LOG] [DEBUG] Renderizando celda: {columnId: ciudad, isReference: undefined, value: Object} @ http://localhost:3000/_next/static/chunks/11hm_next_dist_0m6rgog._.js:2441
[  302506ms] [LOG] [DEBUG] Renderizando celda: {columnId: ciudad, isReference: undefined, value: Object} @ http://localhost:3000/_next/static/chunks/11hm_next_dist_0m6rgog._.js:2441
[  302506ms] [LOG] [DEBUG] Renderizando celda: {columnId: rol, isReference: undefined, value: Object} @ http://localhost:3000/_next/static/chunks/11hm_next_dist_0m6rgog._.js:2441
[  302507ms] [LOG] [DEBUG] Renderizando celda: {columnId: rol, isReference: undefined, value: Object} @ http://localhost:3000/_next/static/chunks/11hm_next_dist_0m6rgog._.js:2441
[  302507ms] [LOG] [DEBUG] Renderizando celda: {columnId: estado, isReference: undefined, value: Object} @ http://localhost:3000/_next/static/chunks/11hm_next_dist_0m6rgog._.js:2441
[  302507ms] [LOG] [DEBUG] Renderizando celda: {columnId: estado, isReference: undefined, value: Object} @ http://localhost:3000/_next/static/chunks/11hm_next_dist_0m6rgog._.js:2441
[  302507ms] [LOG] [DEBUG] Renderizando celda: {columnId: fechaRegistro, isReference: undefined, value: Object} @ http://localhost:3000/_next/static/chunks/11hm_next_dist_0m6rgog._.js:2441
[  302507ms] [LOG] [DEBUG] Renderizando celda: {columnId: fechaRegistro, isReference: undefined, value: Object} @ http://localhost:3000/_next/static/chunks/11hm_next_dist_0m6rgog._.js:2441
[  302507ms] [LOG] [DEBUG] Renderizando celda: {columnId: ultimoContacto, isReference: undefined, value: Object} @ http://localhost:3000/_next/static/chunks/11hm_next_dist_0m6rgog._.js:2441
[  302507ms] [LOG] [DEBUG] Renderizando celda: {columnId: ultimoContacto, isReference: undefined, value: Object} @ http://localhost:3000/_next/static/chunks/11hm_next_dist_0m6rgog._.js:2441
[  302507ms] [LOG] [DEBUG] Renderizando celda: {columnId: valorTotal, isReference: undefined, value: Object} @ http://localhost:3000/_next/static/chunks/11hm_next_dist_0m6rgog._.js:2441
[  302507ms] [LOG] [DEBUG] Renderizando celda: {columnId: valorTotal, isReference: undefined, value: Object} @ http://localhost:3000/_next/static/chunks/11hm_next_dist_0m6rgog._.js:2441
[  302507ms] [LOG] [DEBUG] Renderizando celda: {columnId: satisfaccion, isReference: undefined, value: Object} @ http://localhost:3000/_next/static/chunks/11hm_next_dist_0m6rgog._.js:2441
[  302507ms] [LOG] [DEBUG] Renderizando celda: {columnId: satisfaccion, isReference: undefined, value: Object} @ http://localhost:3000/_next/static/chunks/11hm_next_dist_0m6rgog._.js:2441
[  302507ms] [LOG] [DEBUG] Renderizando celda: {columnId: activo, isReference: undefined, value: Object} @ http://localhost:3000/_next/static/chunks/11hm_next_dist_0m6rgog._.js:2441
[  302507ms] [LOG] [DEBUG] Renderizando celda: {columnId: activo, isReference: undefined, value: Object} @ http://localhost:3000/_next/static/chunks/11hm_next_dist_0m6rgog._.js:2441
[  302508ms] [LOG] [DEBUG] Renderizando celda: {columnId: id, isReference: undefined, value: Object} @ http://localhost:3000/_next/static/chunks/11hm_next_dist_0m6rgog._.js:2441
[  302508ms] [LOG] [DEBUG] Renderizando celda: {columnId: id, isReference: undefined, value: Object} @ http://localhost:3000/_next/static/chunks/11hm_next_dist_0m6rgog._.js:2441
[  302508ms] [LOG] [DEBUG] Renderizando celda: {columnId: nombre, isReference: undefined, value: Object} @ http://localhost:3000/_next/static/chunks/11hm_next_dist_0m6rgog._.js:2441
[  302508ms] [LOG] [DEBUG] Renderizando celda: {columnId: nombre, isReference: undefined, value: Object} @ http://localhost:3000/_next/static/chunks/11hm_next_dist_0m6rgog._.js:2441
[  302508ms] [LOG] [DEBUG] Renderizando celda: {columnId: email, isReference: undefined, value: Object} @ http://localhost:3000/_next/static/chunks/11hm_next_dist_0m6rgog._.js:2441
[  302508ms] [LOG] [DEBUG] Renderizando celda: {columnId: email, isReference: undefined, value: Object} @ http://localhost:3000/_next/static/chunks/11hm_next_dist_0m6rgog._.js:2441
[  302508ms] [LOG] [DEBUG] Renderizando celda: {columnId: telefono, isReference: undefined, value: Object} @ http://localhost:3000/_next/static/chunks/11hm_next_dist_0m6rgog._.js:2441
[  302508ms] [LOG] [DEBUG] Renderizando celda: {columnId: telefono, isReference: undefined, value: Object} @ http://localhost:3000/_next/static/chunks/11hm_next_dist_0m6rgog._.js:2441
[  302508ms] [LOG] [DEBUG] Renderizando celda: {columnId: ciudad, isReference: undefined, value: Object} @ http://localhost:3000/_next/static/chunks/11hm_next_dist_0m6rgog._.js:2441
[  302508ms] [LOG] [DEBUG] Renderizando celda: {columnId: ciudad, isReference: undefined, value: Object} @ http://localhost:3000/_next/static/chunks/11hm_next_dist_0m6rgog._.js:2441
[  302508ms] [LOG] [DEBUG] Renderizando celda: {columnId: rol, isReference: undefined, value: Object} @ http://localhost:3000/_next/static/chunks/11hm_next_dist_0m6rgog._.js:2441
[  302508ms] [LOG] [DEBUG] Renderizando celda: {columnId: rol, isReference: undefined, value: Object} @ http://localhost:3000/_next/static/chunks/11hm_next_dist_0m6rgog._.js:2441
[  302509ms] [LOG] [DEBUG] Renderizando celda: {columnId: estado, isReference: undefined, value: Object} @ http://localhost:3000/_next/static/chunks/11hm_next_dist_0m6rgog._.js:2441
[  302509ms] [LOG] [DEBUG] Renderizando celda: {columnId: estado, isReference: undefined, value: Object} @ http://localhost:3000/_next/static/chunks/11hm_next_dist_0m6rgog._.js:2441
[  302509ms] [LOG] [DEBUG] Renderizando celda: {columnId: fechaRegistro, isReference: undefined, value: Object} @ http://localhost:3000/_next/static/chunks/11hm_next_dist_0m6rgog._.js:2441
[  302509ms] [LOG] [DEBUG] Renderizando celda: {columnId: fechaRegistro, isReference: undefined, value: Object} @ http://localhost:3000/_next/static/chunks/11hm_next_dist_0m6rgog._.js:2441
[  302509ms] [LOG] [DEBUG] Renderizando celda: {columnId: ultimoContacto, isReference: undefined, value: Object} @ http://localhost:3000/_next/static/chunks/11hm_next_dist_0m6rgog._.js:2441
[  302509ms] [LOG] [DEBUG] Renderizando celda: {columnId: ultimoContacto, isReference: undefined, value: Object} @ http://localhost:3000/_next/static/chunks/11hm_next_dist_0m6rgog._.js:2441
[  302509ms] [LOG] [DEBUG] Renderizando celda: {columnId: valorTotal, isReference: undefined, value: Object} @ http://localhost:3000/_next/static/chunks/11hm_next_dist_0m6rgog._.js:2441
[  302509ms] [LOG] [DEBUG] Renderizando celda: {columnId: valorTotal, isReference: undefined, value: Object} @ http://localhost:3000/_next/static/chunks/11hm_next_dist_0m6rgog._.js:2441
[  302509ms] [LOG] [DEBUG] Renderizando celda: {columnId: satisfaccion, isReference: undefined, value: Object} @ http://localhost:3000/_next/static/chunks/11hm_next_dist_0m6rgog._.js:2441
[  302509ms] [LOG] [DEBUG] Renderizando celda: {columnId: satisfaccion, isReference: undefined, value: Object} @ http://localhost:3000/_next/static/chunks/11hm_next_dist_0m6rgog._.js:2441
[  302509ms] [LOG] [DEBUG] Renderizando celda: {columnId: activo, isReference: undefined, value: Object} @ http://localhost:3000/_next/static/chunks/11hm_next_dist_0m6rgog._.js:2441
[  302509ms] [LOG] [DEBUG] Renderizando celda: {columnId: activo, isReference: undefined, value: Object} @ http://localhost:3000/_next/static/chunks/11hm_next_dist_0m6rgog._.js:2441
[  302510ms] [LOG] [DEBUG] Renderizando celda: {columnId: id, isReference: undefined, value: Object} @ http://localhost:3000/_next/static/chunks/11hm_next_dist_0m6rgog._.js:2441
[  302510ms] [LOG] [DEBUG] Renderizando celda: {columnId: id, isReference: undefined, value: Object} @ http://localhost:3000/_next/static/chunks/11hm_next_dist_0m6rgog._.js:2441
[  302510ms] [LOG] [DEBUG] Renderizando celda: {columnId: nombre, isReference: undefined, value: Object} @ http://localhost:3000/_next/static/chunks/11hm_next_dist_0m6rgog._.js:2441
[  302510ms] [LOG] [DEBUG] Renderizando celda: {columnId: nombre, isReference: undefined, value: Object} @ http://localhost:3000/_next/static/chunks/11hm_next_dist_0m6rgog._.js:2441
[  302510ms] [LOG] [DEBUG] Renderizando celda: {columnId: email, isReference: undefined, value: Object} @ http://localhost:3000/_next/static/chunks/11hm_next_dist_0m6rgog._.js:2441
[  302510ms] [LOG] [DEBUG] Renderizando celda: {columnId: email, isReference: undefined, value: Object} @ http://localhost:3000/_next/static/chunks/11hm_next_dist_0m6rgog._.js:2441
[  302510ms] [LOG] [DEBUG] Renderizando celda: {columnId: telefono, isReference: undefined, value: Object} @ http://localhost:3000/_next/static/chunks/11hm_next_dist_0m6rgog._.js:2441
[  302510ms] [LOG] [DEBUG] Renderizando celda: {columnId: telefono, isReference: undefined, value: Object} @ http://localhost:3000/_next/static/chunks/11hm_next_dist_0m6rgog._.js:2441
[  302510ms] [LOG] [DEBUG] Renderizando celda: {columnId: ciudad, isReference: undefined, value: Object} @ http://localhost:3000/_next/static/chunks/11hm_next_dist_0m6rgog._.js:2441
[  302510ms] [LOG] [DEBUG] Renderizando celda: {columnId: ciudad, isReference: undefined, value: Object} @ http://localhost:3000/_next/static/chunks/11hm_next_dist_0m6rgog._.js:2441
[  302511ms] [LOG] [DEBUG] Renderizando celda: {columnId: rol, isReference: undefined, value: Object} @ http://localhost:3000/_next/static/chunks/11hm_next_dist_0m6rgog._.js:2441
[  302511ms] [LOG] [DEBUG] Renderizando celda: {columnId: rol, isReference: undefined, value: Object} @ http://localhost:3000/_next/static/chunks/11hm_next_dist_0m6rgog._.js:2441
[  302511ms] [LOG] [DEBUG] Renderizando celda: {columnId: estado, isReference: undefined, value: Object} @ http://localhost:3000/_next/static/chunks/11hm_next_dist_0m6rgog._.js:2441
[  302511ms] [LOG] [DEBUG] Renderizando celda: {columnId: estado, isReference: undefined, value: Object} @ http://localhost:3000/_next/static/chunks/11hm_next_dist_0m6rgog._.js:2441
[  302511ms] [LOG] [DEBUG] Renderizando celda: {columnId: fechaRegistro, isReference: undefined, value: Object} @ http://localhost:3000/_next/static/chunks/11hm_next_dist_0m6rgog._.js:2441
[  302511ms] [LOG] [DEBUG] Renderizando celda: {columnId: fechaRegistro, isReference: undefined, value: Object} @ http://localhost:3000/_next/static/chunks/11hm_next_dist_0m6rgog._.js:2441
[  302511ms] [LOG] [DEBUG] Renderizando celda: {columnId: ultimoContacto, isReference: undefined, value: Object} @ http://localhost:3000/_next/static/chunks/11hm_next_dist_0m6rgog._.js:2441
[  302511ms] [LOG] [DEBUG] Renderizando celda: {columnId: ultimoContacto, isReference: undefined, value: Object} @ http://localhost:3000/_next/static/chunks/11hm_next_dist_0m6rgog._.js:2441
[  302511ms] [LOG] [DEBUG] Renderizando celda: {columnId: valorTotal, isReference: undefined, value: Object} @ http://localhost:3000/_next/static/chunks/11hm_next_dist_0m6rgog._.js:2441
[  302511ms] [LOG] [DEBUG] Renderizando celda: {columnId: valorTotal, isReference: undefined, value: Object} @ http://localhost:3000/_next/static/chunks/11hm_next_dist_0m6rgog._.js:2441
[  302511ms] [LOG] [DEBUG] Renderizando celda: {columnId: satisfaccion, isReference: undefined, value: Object} @ http://localhost:3000/_next/static/chunks/11hm_next_dist_0m6rgog._.js:2441
[  302511ms] [LOG] [DEBUG] Renderizando celda: {columnId: satisfaccion, isReference: undefined, value: Object} @ http://localhost:3000/_next/static/chunks/11hm_next_dist_0m6rgog._.js:2441
[  302511ms] [LOG] [DEBUG] Renderizando celda: {columnId: activo, isReference: undefined, value: Object} @ http://localhost:3000/_next/static/chunks/11hm_next_dist_0m6rgog._.js:2441
[  302511ms] [LOG] [DEBUG] Renderizando celda: {columnId: activo, isReference: undefined, value: Object} @ http://localhost:3000/_next/static/chunks/11hm_next_dist_0m6rgog._.js:2441
[  302512ms] [LOG] [DEBUG] Renderizando celda: {columnId: id, isReference: undefined, value: Object} @ http://localhost:3000/_next/static/chunks/11hm_next_dist_0m6rgog._.js:2441
[  302512ms] [LOG] [DEBUG] Renderizando celda: {columnId: id, isReference: undefined, value: Object} @ http://localhost:3000/_next/static/chunks/11hm_next_dist_0m6rgog._.js:2441
[  302512ms] [LOG] [DEBUG] Renderizando celda: {columnId: nombre, isReference: undefined, value: Object} @ http://localhost:3000/_next/static/chunks/11hm_next_dist_0m6rgog._.js:2441
[  302512ms] [LOG] [DEBUG] Renderizando celda: {columnId: nombre, isReference: undefined, value: Object} @ http://localhost:3000/_next/static/chunks/11hm_next_dist_0m6rgog._.js:2441
[  302513ms] [LOG] [DEBUG] Renderizando celda: {columnId: email, isReference: undefined, value: Object} @ http://localhost:3000/_next/static/chunks/11hm_next_dist_0m6rgog._.js:2441
[  302513ms] [LOG] [DEBUG] Renderizando celda: {columnId: email, isReference: undefined, value: Object} @ http://localhost:3000/_next/static/chunks/11hm_next_dist_0m6rgog._.js:2441
[  302513ms] [LOG] [DEBUG] Renderizando celda: {columnId: telefono, isReference: undefined, value: Object} @ http://localhost:3000/_next/static/chunks/11hm_next_dist_0m6rgog._.js:2441
[  302513ms] [LOG] [DEBUG] Renderizando celda: {columnId: telefono, isReference: undefined, value: Object} @ http://localhost:3000/_next/static/chunks/11hm_next_dist_0m6rgog._.js:2441
[  302513ms] [LOG] [DEBUG] Renderizando celda: {columnId: ciudad, isReference: undefined, value: Object} @ http://localhost:3000/_next/static/chunks/11hm_next_dist_0m6rgog._.js:2441
[  302513ms] [LOG] [DEBUG] Renderizando celda: {columnId: ciudad, isReference: undefined, value: Object} @ http://localhost:3000/_next/static/chunks/11hm_next_dist_0m6rgog._.js:2441
[  302513ms] [LOG] [DEBUG] Renderizando celda: {columnId: rol, isReference: undefined, value: Object} @ http://localhost:3000/_next/static/chunks/11hm_next_dist_0m6rgog._.js:2441
[  302513ms] [LOG] [DEBUG] Renderizando celda: {columnId: rol, isReference: undefined, value: Object} @ http://localhost:3000/_next/static/chunks/11hm_next_dist_0m6rgog._.js:2441
[  302513ms] [LOG] [DEBUG] Renderizando celda: {columnId: estado, isReference: undefined, value: Object} @ http://localhost:3000/_next/static/chunks/11hm_next_dist_0m6rgog._.js:2441
[  302513ms] [LOG] [DEBUG] Renderizando celda: {columnId: estado, isReference: undefined, value: Object} @ http://localhost:3000/_next/static/chunks/11hm_next_dist_0m6rgog._.js:2441
[  302513ms] [LOG] [DEBUG] Renderizando celda: {columnId: fechaRegistro, isReference: undefined, value: Object} @ http://localhost:3000/_next/static/chunks/11hm_next_dist_0m6rgog._.js:2441
[  302513ms] [LOG] [DEBUG] Renderizando celda: {columnId: fechaRegistro, isReference: undefined, value: Object} @ http://localhost:3000/_next/static/chunks/11hm_next_dist_0m6rgog._.js:2441
[  302513ms] [LOG] [DEBUG] Renderizando celda: {columnId: ultimoContacto, isReference: undefined, value: Object} @ http://localhost:3000/_next/static/chunks/11hm_next_dist_0m6rgog._.js:2441
[  302513ms] [LOG] [DEBUG] Renderizando celda: {columnId: ultimoContacto, isReference: undefined, value: Object} @ http://localhost:3000/_next/static/chunks/11hm_next_dist_0m6rgog._.js:2441
[  302513ms] [LOG] [DEBUG] Renderizando celda: {columnId: valorTotal, isReference: undefined, value: Object} @ http://localhost:3000/_next/static/chunks/11hm_next_dist_0m6rgog._.js:2441
[  302514ms] [LOG] [DEBUG] Renderizando celda: {columnId: valorTotal, isReference: undefined, value: Object} @ http://localhost:3000/_next/static/chunks/11hm_next_dist_0m6rgog._.js:2441
[  302514ms] [LOG] [DEBUG] Renderizando celda: {columnId: satisfaccion, isReference: undefined, value: Object} @ http://localhost:3000/_next/static/chunks/11hm_next_dist_0m6rgog._.js:2441
[  302514ms] [LOG] [DEBUG] Renderizando celda: {columnId: satisfaccion, isReference: undefined, value: Object} @ http://localhost:3000/_next/static/chunks/11hm_next_dist_0m6rgog._.js:2441
[  302514ms] [LOG] [DEBUG] Renderizando celda: {columnId: activo, isReference: undefined, value: Object} @ http://localhost:3000/_next/static/chunks/11hm_next_dist_0m6rgog._.js:2441
[  302514ms] [LOG] [DEBUG] Renderizando celda: {columnId: activo, isReference: undefined, value: Object} @ http://localhost:3000/_next/static/chunks/11hm_next_dist_0m6rgog._.js:2441
[  302516ms] [LOG] [DEBUG] Renderizando celda: {columnId: id, isReference: undefined, value: Object} @ http://localhost:3000/_next/static/chunks/11hm_next_dist_0m6rgog._.js:2441
[  302516ms] [LOG] [DEBUG] Renderizando celda: {columnId: id, isReference: undefined, value: Object} @ http://localhost:3000/_next/static/chunks/11hm_next_dist_0m6rgog._.js:2441
[  302517ms] [LOG] [DEBUG] Renderizando celda: {columnId: nombre, isReference: undefined, value: Object} @ http://localhost:3000/_next/static/chunks/11hm_next_dist_0m6rgog._.js:2441
[  302517ms] [LOG] [DEBUG] Renderizando celda: {columnId: nombre, isReference: undefined, value: Object} @ http://localhost:3000/_next/static/chunks/11hm_next_dist_0m6rgog._.js:2441
[  302517ms] [LOG] [DEBUG] Renderizando celda: {columnId: email, isReference: undefined, value: Object} @ http://localhost:3000/_next/static/chunks/11hm_next_dist_0m6rgog._.js:2441
[  302517ms] [LOG] [DEBUG] Renderizando celda: {columnId: email, isReference: undefined, value: Object} @ http://localhost:3000/_next/static/chunks/11hm_next_dist_0m6rgog._.js:2441
[  302517ms] [LOG] [DEBUG] Renderizando celda: {columnId: telefono, isReference: undefined, value: Object} @ http://localhost:3000/_next/static/chunks/11hm_next_dist_0m6rgog._.js:2441
[  302517ms] [LOG] [DEBUG] Renderizando celda: {columnId: telefono, isReference: undefined, value: Object} @ http://localhost:3000/_next/static/chunks/11hm_next_dist_0m6rgog._.js:2441
[  302517ms] [LOG] [DEBUG] Renderizando celda: {columnId: ciudad, isReference: undefined, value: Object} @ http://localhost:3000/_next/static/chunks/11hm_next_dist_0m6rgog._.js:2441
[  302517ms] [LOG] [DEBUG] Renderizando celda: {columnId: ciudad, isReference: undefined, value: Object} @ http://localhost:3000/_next/static/chunks/11hm_next_dist_0m6rgog._.js:2441
[  302517ms] [LOG] [DEBUG] Renderizando celda: {columnId: rol, isReference: undefined, value: Object} @ http://localhost:3000/_next/static/chunks/11hm_next_dist_0m6rgog._.js:2441
[  302517ms] [LOG] [DEBUG] Renderizando celda: {columnId: rol, isReference: undefined, value: Object} @ http://localhost:3000/_next/static/chunks/11hm_next_dist_0m6rgog._.js:2441
[  302517ms] [LOG] [DEBUG] Renderizando celda: {columnId: estado, isReference: undefined, value: Object} @ http://localhost:3000/_next/static/chunks/11hm_next_dist_0m6rgog._.js:2441
[  302517ms] [LOG] [DEBUG] Renderizando celda: {columnId: estado, isReference: undefined, value: Object} @ http://localhost:3000/_next/static/chunks/11hm_next_dist_0m6rgog._.js:2441
[  302517ms] [LOG] [DEBUG] Renderizando celda: {columnId: fechaRegistro, isReference: undefined, value: Object} @ http://localhost:3000/_next/static/chunks/11hm_next_dist_0m6rgog._.js:2441
[  302517ms] [LOG] [DEBUG] Renderizando celda: {columnId: fechaRegistro, isReference: undefined, value: Object} @ http://localhost:3000/_next/static/chunks/11hm_next_dist_0m6rgog._.js:2441
[  302517ms] [LOG] [DEBUG] Renderizando celda: {columnId: ultimoContacto, isReference: undefined, value: Object} @ http://localhost:3000/_next/static/chunks/11hm_next_dist_0m6rgog._.js:2441
[  302517ms] [LOG] [DEBUG] Renderizando celda: {columnId: ultimoContacto, isReference: undefined, value: Object} @ http://localhost:3000/_next/static/chunks/11hm_next_dist_0m6rgog._.js:2441
[  302517ms] [LOG] [DEBUG] Renderizando celda: {columnId: valorTotal, isReference: undefined, value: Object} @ http://localhost:3000/_next/static/chunks/11hm_next_dist_0m6rgog._.js:2441
[  302517ms] [LOG] [DEBUG] Renderizando celda: {columnId: valorTotal, isReference: undefined, value: Object} @ http://localhost:3000/_next/static/chunks/11hm_next_dist_0m6rgog._.js:2441
[  302518ms] [LOG] [DEBUG] Renderizando celda: {columnId: satisfaccion, isReference: undefined, value: Object} @ http://localhost:3000/_next/static/chunks/11hm_next_dist_0m6rgog._.js:2441
[  302518ms] [LOG] [DEBUG] Renderizando celda: {columnId: satisfaccion, isReference: undefined, value: Object} @ http://localhost:3000/_next/static/chunks/11hm_next_dist_0m6rgog._.js:2441
[  302518ms] [LOG] [DEBUG] Renderizando celda: {columnId: activo, isReference: undefined, value: Object} @ http://localhost:3000/_next/static/chunks/11hm_next_dist_0m6rgog._.js:2441
[  302518ms] [LOG] [DEBUG] Renderizando celda: {columnId: activo, isReference: undefined, value: Object} @ http://localhost:3000/_next/static/chunks/11hm_next_dist_0m6rgog._.js:2441
[  302518ms] [LOG] [DEBUG] Renderizando celda: {columnId: id, isReference: undefined, value: Object} @ http://localhost:3000/_next/static/chunks/11hm_next_dist_0m6rgog._.js:2441
[  302518ms] [LOG] [DEBUG] Renderizando celda: {columnId: id, isReference: undefined, value: Object} @ http://localhost:3000/_next/static/chunks/11hm_next_dist_0m6rgog._.js:2441
[  302518ms] [LOG] [DEBUG] Renderizando celda: {columnId: nombre, isReference: undefined, value: Object} @ http://localhost:3000/_next/static/chunks/11hm_next_dist_0m6rgog._.js:2441
[  302518ms] [LOG] [DEBUG] Renderizando celda: {columnId: nombre, isReference: undefined, value: Object} @ http://localhost:3000/_next/static/chunks/11hm_next_dist_0m6rgog._.js:2441
[  302519ms] [LOG] [DEBUG] Renderizando celda: {columnId: email, isReference: undefined, value: Object} @ http://localhost:3000/_next/static/chunks/11hm_next_dist_0m6rgog._.js:2441
[  302519ms] [LOG] [DEBUG] Renderizando celda: {columnId: email, isReference: undefined, value: Object} @ http://localhost:3000/_next/static/chunks/11hm_next_dist_0m6rgog._.js:2441
[  302519ms] [LOG] [DEBUG] Renderizando celda: {columnId: telefono, isReference: undefined, value: Object} @ http://localhost:3000/_next/static/chunks/11hm_next_dist_0m6rgog._.js:2441
[  302519ms] [LOG] [DEBUG] Renderizando celda: {columnId: telefono, isReference: undefined, value: Object} @ http://localhost:3000/_next/static/chunks/11hm_next_dist_0m6rgog._.js:2441
[  302519ms] [LOG] [DEBUG] Renderizando celda: {columnId: ciudad, isReference: undefined, value: Object} @ http://localhost:3000/_next/static/chunks/11hm_next_dist_0m6rgog._.js:2441
[  302519ms] [LOG] [DEBUG] Renderizando celda: {columnId: ciudad, isReference: undefined, value: Object} @ http://localhost:3000/_next/static/chunks/11hm_next_dist_0m6rgog._.js:2441
[  302519ms] [LOG] [DEBUG] Renderizando celda: {columnId: rol, isReference: undefined, value: Object} @ http://localhost:3000/_next/static/chunks/11hm_next_dist_0m6rgog._.js:2441
[  302519ms] [LOG] [DEBUG] Renderizando celda: {columnId: rol, isReference: undefined, value: Object} @ http://localhost:3000/_next/static/chunks/11hm_next_dist_0m6rgog._.js:2441
[  302519ms] [LOG] [DEBUG] Renderizando celda: {columnId: estado, isReference: undefined, value: Object} @ http://localhost:3000/_next/static/chunks/11hm_next_dist_0m6rgog._.js:2441
[  302519ms] [LOG] [DEBUG] Renderizando celda: {columnId: estado, isReference: undefined, value: Object} @ http://localhost:3000/_next/static/chunks/11hm_next_dist_0m6rgog._.js:2441
[  302519ms] [LOG] [DEBUG] Renderizando celda: {columnId: fechaRegistro, isReference: undefined, value: Object} @ http://localhost:3000/_next/static/chunks/11hm_next_dist_0m6rgog._.js:2441
[  302519ms] [LOG] [DEBUG] Renderizando celda: {columnId: fechaRegistro, isReference: undefined, value: Object} @ http://localhost:3000/_next/static/chunks/11hm_next_dist_0m6rgog._.js:2441
[  302519ms] [LOG] [DEBUG] Renderizando celda: {columnId: ultimoContacto, isReference: undefined, value: Object} @ http://localhost:3000/_next/static/chunks/11hm_next_dist_0m6rgog._.js:2441
[  302519ms] [LOG] [DEBUG] Renderizando celda: {columnId: ultimoContacto, isReference: undefined, value: Object} @ http://localhost:3000/_next/static/chunks/11hm_next_dist_0m6rgog._.js:2441
[  302519ms] [LOG] [DEBUG] Renderizando celda: {columnId: valorTotal, isReference: undefined, value: Object} @ http://localhost:3000/_next/static/chunks/11hm_next_dist_0m6rgog._.js:2441
[  302519ms] [LOG] [DEBUG] Renderizando celda: {columnId: valorTotal, isReference: undefined, value: Object} @ http://localhost:3000/_next/static/chunks/11hm_next_dist_0m6rgog._.js:2441
[  302519ms] [LOG] [DEBUG] Renderizando celda: {columnId: satisfaccion, isReference: undefined, value: Object} @ http://localhost:3000/_next/static/chunks/11hm_next_dist_0m6rgog._.js:2441
[  302519ms] [LOG] [DEBUG] Renderizando celda: {columnId: satisfaccion, isReference: undefined, value: Object} @ http://localhost:3000/_next/static/chunks/11hm_next_dist_0m6rgog._.js:2441
[  302520ms] [LOG] [DEBUG] Renderizando celda: {columnId: activo, isReference: undefined, value: Object} @ http://localhost:3000/_next/static/chunks/11hm_next_dist_0m6rgog._.js:2441
[  302520ms] [LOG] [DEBUG] Renderizando celda: {columnId: activo, isReference: undefined, value: Object} @ http://localhost:3000/_next/static/chunks/11hm_next_dist_0m6rgog._.js:2441
[  302520ms] [LOG] [DEBUG] Renderizando SecondaryTables: {level: 0, parentId: undefined, isLoading: false, arrayColumnsCount: 0, arrayColumns: Array(0)} @ http://localhost:3000/_next/static/chunks/11hm_next_dist_0m6rgog._.js:2441
[  302520ms] [LOG] [DEBUG] Renderizando SecondaryTables: {level: 0, parentId: undefined, isLoading: false, arrayColumnsCount: 0, arrayColumns: Array(0)} @ http://localhost:3000/_next/static/chunks/11hm_next_dist_0m6rgog._.js:2441
