[     693ms] [LOG] %c Console Ninja extension is connected to Next.js browser, background: rgb(30,30,30); color: rgb(255,213,92) see https://tinyurl.com/2vt8jxzw for more info. @ :0
[     695ms] [INFO] %cDownload the React DevTools for a better development experience: https://react.dev/link/react-devtools font-weight:bold @ http://localhost:3000/_next/static/chunks/11hm_next_dist_0m6rgog._.js:2441
[     705ms] [LOG] [HMR] connected @ http://localhost:3000/_next/static/chunks/11hm_next_dist_0m6rgog._.js:2441
[     787ms] [LOG] [DEBUG] Iniciando procesamiento por lotes: {totalRows: 25, sampleSize: 100} @ http://localhost:3000/_next/static/chunks/11hm_next_dist_0m6rgog._.js:2441
[     787ms] [LOG] [DEBUG] Iniciando análisis de tipos por columna... @ http://localhost:3000/_next/static/chunks/11hm_next_dist_0m6rgog._.js:2441
[     787ms] [LOG] [DEBUG] Analizando columna: id {totalValores: 25, sampleSize: 25} @ http://localhost:3000/_next/static/chunks/11hm_next_dist_0m6rgog._.js:2441
[     788ms] [LOG] [DEBUG] Tipo inferido para id: {type: number, normalizer: } @ http://localhost:3000/_next/static/chunks/11hm_next_dist_0m6rgog._.js:2441
[     788ms] [LOG] [DEBUG] Analizando columna: nombre {totalValores: 25, sampleSize: 25} @ http://localhost:3000/_next/static/chunks/11hm_next_dist_0m6rgog._.js:2441
[     789ms] [LOG] [DEBUG] Columna nombre: Tratando como string por defecto @ http://localhost:3000/_next/static/chunks/11hm_next_dist_0m6rgog._.js:2441
[     789ms] [LOG] [DEBUG] Tipo inferido para nombre: {type: string, normalizer: } @ http://localhost:3000/_next/static/chunks/11hm_next_dist_0m6rgog._.js:2441
[     789ms] [LOG] [DEBUG] Analizando columna: email {totalValores: 25, sampleSize: 25} @ http://localhost:3000/_next/static/chunks/11hm_next_dist_0m6rgog._.js:2441
[     789ms] [LOG] [DEBUG] Columna email: Tratando como string por defecto @ http://localhost:3000/_next/static/chunks/11hm_next_dist_0m6rgog._.js:2441
[     789ms] [LOG] [DEBUG] Tipo inferido para email: {type: string, normalizer: } @ http://localhost:3000/_next/static/chunks/11hm_next_dist_0m6rgog._.js:2441
[     789ms] [LOG] [DEBUG] Analizando columna: telefono {totalValores: 25, sampleSize: 25} @ http://localhost:3000/_next/static/chunks/11hm_next_dist_0m6rgog._.js:2441
[     789ms] [LOG] [DEBUG] Columna telefono: Tratando como string por defecto @ http://localhost:3000/_next/static/chunks/11hm_next_dist_0m6rgog._.js:2441
[     789ms] [LOG] [DEBUG] Tipo inferido para telefono: {type: string, normalizer: } @ http://localhost:3000/_next/static/chunks/11hm_next_dist_0m6rgog._.js:2441
[     789ms] [LOG] [DEBUG] Analizando columna: ciudad {totalValores: 25, sampleSize: 25} @ http://localhost:3000/_next/static/chunks/11hm_next_dist_0m6rgog._.js:2441
[     789ms] [LOG] [DEBUG] Columna ciudad: Tratando como string por defecto @ http://localhost:3000/_next/static/chunks/11hm_next_dist_0m6rgog._.js:2441
[     789ms] [LOG] [DEBUG] Tipo inferido para ciudad: {type: string, normalizer: } @ http://localhost:3000/_next/static/chunks/11hm_next_dist_0m6rgog._.js:2441
[     789ms] [LOG] [DEBUG] Analizando columna: rol {totalValores: 25, sampleSize: 25} @ http://localhost:3000/_next/static/chunks/11hm_next_dist_0m6rgog._.js:2441
[     789ms] [LOG] [DEBUG] Columna rol: Tratando como string por defecto @ http://localhost:3000/_next/static/chunks/11hm_next_dist_0m6rgog._.js:2441
[     790ms] [LOG] [DEBUG] Tipo inferido para rol: {type: string, normalizer: } @ http://localhost:3000/_next/static/chunks/11hm_next_dist_0m6rgog._.js:2441
[     790ms] [LOG] [DEBUG] Analizando columna: estado {totalValores: 25, sampleSize: 25} @ http://localhost:3000/_next/static/chunks/11hm_next_dist_0m6rgog._.js:2441
[     790ms] [LOG] [DEBUG] Columna estado: Tratando como string por defecto @ http://localhost:3000/_next/static/chunks/11hm_next_dist_0m6rgog._.js:2441
[     790ms] [LOG] [DEBUG] Tipo inferido para estado: {type: string, normalizer: } @ http://localhost:3000/_next/static/chunks/11hm_next_dist_0m6rgog._.js:2441
[     790ms] [LOG] [DEBUG] Analizando columna: fechaRegistro {totalValores: 25, sampleSize: 25} @ http://localhost:3000/_next/static/chunks/11hm_next_dist_0m6rgog._.js:2441
[     790ms] [LOG] [DEBUG] Análisis de fechas para fechaRegistro: {total: 25, compatibles: 25, porcentaje: 100.00%, umbral: 30.00%} @ http://localhost:3000/_next/static/chunks/11hm_next_dist_0m6rgog._.js:2441
[     790ms] [LOG] [DEBUG] Columna fechaRegistro: Detectado tipo fecha (confidence: 1.00) @ http://localhost:3000/_next/static/chunks/11hm_next_dist_0m6rgog._.js:2441
[     790ms] [LOG] [DEBUG] Tipo inferido para fechaRegistro: {type: date, normalizer: } @ http://localhost:3000/_next/static/chunks/11hm_next_dist_0m6rgog._.js:2441
[     790ms] [LOG] [DEBUG] Analizando columna: ultimoContacto {totalValores: 25, sampleSize: 25} @ http://localhost:3000/_next/static/chunks/11hm_next_dist_0m6rgog._.js:2441
[     790ms] [LOG] [DEBUG] Análisis de fechas para ultimoContacto: {total: 25, compatibles: 25, porcentaje: 100.00%, umbral: 70.00%} @ http://localhost:3000/_next/static/chunks/11hm_next_dist_0m6rgog._.js:2441
[     790ms] [LOG] [DEBUG] Columna ultimoContacto: Detectado tipo fecha (confidence: 1.00) @ http://localhost:3000/_next/static/chunks/11hm_next_dist_0m6rgog._.js:2441
[     790ms] [LOG] [DEBUG] Tipo inferido para ultimoContacto: {type: date, normalizer: } @ http://localhost:3000/_next/static/chunks/11hm_next_dist_0m6rgog._.js:2441
[     791ms] [LOG] [DEBUG] Analizando columna: valorTotal {totalValores: 25, sampleSize: 25} @ http://localhost:3000/_next/static/chunks/11hm_next_dist_0m6rgog._.js:2441
[     791ms] [LOG] [DEBUG] Columna valorTotal: Tratando como string para valores numéricos específicos @ http://localhost:3000/_next/static/chunks/11hm_next_dist_0m6rgog._.js:2441
[     791ms] [LOG] [DEBUG] Tipo inferido para valorTotal: {type: string, normalizer: } @ http://localhost:3000/_next/static/chunks/11hm_next_dist_0m6rgog._.js:2441
[     791ms] [LOG] [DEBUG] Analizando columna: satisfaccion {totalValores: 25, sampleSize: 25} @ http://localhost:3000/_next/static/chunks/11hm_next_dist_0m6rgog._.js:2441
[     791ms] [LOG] [DEBUG] Tipo inferido para satisfaccion: {type: number, normalizer: } @ http://localhost:3000/_next/static/chunks/11hm_next_dist_0m6rgog._.js:2441
[     791ms] [LOG] [DEBUG] Analizando columna: activo {totalValores: 25, sampleSize: 25} @ http://localhost:3000/_next/static/chunks/11hm_next_dist_0m6rgog._.js:2441
[     791ms] [LOG] [DEBUG] Tipo inferido para activo: {type: boolean, normalizer: } @ http://localhost:3000/_next/static/chunks/11hm_next_dist_0m6rgog._.js:2441
[     791ms] [LOG] [DEBUG] Procesando fila 0/25 @ http://localhost:3000/_next/static/chunks/11hm_next_dist_0m6rgog._.js:2441
[     794ms] [LOG] [DEBUG] Iniciando procesamiento por lotes: {totalRows: 25, sampleSize: 100} @ http://localhost:3000/_next/static/chunks/11hm_next_dist_0m6rgog._.js:2441
[     794ms] [LOG] [DEBUG] Iniciando análisis de tipos por columna... @ http://localhost:3000/_next/static/chunks/11hm_next_dist_0m6rgog._.js:2441
[     794ms] [LOG] [DEBUG] Analizando columna: id {totalValores: 25, sampleSize: 25} @ http://localhost:3000/_next/static/chunks/11hm_next_dist_0m6rgog._.js:2441
[     795ms] [LOG] [DEBUG] Tipo inferido para id: {type: number, normalizer: } @ http://localhost:3000/_next/static/chunks/11hm_next_dist_0m6rgog._.js:2441
[     795ms] [LOG] [DEBUG] Analizando columna: nombre {totalValores: 25, sampleSize: 25} @ http://localhost:3000/_next/static/chunks/11hm_next_dist_0m6rgog._.js:2441
[     795ms] [LOG] [DEBUG] Tipo inferido para nombre: {type: string, normalizer: } @ http://localhost:3000/_next/static/chunks/11hm_next_dist_0m6rgog._.js:2441
[     795ms] [LOG] [DEBUG] Analizando columna: email {totalValores: 25, sampleSize: 25} @ http://localhost:3000/_next/static/chunks/11hm_next_dist_0m6rgog._.js:2441
[     795ms] [LOG] [DEBUG] Tipo inferido para email: {type: string, normalizer: } @ http://localhost:3000/_next/static/chunks/11hm_next_dist_0m6rgog._.js:2441
[     795ms] [LOG] [DEBUG] Analizando columna: telefono {totalValores: 25, sampleSize: 25} @ http://localhost:3000/_next/static/chunks/11hm_next_dist_0m6rgog._.js:2441
[     795ms] [LOG] [DEBUG] Tipo inferido para telefono: {type: string, normalizer: } @ http://localhost:3000/_next/static/chunks/11hm_next_dist_0m6rgog._.js:2441
[     795ms] [LOG] [DEBUG] Analizando columna: ciudad {totalValores: 25, sampleSize: 25} @ http://localhost:3000/_next/static/chunks/11hm_next_dist_0m6rgog._.js:2441
[     795ms] [LOG] [DEBUG] Tipo inferido para ciudad: {type: string, normalizer: } @ http://localhost:3000/_next/static/chunks/11hm_next_dist_0m6rgog._.js:2441
[     795ms] [LOG] [DEBUG] Analizando columna: rol {totalValores: 25, sampleSize: 25} @ http://localhost:3000/_next/static/chunks/11hm_next_dist_0m6rgog._.js:2441
[     795ms] [LOG] [DEBUG] Tipo inferido para rol: {type: string, normalizer: } @ http://localhost:3000/_next/static/chunks/11hm_next_dist_0m6rgog._.js:2441
[     795ms] [LOG] [DEBUG] Analizando columna: estado {totalValores: 25, sampleSize: 25} @ http://localhost:3000/_next/static/chunks/11hm_next_dist_0m6rgog._.js:2441
[     795ms] [LOG] [DEBUG] Tipo inferido para estado: {type: string, normalizer: } @ http://localhost:3000/_next/static/chunks/11hm_next_dist_0m6rgog._.js:2441
[     795ms] [LOG] [DEBUG] Analizando columna: fechaRegistro {totalValores: 25, sampleSize: 25} @ http://localhost:3000/_next/static/chunks/11hm_next_dist_0m6rgog._.js:2441
[     796ms] [LOG] [DEBUG] Tipo inferido para fechaRegistro: {type: date, normalizer: } @ http://localhost:3000/_next/static/chunks/11hm_next_dist_0m6rgog._.js:2441
[     796ms] [LOG] [DEBUG] Analizando columna: ultimoContacto {totalValores: 25, sampleSize: 25} @ http://localhost:3000/_next/static/chunks/11hm_next_dist_0m6rgog._.js:2441
[     796ms] [LOG] [DEBUG] Tipo inferido para ultimoContacto: {type: date, normalizer: } @ http://localhost:3000/_next/static/chunks/11hm_next_dist_0m6rgog._.js:2441
[     796ms] [LOG] [DEBUG] Analizando columna: valorTotal {totalValores: 25, sampleSize: 25} @ http://localhost:3000/_next/static/chunks/11hm_next_dist_0m6rgog._.js:2441
[     796ms] [LOG] [DEBUG] Tipo inferido para valorTotal: {type: string, normalizer: } @ http://localhost:3000/_next/static/chunks/11hm_next_dist_0m6rgog._.js:2441
[     796ms] [LOG] [DEBUG] Analizando columna: satisfaccion {totalValores: 25, sampleSize: 25} @ http://localhost:3000/_next/static/chunks/11hm_next_dist_0m6rgog._.js:2441
[     796ms] [LOG] [DEBUG] Tipo inferido para satisfaccion: {type: number, normalizer: } @ http://localhost:3000/_next/static/chunks/11hm_next_dist_0m6rgog._.js:2441
[     796ms] [LOG] [DEBUG] Analizando columna: activo {totalValores: 25, sampleSize: 25} @ http://localhost:3000/_next/static/chunks/11hm_next_dist_0m6rgog._.js:2441
[     796ms] [LOG] [DEBUG] Tipo inferido para activo: {type: boolean, normalizer: } @ http://localhost:3000/_next/static/chunks/11hm_next_dist_0m6rgog._.js:2441
[     796ms] [LOG] [DEBUG] Procesando fila 0/25 @ http://localhost:3000/_next/static/chunks/11hm_next_dist_0m6rgog._.js:2441
[     798ms] [LOG] [DEBUG] Creando definicion de columna: {columnId: id, isReference: false, type: number, path: Array(1)} @ http://localhost:3000/_next/static/chunks/11hm_next_dist_0m6rgog._.js:2441
[     798ms] [LOG] [DEBUG] Creando definicion de columna: {columnId: nombre, isReference: false, type: string, path: Array(1)} @ http://localhost:3000/_next/static/chunks/11hm_next_dist_0m6rgog._.js:2441
[     799ms] [LOG] [DEBUG] Creando definicion de columna: {columnId: email, isReference: false, type: string, path: Array(1)} @ http://localhost:3000/_next/static/chunks/11hm_next_dist_0m6rgog._.js:2441
[     799ms] [LOG] [DEBUG] Creando definicion de columna: {columnId: telefono, isReference: false, type: string, path: Array(1)} @ http://localhost:3000/_next/static/chunks/11hm_next_dist_0m6rgog._.js:2441
[     799ms] [LOG] [DEBUG] Creando definicion de columna: {columnId: ciudad, isReference: false, type: string, path: Array(1)} @ http://localhost:3000/_next/static/chunks/11hm_next_dist_0m6rgog._.js:2441
[     799ms] [LOG] [DEBUG] Creando definicion de columna: {columnId: rol, isReference: false, type: string, path: Array(1)} @ http://localhost:3000/_next/static/chunks/11hm_next_dist_0m6rgog._.js:2441
[     799ms] [LOG] [DEBUG] Creando definicion de columna: {columnId: estado, isReference: false, type: string, path: Array(1)} @ http://localhost:3000/_next/static/chunks/11hm_next_dist_0m6rgog._.js:2441
[     799ms] [LOG] [DEBUG] Creando definicion de columna: {columnId: fechaRegistro, isReference: false, type: date, path: Array(1)} @ http://localhost:3000/_next/static/chunks/11hm_next_dist_0m6rgog._.js:2441
[     799ms] [LOG] [DEBUG] Creando definicion de columna: {columnId: ultimoContacto, isReference: false, type: date, path: Array(1)} @ http://localhost:3000/_next/static/chunks/11hm_next_dist_0m6rgog._.js:2441
[     799ms] [LOG] [DEBUG] Creando definicion de columna: {columnId: valorTotal, isReference: false, type: string, path: Array(1)} @ http://localhost:3000/_next/static/chunks/11hm_next_dist_0m6rgog._.js:2441
[     799ms] [LOG] [DEBUG] Creando definicion de columna: {columnId: satisfaccion, isReference: false, type: number, path: Array(1)} @ http://localhost:3000/_next/static/chunks/11hm_next_dist_0m6rgog._.js:2441
[     799ms] [LOG] [DEBUG] Creando definicion de columna: {columnId: activo, isReference: false, type: boolean, path: Array(1)} @ http://localhost:3000/_next/static/chunks/11hm_next_dist_0m6rgog._.js:2441
[     799ms] [LOG] [DEBUG] Creando definicion de columna: {columnId: id, isReference: false, type: number, path: Array(1)} @ http://localhost:3000/_next/static/chunks/11hm_next_dist_0m6rgog._.js:2441
[     799ms] [LOG] [DEBUG] Creando definicion de columna: {columnId: nombre, isReference: false, type: string, path: Array(1)} @ http://localhost:3000/_next/static/chunks/11hm_next_dist_0m6rgog._.js:2441
[     799ms] [LOG] [DEBUG] Creando definicion de columna: {columnId: email, isReference: false, type: string, path: Array(1)} @ http://localhost:3000/_next/static/chunks/11hm_next_dist_0m6rgog._.js:2441
[     799ms] [LOG] [DEBUG] Creando definicion de columna: {columnId: telefono, isReference: false, type: string, path: Array(1)} @ http://localhost:3000/_next/static/chunks/11hm_next_dist_0m6rgog._.js:2441
[     800ms] [LOG] [DEBUG] Creando definicion de columna: {columnId: ciudad, isReference: false, type: string, path: Array(1)} @ http://localhost:3000/_next/static/chunks/11hm_next_dist_0m6rgog._.js:2441
[     800ms] [LOG] [DEBUG] Creando definicion de columna: {columnId: rol, isReference: false, type: string, path: Array(1)} @ http://localhost:3000/_next/static/chunks/11hm_next_dist_0m6rgog._.js:2441
[     800ms] [LOG] [DEBUG] Creando definicion de columna: {columnId: estado, isReference: false, type: string, path: Array(1)} @ http://localhost:3000/_next/static/chunks/11hm_next_dist_0m6rgog._.js:2441
[     800ms] [LOG] [DEBUG] Creando definicion de columna: {columnId: fechaRegistro, isReference: false, type: date, path: Array(1)} @ http://localhost:3000/_next/static/chunks/11hm_next_dist_0m6rgog._.js:2441
[     800ms] [LOG] [DEBUG] Creando definicion de columna: {columnId: ultimoContacto, isReference: false, type: date, path: Array(1)} @ http://localhost:3000/_next/static/chunks/11hm_next_dist_0m6rgog._.js:2441
[     800ms] [LOG] [DEBUG] Creando definicion de columna: {columnId: valorTotal, isReference: false, type: string, path: Array(1)} @ http://localhost:3000/_next/static/chunks/11hm_next_dist_0m6rgog._.js:2441
[     800ms] [LOG] [DEBUG] Creando definicion de columna: {columnId: satisfaccion, isReference: false, type: number, path: Array(1)} @ http://localhost:3000/_next/static/chunks/11hm_next_dist_0m6rgog._.js:2441
[     800ms] [LOG] [DEBUG] Creando definicion de columna: {columnId: activo, isReference: false, type: boolean, path: Array(1)} @ http://localhost:3000/_next/static/chunks/11hm_next_dist_0m6rgog._.js:2441
[     800ms] [LOG] [DEBUG] Pinned column not in base order, adding: {pinnedColumnId: index, baseOrder: Array(0), result: Array(1)} @ http://localhost:3000/_next/static/chunks/11hm_next_dist_0m6rgog._.js:2441
[     801ms] [LOG] [DEBUG] Pinned column not in base order, adding: {pinnedColumnId: index, baseOrder: Array(0), result: Array(1)} @ http://localhost:3000/_next/static/chunks/11hm_next_dist_0m6rgog._.js:2441
[     809ms] [LOG] [DEBUG] Pinned column not in base order, adding: {pinnedColumnId: index, baseOrder: Array(0), result: Array(1)} @ http://localhost:3000/_next/static/chunks/11hm_next_dist_0m6rgog._.js:2441
[     809ms] [LOG] [DEBUG] Pinned column not in base order, adding: {pinnedColumnId: index, baseOrder: Array(0), result: Array(1)} @ http://localhost:3000/_next/static/chunks/11hm_next_dist_0m6rgog._.js:2441
[     863ms] [ERROR] Encountered a script tag while rendering React component. Scripts inside React components are never executed when rendering on the client. Consider using template tag instead (https://developer.mozilla.org/en-US/docs/Web/HTML/Element/template). @ :0
[     866ms] [LOG] [DEBUG] Iniciando procesamiento por lotes: {totalRows: 25, sampleSize: 100} @ http://localhost:3000/_next/static/chunks/11hm_next_dist_0m6rgog._.js:2441
[     866ms] [LOG] [DEBUG] Iniciando análisis de tipos por columna... @ http://localhost:3000/_next/static/chunks/11hm_next_dist_0m6rgog._.js:2441
[     866ms] [LOG] [DEBUG] Analizando columna: id {totalValores: 25, sampleSize: 25} @ http://localhost:3000/_next/static/chunks/11hm_next_dist_0m6rgog._.js:2441
[     866ms] [LOG] [DEBUG] Tipo inferido para id: {type: number, normalizer: } @ http://localhost:3000/_next/static/chunks/11hm_next_dist_0m6rgog._.js:2441
[     866ms] [LOG] [DEBUG] Analizando columna: nombre {totalValores: 25, sampleSize: 25} @ http://localhost:3000/_next/static/chunks/11hm_next_dist_0m6rgog._.js:2441
[     866ms] [LOG] [DEBUG] Tipo inferido para nombre: {type: string, normalizer: } @ http://localhost:3000/_next/static/chunks/11hm_next_dist_0m6rgog._.js:2441
[     866ms] [LOG] [DEBUG] Analizando columna: email {totalValores: 25, sampleSize: 25} @ http://localhost:3000/_next/static/chunks/11hm_next_dist_0m6rgog._.js:2441
[     866ms] [LOG] [DEBUG] Tipo inferido para email: {type: string, normalizer: } @ http://localhost:3000/_next/static/chunks/11hm_next_dist_0m6rgog._.js:2441
[     866ms] [LOG] [DEBUG] Analizando columna: telefono {totalValores: 25, sampleSize: 25} @ http://localhost:3000/_next/static/chunks/11hm_next_dist_0m6rgog._.js:2441
[     866ms] [LOG] [DEBUG] Tipo inferido para telefono: {type: string, normalizer: } @ http://localhost:3000/_next/static/chunks/11hm_next_dist_0m6rgog._.js:2441
[     866ms] [LOG] [DEBUG] Analizando columna: ciudad {totalValores: 25, sampleSize: 25} @ http://localhost:3000/_next/static/chunks/11hm_next_dist_0m6rgog._.js:2441
[     867ms] [LOG] [DEBUG] Tipo inferido para ciudad: {type: string, normalizer: } @ http://localhost:3000/_next/static/chunks/11hm_next_dist_0m6rgog._.js:2441
[     867ms] [LOG] [DEBUG] Analizando columna: rol {totalValores: 25, sampleSize: 25} @ http://localhost:3000/_next/static/chunks/11hm_next_dist_0m6rgog._.js:2441
[     867ms] [LOG] [DEBUG] Tipo inferido para rol: {type: string, normalizer: } @ http://localhost:3000/_next/static/chunks/11hm_next_dist_0m6rgog._.js:2441
[     867ms] [LOG] [DEBUG] Analizando columna: estado {totalValores: 25, sampleSize: 25} @ http://localhost:3000/_next/static/chunks/11hm_next_dist_0m6rgog._.js:2441
[     867ms] [LOG] [DEBUG] Tipo inferido para estado: {type: string, normalizer: } @ http://localhost:3000/_next/static/chunks/11hm_next_dist_0m6rgog._.js:2441
[     867ms] [LOG] [DEBUG] Analizando columna: fechaRegistro {totalValores: 25, sampleSize: 25} @ http://localhost:3000/_next/static/chunks/11hm_next_dist_0m6rgog._.js:2441
[     867ms] [LOG] [DEBUG] Tipo inferido para fechaRegistro: {type: date, normalizer: } @ http://localhost:3000/_next/static/chunks/11hm_next_dist_0m6rgog._.js:2441
[     867ms] [LOG] [DEBUG] Analizando columna: ultimoContacto {totalValores: 25, sampleSize: 25} @ http://localhost:3000/_next/static/chunks/11hm_next_dist_0m6rgog._.js:2441
[     867ms] [LOG] [DEBUG] Tipo inferido para ultimoContacto: {type: date, normalizer: } @ http://localhost:3000/_next/static/chunks/11hm_next_dist_0m6rgog._.js:2441
[     867ms] [LOG] [DEBUG] Analizando columna: valorTotal {totalValores: 25, sampleSize: 25} @ http://localhost:3000/_next/static/chunks/11hm_next_dist_0m6rgog._.js:2441
[     867ms] [LOG] [DEBUG] Tipo inferido para valorTotal: {type: string, normalizer: } @ http://localhost:3000/_next/static/chunks/11hm_next_dist_0m6rgog._.js:2441
[     867ms] [LOG] [DEBUG] Analizando columna: satisfaccion {totalValores: 25, sampleSize: 25} @ http://localhost:3000/_next/static/chunks/11hm_next_dist_0m6rgog._.js:2441
[     867ms] [LOG] [DEBUG] Tipo inferido para satisfaccion: {type: number, normalizer: } @ http://localhost:3000/_next/static/chunks/11hm_next_dist_0m6rgog._.js:2441
[     867ms] [LOG] [DEBUG] Analizando columna: activo {totalValores: 25, sampleSize: 25} @ http://localhost:3000/_next/static/chunks/11hm_next_dist_0m6rgog._.js:2441
[     867ms] [LOG] [DEBUG] Tipo inferido para activo: {type: boolean, normalizer: } @ http://localhost:3000/_next/static/chunks/11hm_next_dist_0m6rgog._.js:2441
[     868ms] [LOG] [DEBUG] Procesando fila 0/25 @ http://localhost:3000/_next/static/chunks/11hm_next_dist_0m6rgog._.js:2441
[     869ms] [LOG] [DEBUG] Iniciando procesamiento por lotes: {totalRows: 25, sampleSize: 100} @ http://localhost:3000/_next/static/chunks/11hm_next_dist_0m6rgog._.js:2441
[     869ms] [LOG] [DEBUG] Iniciando análisis de tipos por columna... @ http://localhost:3000/_next/static/chunks/11hm_next_dist_0m6rgog._.js:2441
[     869ms] [LOG] [DEBUG] Analizando columna: id {totalValores: 25, sampleSize: 25} @ http://localhost:3000/_next/static/chunks/11hm_next_dist_0m6rgog._.js:2441
[     869ms] [LOG] [DEBUG] Tipo inferido para id: {type: number, normalizer: } @ http://localhost:3000/_next/static/chunks/11hm_next_dist_0m6rgog._.js:2441
[     870ms] [LOG] [DEBUG] Analizando columna: nombre {totalValores: 25, sampleSize: 25} @ http://localhost:3000/_next/static/chunks/11hm_next_dist_0m6rgog._.js:2441
[     870ms] [LOG] [DEBUG] Tipo inferido para nombre: {type: string, normalizer: } @ http://localhost:3000/_next/static/chunks/11hm_next_dist_0m6rgog._.js:2441
[     870ms] [LOG] [DEBUG] Analizando columna: email {totalValores: 25, sampleSize: 25} @ http://localhost:3000/_next/static/chunks/11hm_next_dist_0m6rgog._.js:2441
[     870ms] [LOG] [DEBUG] Tipo inferido para email: {type: string, normalizer: } @ http://localhost:3000/_next/static/chunks/11hm_next_dist_0m6rgog._.js:2441
[     870ms] [LOG] [DEBUG] Analizando columna: telefono {totalValores: 25, sampleSize: 25} @ http://localhost:3000/_next/static/chunks/11hm_next_dist_0m6rgog._.js:2441
[     870ms] [LOG] [DEBUG] Tipo inferido para telefono: {type: string, normalizer: } @ http://localhost:3000/_next/static/chunks/11hm_next_dist_0m6rgog._.js:2441
[     870ms] [LOG] [DEBUG] Analizando columna: ciudad {totalValores: 25, sampleSize: 25} @ http://localhost:3000/_next/static/chunks/11hm_next_dist_0m6rgog._.js:2441
[     870ms] [LOG] [DEBUG] Tipo inferido para ciudad: {type: string, normalizer: } @ http://localhost:3000/_next/static/chunks/11hm_next_dist_0m6rgog._.js:2441
[     870ms] [LOG] [DEBUG] Analizando columna: rol {totalValores: 25, sampleSize: 25} @ http://localhost:3000/_next/static/chunks/11hm_next_dist_0m6rgog._.js:2441
[     870ms] [LOG] [DEBUG] Tipo inferido para rol: {type: string, normalizer: } @ http://localhost:3000/_next/static/chunks/11hm_next_dist_0m6rgog._.js:2441
[     870ms] [LOG] [DEBUG] Analizando columna: estado {totalValores: 25, sampleSize: 25} @ http://localhost:3000/_next/static/chunks/11hm_next_dist_0m6rgog._.js:2441
[     870ms] [LOG] [DEBUG] Tipo inferido para estado: {type: string, normalizer: } @ http://localhost:3000/_next/static/chunks/11hm_next_dist_0m6rgog._.js:2441
[     870ms] [LOG] [DEBUG] Analizando columna: fechaRegistro {totalValores: 25, sampleSize: 25} @ http://localhost:3000/_next/static/chunks/11hm_next_dist_0m6rgog._.js:2441
[     870ms] [LOG] [DEBUG] Tipo inferido para fechaRegistro: {type: date, normalizer: } @ http://localhost:3000/_next/static/chunks/11hm_next_dist_0m6rgog._.js:2441
[     870ms] [LOG] [DEBUG] Analizando columna: ultimoContacto {totalValores: 25, sampleSize: 25} @ http://localhost:3000/_next/static/chunks/11hm_next_dist_0m6rgog._.js:2441
[     870ms] [LOG] [DEBUG] Tipo inferido para ultimoContacto: {type: date, normalizer: } @ http://localhost:3000/_next/static/chunks/11hm_next_dist_0m6rgog._.js:2441
[     871ms] [LOG] [DEBUG] Analizando columna: valorTotal {totalValores: 25, sampleSize: 25} @ http://localhost:3000/_next/static/chunks/11hm_next_dist_0m6rgog._.js:2441
[     871ms] [LOG] [DEBUG] Tipo inferido para valorTotal: {type: string, normalizer: } @ http://localhost:3000/_next/static/chunks/11hm_next_dist_0m6rgog._.js:2441
[     871ms] [LOG] [DEBUG] Analizando columna: satisfaccion {totalValores: 25, sampleSize: 25} @ http://localhost:3000/_next/static/chunks/11hm_next_dist_0m6rgog._.js:2441
[     871ms] [LOG] [DEBUG] Tipo inferido para satisfaccion: {type: number, normalizer: } @ http://localhost:3000/_next/static/chunks/11hm_next_dist_0m6rgog._.js:2441
[     871ms] [LOG] [DEBUG] Analizando columna: activo {totalValores: 25, sampleSize: 25} @ http://localhost:3000/_next/static/chunks/11hm_next_dist_0m6rgog._.js:2441
[     871ms] [LOG] [DEBUG] Tipo inferido para activo: {type: boolean, normalizer: } @ http://localhost:3000/_next/static/chunks/11hm_next_dist_0m6rgog._.js:2441
[     871ms] [LOG] [DEBUG] Procesando fila 0/25 @ http://localhost:3000/_next/static/chunks/11hm_next_dist_0m6rgog._.js:2441
[     873ms] [LOG] [DEBUG] Creando definicion de columna: {columnId: id, isReference: false, type: number, path: Array(1)} @ http://localhost:3000/_next/static/chunks/11hm_next_dist_0m6rgog._.js:2441
[     873ms] [LOG] [DEBUG] Creando definicion de columna: {columnId: nombre, isReference: false, type: string, path: Array(1)} @ http://localhost:3000/_next/static/chunks/11hm_next_dist_0m6rgog._.js:2441
[     873ms] [LOG] [DEBUG] Creando definicion de columna: {columnId: email, isReference: false, type: string, path: Array(1)} @ http://localhost:3000/_next/static/chunks/11hm_next_dist_0m6rgog._.js:2441
[     873ms] [LOG] [DEBUG] Creando definicion de columna: {columnId: telefono, isReference: false, type: string, path: Array(1)} @ http://localhost:3000/_next/static/chunks/11hm_next_dist_0m6rgog._.js:2441
[     873ms] [LOG] [DEBUG] Creando definicion de columna: {columnId: ciudad, isReference: false, type: string, path: Array(1)} @ http://localhost:3000/_next/static/chunks/11hm_next_dist_0m6rgog._.js:2441
[     873ms] [LOG] [DEBUG] Creando definicion de columna: {columnId: rol, isReference: false, type: string, path: Array(1)} @ http://localhost:3000/_next/static/chunks/11hm_next_dist_0m6rgog._.js:2441
[     873ms] [LOG] [DEBUG] Creando definicion de columna: {columnId: estado, isReference: false, type: string, path: Array(1)} @ http://localhost:3000/_next/static/chunks/11hm_next_dist_0m6rgog._.js:2441
[     873ms] [LOG] [DEBUG] Creando definicion de columna: {columnId: fechaRegistro, isReference: false, type: date, path: Array(1)} @ http://localhost:3000/_next/static/chunks/11hm_next_dist_0m6rgog._.js:2441
[     873ms] [LOG] [DEBUG] Creando definicion de columna: {columnId: ultimoContacto, isReference: false, type: date, path: Array(1)} @ http://localhost:3000/_next/static/chunks/11hm_next_dist_0m6rgog._.js:2441
[     873ms] [LOG] [DEBUG] Creando definicion de columna: {columnId: valorTotal, isReference: false, type: string, path: Array(1)} @ http://localhost:3000/_next/static/chunks/11hm_next_dist_0m6rgog._.js:2441
[     873ms] [LOG] [DEBUG] Creando definicion de columna: {columnId: satisfaccion, isReference: false, type: number, path: Array(1)} @ http://localhost:3000/_next/static/chunks/11hm_next_dist_0m6rgog._.js:2441
[     873ms] [LOG] [DEBUG] Creando definicion de columna: {columnId: activo, isReference: false, type: boolean, path: Array(1)} @ http://localhost:3000/_next/static/chunks/11hm_next_dist_0m6rgog._.js:2441
[     873ms] [LOG] [DEBUG] Creando definicion de columna: {columnId: id, isReference: false, type: number, path: Array(1)} @ http://localhost:3000/_next/static/chunks/11hm_next_dist_0m6rgog._.js:2441
[     874ms] [LOG] [DEBUG] Creando definicion de columna: {columnId: nombre, isReference: false, type: string, path: Array(1)} @ http://localhost:3000/_next/static/chunks/11hm_next_dist_0m6rgog._.js:2441
[     874ms] [LOG] [DEBUG] Creando definicion de columna: {columnId: email, isReference: false, type: string, path: Array(1)} @ http://localhost:3000/_next/static/chunks/11hm_next_dist_0m6rgog._.js:2441
[     874ms] [LOG] [DEBUG] Creando definicion de columna: {columnId: telefono, isReference: false, type: string, path: Array(1)} @ http://localhost:3000/_next/static/chunks/11hm_next_dist_0m6rgog._.js:2441
[     874ms] [LOG] [DEBUG] Creando definicion de columna: {columnId: ciudad, isReference: false, type: string, path: Array(1)} @ http://localhost:3000/_next/static/chunks/11hm_next_dist_0m6rgog._.js:2441
[     874ms] [LOG] [DEBUG] Creando definicion de columna: {columnId: rol, isReference: false, type: string, path: Array(1)} @ http://localhost:3000/_next/static/chunks/11hm_next_dist_0m6rgog._.js:2441
[     874ms] [LOG] [DEBUG] Creando definicion de columna: {columnId: estado, isReference: false, type: string, path: Array(1)} @ http://localhost:3000/_next/static/chunks/11hm_next_dist_0m6rgog._.js:2441
[     874ms] [LOG] [DEBUG] Creando definicion de columna: {columnId: fechaRegistro, isReference: false, type: date, path: Array(1)} @ http://localhost:3000/_next/static/chunks/11hm_next_dist_0m6rgog._.js:2441
[     874ms] [LOG] [DEBUG] Creando definicion de columna: {columnId: ultimoContacto, isReference: false, type: date, path: Array(1)} @ http://localhost:3000/_next/static/chunks/11hm_next_dist_0m6rgog._.js:2441
[     874ms] [LOG] [DEBUG] Creando definicion de columna: {columnId: valorTotal, isReference: false, type: string, path: Array(1)} @ http://localhost:3000/_next/static/chunks/11hm_next_dist_0m6rgog._.js:2441
[     874ms] [LOG] [DEBUG] Creando definicion de columna: {columnId: satisfaccion, isReference: false, type: number, path: Array(1)} @ http://localhost:3000/_next/static/chunks/11hm_next_dist_0m6rgog._.js:2441
[     874ms] [LOG] [DEBUG] Creando definicion de columna: {columnId: activo, isReference: false, type: boolean, path: Array(1)} @ http://localhost:3000/_next/static/chunks/11hm_next_dist_0m6rgog._.js:2441
[     874ms] [LOG] [DEBUG] Pinned column not in base order, adding: {pinnedColumnId: index, baseOrder: Array(0), result: Array(1)} @ http://localhost:3000/_next/static/chunks/11hm_next_dist_0m6rgog._.js:2441
[     874ms] [LOG] [DEBUG] Pinned column not in base order, adding: {pinnedColumnId: index, baseOrder: Array(0), result: Array(1)} @ http://localhost:3000/_next/static/chunks/11hm_next_dist_0m6rgog._.js:2441
[     881ms] [LOG] [DEBUG] Pinned column not in base order, adding: {pinnedColumnId: index, baseOrder: Array(0), result: Array(1)} @ http://localhost:3000/_next/static/chunks/11hm_next_dist_0m6rgog._.js:2441
[     881ms] [LOG] [DEBUG] Pinned column not in base order, adding: {pinnedColumnId: index, baseOrder: Array(0), result: Array(1)} @ http://localhost:3000/_next/static/chunks/11hm_next_dist_0m6rgog._.js:2441
[     951ms] [LOG] [DEBUG] Renderizando celda: {columnId: id, isReference: undefined, value: Object} @ http://localhost:3000/_next/static/chunks/11hm_next_dist_0m6rgog._.js:2441
[     952ms] [LOG] [DEBUG] Renderizando celda: {columnId: id, isReference: undefined, value: Object} @ http://localhost:3000/_next/static/chunks/11hm_next_dist_0m6rgog._.js:2441
[     952ms] [LOG] [DEBUG] Renderizando celda: {columnId: nombre, isReference: undefined, value: Object} @ http://localhost:3000/_next/static/chunks/11hm_next_dist_0m6rgog._.js:2441
[     952ms] [LOG] [DEBUG] Renderizando celda: {columnId: nombre, isReference: undefined, value: Object} @ http://localhost:3000/_next/static/chunks/11hm_next_dist_0m6rgog._.js:2441
[     952ms] [LOG] [DEBUG] Renderizando celda: {columnId: email, isReference: undefined, value: Object} @ http://localhost:3000/_next/static/chunks/11hm_next_dist_0m6rgog._.js:2441
[     952ms] [LOG] [DEBUG] Renderizando celda: {columnId: email, isReference: undefined, value: Object} @ http://localhost:3000/_next/static/chunks/11hm_next_dist_0m6rgog._.js:2441
[     952ms] [LOG] [DEBUG] Renderizando celda: {columnId: telefono, isReference: undefined, value: Object} @ http://localhost:3000/_next/static/chunks/11hm_next_dist_0m6rgog._.js:2441
[     952ms] [LOG] [DEBUG] Renderizando celda: {columnId: telefono, isReference: undefined, value: Object} @ http://localhost:3000/_next/static/chunks/11hm_next_dist_0m6rgog._.js:2441
[     952ms] [LOG] [DEBUG] Renderizando celda: {columnId: ciudad, isReference: undefined, value: Object} @ http://localhost:3000/_next/static/chunks/11hm_next_dist_0m6rgog._.js:2441
[     952ms] [LOG] [DEBUG] Renderizando celda: {columnId: ciudad, isReference: undefined, value: Object} @ http://localhost:3000/_next/static/chunks/11hm_next_dist_0m6rgog._.js:2441
[     953ms] [LOG] [DEBUG] Renderizando celda: {columnId: rol, isReference: undefined, value: Object} @ http://localhost:3000/_next/static/chunks/11hm_next_dist_0m6rgog._.js:2441
[     953ms] [LOG] [DEBUG] Renderizando celda: {columnId: rol, isReference: undefined, value: Object} @ http://localhost:3000/_next/static/chunks/11hm_next_dist_0m6rgog._.js:2441
[     953ms] [LOG] [DEBUG] Renderizando celda: {columnId: estado, isReference: undefined, value: Object} @ http://localhost:3000/_next/static/chunks/11hm_next_dist_0m6rgog._.js:2441
[     953ms] [LOG] [DEBUG] Renderizando celda: {columnId: estado, isReference: undefined, value: Object} @ http://localhost:3000/_next/static/chunks/11hm_next_dist_0m6rgog._.js:2441
[     953ms] [LOG] [DEBUG] Renderizando celda: {columnId: fechaRegistro, isReference: undefined, value: Object} @ http://localhost:3000/_next/static/chunks/11hm_next_dist_0m6rgog._.js:2441
[     953ms] [LOG] [DEBUG] Renderizando celda: {columnId: fechaRegistro, isReference: undefined, value: Object} @ http://localhost:3000/_next/static/chunks/11hm_next_dist_0m6rgog._.js:2441
[     953ms] [LOG] [DEBUG] Renderizando celda: {columnId: ultimoContacto, isReference: undefined, value: Object} @ http://localhost:3000/_next/static/chunks/11hm_next_dist_0m6rgog._.js:2441
[     953ms] [LOG] [DEBUG] Renderizando celda: {columnId: ultimoContacto, isReference: undefined, value: Object} @ http://localhost:3000/_next/static/chunks/11hm_next_dist_0m6rgog._.js:2441
[     954ms] [LOG] [DEBUG] Renderizando celda: {columnId: valorTotal, isReference: undefined, value: Object} @ http://localhost:3000/_next/static/chunks/11hm_next_dist_0m6rgog._.js:2441
[     954ms] [LOG] [DEBUG] Renderizando celda: {columnId: valorTotal, isReference: undefined, value: Object} @ http://localhost:3000/_next/static/chunks/11hm_next_dist_0m6rgog._.js:2441
[     954ms] [LOG] [DEBUG] Tipo corregido: string -> number {originalValue: 3840, originalType: string, detectedType: number} @ http://localhost:3000/_next/static/chunks/11hm_next_dist_0m6rgog._.js:2441
[     954ms] [LOG] [DEBUG] Tipo corregido: string -> number {originalValue: 3840, originalType: string, detectedType: number} @ http://localhost:3000/_next/static/chunks/11hm_next_dist_0m6rgog._.js:2441
[     954ms] [LOG] [DEBUG] Renderizando celda: {columnId: satisfaccion, isReference: undefined, value: Object} @ http://localhost:3000/_next/static/chunks/11hm_next_dist_0m6rgog._.js:2441
[     954ms] [LOG] [DEBUG] Renderizando celda: {columnId: satisfaccion, isReference: undefined, value: Object} @ http://localhost:3000/_next/static/chunks/11hm_next_dist_0m6rgog._.js:2441
[     954ms] [LOG] [DEBUG] Renderizando celda: {columnId: activo, isReference: undefined, value: Object} @ http://localhost:3000/_next/static/chunks/11hm_next_dist_0m6rgog._.js:2441
[     954ms] [LOG] [DEBUG] Renderizando celda: {columnId: activo, isReference: undefined, value: Object} @ http://localhost:3000/_next/static/chunks/11hm_next_dist_0m6rgog._.js:2441
[     954ms] [LOG] [DEBUG] Tipo corregido: boolean -> string {originalValue: true, originalType: boolean, detectedType: string} @ http://localhost:3000/_next/static/chunks/11hm_next_dist_0m6rgog._.js:2441
[     954ms] [LOG] [DEBUG] Tipo corregido: boolean -> string {originalValue: true, originalType: boolean, detectedType: string} @ http://localhost:3000/_next/static/chunks/11hm_next_dist_0m6rgog._.js:2441
[     960ms] [LOG] [DEBUG] Renderizando celda: {columnId: id, isReference: undefined, value: Object} @ http://localhost:3000/_next/static/chunks/11hm_next_dist_0m6rgog._.js:2441
[     960ms] [LOG] [DEBUG] Renderizando celda: {columnId: id, isReference: undefined, value: Object} @ http://localhost:3000/_next/static/chunks/11hm_next_dist_0m6rgog._.js:2441
[     960ms] [LOG] [DEBUG] Renderizando celda: {columnId: nombre, isReference: undefined, value: Object} @ http://localhost:3000/_next/static/chunks/11hm_next_dist_0m6rgog._.js:2441
[     960ms] [LOG] [DEBUG] Renderizando celda: {columnId: nombre, isReference: undefined, value: Object} @ http://localhost:3000/_next/static/chunks/11hm_next_dist_0m6rgog._.js:2441
[     960ms] [LOG] [DEBUG] Renderizando celda: {columnId: email, isReference: undefined, value: Object} @ http://localhost:3000/_next/static/chunks/11hm_next_dist_0m6rgog._.js:2441
[     960ms] [LOG] [DEBUG] Renderizando celda: {columnId: email, isReference: undefined, value: Object} @ http://localhost:3000/_next/static/chunks/11hm_next_dist_0m6rgog._.js:2441
[     960ms] [LOG] [DEBUG] Renderizando celda: {columnId: telefono, isReference: undefined, value: Object} @ http://localhost:3000/_next/static/chunks/11hm_next_dist_0m6rgog._.js:2441
[     960ms] [LOG] [DEBUG] Renderizando celda: {columnId: telefono, isReference: undefined, value: Object} @ http://localhost:3000/_next/static/chunks/11hm_next_dist_0m6rgog._.js:2441
[     961ms] [LOG] [DEBUG] Renderizando celda: {columnId: ciudad, isReference: undefined, value: Object} @ http://localhost:3000/_next/static/chunks/11hm_next_dist_0m6rgog._.js:2441
[     961ms] [LOG] [DEBUG] Renderizando celda: {columnId: ciudad, isReference: undefined, value: Object} @ http://localhost:3000/_next/static/chunks/11hm_next_dist_0m6rgog._.js:2441
[     961ms] [LOG] [DEBUG] Renderizando celda: {columnId: rol, isReference: undefined, value: Object} @ http://localhost:3000/_next/static/chunks/11hm_next_dist_0m6rgog._.js:2441
[     961ms] [LOG] [DEBUG] Renderizando celda: {columnId: rol, isReference: undefined, value: Object} @ http://localhost:3000/_next/static/chunks/11hm_next_dist_0m6rgog._.js:2441
[     961ms] [LOG] [DEBUG] Renderizando celda: {columnId: estado, isReference: undefined, value: Object} @ http://localhost:3000/_next/static/chunks/11hm_next_dist_0m6rgog._.js:2441
[     961ms] [LOG] [DEBUG] Renderizando celda: {columnId: estado, isReference: undefined, value: Object} @ http://localhost:3000/_next/static/chunks/11hm_next_dist_0m6rgog._.js:2441
[     961ms] [LOG] [DEBUG] Renderizando celda: {columnId: fechaRegistro, isReference: undefined, value: Object} @ http://localhost:3000/_next/static/chunks/11hm_next_dist_0m6rgog._.js:2441
[     961ms] [LOG] [DEBUG] Renderizando celda: {columnId: fechaRegistro, isReference: undefined, value: Object} @ http://localhost:3000/_next/static/chunks/11hm_next_dist_0m6rgog._.js:2441
[     962ms] [LOG] [DEBUG] Renderizando celda: {columnId: ultimoContacto, isReference: undefined, value: Object} @ http://localhost:3000/_next/static/chunks/11hm_next_dist_0m6rgog._.js:2441
[     962ms] [LOG] [DEBUG] Renderizando celda: {columnId: ultimoContacto, isReference: undefined, value: Object} @ http://localhost:3000/_next/static/chunks/11hm_next_dist_0m6rgog._.js:2441
[     962ms] [LOG] [DEBUG] Renderizando celda: {columnId: valorTotal, isReference: undefined, value: Object} @ http://localhost:3000/_next/static/chunks/11hm_next_dist_0m6rgog._.js:2441
[     962ms] [LOG] [DEBUG] Renderizando celda: {columnId: valorTotal, isReference: undefined, value: Object} @ http://localhost:3000/_next/static/chunks/11hm_next_dist_0m6rgog._.js:2441
[     962ms] [LOG] [DEBUG] Tipo corregido: string -> number {originalValue: 6120, originalType: string, detectedType: number} @ http://localhost:3000/_next/static/chunks/11hm_next_dist_0m6rgog._.js:2441
[     962ms] [LOG] [DEBUG] Tipo corregido: string -> number {originalValue: 6120, originalType: string, detectedType: number} @ http://localhost:3000/_next/static/chunks/11hm_next_dist_0m6rgog._.js:2441
[     962ms] [LOG] [DEBUG] Renderizando celda: {columnId: satisfaccion, isReference: undefined, value: Object} @ http://localhost:3000/_next/static/chunks/11hm_next_dist_0m6rgog._.js:2441
[     962ms] [LOG] [DEBUG] Renderizando celda: {columnId: satisfaccion, isReference: undefined, value: Object} @ http://localhost:3000/_next/static/chunks/11hm_next_dist_0m6rgog._.js:2441
[     962ms] [LOG] [DEBUG] Renderizando celda: {columnId: activo, isReference: undefined, value: Object} @ http://localhost:3000/_next/static/chunks/11hm_next_dist_0m6rgog._.js:2441
[     962ms] [LOG] [DEBUG] Renderizando celda: {columnId: activo, isReference: undefined, value: Object} @ http://localhost:3000/_next/static/chunks/11hm_next_dist_0m6rgog._.js:2441
[     962ms] [LOG] [DEBUG] Tipo corregido: boolean -> string {originalValue: true, originalType: boolean, detectedType: string} @ http://localhost:3000/_next/static/chunks/11hm_next_dist_0m6rgog._.js:2441
[     963ms] [LOG] [DEBUG] Tipo corregido: boolean -> string {originalValue: true, originalType: boolean, detectedType: string} @ http://localhost:3000/_next/static/chunks/11hm_next_dist_0m6rgog._.js:2441
[     968ms] [LOG] [DEBUG] Renderizando celda: {columnId: id, isReference: undefined, value: Object} @ http://localhost:3000/_next/static/chunks/11hm_next_dist_0m6rgog._.js:2441
[     968ms] [LOG] [DEBUG] Renderizando celda: {columnId: id, isReference: undefined, value: Object} @ http://localhost:3000/_next/static/chunks/11hm_next_dist_0m6rgog._.js:2441
[     968ms] [LOG] [DEBUG] Renderizando celda: {columnId: nombre, isReference: undefined, value: Object} @ http://localhost:3000/_next/static/chunks/11hm_next_dist_0m6rgog._.js:2441
[     968ms] [LOG] [DEBUG] Renderizando celda: {columnId: nombre, isReference: undefined, value: Object} @ http://localhost:3000/_next/static/chunks/11hm_next_dist_0m6rgog._.js:2441
[     968ms] [LOG] [DEBUG] Renderizando celda: {columnId: email, isReference: undefined, value: Object} @ http://localhost:3000/_next/static/chunks/11hm_next_dist_0m6rgog._.js:2441
[     968ms] [LOG] [DEBUG] Renderizando celda: {columnId: email, isReference: undefined, value: Object} @ http://localhost:3000/_next/static/chunks/11hm_next_dist_0m6rgog._.js:2441
[     969ms] [LOG] [DEBUG] Renderizando celda: {columnId: telefono, isReference: undefined, value: Object} @ http://localhost:3000/_next/static/chunks/11hm_next_dist_0m6rgog._.js:2441
[     969ms] [LOG] [DEBUG] Renderizando celda: {columnId: telefono, isReference: undefined, value: Object} @ http://localhost:3000/_next/static/chunks/11hm_next_dist_0m6rgog._.js:2441
[     969ms] [LOG] [DEBUG] Renderizando celda: {columnId: ciudad, isReference: undefined, value: Object} @ http://localhost:3000/_next/static/chunks/11hm_next_dist_0m6rgog._.js:2441
[     969ms] [LOG] [DEBUG] Renderizando celda: {columnId: ciudad, isReference: undefined, value: Object} @ http://localhost:3000/_next/static/chunks/11hm_next_dist_0m6rgog._.js:2441
[     969ms] [LOG] [DEBUG] Renderizando celda: {columnId: rol, isReference: undefined, value: Object} @ http://localhost:3000/_next/static/chunks/11hm_next_dist_0m6rgog._.js:2441
[     969ms] [LOG] [DEBUG] Renderizando celda: {columnId: rol, isReference: undefined, value: Object} @ http://localhost:3000/_next/static/chunks/11hm_next_dist_0m6rgog._.js:2441
[     969ms] [LOG] [DEBUG] Renderizando celda: {columnId: estado, isReference: undefined, value: Object} @ http://localhost:3000/_next/static/chunks/11hm_next_dist_0m6rgog._.js:2441
[     969ms] [LOG] [DEBUG] Renderizando celda: {columnId: estado, isReference: undefined, value: Object} @ http://localhost:3000/_next/static/chunks/11hm_next_dist_0m6rgog._.js:2441
[     969ms] [LOG] [DEBUG] Renderizando celda: {columnId: fechaRegistro, isReference: undefined, value: Object} @ http://localhost:3000/_next/static/chunks/11hm_next_dist_0m6rgog._.js:2441
[     969ms] [LOG] [DEBUG] Renderizando celda: {columnId: fechaRegistro, isReference: undefined, value: Object} @ http://localhost:3000/_next/static/chunks/11hm_next_dist_0m6rgog._.js:2441
[     970ms] [LOG] [DEBUG] Renderizando celda: {columnId: ultimoContacto, isReference: undefined, value: Object} @ http://localhost:3000/_next/static/chunks/11hm_next_dist_0m6rgog._.js:2441
[     970ms] [LOG] [DEBUG] Renderizando celda: {columnId: ultimoContacto, isReference: undefined, value: Object} @ http://localhost:3000/_next/static/chunks/11hm_next_dist_0m6rgog._.js:2441
[     970ms] [LOG] [DEBUG] Renderizando celda: {columnId: valorTotal, isReference: undefined, value: Object} @ http://localhost:3000/_next/static/chunks/11hm_next_dist_0m6rgog._.js:2441
[     970ms] [LOG] [DEBUG] Renderizando celda: {columnId: valorTotal, isReference: undefined, value: Object} @ http://localhost:3000/_next/static/chunks/11hm_next_dist_0m6rgog._.js:2441
[     970ms] [LOG] [DEBUG] Tipo corregido: string -> number {originalValue: 0, originalType: string, detectedType: number} @ http://localhost:3000/_next/static/chunks/11hm_next_dist_0m6rgog._.js:2441
[     970ms] [LOG] [DEBUG] Tipo corregido: string -> number {originalValue: 0, originalType: string, detectedType: number} @ http://localhost:3000/_next/static/chunks/11hm_next_dist_0m6rgog._.js:2441
[     970ms] [LOG] [DEBUG] Renderizando celda: {columnId: satisfaccion, isReference: undefined, value: Object} @ http://localhost:3000/_next/static/chunks/11hm_next_dist_0m6rgog._.js:2441
[     970ms] [LOG] [DEBUG] Renderizando celda: {columnId: satisfaccion, isReference: undefined, value: Object} @ http://localhost:3000/_next/static/chunks/11hm_next_dist_0m6rgog._.js:2441
[     970ms] [LOG] [DEBUG] Renderizando celda: {columnId: activo, isReference: undefined, value: Object} @ http://localhost:3000/_next/static/chunks/11hm_next_dist_0m6rgog._.js:2441
[     970ms] [LOG] [DEBUG] Renderizando celda: {columnId: activo, isReference: undefined, value: Object} @ http://localhost:3000/_next/static/chunks/11hm_next_dist_0m6rgog._.js:2441
[     970ms] [LOG] [DEBUG] Tipo corregido: boolean -> string {originalValue: false, originalType: boolean, detectedType: string} @ http://localhost:3000/_next/static/chunks/11hm_next_dist_0m6rgog._.js:2441
[     971ms] [LOG] [DEBUG] Tipo corregido: boolean -> string {originalValue: false, originalType: boolean, detectedType: string} @ http://localhost:3000/_next/static/chunks/11hm_next_dist_0m6rgog._.js:2441
[     976ms] [LOG] [DEBUG] Renderizando celda: {columnId: id, isReference: undefined, value: Object} @ http://localhost:3000/_next/static/chunks/11hm_next_dist_0m6rgog._.js:2441
[     976ms] [LOG] [DEBUG] Renderizando celda: {columnId: id, isReference: undefined, value: Object} @ http://localhost:3000/_next/static/chunks/11hm_next_dist_0m6rgog._.js:2441
[     976ms] [LOG] [DEBUG] Renderizando celda: {columnId: nombre, isReference: undefined, value: Object} @ http://localhost:3000/_next/static/chunks/11hm_next_dist_0m6rgog._.js:2441
[     976ms] [LOG] [DEBUG] Renderizando celda: {columnId: nombre, isReference: undefined, value: Object} @ http://localhost:3000/_next/static/chunks/11hm_next_dist_0m6rgog._.js:2441
[     976ms] [LOG] [DEBUG] Renderizando celda: {columnId: email, isReference: undefined, value: Object} @ http://localhost:3000/_next/static/chunks/11hm_next_dist_0m6rgog._.js:2441
[     976ms] [LOG] [DEBUG] Renderizando celda: {columnId: email, isReference: undefined, value: Object} @ http://localhost:3000/_next/static/chunks/11hm_next_dist_0m6rgog._.js:2441
[     976ms] [LOG] [DEBUG] Renderizando celda: {columnId: telefono, isReference: undefined, value: Object} @ http://localhost:3000/_next/static/chunks/11hm_next_dist_0m6rgog._.js:2441
[     976ms] [LOG] [DEBUG] Renderizando celda: {columnId: telefono, isReference: undefined, value: Object} @ http://localhost:3000/_next/static/chunks/11hm_next_dist_0m6rgog._.js:2441
[     976ms] [LOG] [DEBUG] Renderizando celda: {columnId: ciudad, isReference: undefined, value: Object} @ http://localhost:3000/_next/static/chunks/11hm_next_dist_0m6rgog._.js:2441
[     976ms] [LOG] [DEBUG] Renderizando celda: {columnId: ciudad, isReference: undefined, value: Object} @ http://localhost:3000/_next/static/chunks/11hm_next_dist_0m6rgog._.js:2441
[     976ms] [LOG] [DEBUG] Renderizando celda: {columnId: rol, isReference: undefined, value: Object} @ http://localhost:3000/_next/static/chunks/11hm_next_dist_0m6rgog._.js:2441
[     976ms] [LOG] [DEBUG] Renderizando celda: {columnId: rol, isReference: undefined, value: Object} @ http://localhost:3000/_next/static/chunks/11hm_next_dist_0m6rgog._.js:2441
[     977ms] [LOG] [DEBUG] Renderizando celda: {columnId: estado, isReference: undefined, value: Object} @ http://localhost:3000/_next/static/chunks/11hm_next_dist_0m6rgog._.js:2441
[     977ms] [LOG] [DEBUG] Renderizando celda: {columnId: estado, isReference: undefined, value: Object} @ http://localhost:3000/_next/static/chunks/11hm_next_dist_0m6rgog._.js:2441
[     977ms] [LOG] [DEBUG] Renderizando celda: {columnId: fechaRegistro, isReference: undefined, value: Object} @ http://localhost:3000/_next/static/chunks/11hm_next_dist_0m6rgog._.js:2441
[     977ms] [LOG] [DEBUG] Renderizando celda: {columnId: fechaRegistro, isReference: undefined, value: Object} @ http://localhost:3000/_next/static/chunks/11hm_next_dist_0m6rgog._.js:2441
[     977ms] [LOG] [DEBUG] Renderizando celda: {columnId: ultimoContacto, isReference: undefined, value: Object} @ http://localhost:3000/_next/static/chunks/11hm_next_dist_0m6rgog._.js:2441
[     977ms] [LOG] [DEBUG] Renderizando celda: {columnId: ultimoContacto, isReference: undefined, value: Object} @ http://localhost:3000/_next/static/chunks/11hm_next_dist_0m6rgog._.js:2441
[     977ms] [LOG] [DEBUG] Renderizando celda: {columnId: valorTotal, isReference: undefined, value: Object} @ http://localhost:3000/_next/static/chunks/11hm_next_dist_0m6rgog._.js:2441
[     977ms] [LOG] [DEBUG] Renderizando celda: {columnId: valorTotal, isReference: undefined, value: Object} @ http://localhost:3000/_next/static/chunks/11hm_next_dist_0m6rgog._.js:2441
[     977ms] [LOG] [DEBUG] Tipo corregido: string -> number {originalValue: 2280, originalType: string, detectedType: number} @ http://localhost:3000/_next/static/chunks/11hm_next_dist_0m6rgog._.js:2441
[     977ms] [LOG] [DEBUG] Tipo corregido: string -> number {originalValue: 2280, originalType: string, detectedType: number} @ http://localhost:3000/_next/static/chunks/11hm_next_dist_0m6rgog._.js:2441
[     977ms] [LOG] [DEBUG] Renderizando celda: {columnId: satisfaccion, isReference: undefined, value: Object} @ http://localhost:3000/_next/static/chunks/11hm_next_dist_0m6rgog._.js:2441
[     977ms] [LOG] [DEBUG] Renderizando celda: {columnId: satisfaccion, isReference: undefined, value: Object} @ http://localhost:3000/_next/static/chunks/11hm_next_dist_0m6rgog._.js:2441
[     977ms] [LOG] [DEBUG] Renderizando celda: {columnId: activo, isReference: undefined, value: Object} @ http://localhost:3000/_next/static/chunks/11hm_next_dist_0m6rgog._.js:2441
[     977ms] [LOG] [DEBUG] Renderizando celda: {columnId: activo, isReference: undefined, value: Object} @ http://localhost:3000/_next/static/chunks/11hm_next_dist_0m6rgog._.js:2441
[     977ms] [LOG] [DEBUG] Tipo corregido: boolean -> string {originalValue: false, originalType: boolean, detectedType: string} @ http://localhost:3000/_next/static/chunks/11hm_next_dist_0m6rgog._.js:2441
[     977ms] [LOG] [DEBUG] Tipo corregido: boolean -> string {originalValue: false, originalType: boolean, detectedType: string} @ http://localhost:3000/_next/static/chunks/11hm_next_dist_0m6rgog._.js:2441
[     978ms] [LOG] [DEBUG] Renderizando celda: {columnId: id, isReference: undefined, value: Object} @ http://localhost:3000/_next/static/chunks/11hm_next_dist_0m6rgog._.js:2441
[     978ms] [LOG] [DEBUG] Renderizando celda: {columnId: id, isReference: undefined, value: Object} @ http://localhost:3000/_next/static/chunks/11hm_next_dist_0m6rgog._.js:2441
[     978ms] [LOG] [DEBUG] Renderizando celda: {columnId: nombre, isReference: undefined, value: Object} @ http://localhost:3000/_next/static/chunks/11hm_next_dist_0m6rgog._.js:2441
[     979ms] [LOG] [DEBUG] Renderizando celda: {columnId: nombre, isReference: undefined, value: Object} @ http://localhost:3000/_next/static/chunks/11hm_next_dist_0m6rgog._.js:2441
[     979ms] [LOG] [DEBUG] Renderizando celda: {columnId: email, isReference: undefined, value: Object} @ http://localhost:3000/_next/static/chunks/11hm_next_dist_0m6rgog._.js:2441
[     979ms] [LOG] [DEBUG] Renderizando celda: {columnId: email, isReference: undefined, value: Object} @ http://localhost:3000/_next/static/chunks/11hm_next_dist_0m6rgog._.js:2441
[     979ms] [LOG] [DEBUG] Renderizando celda: {columnId: telefono, isReference: undefined, value: Object} @ http://localhost:3000/_next/static/chunks/11hm_next_dist_0m6rgog._.js:2441
[     979ms] [LOG] [DEBUG] Renderizando celda: {columnId: telefono, isReference: undefined, value: Object} @ http://localhost:3000/_next/static/chunks/11hm_next_dist_0m6rgog._.js:2441
[     979ms] [LOG] [DEBUG] Renderizando celda: {columnId: ciudad, isReference: undefined, value: Object} @ http://localhost:3000/_next/static/chunks/11hm_next_dist_0m6rgog._.js:2441
[     979ms] [LOG] [DEBUG] Renderizando celda: {columnId: ciudad, isReference: undefined, value: Object} @ http://localhost:3000/_next/static/chunks/11hm_next_dist_0m6rgog._.js:2441
[     979ms] [LOG] [DEBUG] Renderizando celda: {columnId: rol, isReference: undefined, value: Object} @ http://localhost:3000/_next/static/chunks/11hm_next_dist_0m6rgog._.js:2441
[     979ms] [LOG] [DEBUG] Renderizando celda: {columnId: rol, isReference: undefined, value: Object} @ http://localhost:3000/_next/static/chunks/11hm_next_dist_0m6rgog._.js:2441
[     979ms] [LOG] [DEBUG] Renderizando celda: {columnId: estado, isReference: undefined, value: Object} @ http://localhost:3000/_next/static/chunks/11hm_next_dist_0m6rgog._.js:2441
[     979ms] [LOG] [DEBUG] Renderizando celda: {columnId: estado, isReference: undefined, value: Object} @ http://localhost:3000/_next/static/chunks/11hm_next_dist_0m6rgog._.js:2441
[     979ms] [LOG] [DEBUG] Renderizando celda: {columnId: fechaRegistro, isReference: undefined, value: Object} @ http://localhost:3000/_next/static/chunks/11hm_next_dist_0m6rgog._.js:2441
[     979ms] [LOG] [DEBUG] Renderizando celda: {columnId: fechaRegistro, isReference: undefined, value: Object} @ http://localhost:3000/_next/static/chunks/11hm_next_dist_0m6rgog._.js:2441
[     979ms] [LOG] [DEBUG] Renderizando celda: {columnId: ultimoContacto, isReference: undefined, value: Object} @ http://localhost:3000/_next/static/chunks/11hm_next_dist_0m6rgog._.js:2441
[     979ms] [LOG] [DEBUG] Renderizando celda: {columnId: ultimoContacto, isReference: undefined, value: Object} @ http://localhost:3000/_next/static/chunks/11hm_next_dist_0m6rgog._.js:2441
[     980ms] [LOG] [DEBUG] Renderizando celda: {columnId: valorTotal, isReference: undefined, value: Object} @ http://localhost:3000/_next/static/chunks/11hm_next_dist_0m6rgog._.js:2441
[     980ms] [LOG] [DEBUG] Renderizando celda: {columnId: valorTotal, isReference: undefined, value: Object} @ http://localhost:3000/_next/static/chunks/11hm_next_dist_0m6rgog._.js:2441
[     980ms] [LOG] [DEBUG] Tipo corregido: string -> number {originalValue: 4560, originalType: string, detectedType: number} @ http://localhost:3000/_next/static/chunks/11hm_next_dist_0m6rgog._.js:2441
[     980ms] [LOG] [DEBUG] Tipo corregido: string -> number {originalValue: 4560, originalType: string, detectedType: number} @ http://localhost:3000/_next/static/chunks/11hm_next_dist_0m6rgog._.js:2441
[     980ms] [LOG] [DEBUG] Renderizando celda: {columnId: satisfaccion, isReference: undefined, value: Object} @ http://localhost:3000/_next/static/chunks/11hm_next_dist_0m6rgog._.js:2441
[     980ms] [LOG] [DEBUG] Renderizando celda: {columnId: satisfaccion, isReference: undefined, value: Object} @ http://localhost:3000/_next/static/chunks/11hm_next_dist_0m6rgog._.js:2441
[     980ms] [LOG] [DEBUG] Renderizando celda: {columnId: activo, isReference: undefined, value: Object} @ http://localhost:3000/_next/static/chunks/11hm_next_dist_0m6rgog._.js:2441
[     980ms] [LOG] [DEBUG] Renderizando celda: {columnId: activo, isReference: undefined, value: Object} @ http://localhost:3000/_next/static/chunks/11hm_next_dist_0m6rgog._.js:2441
[     980ms] [LOG] [DEBUG] Tipo corregido: boolean -> string {originalValue: true, originalType: boolean, detectedType: string} @ http://localhost:3000/_next/static/chunks/11hm_next_dist_0m6rgog._.js:2441
[     980ms] [LOG] [DEBUG] Tipo corregido: boolean -> string {originalValue: true, originalType: boolean, detectedType: string} @ http://localhost:3000/_next/static/chunks/11hm_next_dist_0m6rgog._.js:2441
[     981ms] [LOG] [DEBUG] Renderizando celda: {columnId: id, isReference: undefined, value: Object} @ http://localhost:3000/_next/static/chunks/11hm_next_dist_0m6rgog._.js:2441
[     981ms] [LOG] [DEBUG] Renderizando celda: {columnId: id, isReference: undefined, value: Object} @ http://localhost:3000/_next/static/chunks/11hm_next_dist_0m6rgog._.js:2441
[     981ms] [LOG] [DEBUG] Renderizando celda: {columnId: nombre, isReference: undefined, value: Object} @ http://localhost:3000/_next/static/chunks/11hm_next_dist_0m6rgog._.js:2441
[     981ms] [LOG] [DEBUG] Renderizando celda: {columnId: nombre, isReference: undefined, value: Object} @ http://localhost:3000/_next/static/chunks/11hm_next_dist_0m6rgog._.js:2441
[     981ms] [LOG] [DEBUG] Renderizando celda: {columnId: email, isReference: undefined, value: Object} @ http://localhost:3000/_next/static/chunks/11hm_next_dist_0m6rgog._.js:2441
[     981ms] [LOG] [DEBUG] Renderizando celda: {columnId: email, isReference: undefined, value: Object} @ http://localhost:3000/_next/static/chunks/11hm_next_dist_0m6rgog._.js:2441
[     981ms] [LOG] [DEBUG] Renderizando celda: {columnId: telefono, isReference: undefined, value: Object} @ http://localhost:3000/_next/static/chunks/11hm_next_dist_0m6rgog._.js:2441
[     981ms] [LOG] [DEBUG] Renderizando celda: {columnId: telefono, isReference: undefined, value: Object} @ http://localhost:3000/_next/static/chunks/11hm_next_dist_0m6rgog._.js:2441
[     981ms] [LOG] [DEBUG] Renderizando celda: {columnId: ciudad, isReference: undefined, value: Object} @ http://localhost:3000/_next/static/chunks/11hm_next_dist_0m6rgog._.js:2441
[     981ms] [LOG] [DEBUG] Renderizando celda: {columnId: ciudad, isReference: undefined, value: Object} @ http://localhost:3000/_next/static/chunks/11hm_next_dist_0m6rgog._.js:2441
[     981ms] [LOG] [DEBUG] Renderizando celda: {columnId: rol, isReference: undefined, value: Object} @ http://localhost:3000/_next/static/chunks/11hm_next_dist_0m6rgog._.js:2441
[     982ms] [LOG] [DEBUG] Renderizando celda: {columnId: rol, isReference: undefined, value: Object} @ http://localhost:3000/_next/static/chunks/11hm_next_dist_0m6rgog._.js:2441
[     982ms] [LOG] [DEBUG] Renderizando celda: {columnId: estado, isReference: undefined, value: Object} @ http://localhost:3000/_next/static/chunks/11hm_next_dist_0m6rgog._.js:2441
[     982ms] [LOG] [DEBUG] Renderizando celda: {columnId: estado, isReference: undefined, value: Object} @ http://localhost:3000/_next/static/chunks/11hm_next_dist_0m6rgog._.js:2441
[     982ms] [LOG] [DEBUG] Renderizando celda: {columnId: fechaRegistro, isReference: undefined, value: Object} @ http://localhost:3000/_next/static/chunks/11hm_next_dist_0m6rgog._.js:2441
[     982ms] [LOG] [DEBUG] Renderizando celda: {columnId: fechaRegistro, isReference: undefined, value: Object} @ http://localhost:3000/_next/static/chunks/11hm_next_dist_0m6rgog._.js:2441
[     982ms] [LOG] [DEBUG] Renderizando celda: {columnId: ultimoContacto, isReference: undefined, value: Object} @ http://localhost:3000/_next/static/chunks/11hm_next_dist_0m6rgog._.js:2441
[     982ms] [LOG] [DEBUG] Renderizando celda: {columnId: ultimoContacto, isReference: undefined, value: Object} @ http://localhost:3000/_next/static/chunks/11hm_next_dist_0m6rgog._.js:2441
[     982ms] [LOG] [DEBUG] Renderizando celda: {columnId: valorTotal, isReference: undefined, value: Object} @ http://localhost:3000/_next/static/chunks/11hm_next_dist_0m6rgog._.js:2441
[     982ms] [LOG] [DEBUG] Renderizando celda: {columnId: valorTotal, isReference: undefined, value: Object} @ http://localhost:3000/_next/static/chunks/11hm_next_dist_0m6rgog._.js:2441
[     982ms] [LOG] [DEBUG] Renderizando celda: {columnId: satisfaccion, isReference: undefined, value: Object} @ http://localhost:3000/_next/static/chunks/11hm_next_dist_0m6rgog._.js:2441
[     982ms] [LOG] [DEBUG] Renderizando celda: {columnId: satisfaccion, isReference: undefined, value: Object} @ http://localhost:3000/_next/static/chunks/11hm_next_dist_0m6rgog._.js:2441
[     982ms] [LOG] [DEBUG] Renderizando celda: {columnId: activo, isReference: undefined, value: Object} @ http://localhost:3000/_next/static/chunks/11hm_next_dist_0m6rgog._.js:2441
[     982ms] [LOG] [DEBUG] Renderizando celda: {columnId: activo, isReference: undefined, value: Object} @ http://localhost:3000/_next/static/chunks/11hm_next_dist_0m6rgog._.js:2441
[     982ms] [LOG] [DEBUG] Tipo corregido: boolean -> string {originalValue: true, originalType: boolean, detectedType: string} @ http://localhost:3000/_next/static/chunks/11hm_next_dist_0m6rgog._.js:2441
[     982ms] [LOG] [DEBUG] Tipo corregido: boolean -> string {originalValue: true, originalType: boolean, detectedType: string} @ http://localhost:3000/_next/static/chunks/11hm_next_dist_0m6rgog._.js:2441
[     983ms] [LOG] [DEBUG] Renderizando celda: {columnId: id, isReference: undefined, value: Object} @ http://localhost:3000/_next/static/chunks/11hm_next_dist_0m6rgog._.js:2441
[     983ms] [LOG] [DEBUG] Renderizando celda: {columnId: id, isReference: undefined, value: Object} @ http://localhost:3000/_next/static/chunks/11hm_next_dist_0m6rgog._.js:2441
[     984ms] [LOG] [DEBUG] Renderizando celda: {columnId: nombre, isReference: undefined, value: Object} @ http://localhost:3000/_next/static/chunks/11hm_next_dist_0m6rgog._.js:2441
[     984ms] [LOG] [DEBUG] Renderizando celda: {columnId: nombre, isReference: undefined, value: Object} @ http://localhost:3000/_next/static/chunks/11hm_next_dist_0m6rgog._.js:2441
[     984ms] [LOG] [DEBUG] Renderizando celda: {columnId: email, isReference: undefined, value: Object} @ http://localhost:3000/_next/static/chunks/11hm_next_dist_0m6rgog._.js:2441
[     984ms] [LOG] [DEBUG] Renderizando celda: {columnId: email, isReference: undefined, value: Object} @ http://localhost:3000/_next/static/chunks/11hm_next_dist_0m6rgog._.js:2441
[     984ms] [LOG] [DEBUG] Renderizando celda: {columnId: telefono, isReference: undefined, value: Object} @ http://localhost:3000/_next/static/chunks/11hm_next_dist_0m6rgog._.js:2441
[     984ms] [LOG] [DEBUG] Renderizando celda: {columnId: telefono, isReference: undefined, value: Object} @ http://localhost:3000/_next/static/chunks/11hm_next_dist_0m6rgog._.js:2441
[     984ms] [LOG] [DEBUG] Renderizando celda: {columnId: ciudad, isReference: undefined, value: Object} @ http://localhost:3000/_next/static/chunks/11hm_next_dist_0m6rgog._.js:2441
[     984ms] [LOG] [DEBUG] Renderizando celda: {columnId: ciudad, isReference: undefined, value: Object} @ http://localhost:3000/_next/static/chunks/11hm_next_dist_0m6rgog._.js:2441
[     984ms] [LOG] [DEBUG] Renderizando celda: {columnId: rol, isReference: undefined, value: Object} @ http://localhost:3000/_next/static/chunks/11hm_next_dist_0m6rgog._.js:2441
[     984ms] [LOG] [DEBUG] Renderizando celda: {columnId: rol, isReference: undefined, value: Object} @ http://localhost:3000/_next/static/chunks/11hm_next_dist_0m6rgog._.js:2441
[     984ms] [LOG] [DEBUG] Renderizando celda: {columnId: estado, isReference: undefined, value: Object} @ http://localhost:3000/_next/static/chunks/11hm_next_dist_0m6rgog._.js:2441
[     984ms] [LOG] [DEBUG] Renderizando celda: {columnId: estado, isReference: undefined, value: Object} @ http://localhost:3000/_next/static/chunks/11hm_next_dist_0m6rgog._.js:2441
[     984ms] [LOG] [DEBUG] Renderizando celda: {columnId: fechaRegistro, isReference: undefined, value: Object} @ http://localhost:3000/_next/static/chunks/11hm_next_dist_0m6rgog._.js:2441
[     984ms] [LOG] [DEBUG] Renderizando celda: {columnId: fechaRegistro, isReference: undefined, value: Object} @ http://localhost:3000/_next/static/chunks/11hm_next_dist_0m6rgog._.js:2441
[     984ms] [LOG] [DEBUG] Renderizando celda: {columnId: ultimoContacto, isReference: undefined, value: Object} @ http://localhost:3000/_next/static/chunks/11hm_next_dist_0m6rgog._.js:2441
[     985ms] [LOG] [DEBUG] Renderizando celda: {columnId: ultimoContacto, isReference: undefined, value: Object} @ http://localhost:3000/_next/static/chunks/11hm_next_dist_0m6rgog._.js:2441
[     985ms] [LOG] [DEBUG] Renderizando celda: {columnId: valorTotal, isReference: undefined, value: Object} @ http://localhost:3000/_next/static/chunks/11hm_next_dist_0m6rgog._.js:2441
[     985ms] [LOG] [DEBUG] Renderizando celda: {columnId: valorTotal, isReference: undefined, value: Object} @ http://localhost:3000/_next/static/chunks/11hm_next_dist_0m6rgog._.js:2441
[     985ms] [LOG] [DEBUG] Tipo corregido: string -> number {originalValue: 0, originalType: string, detectedType: number} @ http://localhost:3000/_next/static/chunks/11hm_next_dist_0m6rgog._.js:2441
[     985ms] [LOG] [DEBUG] Tipo corregido: string -> number {originalValue: 0, originalType: string, detectedType: number} @ http://localhost:3000/_next/static/chunks/11hm_next_dist_0m6rgog._.js:2441
[     985ms] [LOG] [DEBUG] Renderizando celda: {columnId: satisfaccion, isReference: undefined, value: Object} @ http://localhost:3000/_next/static/chunks/11hm_next_dist_0m6rgog._.js:2441
[     985ms] [LOG] [DEBUG] Renderizando celda: {columnId: satisfaccion, isReference: undefined, value: Object} @ http://localhost:3000/_next/static/chunks/11hm_next_dist_0m6rgog._.js:2441
[     985ms] [LOG] [DEBUG] Renderizando celda: {columnId: activo, isReference: undefined, value: Object} @ http://localhost:3000/_next/static/chunks/11hm_next_dist_0m6rgog._.js:2441
[     985ms] [LOG] [DEBUG] Renderizando celda: {columnId: activo, isReference: undefined, value: Object} @ http://localhost:3000/_next/static/chunks/11hm_next_dist_0m6rgog._.js:2441
[     985ms] [LOG] [DEBUG] Tipo corregido: boolean -> string {originalValue: false, originalType: boolean, detectedType: string} @ http://localhost:3000/_next/static/chunks/11hm_next_dist_0m6rgog._.js:2441
[     985ms] [LOG] [DEBUG] Tipo corregido: boolean -> string {originalValue: false, originalType: boolean, detectedType: string} @ http://localhost:3000/_next/static/chunks/11hm_next_dist_0m6rgog._.js:2441
[     986ms] [LOG] [DEBUG] Renderizando celda: {columnId: id, isReference: undefined, value: Object} @ http://localhost:3000/_next/static/chunks/11hm_next_dist_0m6rgog._.js:2441
[     986ms] [LOG] [DEBUG] Renderizando celda: {columnId: id, isReference: undefined, value: Object} @ http://localhost:3000/_next/static/chunks/11hm_next_dist_0m6rgog._.js:2441
[     986ms] [LOG] [DEBUG] Renderizando celda: {columnId: nombre, isReference: undefined, value: Object} @ http://localhost:3000/_next/static/chunks/11hm_next_dist_0m6rgog._.js:2441
[     986ms] [LOG] [DEBUG] Renderizando celda: {columnId: nombre, isReference: undefined, value: Object} @ http://localhost:3000/_next/static/chunks/11hm_next_dist_0m6rgog._.js:2441
[     986ms] [LOG] [DEBUG] Renderizando celda: {columnId: email, isReference: undefined, value: Object} @ http://localhost:3000/_next/static/chunks/11hm_next_dist_0m6rgog._.js:2441
[     986ms] [LOG] [DEBUG] Renderizando celda: {columnId: email, isReference: undefined, value: Object} @ http://localhost:3000/_next/static/chunks/11hm_next_dist_0m6rgog._.js:2441
[     986ms] [LOG] [DEBUG] Renderizando celda: {columnId: telefono, isReference: undefined, value: Object} @ http://localhost:3000/_next/static/chunks/11hm_next_dist_0m6rgog._.js:2441
[     986ms] [LOG] [DEBUG] Renderizando celda: {columnId: telefono, isReference: undefined, value: Object} @ http://localhost:3000/_next/static/chunks/11hm_next_dist_0m6rgog._.js:2441
[     986ms] [LOG] [DEBUG] Renderizando celda: {columnId: ciudad, isReference: undefined, value: Object} @ http://localhost:3000/_next/static/chunks/11hm_next_dist_0m6rgog._.js:2441
[     987ms] [LOG] [DEBUG] Renderizando celda: {columnId: ciudad, isReference: undefined, value: Object} @ http://localhost:3000/_next/static/chunks/11hm_next_dist_0m6rgog._.js:2441
[     987ms] [LOG] [DEBUG] Renderizando celda: {columnId: rol, isReference: undefined, value: Object} @ http://localhost:3000/_next/static/chunks/11hm_next_dist_0m6rgog._.js:2441
[     987ms] [LOG] [DEBUG] Renderizando celda: {columnId: rol, isReference: undefined, value: Object} @ http://localhost:3000/_next/static/chunks/11hm_next_dist_0m6rgog._.js:2441
[     987ms] [LOG] [DEBUG] Renderizando celda: {columnId: estado, isReference: undefined, value: Object} @ http://localhost:3000/_next/static/chunks/11hm_next_dist_0m6rgog._.js:2441
[     987ms] [LOG] [DEBUG] Renderizando celda: {columnId: estado, isReference: undefined, value: Object} @ http://localhost:3000/_next/static/chunks/11hm_next_dist_0m6rgog._.js:2441
[     987ms] [LOG] [DEBUG] Renderizando celda: {columnId: fechaRegistro, isReference: undefined, value: Object} @ http://localhost:3000/_next/static/chunks/11hm_next_dist_0m6rgog._.js:2441
[     987ms] [LOG] [DEBUG] Renderizando celda: {columnId: fechaRegistro, isReference: undefined, value: Object} @ http://localhost:3000/_next/static/chunks/11hm_next_dist_0m6rgog._.js:2441
[     987ms] [LOG] [DEBUG] Renderizando celda: {columnId: ultimoContacto, isReference: undefined, value: Object} @ http://localhost:3000/_next/static/chunks/11hm_next_dist_0m6rgog._.js:2441
[     987ms] [LOG] [DEBUG] Renderizando celda: {columnId: ultimoContacto, isReference: undefined, value: Object} @ http://localhost:3000/_next/static/chunks/11hm_next_dist_0m6rgog._.js:2441
[     987ms] [LOG] [DEBUG] Renderizando celda: {columnId: valorTotal, isReference: undefined, value: Object} @ http://localhost:3000/_next/static/chunks/11hm_next_dist_0m6rgog._.js:2441
[     987ms] [LOG] [DEBUG] Renderizando celda: {columnId: valorTotal, isReference: undefined, value: Object} @ http://localhost:3000/_next/static/chunks/11hm_next_dist_0m6rgog._.js:2441
[     987ms] [LOG] [DEBUG] Tipo corregido: string -> number {originalValue: 3120, originalType: string, detectedType: number} @ http://localhost:3000/_next/static/chunks/11hm_next_dist_0m6rgog._.js:2441
[     987ms] [LOG] [DEBUG] Tipo corregido: string -> number {originalValue: 3120, originalType: string, detectedType: number} @ http://localhost:3000/_next/static/chunks/11hm_next_dist_0m6rgog._.js:2441
[     987ms] [LOG] [DEBUG] Renderizando celda: {columnId: satisfaccion, isReference: undefined, value: Object} @ http://localhost:3000/_next/static/chunks/11hm_next_dist_0m6rgog._.js:2441
[     987ms] [LOG] [DEBUG] Renderizando celda: {columnId: satisfaccion, isReference: undefined, value: Object} @ http://localhost:3000/_next/static/chunks/11hm_next_dist_0m6rgog._.js:2441
[     987ms] [LOG] [DEBUG] Renderizando celda: {columnId: activo, isReference: undefined, value: Object} @ http://localhost:3000/_next/static/chunks/11hm_next_dist_0m6rgog._.js:2441
[     988ms] [LOG] [DEBUG] Renderizando celda: {columnId: activo, isReference: undefined, value: Object} @ http://localhost:3000/_next/static/chunks/11hm_next_dist_0m6rgog._.js:2441
[     988ms] [LOG] [DEBUG] Tipo corregido: boolean -> string {originalValue: true, originalType: boolean, detectedType: string} @ http://localhost:3000/_next/static/chunks/11hm_next_dist_0m6rgog._.js:2441
[     988ms] [LOG] [DEBUG] Tipo corregido: boolean -> string {originalValue: true, originalType: boolean, detectedType: string} @ http://localhost:3000/_next/static/chunks/11hm_next_dist_0m6rgog._.js:2441
[     988ms] [LOG] [DEBUG] Renderizando celda: {columnId: id, isReference: undefined, value: Object} @ http://localhost:3000/_next/static/chunks/11hm_next_dist_0m6rgog._.js:2441
[     988ms] [LOG] [DEBUG] Renderizando celda: {columnId: id, isReference: undefined, value: Object} @ http://localhost:3000/_next/static/chunks/11hm_next_dist_0m6rgog._.js:2441
[     989ms] [LOG] [DEBUG] Renderizando celda: {columnId: nombre, isReference: undefined, value: Object} @ http://localhost:3000/_next/static/chunks/11hm_next_dist_0m6rgog._.js:2441
[     989ms] [LOG] [DEBUG] Renderizando celda: {columnId: nombre, isReference: undefined, value: Object} @ http://localhost:3000/_next/static/chunks/11hm_next_dist_0m6rgog._.js:2441
[     989ms] [LOG] [DEBUG] Renderizando celda: {columnId: email, isReference: undefined, value: Object} @ http://localhost:3000/_next/static/chunks/11hm_next_dist_0m6rgog._.js:2441
[     989ms] [LOG] [DEBUG] Renderizando celda: {columnId: email, isReference: undefined, value: Object} @ http://localhost:3000/_next/static/chunks/11hm_next_dist_0m6rgog._.js:2441
[     989ms] [LOG] [DEBUG] Renderizando celda: {columnId: telefono, isReference: undefined, value: Object} @ http://localhost:3000/_next/static/chunks/11hm_next_dist_0m6rgog._.js:2441
[     989ms] [LOG] [DEBUG] Renderizando celda: {columnId: telefono, isReference: undefined, value: Object} @ http://localhost:3000/_next/static/chunks/11hm_next_dist_0m6rgog._.js:2441
[     989ms] [LOG] [DEBUG] Renderizando celda: {columnId: ciudad, isReference: undefined, value: Object} @ http://localhost:3000/_next/static/chunks/11hm_next_dist_0m6rgog._.js:2441
[     989ms] [LOG] [DEBUG] Renderizando celda: {columnId: ciudad, isReference: undefined, value: Object} @ http://localhost:3000/_next/static/chunks/11hm_next_dist_0m6rgog._.js:2441
[     989ms] [LOG] [DEBUG] Renderizando celda: {columnId: rol, isReference: undefined, value: Object} @ http://localhost:3000/_next/static/chunks/11hm_next_dist_0m6rgog._.js:2441
[     989ms] [LOG] [DEBUG] Renderizando celda: {columnId: rol, isReference: undefined, value: Object} @ http://localhost:3000/_next/static/chunks/11hm_next_dist_0m6rgog._.js:2441
[     989ms] [LOG] [DEBUG] Renderizando celda: {columnId: estado, isReference: undefined, value: Object} @ http://localhost:3000/_next/static/chunks/11hm_next_dist_0m6rgog._.js:2441
[     989ms] [LOG] [DEBUG] Renderizando celda: {columnId: estado, isReference: undefined, value: Object} @ http://localhost:3000/_next/static/chunks/11hm_next_dist_0m6rgog._.js:2441
[     989ms] [LOG] [DEBUG] Renderizando celda: {columnId: fechaRegistro, isReference: undefined, value: Object} @ http://localhost:3000/_next/static/chunks/11hm_next_dist_0m6rgog._.js:2441
[     989ms] [LOG] [DEBUG] Renderizando celda: {columnId: fechaRegistro, isReference: undefined, value: Object} @ http://localhost:3000/_next/static/chunks/11hm_next_dist_0m6rgog._.js:2441
[     989ms] [LOG] [DEBUG] Renderizando celda: {columnId: ultimoContacto, isReference: undefined, value: Object} @ http://localhost:3000/_next/static/chunks/11hm_next_dist_0m6rgog._.js:2441
[     989ms] [LOG] [DEBUG] Renderizando celda: {columnId: ultimoContacto, isReference: undefined, value: Object} @ http://localhost:3000/_next/static/chunks/11hm_next_dist_0m6rgog._.js:2441
[     990ms] [LOG] [DEBUG] Renderizando celda: {columnId: valorTotal, isReference: undefined, value: Object} @ http://localhost:3000/_next/static/chunks/11hm_next_dist_0m6rgog._.js:2441
[     990ms] [LOG] [DEBUG] Renderizando celda: {columnId: valorTotal, isReference: undefined, value: Object} @ http://localhost:3000/_next/static/chunks/11hm_next_dist_0m6rgog._.js:2441
[     990ms] [LOG] [DEBUG] Tipo corregido: string -> number {originalValue: 1680, originalType: string, detectedType: number} @ http://localhost:3000/_next/static/chunks/11hm_next_dist_0m6rgog._.js:2441
[     990ms] [LOG] [DEBUG] Tipo corregido: string -> number {originalValue: 1680, originalType: string, detectedType: number} @ http://localhost:3000/_next/static/chunks/11hm_next_dist_0m6rgog._.js:2441
[     990ms] [LOG] [DEBUG] Renderizando celda: {columnId: satisfaccion, isReference: undefined, value: Object} @ http://localhost:3000/_next/static/chunks/11hm_next_dist_0m6rgog._.js:2441
[     990ms] [LOG] [DEBUG] Renderizando celda: {columnId: satisfaccion, isReference: undefined, value: Object} @ http://localhost:3000/_next/static/chunks/11hm_next_dist_0m6rgog._.js:2441
[     990ms] [LOG] [DEBUG] Renderizando celda: {columnId: activo, isReference: undefined, value: Object} @ http://localhost:3000/_next/static/chunks/11hm_next_dist_0m6rgog._.js:2441
[     990ms] [LOG] [DEBUG] Renderizando celda: {columnId: activo, isReference: undefined, value: Object} @ http://localhost:3000/_next/static/chunks/11hm_next_dist_0m6rgog._.js:2441
[     990ms] [LOG] [DEBUG] Tipo corregido: boolean -> string {originalValue: false, originalType: boolean, detectedType: string} @ http://localhost:3000/_next/static/chunks/11hm_next_dist_0m6rgog._.js:2441
[     990ms] [LOG] [DEBUG] Tipo corregido: boolean -> string {originalValue: false, originalType: boolean, detectedType: string} @ http://localhost:3000/_next/static/chunks/11hm_next_dist_0m6rgog._.js:2441
[     991ms] [LOG] [DEBUG] Renderizando celda: {columnId: id, isReference: undefined, value: Object} @ http://localhost:3000/_next/static/chunks/11hm_next_dist_0m6rgog._.js:2441
[     991ms] [LOG] [DEBUG] Renderizando celda: {columnId: id, isReference: undefined, value: Object} @ http://localhost:3000/_next/static/chunks/11hm_next_dist_0m6rgog._.js:2441
[     991ms] [LOG] [DEBUG] Renderizando celda: {columnId: nombre, isReference: undefined, value: Object} @ http://localhost:3000/_next/static/chunks/11hm_next_dist_0m6rgog._.js:2441
[     991ms] [LOG] [DEBUG] Renderizando celda: {columnId: nombre, isReference: undefined, value: Object} @ http://localhost:3000/_next/static/chunks/11hm_next_dist_0m6rgog._.js:2441
[     991ms] [LOG] [DEBUG] Renderizando celda: {columnId: email, isReference: undefined, value: Object} @ http://localhost:3000/_next/static/chunks/11hm_next_dist_0m6rgog._.js:2441
[     991ms] [LOG] [DEBUG] Renderizando celda: {columnId: email, isReference: undefined, value: Object} @ http://localhost:3000/_next/static/chunks/11hm_next_dist_0m6rgog._.js:2441
[     991ms] [LOG] [DEBUG] Renderizando celda: {columnId: telefono, isReference: undefined, value: Object} @ http://localhost:3000/_next/static/chunks/11hm_next_dist_0m6rgog._.js:2441
[     991ms] [LOG] [DEBUG] Renderizando celda: {columnId: telefono, isReference: undefined, value: Object} @ http://localhost:3000/_next/static/chunks/11hm_next_dist_0m6rgog._.js:2441
[     991ms] [LOG] [DEBUG] Renderizando celda: {columnId: ciudad, isReference: undefined, value: Object} @ http://localhost:3000/_next/static/chunks/11hm_next_dist_0m6rgog._.js:2441
[     991ms] [LOG] [DEBUG] Renderizando celda: {columnId: ciudad, isReference: undefined, value: Object} @ http://localhost:3000/_next/static/chunks/11hm_next_dist_0m6rgog._.js:2441
[     992ms] [LOG] [DEBUG] Renderizando celda: {columnId: rol, isReference: undefined, value: Object} @ http://localhost:3000/_next/static/chunks/11hm_next_dist_0m6rgog._.js:2441
[     992ms] [LOG] [DEBUG] Renderizando celda: {columnId: rol, isReference: undefined, value: Object} @ http://localhost:3000/_next/static/chunks/11hm_next_dist_0m6rgog._.js:2441
[     992ms] [LOG] [DEBUG] Renderizando celda: {columnId: estado, isReference: undefined, value: Object} @ http://localhost:3000/_next/static/chunks/11hm_next_dist_0m6rgog._.js:2441
[     992ms] [LOG] [DEBUG] Renderizando celda: {columnId: estado, isReference: undefined, value: Object} @ http://localhost:3000/_next/static/chunks/11hm_next_dist_0m6rgog._.js:2441
[     992ms] [LOG] [DEBUG] Renderizando celda: {columnId: fechaRegistro, isReference: undefined, value: Object} @ http://localhost:3000/_next/static/chunks/11hm_next_dist_0m6rgog._.js:2441
[     992ms] [LOG] [DEBUG] Renderizando celda: {columnId: fechaRegistro, isReference: undefined, value: Object} @ http://localhost:3000/_next/static/chunks/11hm_next_dist_0m6rgog._.js:2441
[     992ms] [LOG] [DEBUG] Renderizando celda: {columnId: ultimoContacto, isReference: undefined, value: Object} @ http://localhost:3000/_next/static/chunks/11hm_next_dist_0m6rgog._.js:2441
[     992ms] [LOG] [DEBUG] Renderizando celda: {columnId: ultimoContacto, isReference: undefined, value: Object} @ http://localhost:3000/_next/static/chunks/11hm_next_dist_0m6rgog._.js:2441
[     992ms] [LOG] [DEBUG] Renderizando celda: {columnId: valorTotal, isReference: undefined, value: Object} @ http://localhost:3000/_next/static/chunks/11hm_next_dist_0m6rgog._.js:2441
[     992ms] [LOG] [DEBUG] Renderizando celda: {columnId: valorTotal, isReference: undefined, value: Object} @ http://localhost:3000/_next/static/chunks/11hm_next_dist_0m6rgog._.js:2441
[     992ms] [LOG] [DEBUG] Tipo corregido: string -> number {originalValue: 480, originalType: string, detectedType: number} @ http://localhost:3000/_next/static/chunks/11hm_next_dist_0m6rgog._.js:2441
[     992ms] [LOG] [DEBUG] Tipo corregido: string -> number {originalValue: 480, originalType: string, detectedType: number} @ http://localhost:3000/_next/static/chunks/11hm_next_dist_0m6rgog._.js:2441
[     992ms] [LOG] [DEBUG] Renderizando celda: {columnId: satisfaccion, isReference: undefined, value: Object} @ http://localhost:3000/_next/static/chunks/11hm_next_dist_0m6rgog._.js:2441
[     992ms] [LOG] [DEBUG] Renderizando celda: {columnId: satisfaccion, isReference: undefined, value: Object} @ http://localhost:3000/_next/static/chunks/11hm_next_dist_0m6rgog._.js:2441
[     992ms] [LOG] [DEBUG] Renderizando celda: {columnId: activo, isReference: undefined, value: Object} @ http://localhost:3000/_next/static/chunks/11hm_next_dist_0m6rgog._.js:2441
[     992ms] [LOG] [DEBUG] Renderizando celda: {columnId: activo, isReference: undefined, value: Object} @ http://localhost:3000/_next/static/chunks/11hm_next_dist_0m6rgog._.js:2441
[     993ms] [LOG] [DEBUG] Tipo corregido: boolean -> string {originalValue: true, originalType: boolean, detectedType: string} @ http://localhost:3000/_next/static/chunks/11hm_next_dist_0m6rgog._.js:2441
[     993ms] [LOG] [DEBUG] Tipo corregido: boolean -> string {originalValue: true, originalType: boolean, detectedType: string} @ http://localhost:3000/_next/static/chunks/11hm_next_dist_0m6rgog._.js:2441
[     996ms] [LOG] [DEBUG] Renderizando SecondaryTables: {level: 0, parentId: undefined, isLoading: false, arrayColumnsCount: 0, arrayColumns: Array(0)} @ http://localhost:3000/_next/static/chunks/11hm_next_dist_0m6rgog._.js:2441
[     996ms] [LOG] [DEBUG] Renderizando SecondaryTables: {level: 0, parentId: undefined, isLoading: false, arrayColumnsCount: 0, arrayColumns: Array(0)} @ http://localhost:3000/_next/static/chunks/11hm_next_dist_0m6rgog._.js:2441
[    1004ms] Error: Hydration failed because the server rendered HTML didn't match the client. As a result this tree will be regenerated on the client. This can happen if a SSR-ed Client Component used:

- A server/client branch `if (typeof window !== 'undefined')`.
- Variable input such as `Date.now()` or `Math.random()` which changes each time it's called.
- Date formatting in a user's locale which doesn't match the server.
- External changing data without sending a snapshot of it along with the HTML.
- Invalid HTML tag nesting.

It can also happen if the client has a browser extension installed which messes with the HTML before React loaded.

https://react.dev/link/hydration-mismatch

  ...
    <RedirectBoundary>
      <RedirectErrorBoundary router={{...}}>
        <InnerLayoutRouter url="/es/demo/t..." tree={[...]} params={{lang:"es"}} cacheNode={{rsc:{...}, ...}} ...>
          <SegmentViewNode type="page" pagePath="[lang]/(pu...">
            <SegmentTrieNode>
            <ClientPageRoot Component={function DemoTablePage} serverProvidedParams={{...}}>
              <DemoTablePage params={Promise} searchParams={Promise}>
                <div className="container ...">
                  <div>
                  <div>
                  <JsonTable data={[...]}>
                    <TableErrorBoundary>
                      <CardContent className="relative">
                        <div ref={undefined} data-slot="card-content" className="pb-6 relative" style={{...}}>
                          <div>
                          <TableToolbar>
                          <div>
                          <div className="rounded-md...">
                            <div
+                             className="alkitu-table-scroll overflow-auto"
-                             className="overflow-auto"
                              style={{height:"calc(100vh...",minHeight:"300px",maxHeight:"800px"}}
                            >
+                             <style>
-                             <div data-slot="table-container" className="relative w-full overflow-x-auto">
                              ...
                          ...
          ...
        ...

    at throwOnHydrationMismatch (http://localhost:3000/_next/static/chunks/11hm_next_dist_compiled_react-dom_003uc._._.js:3318:56)
    at beginWork (http://localhost:3000/_next/static/chunks/11hm_next_dist_compiled_react-dom_003uc._._.js:6758:918)
    at runWithFiberInDEV (http://localhost:3000/_next/static/chunks/11hm_next_dist_compiled_react-dom_003uc._._.js:965:74)
    at performUnitOfWork (http://localhost:3000/_next/static/chunks/11hm_next_dist_compiled_react-dom_003uc._._.js:9555:97)
    at workLoopConcurrentByScheduler (http://localhost:3000/_next/static/chunks/11hm_next_dist_compiled_react-dom_003uc._._.js:9551:58)
    at renderRootConcurrent (http://localhost:3000/_next/static/chunks/11hm_next_dist_compiled_react-dom_003uc._._.js:9534:71)
    at performWorkOnRoot (http://localhost:3000/_next/static/chunks/11hm_next_dist_compiled_react-dom_003uc._._.js:9061:150)
    at performWorkOnRootViaSchedulerTask (http://localhost:3000/_next/static/chunks/11hm_next_dist_compiled_react-dom_003uc._._.js:10255:9)
    at MessagePort.performWorkUntilDeadline (http://localhost:3000/_next/static/chunks/11hm_next_dist_compiled_0fu2kq5._.js:2647:64)
[    1004ms] [LOG] Service Worker registration skipped in development mode for better debugging experience @ http://localhost:3000/_next/static/chunks/11hm_next_dist_0m6rgog._.js:2441
[    1004ms] [LOG] Run in production mode to test service worker functionality @ http://localhost:3000/_next/static/chunks/11hm_next_dist_0m6rgog._.js:2441
[    1005ms] [LOG] [DEBUG] Valor de busqueda:  @ http://localhost:3000/_next/static/chunks/11hm_next_dist_0m6rgog._.js:2441
[    1007ms] [LOG] [DEBUG] Array columns procesadas: {count: 0, totalRegistros: 0, columns: Array(0)} @ http://localhost:3000/_next/static/chunks/11hm_next_dist_0m6rgog._.js:2441
[    1008ms] [LOG] 🎨 [ThemeContext] Using hardcoded default theme @ http://localhost:3000/_next/static/chunks/11hm_next_dist_0m6rgog._.js:2441
[    1012ms] [LOG] Service Worker registration skipped in development mode for better debugging experience @ http://localhost:3000/_next/static/chunks/11hm_next_dist_0m6rgog._.js:2441
[    1012ms] [LOG] Run in production mode to test service worker functionality @ http://localhost:3000/_next/static/chunks/11hm_next_dist_0m6rgog._.js:2441
[    1013ms] [LOG] [DEBUG] Valor de busqueda:  @ http://localhost:3000/_next/static/chunks/11hm_next_dist_0m6rgog._.js:2441
[    1014ms] [LOG] [DEBUG] Array columns procesadas: {count: 0, totalRegistros: 0, columns: Array(0)} @ http://localhost:3000/_next/static/chunks/11hm_next_dist_0m6rgog._.js:2441
[    1014ms] [LOG] 🎨 [ThemeContext] Using hardcoded default theme @ http://localhost:3000/_next/static/chunks/11hm_next_dist_0m6rgog._.js:2441
[    1016ms] [LOG] [DEBUG] Effective column order: {baseOrder: Array(14), pinnedColumnId: index, otherColumns: Array(13), hasActions: true, result: Array(15)} @ http://localhost:3000/_next/static/chunks/11hm_next_dist_0m6rgog._.js:2441
[    1016ms] [LOG] [DEBUG] Effective column order: {baseOrder: Array(14), pinnedColumnId: index, otherColumns: Array(13), hasActions: true, result: Array(15)} @ http://localhost:3000/_next/static/chunks/11hm_next_dist_0m6rgog._.js:2441
[    1026ms] [LOG] [DEBUG] Effective column order: {baseOrder: Array(14), pinnedColumnId: index, otherColumns: Array(13), hasActions: true, result: Array(15)} @ http://localhost:3000/_next/static/chunks/11hm_next_dist_0m6rgog._.js:2441
[    1026ms] [LOG] [DEBUG] Effective column order: {baseOrder: Array(14), pinnedColumnId: index, otherColumns: Array(13), hasActions: true, result: Array(15)} @ http://localhost:3000/_next/static/chunks/11hm_next_dist_0m6rgog._.js:2441
[    1132ms] [LOG] [DEBUG] Renderizando celda: {columnId: id, isReference: undefined, value: Object} @ http://localhost:3000/_next/static/chunks/11hm_next_dist_0m6rgog._.js:2441
[    1132ms] [LOG] [DEBUG] Renderizando celda: {columnId: id, isReference: undefined, value: Object} @ http://localhost:3000/_next/static/chunks/11hm_next_dist_0m6rgog._.js:2441
[    1132ms] [LOG] [DEBUG] Renderizando celda: {columnId: nombre, isReference: undefined, value: Object} @ http://localhost:3000/_next/static/chunks/11hm_next_dist_0m6rgog._.js:2441
[    1132ms] [LOG] [DEBUG] Renderizando celda: {columnId: nombre, isReference: undefined, value: Object} @ http://localhost:3000/_next/static/chunks/11hm_next_dist_0m6rgog._.js:2441
[    1133ms] [LOG] [DEBUG] Renderizando celda: {columnId: email, isReference: undefined, value: Object} @ http://localhost:3000/_next/static/chunks/11hm_next_dist_0m6rgog._.js:2441
[    1133ms] [LOG] [DEBUG] Renderizando celda: {columnId: email, isReference: undefined, value: Object} @ http://localhost:3000/_next/static/chunks/11hm_next_dist_0m6rgog._.js:2441
[    1133ms] [LOG] [DEBUG] Renderizando celda: {columnId: telefono, isReference: undefined, value: Object} @ http://localhost:3000/_next/static/chunks/11hm_next_dist_0m6rgog._.js:2441
[    1133ms] [LOG] [DEBUG] Renderizando celda: {columnId: telefono, isReference: undefined, value: Object} @ http://localhost:3000/_next/static/chunks/11hm_next_dist_0m6rgog._.js:2441
[    1133ms] [LOG] [DEBUG] Renderizando celda: {columnId: ciudad, isReference: undefined, value: Object} @ http://localhost:3000/_next/static/chunks/11hm_next_dist_0m6rgog._.js:2441
[    1133ms] [LOG] [DEBUG] Renderizando celda: {columnId: ciudad, isReference: undefined, value: Object} @ http://localhost:3000/_next/static/chunks/11hm_next_dist_0m6rgog._.js:2441
[    1133ms] [LOG] [DEBUG] Renderizando celda: {columnId: rol, isReference: undefined, value: Object} @ http://localhost:3000/_next/static/chunks/11hm_next_dist_0m6rgog._.js:2441
[    1133ms] [LOG] [DEBUG] Renderizando celda: {columnId: rol, isReference: undefined, value: Object} @ http://localhost:3000/_next/static/chunks/11hm_next_dist_0m6rgog._.js:2441
[    1134ms] [LOG] [DEBUG] Renderizando celda: {columnId: estado, isReference: undefined, value: Object} @ http://localhost:3000/_next/static/chunks/11hm_next_dist_0m6rgog._.js:2441
[    1134ms] [LOG] [DEBUG] Renderizando celda: {columnId: estado, isReference: undefined, value: Object} @ http://localhost:3000/_next/static/chunks/11hm_next_dist_0m6rgog._.js:2441
[    1134ms] [LOG] [DEBUG] Renderizando celda: {columnId: fechaRegistro, isReference: undefined, value: Object} @ http://localhost:3000/_next/static/chunks/11hm_next_dist_0m6rgog._.js:2441
[    1134ms] [LOG] [DEBUG] Renderizando celda: {columnId: fechaRegistro, isReference: undefined, value: Object} @ http://localhost:3000/_next/static/chunks/11hm_next_dist_0m6rgog._.js:2441
[    1134ms] [LOG] [DEBUG] Renderizando celda: {columnId: ultimoContacto, isReference: undefined, value: Object} @ http://localhost:3000/_next/static/chunks/11hm_next_dist_0m6rgog._.js:2441
[    1134ms] [LOG] [DEBUG] Renderizando celda: {columnId: ultimoContacto, isReference: undefined, value: Object} @ http://localhost:3000/_next/static/chunks/11hm_next_dist_0m6rgog._.js:2441
[    1134ms] [LOG] [DEBUG] Renderizando celda: {columnId: valorTotal, isReference: undefined, value: Object} @ http://localhost:3000/_next/static/chunks/11hm_next_dist_0m6rgog._.js:2441
[    1134ms] [LOG] [DEBUG] Renderizando celda: {columnId: valorTotal, isReference: undefined, value: Object} @ http://localhost:3000/_next/static/chunks/11hm_next_dist_0m6rgog._.js:2441
[    1134ms] [LOG] [DEBUG] Renderizando celda: {columnId: satisfaccion, isReference: undefined, value: Object} @ http://localhost:3000/_next/static/chunks/11hm_next_dist_0m6rgog._.js:2441
[    1135ms] [LOG] [DEBUG] Renderizando celda: {columnId: satisfaccion, isReference: undefined, value: Object} @ http://localhost:3000/_next/static/chunks/11hm_next_dist_0m6rgog._.js:2441
[    1135ms] [LOG] [DEBUG] Renderizando celda: {columnId: activo, isReference: undefined, value: Object} @ http://localhost:3000/_next/static/chunks/11hm_next_dist_0m6rgog._.js:2441
[    1135ms] [LOG] [DEBUG] Renderizando celda: {columnId: activo, isReference: undefined, value: Object} @ http://localhost:3000/_next/static/chunks/11hm_next_dist_0m6rgog._.js:2441
[    1143ms] [LOG] [DEBUG] Renderizando celda: {columnId: id, isReference: undefined, value: Object} @ http://localhost:3000/_next/static/chunks/11hm_next_dist_0m6rgog._.js:2441
[    1143ms] [LOG] [DEBUG] Renderizando celda: {columnId: id, isReference: undefined, value: Object} @ http://localhost:3000/_next/static/chunks/11hm_next_dist_0m6rgog._.js:2441
[    1143ms] [LOG] [DEBUG] Renderizando celda: {columnId: nombre, isReference: undefined, value: Object} @ http://localhost:3000/_next/static/chunks/11hm_next_dist_0m6rgog._.js:2441
[    1143ms] [LOG] [DEBUG] Renderizando celda: {columnId: nombre, isReference: undefined, value: Object} @ http://localhost:3000/_next/static/chunks/11hm_next_dist_0m6rgog._.js:2441
[    1144ms] [LOG] [DEBUG] Renderizando celda: {columnId: email, isReference: undefined, value: Object} @ http://localhost:3000/_next/static/chunks/11hm_next_dist_0m6rgog._.js:2441
[    1144ms] [LOG] [DEBUG] Renderizando celda: {columnId: email, isReference: undefined, value: Object} @ http://localhost:3000/_next/static/chunks/11hm_next_dist_0m6rgog._.js:2441
[    1144ms] [LOG] [DEBUG] Renderizando celda: {columnId: telefono, isReference: undefined, value: Object} @ http://localhost:3000/_next/static/chunks/11hm_next_dist_0m6rgog._.js:2441
[    1144ms] [LOG] [DEBUG] Renderizando celda: {columnId: telefono, isReference: undefined, value: Object} @ http://localhost:3000/_next/static/chunks/11hm_next_dist_0m6rgog._.js:2441
[    1144ms] [LOG] [DEBUG] Renderizando celda: {columnId: ciudad, isReference: undefined, value: Object} @ http://localhost:3000/_next/static/chunks/11hm_next_dist_0m6rgog._.js:2441
[    1144ms] [LOG] [DEBUG] Renderizando celda: {columnId: ciudad, isReference: undefined, value: Object} @ http://localhost:3000/_next/static/chunks/11hm_next_dist_0m6rgog._.js:2441
[    1144ms] [LOG] [DEBUG] Renderizando celda: {columnId: rol, isReference: undefined, value: Object} @ http://localhost:3000/_next/static/chunks/11hm_next_dist_0m6rgog._.js:2441
[    1144ms] [LOG] [DEBUG] Renderizando celda: {columnId: rol, isReference: undefined, value: Object} @ http://localhost:3000/_next/static/chunks/11hm_next_dist_0m6rgog._.js:2441
[    1144ms] [LOG] [DEBUG] Renderizando celda: {columnId: estado, isReference: undefined, value: Object} @ http://localhost:3000/_next/static/chunks/11hm_next_dist_0m6rgog._.js:2441
[    1145ms] [LOG] [DEBUG] Renderizando celda: {columnId: estado, isReference: undefined, value: Object} @ http://localhost:3000/_next/static/chunks/11hm_next_dist_0m6rgog._.js:2441
[    1145ms] [LOG] [DEBUG] Renderizando celda: {columnId: fechaRegistro, isReference: undefined, value: Object} @ http://localhost:3000/_next/static/chunks/11hm_next_dist_0m6rgog._.js:2441
[    1145ms] [LOG] [DEBUG] Renderizando celda: {columnId: fechaRegistro, isReference: undefined, value: Object} @ http://localhost:3000/_next/static/chunks/11hm_next_dist_0m6rgog._.js:2441
[    1145ms] [LOG] [DEBUG] Renderizando celda: {columnId: ultimoContacto, isReference: undefined, value: Object} @ http://localhost:3000/_next/static/chunks/11hm_next_dist_0m6rgog._.js:2441
[    1145ms] [LOG] [DEBUG] Renderizando celda: {columnId: ultimoContacto, isReference: undefined, value: Object} @ http://localhost:3000/_next/static/chunks/11hm_next_dist_0m6rgog._.js:2441
[    1145ms] [LOG] [DEBUG] Renderizando celda: {columnId: valorTotal, isReference: undefined, value: Object} @ http://localhost:3000/_next/static/chunks/11hm_next_dist_0m6rgog._.js:2441
[    1145ms] [LOG] [DEBUG] Renderizando celda: {columnId: valorTotal, isReference: undefined, value: Object} @ http://localhost:3000/_next/static/chunks/11hm_next_dist_0m6rgog._.js:2441
[    1145ms] [LOG] [DEBUG] Renderizando celda: {columnId: satisfaccion, isReference: undefined, value: Object} @ http://localhost:3000/_next/static/chunks/11hm_next_dist_0m6rgog._.js:2441
[    1145ms] [LOG] [DEBUG] Renderizando celda: {columnId: satisfaccion, isReference: undefined, value: Object} @ http://localhost:3000/_next/static/chunks/11hm_next_dist_0m6rgog._.js:2441
[    1146ms] [LOG] [DEBUG] Renderizando celda: {columnId: activo, isReference: undefined, value: Object} @ http://localhost:3000/_next/static/chunks/11hm_next_dist_0m6rgog._.js:2441
[    1146ms] [LOG] [DEBUG] Renderizando celda: {columnId: activo, isReference: undefined, value: Object} @ http://localhost:3000/_next/static/chunks/11hm_next_dist_0m6rgog._.js:2441
[    1154ms] [LOG] [DEBUG] Renderizando celda: {columnId: id, isReference: undefined, value: Object} @ http://localhost:3000/_next/static/chunks/11hm_next_dist_0m6rgog._.js:2441
[    1154ms] [LOG] [DEBUG] Renderizando celda: {columnId: id, isReference: undefined, value: Object} @ http://localhost:3000/_next/static/chunks/11hm_next_dist_0m6rgog._.js:2441
[    1154ms] [LOG] [DEBUG] Renderizando celda: {columnId: nombre, isReference: undefined, value: Object} @ http://localhost:3000/_next/static/chunks/11hm_next_dist_0m6rgog._.js:2441
[    1154ms] [LOG] [DEBUG] Renderizando celda: {columnId: nombre, isReference: undefined, value: Object} @ http://localhost:3000/_next/static/chunks/11hm_next_dist_0m6rgog._.js:2441
[    1154ms] [LOG] [DEBUG] Renderizando celda: {columnId: email, isReference: undefined, value: Object} @ http://localhost:3000/_next/static/chunks/11hm_next_dist_0m6rgog._.js:2441
[    1155ms] [LOG] [DEBUG] Renderizando celda: {columnId: email, isReference: undefined, value: Object} @ http://localhost:3000/_next/static/chunks/11hm_next_dist_0m6rgog._.js:2441
[    1155ms] [LOG] [DEBUG] Renderizando celda: {columnId: telefono, isReference: undefined, value: Object} @ http://localhost:3000/_next/static/chunks/11hm_next_dist_0m6rgog._.js:2441
[    1155ms] [LOG] [DEBUG] Renderizando celda: {columnId: telefono, isReference: undefined, value: Object} @ http://localhost:3000/_next/static/chunks/11hm_next_dist_0m6rgog._.js:2441
[    1155ms] [LOG] [DEBUG] Renderizando celda: {columnId: ciudad, isReference: undefined, value: Object} @ http://localhost:3000/_next/static/chunks/11hm_next_dist_0m6rgog._.js:2441
[    1155ms] [LOG] [DEBUG] Renderizando celda: {columnId: ciudad, isReference: undefined, value: Object} @ http://localhost:3000/_next/static/chunks/11hm_next_dist_0m6rgog._.js:2441
[    1155ms] [LOG] [DEBUG] Renderizando celda: {columnId: rol, isReference: undefined, value: Object} @ http://localhost:3000/_next/static/chunks/11hm_next_dist_0m6rgog._.js:2441
[    1155ms] [LOG] [DEBUG] Renderizando celda: {columnId: rol, isReference: undefined, value: Object} @ http://localhost:3000/_next/static/chunks/11hm_next_dist_0m6rgog._.js:2441
[    1155ms] [LOG] [DEBUG] Renderizando celda: {columnId: estado, isReference: undefined, value: Object} @ http://localhost:3000/_next/static/chunks/11hm_next_dist_0m6rgog._.js:2441
[    1155ms] [LOG] [DEBUG] Renderizando celda: {columnId: estado, isReference: undefined, value: Object} @ http://localhost:3000/_next/static/chunks/11hm_next_dist_0m6rgog._.js:2441
[    1156ms] [LOG] [DEBUG] Renderizando celda: {columnId: fechaRegistro, isReference: undefined, value: Object} @ http://localhost:3000/_next/static/chunks/11hm_next_dist_0m6rgog._.js:2441
[    1156ms] [LOG] [DEBUG] Renderizando celda: {columnId: fechaRegistro, isReference: undefined, value: Object} @ http://localhost:3000/_next/static/chunks/11hm_next_dist_0m6rgog._.js:2441
[    1156ms] [LOG] [DEBUG] Renderizando celda: {columnId: ultimoContacto, isReference: undefined, value: Object} @ http://localhost:3000/_next/static/chunks/11hm_next_dist_0m6rgog._.js:2441
[    1156ms] [LOG] [DEBUG] Renderizando celda: {columnId: ultimoContacto, isReference: undefined, value: Object} @ http://localhost:3000/_next/static/chunks/11hm_next_dist_0m6rgog._.js:2441
[    1156ms] [LOG] [DEBUG] Renderizando celda: {columnId: valorTotal, isReference: undefined, value: Object} @ http://localhost:3000/_next/static/chunks/11hm_next_dist_0m6rgog._.js:2441
[    1156ms] [LOG] [DEBUG] Renderizando celda: {columnId: valorTotal, isReference: undefined, value: Object} @ http://localhost:3000/_next/static/chunks/11hm_next_dist_0m6rgog._.js:2441
[    1156ms] [LOG] [DEBUG] Renderizando celda: {columnId: satisfaccion, isReference: undefined, value: Object} @ http://localhost:3000/_next/static/chunks/11hm_next_dist_0m6rgog._.js:2441
[    1156ms] [LOG] [DEBUG] Renderizando celda: {columnId: satisfaccion, isReference: undefined, value: Object} @ http://localhost:3000/_next/static/chunks/11hm_next_dist_0m6rgog._.js:2441
[    1156ms] [LOG] [DEBUG] Renderizando celda: {columnId: activo, isReference: undefined, value: Object} @ http://localhost:3000/_next/static/chunks/11hm_next_dist_0m6rgog._.js:2441
[    1156ms] [LOG] [DEBUG] Renderizando celda: {columnId: activo, isReference: undefined, value: Object} @ http://localhost:3000/_next/static/chunks/11hm_next_dist_0m6rgog._.js:2441
[    1165ms] [LOG] [DEBUG] Renderizando celda: {columnId: id, isReference: undefined, value: Object} @ http://localhost:3000/_next/static/chunks/11hm_next_dist_0m6rgog._.js:2441
[    1165ms] [LOG] [DEBUG] Renderizando celda: {columnId: id, isReference: undefined, value: Object} @ http://localhost:3000/_next/static/chunks/11hm_next_dist_0m6rgog._.js:2441
[    1166ms] [LOG] [DEBUG] Renderizando celda: {columnId: nombre, isReference: undefined, value: Object} @ http://localhost:3000/_next/static/chunks/11hm_next_dist_0m6rgog._.js:2441
[    1166ms] [LOG] [DEBUG] Renderizando celda: {columnId: nombre, isReference: undefined, value: Object} @ http://localhost:3000/_next/static/chunks/11hm_next_dist_0m6rgog._.js:2441
[    1166ms] [LOG] [DEBUG] Renderizando celda: {columnId: email, isReference: undefined, value: Object} @ http://localhost:3000/_next/static/chunks/11hm_next_dist_0m6rgog._.js:2441
[    1166ms] [LOG] [DEBUG] Renderizando celda: {columnId: email, isReference: undefined, value: Object} @ http://localhost:3000/_next/static/chunks/11hm_next_dist_0m6rgog._.js:2441
[    1166ms] [LOG] [DEBUG] Renderizando celda: {columnId: telefono, isReference: undefined, value: Object} @ http://localhost:3000/_next/static/chunks/11hm_next_dist_0m6rgog._.js:2441
[    1166ms] [LOG] [DEBUG] Renderizando celda: {columnId: telefono, isReference: undefined, value: Object} @ http://localhost:3000/_next/static/chunks/11hm_next_dist_0m6rgog._.js:2441
[    1166ms] [LOG] [DEBUG] Renderizando celda: {columnId: ciudad, isReference: undefined, value: Object} @ http://localhost:3000/_next/static/chunks/11hm_next_dist_0m6rgog._.js:2441
[    1166ms] [LOG] [DEBUG] Renderizando celda: {columnId: ciudad, isReference: undefined, value: Object} @ http://localhost:3000/_next/static/chunks/11hm_next_dist_0m6rgog._.js:2441
[    1166ms] [LOG] [DEBUG] Renderizando celda: {columnId: rol, isReference: undefined, value: Object} @ http://localhost:3000/_next/static/chunks/11hm_next_dist_0m6rgog._.js:2441
[    1167ms] [LOG] [DEBUG] Renderizando celda: {columnId: rol, isReference: undefined, value: Object} @ http://localhost:3000/_next/static/chunks/11hm_next_dist_0m6rgog._.js:2441
[    1167ms] [LOG] [DEBUG] Renderizando celda: {columnId: estado, isReference: undefined, value: Object} @ http://localhost:3000/_next/static/chunks/11hm_next_dist_0m6rgog._.js:2441
[    1167ms] [LOG] [DEBUG] Renderizando celda: {columnId: estado, isReference: undefined, value: Object} @ http://localhost:3000/_next/static/chunks/11hm_next_dist_0m6rgog._.js:2441
[    1167ms] [LOG] [DEBUG] Renderizando celda: {columnId: fechaRegistro, isReference: undefined, value: Object} @ http://localhost:3000/_next/static/chunks/11hm_next_dist_0m6rgog._.js:2441
[    1167ms] [LOG] [DEBUG] Renderizando celda: {columnId: fechaRegistro, isReference: undefined, value: Object} @ http://localhost:3000/_next/static/chunks/11hm_next_dist_0m6rgog._.js:2441
[    1167ms] [LOG] [DEBUG] Renderizando celda: {columnId: ultimoContacto, isReference: undefined, value: Object} @ http://localhost:3000/_next/static/chunks/11hm_next_dist_0m6rgog._.js:2441
[    1167ms] [LOG] [DEBUG] Renderizando celda: {columnId: ultimoContacto, isReference: undefined, value: Object} @ http://localhost:3000/_next/static/chunks/11hm_next_dist_0m6rgog._.js:2441
[    1167ms] [LOG] [DEBUG] Renderizando celda: {columnId: valorTotal, isReference: undefined, value: Object} @ http://localhost:3000/_next/static/chunks/11hm_next_dist_0m6rgog._.js:2441
[    1167ms] [LOG] [DEBUG] Renderizando celda: {columnId: valorTotal, isReference: undefined, value: Object} @ http://localhost:3000/_next/static/chunks/11hm_next_dist_0m6rgog._.js:2441
[    1168ms] [LOG] [DEBUG] Renderizando celda: {columnId: satisfaccion, isReference: undefined, value: Object} @ http://localhost:3000/_next/static/chunks/11hm_next_dist_0m6rgog._.js:2441
[    1168ms] [LOG] [DEBUG] Renderizando celda: {columnId: satisfaccion, isReference: undefined, value: Object} @ http://localhost:3000/_next/static/chunks/11hm_next_dist_0m6rgog._.js:2441
[    1168ms] [LOG] [DEBUG] Renderizando celda: {columnId: activo, isReference: undefined, value: Object} @ http://localhost:3000/_next/static/chunks/11hm_next_dist_0m6rgog._.js:2441
[    1168ms] [LOG] [DEBUG] Renderizando celda: {columnId: activo, isReference: undefined, value: Object} @ http://localhost:3000/_next/static/chunks/11hm_next_dist_0m6rgog._.js:2441
[    1176ms] [LOG] [DEBUG] Renderizando celda: {columnId: id, isReference: undefined, value: Object} @ http://localhost:3000/_next/static/chunks/11hm_next_dist_0m6rgog._.js:2441
[    1176ms] [LOG] [DEBUG] Renderizando celda: {columnId: id, isReference: undefined, value: Object} @ http://localhost:3000/_next/static/chunks/11hm_next_dist_0m6rgog._.js:2441
[    1176ms] [LOG] [DEBUG] Renderizando celda: {columnId: nombre, isReference: undefined, value: Object} @ http://localhost:3000/_next/static/chunks/11hm_next_dist_0m6rgog._.js:2441
[    1176ms] [LOG] [DEBUG] Renderizando celda: {columnId: nombre, isReference: undefined, value: Object} @ http://localhost:3000/_next/static/chunks/11hm_next_dist_0m6rgog._.js:2441
[    1177ms] [LOG] [DEBUG] Renderizando celda: {columnId: email, isReference: undefined, value: Object} @ http://localhost:3000/_next/static/chunks/11hm_next_dist_0m6rgog._.js:2441
[    1177ms] [LOG] [DEBUG] Renderizando celda: {columnId: email, isReference: undefined, value: Object} @ http://localhost:3000/_next/static/chunks/11hm_next_dist_0m6rgog._.js:2441
[    1177ms] [LOG] [DEBUG] Renderizando celda: {columnId: telefono, isReference: undefined, value: Object} @ http://localhost:3000/_next/static/chunks/11hm_next_dist_0m6rgog._.js:2441
[    1177ms] [LOG] [DEBUG] Renderizando celda: {columnId: telefono, isReference: undefined, value: Object} @ http://localhost:3000/_next/static/chunks/11hm_next_dist_0m6rgog._.js:2441
[    1177ms] [LOG] [DEBUG] Renderizando celda: {columnId: ciudad, isReference: undefined, value: Object} @ http://localhost:3000/_next/static/chunks/11hm_next_dist_0m6rgog._.js:2441
[    1177ms] [LOG] [DEBUG] Renderizando celda: {columnId: ciudad, isReference: undefined, value: Object} @ http://localhost:3000/_next/static/chunks/11hm_next_dist_0m6rgog._.js:2441
[    1177ms] [LOG] [DEBUG] Renderizando celda: {columnId: rol, isReference: undefined, value: Object} @ http://localhost:3000/_next/static/chunks/11hm_next_dist_0m6rgog._.js:2441
[    1177ms] [LOG] [DEBUG] Renderizando celda: {columnId: rol, isReference: undefined, value: Object} @ http://localhost:3000/_next/static/chunks/11hm_next_dist_0m6rgog._.js:2441
[    1177ms] [LOG] [DEBUG] Renderizando celda: {columnId: estado, isReference: undefined, value: Object} @ http://localhost:3000/_next/static/chunks/11hm_next_dist_0m6rgog._.js:2441
[    1177ms] [LOG] [DEBUG] Renderizando celda: {columnId: estado, isReference: undefined, value: Object} @ http://localhost:3000/_next/static/chunks/11hm_next_dist_0m6rgog._.js:2441
[    1178ms] [LOG] [DEBUG] Renderizando celda: {columnId: fechaRegistro, isReference: undefined, value: Object} @ http://localhost:3000/_next/static/chunks/11hm_next_dist_0m6rgog._.js:2441
[    1178ms] [LOG] [DEBUG] Renderizando celda: {columnId: fechaRegistro, isReference: undefined, value: Object} @ http://localhost:3000/_next/static/chunks/11hm_next_dist_0m6rgog._.js:2441
[    1178ms] [LOG] [DEBUG] Renderizando celda: {columnId: ultimoContacto, isReference: undefined, value: Object} @ http://localhost:3000/_next/static/chunks/11hm_next_dist_0m6rgog._.js:2441
[    1178ms] [LOG] [DEBUG] Renderizando celda: {columnId: ultimoContacto, isReference: undefined, value: Object} @ http://localhost:3000/_next/static/chunks/11hm_next_dist_0m6rgog._.js:2441
[    1178ms] [LOG] [DEBUG] Renderizando celda: {columnId: valorTotal, isReference: undefined, value: Object} @ http://localhost:3000/_next/static/chunks/11hm_next_dist_0m6rgog._.js:2441
[    1178ms] [LOG] [DEBUG] Renderizando celda: {columnId: valorTotal, isReference: undefined, value: Object} @ http://localhost:3000/_next/static/chunks/11hm_next_dist_0m6rgog._.js:2441
[    1178ms] [LOG] [DEBUG] Renderizando celda: {columnId: satisfaccion, isReference: undefined, value: Object} @ http://localhost:3000/_next/static/chunks/11hm_next_dist_0m6rgog._.js:2441
[    1178ms] [LOG] [DEBUG] Renderizando celda: {columnId: satisfaccion, isReference: undefined, value: Object} @ http://localhost:3000/_next/static/chunks/11hm_next_dist_0m6rgog._.js:2441
[    1178ms] [LOG] [DEBUG] Renderizando celda: {columnId: activo, isReference: undefined, value: Object} @ http://localhost:3000/_next/static/chunks/11hm_next_dist_0m6rgog._.js:2441
[    1179ms] [LOG] [DEBUG] Renderizando celda: {columnId: activo, isReference: undefined, value: Object} @ http://localhost:3000/_next/static/chunks/11hm_next_dist_0m6rgog._.js:2441
[    1187ms] [LOG] [DEBUG] Renderizando celda: {columnId: id, isReference: undefined, value: Object} @ http://localhost:3000/_next/static/chunks/11hm_next_dist_0m6rgog._.js:2441
[    1187ms] [LOG] [DEBUG] Renderizando celda: {columnId: id, isReference: undefined, value: Object} @ http://localhost:3000/_next/static/chunks/11hm_next_dist_0m6rgog._.js:2441
[    1187ms] [LOG] [DEBUG] Renderizando celda: {columnId: nombre, isReference: undefined, value: Object} @ http://localhost:3000/_next/static/chunks/11hm_next_dist_0m6rgog._.js:2441
[    1187ms] [LOG] [DEBUG] Renderizando celda: {columnId: nombre, isReference: undefined, value: Object} @ http://localhost:3000/_next/static/chunks/11hm_next_dist_0m6rgog._.js:2441
[    1188ms] [LOG] [DEBUG] Renderizando celda: {columnId: email, isReference: undefined, value: Object} @ http://localhost:3000/_next/static/chunks/11hm_next_dist_0m6rgog._.js:2441
[    1188ms] [LOG] [DEBUG] Renderizando celda: {columnId: email, isReference: undefined, value: Object} @ http://localhost:3000/_next/static/chunks/11hm_next_dist_0m6rgog._.js:2441
[    1188ms] [LOG] [DEBUG] Renderizando celda: {columnId: telefono, isReference: undefined, value: Object} @ http://localhost:3000/_next/static/chunks/11hm_next_dist_0m6rgog._.js:2441
[    1188ms] [LOG] [DEBUG] Renderizando celda: {columnId: telefono, isReference: undefined, value: Object} @ http://localhost:3000/_next/static/chunks/11hm_next_dist_0m6rgog._.js:2441
[    1188ms] [LOG] [DEBUG] Renderizando celda: {columnId: ciudad, isReference: undefined, value: Object} @ http://localhost:3000/_next/static/chunks/11hm_next_dist_0m6rgog._.js:2441
[    1188ms] [LOG] [DEBUG] Renderizando celda: {columnId: ciudad, isReference: undefined, value: Object} @ http://localhost:3000/_next/static/chunks/11hm_next_dist_0m6rgog._.js:2441
[    1189ms] [LOG] [DEBUG] Renderizando celda: {columnId: rol, isReference: undefined, value: Object} @ http://localhost:3000/_next/static/chunks/11hm_next_dist_0m6rgog._.js:2441
[    1189ms] [LOG] [DEBUG] Renderizando celda: {columnId: rol, isReference: undefined, value: Object} @ http://localhost:3000/_next/static/chunks/11hm_next_dist_0m6rgog._.js:2441
[    1189ms] [LOG] [DEBUG] Renderizando celda: {columnId: estado, isReference: undefined, value: Object} @ http://localhost:3000/_next/static/chunks/11hm_next_dist_0m6rgog._.js:2441
[    1189ms] [LOG] [DEBUG] Renderizando celda: {columnId: estado, isReference: undefined, value: Object} @ http://localhost:3000/_next/static/chunks/11hm_next_dist_0m6rgog._.js:2441
[    1189ms] [LOG] [DEBUG] Renderizando celda: {columnId: fechaRegistro, isReference: undefined, value: Object} @ http://localhost:3000/_next/static/chunks/11hm_next_dist_0m6rgog._.js:2441
[    1189ms] [LOG] [DEBUG] Renderizando celda: {columnId: fechaRegistro, isReference: undefined, value: Object} @ http://localhost:3000/_next/static/chunks/11hm_next_dist_0m6rgog._.js:2441
[    1189ms] [LOG] [DEBUG] Renderizando celda: {columnId: ultimoContacto, isReference: undefined, value: Object} @ http://localhost:3000/_next/static/chunks/11hm_next_dist_0m6rgog._.js:2441
[    1189ms] [LOG] [DEBUG] Renderizando celda: {columnId: ultimoContacto, isReference: undefined, value: Object} @ http://localhost:3000/_next/static/chunks/11hm_next_dist_0m6rgog._.js:2441
[    1190ms] [LOG] [DEBUG] Renderizando celda: {columnId: valorTotal, isReference: undefined, value: Object} @ http://localhost:3000/_next/static/chunks/11hm_next_dist_0m6rgog._.js:2441
[    1190ms] [LOG] [DEBUG] Renderizando celda: {columnId: valorTotal, isReference: undefined, value: Object} @ http://localhost:3000/_next/static/chunks/11hm_next_dist_0m6rgog._.js:2441
[    1190ms] [LOG] [DEBUG] Renderizando celda: {columnId: satisfaccion, isReference: undefined, value: Object} @ http://localhost:3000/_next/static/chunks/11hm_next_dist_0m6rgog._.js:2441
[    1190ms] [LOG] [DEBUG] Renderizando celda: {columnId: satisfaccion, isReference: undefined, value: Object} @ http://localhost:3000/_next/static/chunks/11hm_next_dist_0m6rgog._.js:2441
[    1190ms] [LOG] [DEBUG] Renderizando celda: {columnId: activo, isReference: undefined, value: Object} @ http://localhost:3000/_next/static/chunks/11hm_next_dist_0m6rgog._.js:2441
[    1190ms] [LOG] [DEBUG] Renderizando celda: {columnId: activo, isReference: undefined, value: Object} @ http://localhost:3000/_next/static/chunks/11hm_next_dist_0m6rgog._.js:2441
[    1199ms] [LOG] [DEBUG] Renderizando celda: {columnId: id, isReference: undefined, value: Object} @ http://localhost:3000/_next/static/chunks/11hm_next_dist_0m6rgog._.js:2441
[    1200ms] [LOG] [DEBUG] Renderizando celda: {columnId: id, isReference: undefined, value: Object} @ http://localhost:3000/_next/static/chunks/11hm_next_dist_0m6rgog._.js:2441
[    1200ms] [LOG] [DEBUG] Renderizando celda: {columnId: nombre, isReference: undefined, value: Object} @ http://localhost:3000/_next/static/chunks/11hm_next_dist_0m6rgog._.js:2441
[    1200ms] [LOG] [DEBUG] Renderizando celda: {columnId: nombre, isReference: undefined, value: Object} @ http://localhost:3000/_next/static/chunks/11hm_next_dist_0m6rgog._.js:2441
[    1200ms] [LOG] [DEBUG] Renderizando celda: {columnId: email, isReference: undefined, value: Object} @ http://localhost:3000/_next/static/chunks/11hm_next_dist_0m6rgog._.js:2441
[    1200ms] [LOG] [DEBUG] Renderizando celda: {columnId: email, isReference: undefined, value: Object} @ http://localhost:3000/_next/static/chunks/11hm_next_dist_0m6rgog._.js:2441
[    1200ms] [LOG] [DEBUG] Renderizando celda: {columnId: telefono, isReference: undefined, value: Object} @ http://localhost:3000/_next/static/chunks/11hm_next_dist_0m6rgog._.js:2441
[    1200ms] [LOG] [DEBUG] Renderizando celda: {columnId: telefono, isReference: undefined, value: Object} @ http://localhost:3000/_next/static/chunks/11hm_next_dist_0m6rgog._.js:2441
[    1201ms] [LOG] [DEBUG] Renderizando celda: {columnId: ciudad, isReference: undefined, value: Object} @ http://localhost:3000/_next/static/chunks/11hm_next_dist_0m6rgog._.js:2441
[    1201ms] [LOG] [DEBUG] Renderizando celda: {columnId: ciudad, isReference: undefined, value: Object} @ http://localhost:3000/_next/static/chunks/11hm_next_dist_0m6rgog._.js:2441
[    1201ms] [LOG] [DEBUG] Renderizando celda: {columnId: rol, isReference: undefined, value: Object} @ http://localhost:3000/_next/static/chunks/11hm_next_dist_0m6rgog._.js:2441
[    1201ms] [LOG] [DEBUG] Renderizando celda: {columnId: rol, isReference: undefined, value: Object} @ http://localhost:3000/_next/static/chunks/11hm_next_dist_0m6rgog._.js:2441
[    1201ms] [LOG] [DEBUG] Renderizando celda: {columnId: estado, isReference: undefined, value: Object} @ http://localhost:3000/_next/static/chunks/11hm_next_dist_0m6rgog._.js:2441
[    1201ms] [LOG] [DEBUG] Renderizando celda: {columnId: estado, isReference: undefined, value: Object} @ http://localhost:3000/_next/static/chunks/11hm_next_dist_0m6rgog._.js:2441
[    1201ms] [LOG] [DEBUG] Renderizando celda: {columnId: fechaRegistro, isReference: undefined, value: Object} @ http://localhost:3000/_next/static/chunks/11hm_next_dist_0m6rgog._.js:2441
[    1201ms] [LOG] [DEBUG] Renderizando celda: {columnId: fechaRegistro, isReference: undefined, value: Object} @ http://localhost:3000/_next/static/chunks/11hm_next_dist_0m6rgog._.js:2441
[    1201ms] [LOG] [DEBUG] Renderizando celda: {columnId: ultimoContacto, isReference: undefined, value: Object} @ http://localhost:3000/_next/static/chunks/11hm_next_dist_0m6rgog._.js:2441
[    1202ms] [LOG] [DEBUG] Renderizando celda: {columnId: ultimoContacto, isReference: undefined, value: Object} @ http://localhost:3000/_next/static/chunks/11hm_next_dist_0m6rgog._.js:2441
[    1202ms] [LOG] [DEBUG] Renderizando celda: {columnId: valorTotal, isReference: undefined, value: Object} @ http://localhost:3000/_next/static/chunks/11hm_next_dist_0m6rgog._.js:2441
[    1202ms] [LOG] [DEBUG] Renderizando celda: {columnId: valorTotal, isReference: undefined, value: Object} @ http://localhost:3000/_next/static/chunks/11hm_next_dist_0m6rgog._.js:2441
[    1202ms] [LOG] [DEBUG] Renderizando celda: {columnId: satisfaccion, isReference: undefined, value: Object} @ http://localhost:3000/_next/static/chunks/11hm_next_dist_0m6rgog._.js:2441
[    1202ms] [LOG] [DEBUG] Renderizando celda: {columnId: satisfaccion, isReference: undefined, value: Object} @ http://localhost:3000/_next/static/chunks/11hm_next_dist_0m6rgog._.js:2441
[    1202ms] [LOG] [DEBUG] Renderizando celda: {columnId: activo, isReference: undefined, value: Object} @ http://localhost:3000/_next/static/chunks/11hm_next_dist_0m6rgog._.js:2441
[    1202ms] [LOG] [DEBUG] Renderizando celda: {columnId: activo, isReference: undefined, value: Object} @ http://localhost:3000/_next/static/chunks/11hm_next_dist_0m6rgog._.js:2441
[    1211ms] [LOG] [DEBUG] Renderizando celda: {columnId: id, isReference: undefined, value: Object} @ http://localhost:3000/_next/static/chunks/11hm_next_dist_0m6rgog._.js:2441
[    1211ms] [LOG] [DEBUG] Renderizando celda: {columnId: id, isReference: undefined, value: Object} @ http://localhost:3000/_next/static/chunks/11hm_next_dist_0m6rgog._.js:2441
[    1211ms] [LOG] [DEBUG] Renderizando celda: {columnId: nombre, isReference: undefined, value: Object} @ http://localhost:3000/_next/static/chunks/11hm_next_dist_0m6rgog._.js:2441
[    1212ms] [LOG] [DEBUG] Renderizando celda: {columnId: nombre, isReference: undefined, value: Object} @ http://localhost:3000/_next/static/chunks/11hm_next_dist_0m6rgog._.js:2441
[    1212ms] [LOG] [DEBUG] Renderizando celda: {columnId: email, isReference: undefined, value: Object} @ http://localhost:3000/_next/static/chunks/11hm_next_dist_0m6rgog._.js:2441
[    1212ms] [LOG] [DEBUG] Renderizando celda: {columnId: email, isReference: undefined, value: Object} @ http://localhost:3000/_next/static/chunks/11hm_next_dist_0m6rgog._.js:2441
[    1212ms] [LOG] [DEBUG] Renderizando celda: {columnId: telefono, isReference: undefined, value: Object} @ http://localhost:3000/_next/static/chunks/11hm_next_dist_0m6rgog._.js:2441
[    1212ms] [LOG] [DEBUG] Renderizando celda: {columnId: telefono, isReference: undefined, value: Object} @ http://localhost:3000/_next/static/chunks/11hm_next_dist_0m6rgog._.js:2441
[    1212ms] [LOG] [DEBUG] Renderizando celda: {columnId: ciudad, isReference: undefined, value: Object} @ http://localhost:3000/_next/static/chunks/11hm_next_dist_0m6rgog._.js:2441
[    1212ms] [LOG] [DEBUG] Renderizando celda: {columnId: ciudad, isReference: undefined, value: Object} @ http://localhost:3000/_next/static/chunks/11hm_next_dist_0m6rgog._.js:2441
[    1212ms] [LOG] [DEBUG] Renderizando celda: {columnId: rol, isReference: undefined, value: Object} @ http://localhost:3000/_next/static/chunks/11hm_next_dist_0m6rgog._.js:2441
[    1212ms] [LOG] [DEBUG] Renderizando celda: {columnId: rol, isReference: undefined, value: Object} @ http://localhost:3000/_next/static/chunks/11hm_next_dist_0m6rgog._.js:2441
[    1213ms] [LOG] [DEBUG] Renderizando celda: {columnId: estado, isReference: undefined, value: Object} @ http://localhost:3000/_next/static/chunks/11hm_next_dist_0m6rgog._.js:2441
[    1213ms] [LOG] [DEBUG] Renderizando celda: {columnId: estado, isReference: undefined, value: Object} @ http://localhost:3000/_next/static/chunks/11hm_next_dist_0m6rgog._.js:2441
[    1213ms] [LOG] [DEBUG] Renderizando celda: {columnId: fechaRegistro, isReference: undefined, value: Object} @ http://localhost:3000/_next/static/chunks/11hm_next_dist_0m6rgog._.js:2441
[    1213ms] [LOG] [DEBUG] Renderizando celda: {columnId: fechaRegistro, isReference: undefined, value: Object} @ http://localhost:3000/_next/static/chunks/11hm_next_dist_0m6rgog._.js:2441
[    1213ms] [LOG] [DEBUG] Renderizando celda: {columnId: ultimoContacto, isReference: undefined, value: Object} @ http://localhost:3000/_next/static/chunks/11hm_next_dist_0m6rgog._.js:2441
[    1213ms] [LOG] [DEBUG] Renderizando celda: {columnId: ultimoContacto, isReference: undefined, value: Object} @ http://localhost:3000/_next/static/chunks/11hm_next_dist_0m6rgog._.js:2441
[    1213ms] [LOG] [DEBUG] Renderizando celda: {columnId: valorTotal, isReference: undefined, value: Object} @ http://localhost:3000/_next/static/chunks/11hm_next_dist_0m6rgog._.js:2441
[    1213ms] [LOG] [DEBUG] Renderizando celda: {columnId: valorTotal, isReference: undefined, value: Object} @ http://localhost:3000/_next/static/chunks/11hm_next_dist_0m6rgog._.js:2441
[    1213ms] [LOG] [DEBUG] Renderizando celda: {columnId: satisfaccion, isReference: undefined, value: Object} @ http://localhost:3000/_next/static/chunks/11hm_next_dist_0m6rgog._.js:2441
[    1214ms] [LOG] [DEBUG] Renderizando celda: {columnId: satisfaccion, isReference: undefined, value: Object} @ http://localhost:3000/_next/static/chunks/11hm_next_dist_0m6rgog._.js:2441
[    1214ms] [LOG] [DEBUG] Renderizando celda: {columnId: activo, isReference: undefined, value: Object} @ http://localhost:3000/_next/static/chunks/11hm_next_dist_0m6rgog._.js:2441
[    1214ms] [LOG] [DEBUG] Renderizando celda: {columnId: activo, isReference: undefined, value: Object} @ http://localhost:3000/_next/static/chunks/11hm_next_dist_0m6rgog._.js:2441
[    1222ms] [LOG] [DEBUG] Renderizando celda: {columnId: id, isReference: undefined, value: Object} @ http://localhost:3000/_next/static/chunks/11hm_next_dist_0m6rgog._.js:2441
[    1222ms] [LOG] [DEBUG] Renderizando celda: {columnId: id, isReference: undefined, value: Object} @ http://localhost:3000/_next/static/chunks/11hm_next_dist_0m6rgog._.js:2441
[    1222ms] [LOG] [DEBUG] Renderizando celda: {columnId: nombre, isReference: undefined, value: Object} @ http://localhost:3000/_next/static/chunks/11hm_next_dist_0m6rgog._.js:2441
[    1223ms] [LOG] [DEBUG] Renderizando celda: {columnId: nombre, isReference: undefined, value: Object} @ http://localhost:3000/_next/static/chunks/11hm_next_dist_0m6rgog._.js:2441
[    1223ms] [LOG] [DEBUG] Renderizando celda: {columnId: email, isReference: undefined, value: Object} @ http://localhost:3000/_next/static/chunks/11hm_next_dist_0m6rgog._.js:2441
[    1223ms] [LOG] [DEBUG] Renderizando celda: {columnId: email, isReference: undefined, value: Object} @ http://localhost:3000/_next/static/chunks/11hm_next_dist_0m6rgog._.js:2441
[    1223ms] [LOG] [DEBUG] Renderizando celda: {columnId: telefono, isReference: undefined, value: Object} @ http://localhost:3000/_next/static/chunks/11hm_next_dist_0m6rgog._.js:2441
[    1223ms] [LOG] [DEBUG] Renderizando celda: {columnId: telefono, isReference: undefined, value: Object} @ http://localhost:3000/_next/static/chunks/11hm_next_dist_0m6rgog._.js:2441
[    1223ms] [LOG] [DEBUG] Renderizando celda: {columnId: ciudad, isReference: undefined, value: Object} @ http://localhost:3000/_next/static/chunks/11hm_next_dist_0m6rgog._.js:2441
[    1223ms] [LOG] [DEBUG] Renderizando celda: {columnId: ciudad, isReference: undefined, value: Object} @ http://localhost:3000/_next/static/chunks/11hm_next_dist_0m6rgog._.js:2441
[    1223ms] [LOG] [DEBUG] Renderizando celda: {columnId: rol, isReference: undefined, value: Object} @ http://localhost:3000/_next/static/chunks/11hm_next_dist_0m6rgog._.js:2441
[    1223ms] [LOG] [DEBUG] Renderizando celda: {columnId: rol, isReference: undefined, value: Object} @ http://localhost:3000/_next/static/chunks/11hm_next_dist_0m6rgog._.js:2441
[    1224ms] [LOG] [DEBUG] Renderizando celda: {columnId: estado, isReference: undefined, value: Object} @ http://localhost:3000/_next/static/chunks/11hm_next_dist_0m6rgog._.js:2441
[    1224ms] [LOG] [DEBUG] Renderizando celda: {columnId: estado, isReference: undefined, value: Object} @ http://localhost:3000/_next/static/chunks/11hm_next_dist_0m6rgog._.js:2441
[    1224ms] [LOG] [DEBUG] Renderizando celda: {columnId: fechaRegistro, isReference: undefined, value: Object} @ http://localhost:3000/_next/static/chunks/11hm_next_dist_0m6rgog._.js:2441
[    1224ms] [LOG] [DEBUG] Renderizando celda: {columnId: fechaRegistro, isReference: undefined, value: Object} @ http://localhost:3000/_next/static/chunks/11hm_next_dist_0m6rgog._.js:2441
[    1224ms] [LOG] [DEBUG] Renderizando celda: {columnId: ultimoContacto, isReference: undefined, value: Object} @ http://localhost:3000/_next/static/chunks/11hm_next_dist_0m6rgog._.js:2441
[    1224ms] [LOG] [DEBUG] Renderizando celda: {columnId: ultimoContacto, isReference: undefined, value: Object} @ http://localhost:3000/_next/static/chunks/11hm_next_dist_0m6rgog._.js:2441
[    1224ms] [LOG] [DEBUG] Renderizando celda: {columnId: valorTotal, isReference: undefined, value: Object} @ http://localhost:3000/_next/static/chunks/11hm_next_dist_0m6rgog._.js:2441
[    1224ms] [LOG] [DEBUG] Renderizando celda: {columnId: valorTotal, isReference: undefined, value: Object} @ http://localhost:3000/_next/static/chunks/11hm_next_dist_0m6rgog._.js:2441
[    1224ms] [LOG] [DEBUG] Renderizando celda: {columnId: satisfaccion, isReference: undefined, value: Object} @ http://localhost:3000/_next/static/chunks/11hm_next_dist_0m6rgog._.js:2441
[    1224ms] [LOG] [DEBUG] Renderizando celda: {columnId: satisfaccion, isReference: undefined, value: Object} @ http://localhost:3000/_next/static/chunks/11hm_next_dist_0m6rgog._.js:2441
[    1225ms] [LOG] [DEBUG] Renderizando celda: {columnId: activo, isReference: undefined, value: Object} @ http://localhost:3000/_next/static/chunks/11hm_next_dist_0m6rgog._.js:2441
[    1225ms] [LOG] [DEBUG] Renderizando celda: {columnId: activo, isReference: undefined, value: Object} @ http://localhost:3000/_next/static/chunks/11hm_next_dist_0m6rgog._.js:2441
[    1231ms] [LOG] [DEBUG] Renderizando celda: {columnId: id, isReference: undefined, value: Object} @ http://localhost:3000/_next/static/chunks/11hm_next_dist_0m6rgog._.js:2441
[    1231ms] [LOG] [DEBUG] Renderizando celda: {columnId: id, isReference: undefined, value: Object} @ http://localhost:3000/_next/static/chunks/11hm_next_dist_0m6rgog._.js:2441
[    1231ms] [LOG] [DEBUG] Renderizando celda: {columnId: nombre, isReference: undefined, value: Object} @ http://localhost:3000/_next/static/chunks/11hm_next_dist_0m6rgog._.js:2441
[    1231ms] [LOG] [DEBUG] Renderizando celda: {columnId: nombre, isReference: undefined, value: Object} @ http://localhost:3000/_next/static/chunks/11hm_next_dist_0m6rgog._.js:2441
[    1231ms] [LOG] [DEBUG] Renderizando celda: {columnId: email, isReference: undefined, value: Object} @ http://localhost:3000/_next/static/chunks/11hm_next_dist_0m6rgog._.js:2441
[    1231ms] [LOG] [DEBUG] Renderizando celda: {columnId: email, isReference: undefined, value: Object} @ http://localhost:3000/_next/static/chunks/11hm_next_dist_0m6rgog._.js:2441
[    1231ms] [LOG] [DEBUG] Renderizando celda: {columnId: telefono, isReference: undefined, value: Object} @ http://localhost:3000/_next/static/chunks/11hm_next_dist_0m6rgog._.js:2441
[    1231ms] [LOG] [DEBUG] Renderizando celda: {columnId: telefono, isReference: undefined, value: Object} @ http://localhost:3000/_next/static/chunks/11hm_next_dist_0m6rgog._.js:2441
[    1231ms] [LOG] [DEBUG] Renderizando celda: {columnId: ciudad, isReference: undefined, value: Object} @ http://localhost:3000/_next/static/chunks/11hm_next_dist_0m6rgog._.js:2441
[    1231ms] [LOG] [DEBUG] Renderizando celda: {columnId: ciudad, isReference: undefined, value: Object} @ http://localhost:3000/_next/static/chunks/11hm_next_dist_0m6rgog._.js:2441
[    1231ms] [LOG] [DEBUG] Renderizando celda: {columnId: rol, isReference: undefined, value: Object} @ http://localhost:3000/_next/static/chunks/11hm_next_dist_0m6rgog._.js:2441
[    1231ms] [LOG] [DEBUG] Renderizando celda: {columnId: rol, isReference: undefined, value: Object} @ http://localhost:3000/_next/static/chunks/11hm_next_dist_0m6rgog._.js:2441
[    1232ms] [LOG] [DEBUG] Renderizando celda: {columnId: estado, isReference: undefined, value: Object} @ http://localhost:3000/_next/static/chunks/11hm_next_dist_0m6rgog._.js:2441
[    1232ms] [LOG] [DEBUG] Renderizando celda: {columnId: estado, isReference: undefined, value: Object} @ http://localhost:3000/_next/static/chunks/11hm_next_dist_0m6rgog._.js:2441
[    1232ms] [LOG] [DEBUG] Renderizando celda: {columnId: fechaRegistro, isReference: undefined, value: Object} @ http://localhost:3000/_next/static/chunks/11hm_next_dist_0m6rgog._.js:2441
[    1232ms] [LOG] [DEBUG] Renderizando celda: {columnId: fechaRegistro, isReference: undefined, value: Object} @ http://localhost:3000/_next/static/chunks/11hm_next_dist_0m6rgog._.js:2441
[    1232ms] [LOG] [DEBUG] Renderizando celda: {columnId: ultimoContacto, isReference: undefined, value: Object} @ http://localhost:3000/_next/static/chunks/11hm_next_dist_0m6rgog._.js:2441
[    1232ms] [LOG] [DEBUG] Renderizando celda: {columnId: ultimoContacto, isReference: undefined, value: Object} @ http://localhost:3000/_next/static/chunks/11hm_next_dist_0m6rgog._.js:2441
[    1232ms] [LOG] [DEBUG] Renderizando celda: {columnId: valorTotal, isReference: undefined, value: Object} @ http://localhost:3000/_next/static/chunks/11hm_next_dist_0m6rgog._.js:2441
[    1232ms] [LOG] [DEBUG] Renderizando celda: {columnId: valorTotal, isReference: undefined, value: Object} @ http://localhost:3000/_next/static/chunks/11hm_next_dist_0m6rgog._.js:2441
[    1232ms] [LOG] [DEBUG] Renderizando celda: {columnId: satisfaccion, isReference: undefined, value: Object} @ http://localhost:3000/_next/static/chunks/11hm_next_dist_0m6rgog._.js:2441
[    1232ms] [LOG] [DEBUG] Renderizando celda: {columnId: satisfaccion, isReference: undefined, value: Object} @ http://localhost:3000/_next/static/chunks/11hm_next_dist_0m6rgog._.js:2441
[    1232ms] [LOG] [DEBUG] Renderizando celda: {columnId: activo, isReference: undefined, value: Object} @ http://localhost:3000/_next/static/chunks/11hm_next_dist_0m6rgog._.js:2441
[    1232ms] [LOG] [DEBUG] Renderizando celda: {columnId: activo, isReference: undefined, value: Object} @ http://localhost:3000/_next/static/chunks/11hm_next_dist_0m6rgog._.js:2441
[    1234ms] [LOG] [DEBUG] Renderizando SecondaryTables: {level: 0, parentId: undefined, isLoading: false, arrayColumnsCount: 0, arrayColumns: Array(0)} @ http://localhost:3000/_next/static/chunks/11hm_next_dist_0m6rgog._.js:2441
[    1235ms] [LOG] [DEBUG] Renderizando SecondaryTables: {level: 0, parentId: undefined, isLoading: false, arrayColumnsCount: 0, arrayColumns: Array(0)} @ http://localhost:3000/_next/static/chunks/11hm_next_dist_0m6rgog._.js:2441
[    1248ms] [LOG] [DEBUG] Effective column order: {baseOrder: Array(14), pinnedColumnId: index, otherColumns: Array(13), hasActions: true, result: Array(15)} @ http://localhost:3000/_next/static/chunks/11hm_next_dist_0m6rgog._.js:2441
[    1249ms] [LOG] [DEBUG] Effective column order: {baseOrder: Array(14), pinnedColumnId: index, otherColumns: Array(13), hasActions: true, result: Array(15)} @ http://localhost:3000/_next/static/chunks/11hm_next_dist_0m6rgog._.js:2441
[    1255ms] [LOG] [DEBUG] Effective column order: {baseOrder: Array(14), pinnedColumnId: index, otherColumns: Array(13), hasActions: true, result: Array(15)} @ http://localhost:3000/_next/static/chunks/11hm_next_dist_0m6rgog._.js:2441
[    1255ms] [LOG] [DEBUG] Effective column order: {baseOrder: Array(14), pinnedColumnId: index, otherColumns: Array(13), hasActions: true, result: Array(15)} @ http://localhost:3000/_next/static/chunks/11hm_next_dist_0m6rgog._.js:2441
[    1262ms] [LOG] [DEBUG] Renderizando celda: {columnId: id, isReference: undefined, value: Object} @ http://localhost:3000/_next/static/chunks/11hm_next_dist_0m6rgog._.js:2441
[    1262ms] [LOG] [DEBUG] Renderizando celda: {columnId: id, isReference: undefined, value: Object} @ http://localhost:3000/_next/static/chunks/11hm_next_dist_0m6rgog._.js:2441
[    1262ms] [LOG] [DEBUG] Renderizando celda: {columnId: nombre, isReference: undefined, value: Object} @ http://localhost:3000/_next/static/chunks/11hm_next_dist_0m6rgog._.js:2441
[    1262ms] [LOG] [DEBUG] Renderizando celda: {columnId: nombre, isReference: undefined, value: Object} @ http://localhost:3000/_next/static/chunks/11hm_next_dist_0m6rgog._.js:2441
[    1262ms] [LOG] [DEBUG] Renderizando celda: {columnId: email, isReference: undefined, value: Object} @ http://localhost:3000/_next/static/chunks/11hm_next_dist_0m6rgog._.js:2441
[    1262ms] [LOG] [DEBUG] Renderizando celda: {columnId: email, isReference: undefined, value: Object} @ http://localhost:3000/_next/static/chunks/11hm_next_dist_0m6rgog._.js:2441
[    1262ms] [LOG] [DEBUG] Renderizando celda: {columnId: telefono, isReference: undefined, value: Object} @ http://localhost:3000/_next/static/chunks/11hm_next_dist_0m6rgog._.js:2441
[    1262ms] [LOG] [DEBUG] Renderizando celda: {columnId: telefono, isReference: undefined, value: Object} @ http://localhost:3000/_next/static/chunks/11hm_next_dist_0m6rgog._.js:2441
[    1262ms] [LOG] [DEBUG] Renderizando celda: {columnId: ciudad, isReference: undefined, value: Object} @ http://localhost:3000/_next/static/chunks/11hm_next_dist_0m6rgog._.js:2441
[    1262ms] [LOG] [DEBUG] Renderizando celda: {columnId: ciudad, isReference: undefined, value: Object} @ http://localhost:3000/_next/static/chunks/11hm_next_dist_0m6rgog._.js:2441
[    1262ms] [LOG] [DEBUG] Renderizando celda: {columnId: rol, isReference: undefined, value: Object} @ http://localhost:3000/_next/static/chunks/11hm_next_dist_0m6rgog._.js:2441
[    1262ms] [LOG] [DEBUG] Renderizando celda: {columnId: rol, isReference: undefined, value: Object} @ http://localhost:3000/_next/static/chunks/11hm_next_dist_0m6rgog._.js:2441
[    1262ms] [LOG] [DEBUG] Renderizando celda: {columnId: estado, isReference: undefined, value: Object} @ http://localhost:3000/_next/static/chunks/11hm_next_dist_0m6rgog._.js:2441
[    1263ms] [LOG] [DEBUG] Renderizando celda: {columnId: estado, isReference: undefined, value: Object} @ http://localhost:3000/_next/static/chunks/11hm_next_dist_0m6rgog._.js:2441
[    1263ms] [LOG] [DEBUG] Renderizando celda: {columnId: fechaRegistro, isReference: undefined, value: Object} @ http://localhost:3000/_next/static/chunks/11hm_next_dist_0m6rgog._.js:2441
[    1263ms] [LOG] [DEBUG] Renderizando celda: {columnId: fechaRegistro, isReference: undefined, value: Object} @ http://localhost:3000/_next/static/chunks/11hm_next_dist_0m6rgog._.js:2441
[    1263ms] [LOG] [DEBUG] Renderizando celda: {columnId: ultimoContacto, isReference: undefined, value: Object} @ http://localhost:3000/_next/static/chunks/11hm_next_dist_0m6rgog._.js:2441
[    1263ms] [LOG] [DEBUG] Renderizando celda: {columnId: ultimoContacto, isReference: undefined, value: Object} @ http://localhost:3000/_next/static/chunks/11hm_next_dist_0m6rgog._.js:2441
[    1263ms] [LOG] [DEBUG] Renderizando celda: {columnId: valorTotal, isReference: undefined, value: Object} @ http://localhost:3000/_next/static/chunks/11hm_next_dist_0m6rgog._.js:2441
[    1263ms] [LOG] [DEBUG] Renderizando celda: {columnId: valorTotal, isReference: undefined, value: Object} @ http://localhost:3000/_next/static/chunks/11hm_next_dist_0m6rgog._.js:2441
[    1263ms] [LOG] [DEBUG] Renderizando celda: {columnId: satisfaccion, isReference: undefined, value: Object} @ http://localhost:3000/_next/static/chunks/11hm_next_dist_0m6rgog._.js:2441
[    1263ms] [LOG] [DEBUG] Renderizando celda: {columnId: satisfaccion, isReference: undefined, value: Object} @ http://localhost:3000/_next/static/chunks/11hm_next_dist_0m6rgog._.js:2441
[    1263ms] [LOG] [DEBUG] Renderizando celda: {columnId: activo, isReference: undefined, value: Object} @ http://localhost:3000/_next/static/chunks/11hm_next_dist_0m6rgog._.js:2441
[    1263ms] [LOG] [DEBUG] Renderizando celda: {columnId: activo, isReference: undefined, value: Object} @ http://localhost:3000/_next/static/chunks/11hm_next_dist_0m6rgog._.js:2441
[    1264ms] [LOG] [DEBUG] Renderizando celda: {columnId: id, isReference: undefined, value: Object} @ http://localhost:3000/_next/static/chunks/11hm_next_dist_0m6rgog._.js:2441
[    1264ms] [LOG] [DEBUG] Renderizando celda: {columnId: id, isReference: undefined, value: Object} @ http://localhost:3000/_next/static/chunks/11hm_next_dist_0m6rgog._.js:2441
[    1264ms] [LOG] [DEBUG] Renderizando celda: {columnId: nombre, isReference: undefined, value: Object} @ http://localhost:3000/_next/static/chunks/11hm_next_dist_0m6rgog._.js:2441
[    1264ms] [LOG] [DEBUG] Renderizando celda: {columnId: nombre, isReference: undefined, value: Object} @ http://localhost:3000/_next/static/chunks/11hm_next_dist_0m6rgog._.js:2441
[    1264ms] [LOG] [DEBUG] Renderizando celda: {columnId: email, isReference: undefined, value: Object} @ http://localhost:3000/_next/static/chunks/11hm_next_dist_0m6rgog._.js:2441
[    1264ms] [LOG] [DEBUG] Renderizando celda: {columnId: email, isReference: undefined, value: Object} @ http://localhost:3000/_next/static/chunks/11hm_next_dist_0m6rgog._.js:2441
[    1264ms] [LOG] [DEBUG] Renderizando celda: {columnId: telefono, isReference: undefined, value: Object} @ http://localhost:3000/_next/static/chunks/11hm_next_dist_0m6rgog._.js:2441
[    1264ms] [LOG] [DEBUG] Renderizando celda: {columnId: telefono, isReference: undefined, value: Object} @ http://localhost:3000/_next/static/chunks/11hm_next_dist_0m6rgog._.js:2441
[    1265ms] [LOG] [DEBUG] Renderizando celda: {columnId: ciudad, isReference: undefined, value: Object} @ http://localhost:3000/_next/static/chunks/11hm_next_dist_0m6rgog._.js:2441
[    1265ms] [LOG] [DEBUG] Renderizando celda: {columnId: ciudad, isReference: undefined, value: Object} @ http://localhost:3000/_next/static/chunks/11hm_next_dist_0m6rgog._.js:2441
[    1265ms] [LOG] [DEBUG] Renderizando celda: {columnId: rol, isReference: undefined, value: Object} @ http://localhost:3000/_next/static/chunks/11hm_next_dist_0m6rgog._.js:2441
[    1265ms] [LOG] [DEBUG] Renderizando celda: {columnId: rol, isReference: undefined, value: Object} @ http://localhost:3000/_next/static/chunks/11hm_next_dist_0m6rgog._.js:2441
[    1265ms] [LOG] [DEBUG] Renderizando celda: {columnId: estado, isReference: undefined, value: Object} @ http://localhost:3000/_next/static/chunks/11hm_next_dist_0m6rgog._.js:2441
[    1265ms] [LOG] [DEBUG] Renderizando celda: {columnId: estado, isReference: undefined, value: Object} @ http://localhost:3000/_next/static/chunks/11hm_next_dist_0m6rgog._.js:2441
[    1265ms] [LOG] [DEBUG] Renderizando celda: {columnId: fechaRegistro, isReference: undefined, value: Object} @ http://localhost:3000/_next/static/chunks/11hm_next_dist_0m6rgog._.js:2441
[    1265ms] [LOG] [DEBUG] Renderizando celda: {columnId: fechaRegistro, isReference: undefined, value: Object} @ http://localhost:3000/_next/static/chunks/11hm_next_dist_0m6rgog._.js:2441
[    1265ms] [LOG] [DEBUG] Renderizando celda: {columnId: ultimoContacto, isReference: undefined, value: Object} @ http://localhost:3000/_next/static/chunks/11hm_next_dist_0m6rgog._.js:2441
[    1265ms] [LOG] [DEBUG] Renderizando celda: {columnId: ultimoContacto, isReference: undefined, value: Object} @ http://localhost:3000/_next/static/chunks/11hm_next_dist_0m6rgog._.js:2441
[    1265ms] [LOG] [DEBUG] Renderizando celda: {columnId: valorTotal, isReference: undefined, value: Object} @ http://localhost:3000/_next/static/chunks/11hm_next_dist_0m6rgog._.js:2441
[    1265ms] [LOG] [DEBUG] Renderizando celda: {columnId: valorTotal, isReference: undefined, value: Object} @ http://localhost:3000/_next/static/chunks/11hm_next_dist_0m6rgog._.js:2441
[    1265ms] [LOG] [DEBUG] Renderizando celda: {columnId: satisfaccion, isReference: undefined, value: Object} @ http://localhost:3000/_next/static/chunks/11hm_next_dist_0m6rgog._.js:2441
[    1266ms] [LOG] [DEBUG] Renderizando celda: {columnId: satisfaccion, isReference: undefined, value: Object} @ http://localhost:3000/_next/static/chunks/11hm_next_dist_0m6rgog._.js:2441
[    1266ms] [LOG] [DEBUG] Renderizando celda: {columnId: activo, isReference: undefined, value: Object} @ http://localhost:3000/_next/static/chunks/11hm_next_dist_0m6rgog._.js:2441
[    1266ms] [LOG] [DEBUG] Renderizando celda: {columnId: activo, isReference: undefined, value: Object} @ http://localhost:3000/_next/static/chunks/11hm_next_dist_0m6rgog._.js:2441
[    1266ms] [LOG] [DEBUG] Renderizando celda: {columnId: id, isReference: undefined, value: Object} @ http://localhost:3000/_next/static/chunks/11hm_next_dist_0m6rgog._.js:2441
[    1266ms] [LOG] [DEBUG] Renderizando celda: {columnId: id, isReference: undefined, value: Object} @ http://localhost:3000/_next/static/chunks/11hm_next_dist_0m6rgog._.js:2441
[    1266ms] [LOG] [DEBUG] Renderizando celda: {columnId: nombre, isReference: undefined, value: Object} @ http://localhost:3000/_next/static/chunks/11hm_next_dist_0m6rgog._.js:2441
[    1267ms] [LOG] [DEBUG] Renderizando celda: {columnId: nombre, isReference: undefined, value: Object} @ http://localhost:3000/_next/static/chunks/11hm_next_dist_0m6rgog._.js:2441
[    1267ms] [LOG] [DEBUG] Renderizando celda: {columnId: email, isReference: undefined, value: Object} @ http://localhost:3000/_next/static/chunks/11hm_next_dist_0m6rgog._.js:2441
[    1267ms] [LOG] [DEBUG] Renderizando celda: {columnId: email, isReference: undefined, value: Object} @ http://localhost:3000/_next/static/chunks/11hm_next_dist_0m6rgog._.js:2441
[    1267ms] [LOG] [DEBUG] Renderizando celda: {columnId: telefono, isReference: undefined, value: Object} @ http://localhost:3000/_next/static/chunks/11hm_next_dist_0m6rgog._.js:2441
[    1267ms] [LOG] [DEBUG] Renderizando celda: {columnId: telefono, isReference: undefined, value: Object} @ http://localhost:3000/_next/static/chunks/11hm_next_dist_0m6rgog._.js:2441
[    1267ms] [LOG] [DEBUG] Renderizando celda: {columnId: ciudad, isReference: undefined, value: Object} @ http://localhost:3000/_next/static/chunks/11hm_next_dist_0m6rgog._.js:2441
[    1267ms] [LOG] [DEBUG] Renderizando celda: {columnId: ciudad, isReference: undefined, value: Object} @ http://localhost:3000/_next/static/chunks/11hm_next_dist_0m6rgog._.js:2441
[    1267ms] [LOG] [DEBUG] Renderizando celda: {columnId: rol, isReference: undefined, value: Object} @ http://localhost:3000/_next/static/chunks/11hm_next_dist_0m6rgog._.js:2441
[    1267ms] [LOG] [DEBUG] Renderizando celda: {columnId: rol, isReference: undefined, value: Object} @ http://localhost:3000/_next/static/chunks/11hm_next_dist_0m6rgog._.js:2441
[    1267ms] [LOG] [DEBUG] Renderizando celda: {columnId: estado, isReference: undefined, value: Object} @ http://localhost:3000/_next/static/chunks/11hm_next_dist_0m6rgog._.js:2441
[    1267ms] [LOG] [DEBUG] Renderizando celda: {columnId: estado, isReference: undefined, value: Object} @ http://localhost:3000/_next/static/chunks/11hm_next_dist_0m6rgog._.js:2441
[    1267ms] [LOG] [DEBUG] Renderizando celda: {columnId: fechaRegistro, isReference: undefined, value: Object} @ http://localhost:3000/_next/static/chunks/11hm_next_dist_0m6rgog._.js:2441
[    1267ms] [LOG] [DEBUG] Renderizando celda: {columnId: fechaRegistro, isReference: undefined, value: Object} @ http://localhost:3000/_next/static/chunks/11hm_next_dist_0m6rgog._.js:2441
[    1268ms] [LOG] [DEBUG] Renderizando celda: {columnId: ultimoContacto, isReference: undefined, value: Object} @ http://localhost:3000/_next/static/chunks/11hm_next_dist_0m6rgog._.js:2441
[    1268ms] [LOG] [DEBUG] Renderizando celda: {columnId: ultimoContacto, isReference: undefined, value: Object} @ http://localhost:3000/_next/static/chunks/11hm_next_dist_0m6rgog._.js:2441
[    1268ms] [LOG] [DEBUG] Renderizando celda: {columnId: valorTotal, isReference: undefined, value: Object} @ http://localhost:3000/_next/static/chunks/11hm_next_dist_0m6rgog._.js:2441
[    1268ms] [LOG] [DEBUG] Renderizando celda: {columnId: valorTotal, isReference: undefined, value: Object} @ http://localhost:3000/_next/static/chunks/11hm_next_dist_0m6rgog._.js:2441
[    1268ms] [LOG] [DEBUG] Renderizando celda: {columnId: satisfaccion, isReference: undefined, value: Object} @ http://localhost:3000/_next/static/chunks/11hm_next_dist_0m6rgog._.js:2441
[    1268ms] [LOG] [DEBUG] Renderizando celda: {columnId: satisfaccion, isReference: undefined, value: Object} @ http://localhost:3000/_next/static/chunks/11hm_next_dist_0m6rgog._.js:2441
[    1268ms] [LOG] [DEBUG] Renderizando celda: {columnId: activo, isReference: undefined, value: Object} @ http://localhost:3000/_next/static/chunks/11hm_next_dist_0m6rgog._.js:2441
[    1268ms] [LOG] [DEBUG] Renderizando celda: {columnId: activo, isReference: undefined, value: Object} @ http://localhost:3000/_next/static/chunks/11hm_next_dist_0m6rgog._.js:2441
[    1269ms] [LOG] [DEBUG] Renderizando celda: {columnId: id, isReference: undefined, value: Object} @ http://localhost:3000/_next/static/chunks/11hm_next_dist_0m6rgog._.js:2441
[    1269ms] [LOG] [DEBUG] Renderizando celda: {columnId: id, isReference: undefined, value: Object} @ http://localhost:3000/_next/static/chunks/11hm_next_dist_0m6rgog._.js:2441
[    1269ms] [LOG] [DEBUG] Renderizando celda: {columnId: nombre, isReference: undefined, value: Object} @ http://localhost:3000/_next/static/chunks/11hm_next_dist_0m6rgog._.js:2441
[    1269ms] [LOG] [DEBUG] Renderizando celda: {columnId: nombre, isReference: undefined, value: Object} @ http://localhost:3000/_next/static/chunks/11hm_next_dist_0m6rgog._.js:2441
[    1269ms] [LOG] [DEBUG] Renderizando celda: {columnId: email, isReference: undefined, value: Object} @ http://localhost:3000/_next/static/chunks/11hm_next_dist_0m6rgog._.js:2441
[    1269ms] [LOG] [DEBUG] Renderizando celda: {columnId: email, isReference: undefined, value: Object} @ http://localhost:3000/_next/static/chunks/11hm_next_dist_0m6rgog._.js:2441
[    1269ms] [LOG] [DEBUG] Renderizando celda: {columnId: telefono, isReference: undefined, value: Object} @ http://localhost:3000/_next/static/chunks/11hm_next_dist_0m6rgog._.js:2441
[    1269ms] [LOG] [DEBUG] Renderizando celda: {columnId: telefono, isReference: undefined, value: Object} @ http://localhost:3000/_next/static/chunks/11hm_next_dist_0m6rgog._.js:2441
[    1269ms] [LOG] [DEBUG] Renderizando celda: {columnId: ciudad, isReference: undefined, value: Object} @ http://localhost:3000/_next/static/chunks/11hm_next_dist_0m6rgog._.js:2441
[    1269ms] [LOG] [DEBUG] Renderizando celda: {columnId: ciudad, isReference: undefined, value: Object} @ http://localhost:3000/_next/static/chunks/11hm_next_dist_0m6rgog._.js:2441
[    1269ms] [LOG] [DEBUG] Renderizando celda: {columnId: rol, isReference: undefined, value: Object} @ http://localhost:3000/_next/static/chunks/11hm_next_dist_0m6rgog._.js:2441
[    1269ms] [LOG] [DEBUG] Renderizando celda: {columnId: rol, isReference: undefined, value: Object} @ http://localhost:3000/_next/static/chunks/11hm_next_dist_0m6rgog._.js:2441
[    1270ms] [LOG] [DEBUG] Renderizando celda: {columnId: estado, isReference: undefined, value: Object} @ http://localhost:3000/_next/static/chunks/11hm_next_dist_0m6rgog._.js:2441
[    1270ms] [LOG] [DEBUG] Renderizando celda: {columnId: estado, isReference: undefined, value: Object} @ http://localhost:3000/_next/static/chunks/11hm_next_dist_0m6rgog._.js:2441
[    1270ms] [LOG] [DEBUG] Renderizando celda: {columnId: fechaRegistro, isReference: undefined, value: Object} @ http://localhost:3000/_next/static/chunks/11hm_next_dist_0m6rgog._.js:2441
[    1270ms] [LOG] [DEBUG] Renderizando celda: {columnId: fechaRegistro, isReference: undefined, value: Object} @ http://localhost:3000/_next/static/chunks/11hm_next_dist_0m6rgog._.js:2441
[    1270ms] [LOG] [DEBUG] Renderizando celda: {columnId: ultimoContacto, isReference: undefined, value: Object} @ http://localhost:3000/_next/static/chunks/11hm_next_dist_0m6rgog._.js:2441
[    1270ms] [LOG] [DEBUG] Renderizando celda: {columnId: ultimoContacto, isReference: undefined, value: Object} @ http://localhost:3000/_next/static/chunks/11hm_next_dist_0m6rgog._.js:2441
[    1270ms] [LOG] [DEBUG] Renderizando celda: {columnId: valorTotal, isReference: undefined, value: Object} @ http://localhost:3000/_next/static/chunks/11hm_next_dist_0m6rgog._.js:2441
[    1270ms] [LOG] [DEBUG] Renderizando celda: {columnId: valorTotal, isReference: undefined, value: Object} @ http://localhost:3000/_next/static/chunks/11hm_next_dist_0m6rgog._.js:2441
[    1270ms] [LOG] [DEBUG] Renderizando celda: {columnId: satisfaccion, isReference: undefined, value: Object} @ http://localhost:3000/_next/static/chunks/11hm_next_dist_0m6rgog._.js:2441
[    1270ms] [LOG] [DEBUG] Renderizando celda: {columnId: satisfaccion, isReference: undefined, value: Object} @ http://localhost:3000/_next/static/chunks/11hm_next_dist_0m6rgog._.js:2441
[    1270ms] [LOG] [DEBUG] Renderizando celda: {columnId: activo, isReference: undefined, value: Object} @ http://localhost:3000/_next/static/chunks/11hm_next_dist_0m6rgog._.js:2441
[    1270ms] [LOG] [DEBUG] Renderizando celda: {columnId: activo, isReference: undefined, value: Object} @ http://localhost:3000/_next/static/chunks/11hm_next_dist_0m6rgog._.js:2441
[    1271ms] [LOG] [DEBUG] Renderizando celda: {columnId: id, isReference: undefined, value: Object} @ http://localhost:3000/_next/static/chunks/11hm_next_dist_0m6rgog._.js:2441
[    1271ms] [LOG] [DEBUG] Renderizando celda: {columnId: id, isReference: undefined, value: Object} @ http://localhost:3000/_next/static/chunks/11hm_next_dist_0m6rgog._.js:2441
[    1271ms] [LOG] [DEBUG] Renderizando celda: {columnId: nombre, isReference: undefined, value: Object} @ http://localhost:3000/_next/static/chunks/11hm_next_dist_0m6rgog._.js:2441
[    1271ms] [LOG] [DEBUG] Renderizando celda: {columnId: nombre, isReference: undefined, value: Object} @ http://localhost:3000/_next/static/chunks/11hm_next_dist_0m6rgog._.js:2441
[    1271ms] [LOG] [DEBUG] Renderizando celda: {columnId: email, isReference: undefined, value: Object} @ http://localhost:3000/_next/static/chunks/11hm_next_dist_0m6rgog._.js:2441
[    1271ms] [LOG] [DEBUG] Renderizando celda: {columnId: email, isReference: undefined, value: Object} @ http://localhost:3000/_next/static/chunks/11hm_next_dist_0m6rgog._.js:2441
[    1271ms] [LOG] [DEBUG] Renderizando celda: {columnId: telefono, isReference: undefined, value: Object} @ http://localhost:3000/_next/static/chunks/11hm_next_dist_0m6rgog._.js:2441
[    1271ms] [LOG] [DEBUG] Renderizando celda: {columnId: telefono, isReference: undefined, value: Object} @ http://localhost:3000/_next/static/chunks/11hm_next_dist_0m6rgog._.js:2441
[    1271ms] [LOG] [DEBUG] Renderizando celda: {columnId: ciudad, isReference: undefined, value: Object} @ http://localhost:3000/_next/static/chunks/11hm_next_dist_0m6rgog._.js:2441
[    1271ms] [LOG] [DEBUG] Renderizando celda: {columnId: ciudad, isReference: undefined, value: Object} @ http://localhost:3000/_next/static/chunks/11hm_next_dist_0m6rgog._.js:2441
[    1272ms] [LOG] [DEBUG] Renderizando celda: {columnId: rol, isReference: undefined, value: Object} @ http://localhost:3000/_next/static/chunks/11hm_next_dist_0m6rgog._.js:2441
[    1272ms] [LOG] [DEBUG] Renderizando celda: {columnId: rol, isReference: undefined, value: Object} @ http://localhost:3000/_next/static/chunks/11hm_next_dist_0m6rgog._.js:2441
[    1272ms] [LOG] [DEBUG] Renderizando celda: {columnId: estado, isReference: undefined, value: Object} @ http://localhost:3000/_next/static/chunks/11hm_next_dist_0m6rgog._.js:2441
[    1272ms] [LOG] [DEBUG] Renderizando celda: {columnId: estado, isReference: undefined, value: Object} @ http://localhost:3000/_next/static/chunks/11hm_next_dist_0m6rgog._.js:2441
[    1272ms] [LOG] [DEBUG] Renderizando celda: {columnId: fechaRegistro, isReference: undefined, value: Object} @ http://localhost:3000/_next/static/chunks/11hm_next_dist_0m6rgog._.js:2441
[    1272ms] [LOG] [DEBUG] Renderizando celda: {columnId: fechaRegistro, isReference: undefined, value: Object} @ http://localhost:3000/_next/static/chunks/11hm_next_dist_0m6rgog._.js:2441
[    1272ms] [LOG] [DEBUG] Renderizando celda: {columnId: ultimoContacto, isReference: undefined, value: Object} @ http://localhost:3000/_next/static/chunks/11hm_next_dist_0m6rgog._.js:2441
[    1272ms] [LOG] [DEBUG] Renderizando celda: {columnId: ultimoContacto, isReference: undefined, value: Object} @ http://localhost:3000/_next/static/chunks/11hm_next_dist_0m6rgog._.js:2441
[    1272ms] [LOG] [DEBUG] Renderizando celda: {columnId: valorTotal, isReference: undefined, value: Object} @ http://localhost:3000/_next/static/chunks/11hm_next_dist_0m6rgog._.js:2441
[    1272ms] [LOG] [DEBUG] Renderizando celda: {columnId: valorTotal, isReference: undefined, value: Object} @ http://localhost:3000/_next/static/chunks/11hm_next_dist_0m6rgog._.js:2441
[    1272ms] [LOG] [DEBUG] Renderizando celda: {columnId: satisfaccion, isReference: undefined, value: Object} @ http://localhost:3000/_next/static/chunks/11hm_next_dist_0m6rgog._.js:2441
[    1272ms] [LOG] [DEBUG] Renderizando celda: {columnId: satisfaccion, isReference: undefined, value: Object} @ http://localhost:3000/_next/static/chunks/11hm_next_dist_0m6rgog._.js:2441
[    1273ms] [LOG] [DEBUG] Renderizando celda: {columnId: activo, isReference: undefined, value: Object} @ http://localhost:3000/_next/static/chunks/11hm_next_dist_0m6rgog._.js:2441
[    1273ms] [LOG] [DEBUG] Renderizando celda: {columnId: activo, isReference: undefined, value: Object} @ http://localhost:3000/_next/static/chunks/11hm_next_dist_0m6rgog._.js:2441
[    1273ms] [LOG] [DEBUG] Renderizando celda: {columnId: id, isReference: undefined, value: Object} @ http://localhost:3000/_next/static/chunks/11hm_next_dist_0m6rgog._.js:2441
[    1273ms] [LOG] [DEBUG] Renderizando celda: {columnId: id, isReference: undefined, value: Object} @ http://localhost:3000/_next/static/chunks/11hm_next_dist_0m6rgog._.js:2441
[    1273ms] [LOG] [DEBUG] Renderizando celda: {columnId: nombre, isReference: undefined, value: Object} @ http://localhost:3000/_next/static/chunks/11hm_next_dist_0m6rgog._.js:2441
[    1273ms] [LOG] [DEBUG] Renderizando celda: {columnId: nombre, isReference: undefined, value: Object} @ http://localhost:3000/_next/static/chunks/11hm_next_dist_0m6rgog._.js:2441
[    1273ms] [LOG] [DEBUG] Renderizando celda: {columnId: email, isReference: undefined, value: Object} @ http://localhost:3000/_next/static/chunks/11hm_next_dist_0m6rgog._.js:2441
[    1274ms] [LOG] [DEBUG] Renderizando celda: {columnId: email, isReference: undefined, value: Object} @ http://localhost:3000/_next/static/chunks/11hm_next_dist_0m6rgog._.js:2441
[    1274ms] [LOG] [DEBUG] Renderizando celda: {columnId: telefono, isReference: undefined, value: Object} @ http://localhost:3000/_next/static/chunks/11hm_next_dist_0m6rgog._.js:2441
[    1274ms] [LOG] [DEBUG] Renderizando celda: {columnId: telefono, isReference: undefined, value: Object} @ http://localhost:3000/_next/static/chunks/11hm_next_dist_0m6rgog._.js:2441
[    1274ms] [LOG] [DEBUG] Renderizando celda: {columnId: ciudad, isReference: undefined, value: Object} @ http://localhost:3000/_next/static/chunks/11hm_next_dist_0m6rgog._.js:2441
[    1274ms] [LOG] [DEBUG] Renderizando celda: {columnId: ciudad, isReference: undefined, value: Object} @ http://localhost:3000/_next/static/chunks/11hm_next_dist_0m6rgog._.js:2441
[    1274ms] [LOG] [DEBUG] Renderizando celda: {columnId: rol, isReference: undefined, value: Object} @ http://localhost:3000/_next/static/chunks/11hm_next_dist_0m6rgog._.js:2441
[    1274ms] [LOG] [DEBUG] Renderizando celda: {columnId: rol, isReference: undefined, value: Object} @ http://localhost:3000/_next/static/chunks/11hm_next_dist_0m6rgog._.js:2441
[    1274ms] [LOG] [DEBUG] Renderizando celda: {columnId: estado, isReference: undefined, value: Object} @ http://localhost:3000/_next/static/chunks/11hm_next_dist_0m6rgog._.js:2441
[    1274ms] [LOG] [DEBUG] Renderizando celda: {columnId: estado, isReference: undefined, value: Object} @ http://localhost:3000/_next/static/chunks/11hm_next_dist_0m6rgog._.js:2441
[    1274ms] [LOG] [DEBUG] Renderizando celda: {columnId: fechaRegistro, isReference: undefined, value: Object} @ http://localhost:3000/_next/static/chunks/11hm_next_dist_0m6rgog._.js:2441
[    1274ms] [LOG] [DEBUG] Renderizando celda: {columnId: fechaRegistro, isReference: undefined, value: Object} @ http://localhost:3000/_next/static/chunks/11hm_next_dist_0m6rgog._.js:2441
[    1274ms] [LOG] [DEBUG] Renderizando celda: {columnId: ultimoContacto, isReference: undefined, value: Object} @ http://localhost:3000/_next/static/chunks/11hm_next_dist_0m6rgog._.js:2441
[    1274ms] [LOG] [DEBUG] Renderizando celda: {columnId: ultimoContacto, isReference: undefined, value: Object} @ http://localhost:3000/_next/static/chunks/11hm_next_dist_0m6rgog._.js:2441
[    1274ms] [LOG] [DEBUG] Renderizando celda: {columnId: valorTotal, isReference: undefined, value: Object} @ http://localhost:3000/_next/static/chunks/11hm_next_dist_0m6rgog._.js:2441
[    1275ms] [LOG] [DEBUG] Renderizando celda: {columnId: valorTotal, isReference: undefined, value: Object} @ http://localhost:3000/_next/static/chunks/11hm_next_dist_0m6rgog._.js:2441
[    1275ms] [LOG] [DEBUG] Renderizando celda: {columnId: satisfaccion, isReference: undefined, value: Object} @ http://localhost:3000/_next/static/chunks/11hm_next_dist_0m6rgog._.js:2441
[    1275ms] [LOG] [DEBUG] Renderizando celda: {columnId: satisfaccion, isReference: undefined, value: Object} @ http://localhost:3000/_next/static/chunks/11hm_next_dist_0m6rgog._.js:2441
[    1275ms] [LOG] [DEBUG] Renderizando celda: {columnId: activo, isReference: undefined, value: Object} @ http://localhost:3000/_next/static/chunks/11hm_next_dist_0m6rgog._.js:2441
[    1275ms] [LOG] [DEBUG] Renderizando celda: {columnId: activo, isReference: undefined, value: Object} @ http://localhost:3000/_next/static/chunks/11hm_next_dist_0m6rgog._.js:2441
[    1275ms] [LOG] [DEBUG] Renderizando celda: {columnId: id, isReference: undefined, value: Object} @ http://localhost:3000/_next/static/chunks/11hm_next_dist_0m6rgog._.js:2441
[    1275ms] [LOG] [DEBUG] Renderizando celda: {columnId: id, isReference: undefined, value: Object} @ http://localhost:3000/_next/static/chunks/11hm_next_dist_0m6rgog._.js:2441
[    1276ms] [LOG] [DEBUG] Renderizando celda: {columnId: nombre, isReference: undefined, value: Object} @ http://localhost:3000/_next/static/chunks/11hm_next_dist_0m6rgog._.js:2441
[    1276ms] [LOG] [DEBUG] Renderizando celda: {columnId: nombre, isReference: undefined, value: Object} @ http://localhost:3000/_next/static/chunks/11hm_next_dist_0m6rgog._.js:2441
[    1276ms] [LOG] [DEBUG] Renderizando celda: {columnId: email, isReference: undefined, value: Object} @ http://localhost:3000/_next/static/chunks/11hm_next_dist_0m6rgog._.js:2441
[    1276ms] [LOG] [DEBUG] Renderizando celda: {columnId: email, isReference: undefined, value: Object} @ http://localhost:3000/_next/static/chunks/11hm_next_dist_0m6rgog._.js:2441
[    1276ms] [LOG] [DEBUG] Renderizando celda: {columnId: telefono, isReference: undefined, value: Object} @ http://localhost:3000/_next/static/chunks/11hm_next_dist_0m6rgog._.js:2441
[    1276ms] [LOG] [DEBUG] Renderizando celda: {columnId: telefono, isReference: undefined, value: Object} @ http://localhost:3000/_next/static/chunks/11hm_next_dist_0m6rgog._.js:2441
[    1276ms] [LOG] [DEBUG] Renderizando celda: {columnId: ciudad, isReference: undefined, value: Object} @ http://localhost:3000/_next/static/chunks/11hm_next_dist_0m6rgog._.js:2441
[    1276ms] [LOG] [DEBUG] Renderizando celda: {columnId: ciudad, isReference: undefined, value: Object} @ http://localhost:3000/_next/static/chunks/11hm_next_dist_0m6rgog._.js:2441
[    1276ms] [LOG] [DEBUG] Renderizando celda: {columnId: rol, isReference: undefined, value: Object} @ http://localhost:3000/_next/static/chunks/11hm_next_dist_0m6rgog._.js:2441
[    1276ms] [LOG] [DEBUG] Renderizando celda: {columnId: rol, isReference: undefined, value: Object} @ http://localhost:3000/_next/static/chunks/11hm_next_dist_0m6rgog._.js:2441
[    1276ms] [LOG] [DEBUG] Renderizando celda: {columnId: estado, isReference: undefined, value: Object} @ http://localhost:3000/_next/static/chunks/11hm_next_dist_0m6rgog._.js:2441
[    1276ms] [LOG] [DEBUG] Renderizando celda: {columnId: estado, isReference: undefined, value: Object} @ http://localhost:3000/_next/static/chunks/11hm_next_dist_0m6rgog._.js:2441
[    1276ms] [LOG] [DEBUG] Renderizando celda: {columnId: fechaRegistro, isReference: undefined, value: Object} @ http://localhost:3000/_next/static/chunks/11hm_next_dist_0m6rgog._.js:2441
[    1276ms] [LOG] [DEBUG] Renderizando celda: {columnId: fechaRegistro, isReference: undefined, value: Object} @ http://localhost:3000/_next/static/chunks/11hm_next_dist_0m6rgog._.js:2441
[    1277ms] [LOG] [DEBUG] Renderizando celda: {columnId: ultimoContacto, isReference: undefined, value: Object} @ http://localhost:3000/_next/static/chunks/11hm_next_dist_0m6rgog._.js:2441
[    1277ms] [LOG] [DEBUG] Renderizando celda: {columnId: ultimoContacto, isReference: undefined, value: Object} @ http://localhost:3000/_next/static/chunks/11hm_next_dist_0m6rgog._.js:2441
[    1277ms] [LOG] [DEBUG] Renderizando celda: {columnId: valorTotal, isReference: undefined, value: Object} @ http://localhost:3000/_next/static/chunks/11hm_next_dist_0m6rgog._.js:2441
[    1277ms] [LOG] [DEBUG] Renderizando celda: {columnId: valorTotal, isReference: undefined, value: Object} @ http://localhost:3000/_next/static/chunks/11hm_next_dist_0m6rgog._.js:2441
[    1277ms] [LOG] [DEBUG] Renderizando celda: {columnId: satisfaccion, isReference: undefined, value: Object} @ http://localhost:3000/_next/static/chunks/11hm_next_dist_0m6rgog._.js:2441
[    1277ms] [LOG] [DEBUG] Renderizando celda: {columnId: satisfaccion, isReference: undefined, value: Object} @ http://localhost:3000/_next/static/chunks/11hm_next_dist_0m6rgog._.js:2441
[    1277ms] [LOG] [DEBUG] Renderizando celda: {columnId: activo, isReference: undefined, value: Object} @ http://localhost:3000/_next/static/chunks/11hm_next_dist_0m6rgog._.js:2441
[    1277ms] [LOG] [DEBUG] Renderizando celda: {columnId: activo, isReference: undefined, value: Object} @ http://localhost:3000/_next/static/chunks/11hm_next_dist_0m6rgog._.js:2441
[    1278ms] [LOG] [DEBUG] Renderizando celda: {columnId: id, isReference: undefined, value: Object} @ http://localhost:3000/_next/static/chunks/11hm_next_dist_0m6rgog._.js:2441
[    1278ms] [LOG] [DEBUG] Renderizando celda: {columnId: id, isReference: undefined, value: Object} @ http://localhost:3000/_next/static/chunks/11hm_next_dist_0m6rgog._.js:2441
[    1278ms] [LOG] [DEBUG] Renderizando celda: {columnId: nombre, isReference: undefined, value: Object} @ http://localhost:3000/_next/static/chunks/11hm_next_dist_0m6rgog._.js:2441
[    1278ms] [LOG] [DEBUG] Renderizando celda: {columnId: nombre, isReference: undefined, value: Object} @ http://localhost:3000/_next/static/chunks/11hm_next_dist_0m6rgog._.js:2441
[    1278ms] [LOG] [DEBUG] Renderizando celda: {columnId: email, isReference: undefined, value: Object} @ http://localhost:3000/_next/static/chunks/11hm_next_dist_0m6rgog._.js:2441
[    1278ms] [LOG] [DEBUG] Renderizando celda: {columnId: email, isReference: undefined, value: Object} @ http://localhost:3000/_next/static/chunks/11hm_next_dist_0m6rgog._.js:2441
[    1278ms] [LOG] [DEBUG] Renderizando celda: {columnId: telefono, isReference: undefined, value: Object} @ http://localhost:3000/_next/static/chunks/11hm_next_dist_0m6rgog._.js:2441
[    1278ms] [LOG] [DEBUG] Renderizando celda: {columnId: telefono, isReference: undefined, value: Object} @ http://localhost:3000/_next/static/chunks/11hm_next_dist_0m6rgog._.js:2441
[    1278ms] [LOG] [DEBUG] Renderizando celda: {columnId: ciudad, isReference: undefined, value: Object} @ http://localhost:3000/_next/static/chunks/11hm_next_dist_0m6rgog._.js:2441
[    1278ms] [LOG] [DEBUG] Renderizando celda: {columnId: ciudad, isReference: undefined, value: Object} @ http://localhost:3000/_next/static/chunks/11hm_next_dist_0m6rgog._.js:2441
[    1278ms] [LOG] [DEBUG] Renderizando celda: {columnId: rol, isReference: undefined, value: Object} @ http://localhost:3000/_next/static/chunks/11hm_next_dist_0m6rgog._.js:2441
[    1278ms] [LOG] [DEBUG] Renderizando celda: {columnId: rol, isReference: undefined, value: Object} @ http://localhost:3000/_next/static/chunks/11hm_next_dist_0m6rgog._.js:2441
[    1278ms] [LOG] [DEBUG] Renderizando celda: {columnId: estado, isReference: undefined, value: Object} @ http://localhost:3000/_next/static/chunks/11hm_next_dist_0m6rgog._.js:2441
[    1279ms] [LOG] [DEBUG] Renderizando celda: {columnId: estado, isReference: undefined, value: Object} @ http://localhost:3000/_next/static/chunks/11hm_next_dist_0m6rgog._.js:2441
[    1279ms] [LOG] [DEBUG] Renderizando celda: {columnId: fechaRegistro, isReference: undefined, value: Object} @ http://localhost:3000/_next/static/chunks/11hm_next_dist_0m6rgog._.js:2441
[    1279ms] [LOG] [DEBUG] Renderizando celda: {columnId: fechaRegistro, isReference: undefined, value: Object} @ http://localhost:3000/_next/static/chunks/11hm_next_dist_0m6rgog._.js:2441
[    1279ms] [LOG] [DEBUG] Renderizando celda: {columnId: ultimoContacto, isReference: undefined, value: Object} @ http://localhost:3000/_next/static/chunks/11hm_next_dist_0m6rgog._.js:2441
[    1279ms] [LOG] [DEBUG] Renderizando celda: {columnId: ultimoContacto, isReference: undefined, value: Object} @ http://localhost:3000/_next/static/chunks/11hm_next_dist_0m6rgog._.js:2441
[    1279ms] [LOG] [DEBUG] Renderizando celda: {columnId: valorTotal, isReference: undefined, value: Object} @ http://localhost:3000/_next/static/chunks/11hm_next_dist_0m6rgog._.js:2441
[    1279ms] [LOG] [DEBUG] Renderizando celda: {columnId: valorTotal, isReference: undefined, value: Object} @ http://localhost:3000/_next/static/chunks/11hm_next_dist_0m6rgog._.js:2441
[    1279ms] [LOG] [DEBUG] Renderizando celda: {columnId: satisfaccion, isReference: undefined, value: Object} @ http://localhost:3000/_next/static/chunks/11hm_next_dist_0m6rgog._.js:2441
[    1279ms] [LOG] [DEBUG] Renderizando celda: {columnId: satisfaccion, isReference: undefined, value: Object} @ http://localhost:3000/_next/static/chunks/11hm_next_dist_0m6rgog._.js:2441
[    1279ms] [LOG] [DEBUG] Renderizando celda: {columnId: activo, isReference: undefined, value: Object} @ http://localhost:3000/_next/static/chunks/11hm_next_dist_0m6rgog._.js:2441
[    1279ms] [LOG] [DEBUG] Renderizando celda: {columnId: activo, isReference: undefined, value: Object} @ http://localhost:3000/_next/static/chunks/11hm_next_dist_0m6rgog._.js:2441
[    1280ms] [LOG] [DEBUG] Renderizando celda: {columnId: id, isReference: undefined, value: Object} @ http://localhost:3000/_next/static/chunks/11hm_next_dist_0m6rgog._.js:2441
[    1280ms] [LOG] [DEBUG] Renderizando celda: {columnId: id, isReference: undefined, value: Object} @ http://localhost:3000/_next/static/chunks/11hm_next_dist_0m6rgog._.js:2441
[    1280ms] [LOG] [DEBUG] Renderizando celda: {columnId: nombre, isReference: undefined, value: Object} @ http://localhost:3000/_next/static/chunks/11hm_next_dist_0m6rgog._.js:2441
[    1280ms] [LOG] [DEBUG] Renderizando celda: {columnId: nombre, isReference: undefined, value: Object} @ http://localhost:3000/_next/static/chunks/11hm_next_dist_0m6rgog._.js:2441
[    1280ms] [LOG] [DEBUG] Renderizando celda: {columnId: email, isReference: undefined, value: Object} @ http://localhost:3000/_next/static/chunks/11hm_next_dist_0m6rgog._.js:2441
[    1280ms] [LOG] [DEBUG] Renderizando celda: {columnId: email, isReference: undefined, value: Object} @ http://localhost:3000/_next/static/chunks/11hm_next_dist_0m6rgog._.js:2441
[    1280ms] [LOG] [DEBUG] Renderizando celda: {columnId: telefono, isReference: undefined, value: Object} @ http://localhost:3000/_next/static/chunks/11hm_next_dist_0m6rgog._.js:2441
[    1280ms] [LOG] [DEBUG] Renderizando celda: {columnId: telefono, isReference: undefined, value: Object} @ http://localhost:3000/_next/static/chunks/11hm_next_dist_0m6rgog._.js:2441
[    1280ms] [LOG] [DEBUG] Renderizando celda: {columnId: ciudad, isReference: undefined, value: Object} @ http://localhost:3000/_next/static/chunks/11hm_next_dist_0m6rgog._.js:2441
[    1280ms] [LOG] [DEBUG] Renderizando celda: {columnId: ciudad, isReference: undefined, value: Object} @ http://localhost:3000/_next/static/chunks/11hm_next_dist_0m6rgog._.js:2441
[    1280ms] [LOG] [DEBUG] Renderizando celda: {columnId: rol, isReference: undefined, value: Object} @ http://localhost:3000/_next/static/chunks/11hm_next_dist_0m6rgog._.js:2441
[    1281ms] [LOG] [DEBUG] Renderizando celda: {columnId: rol, isReference: undefined, value: Object} @ http://localhost:3000/_next/static/chunks/11hm_next_dist_0m6rgog._.js:2441
[    1281ms] [LOG] [DEBUG] Renderizando celda: {columnId: estado, isReference: undefined, value: Object} @ http://localhost:3000/_next/static/chunks/11hm_next_dist_0m6rgog._.js:2441
[    1281ms] [LOG] [DEBUG] Renderizando celda: {columnId: estado, isReference: undefined, value: Object} @ http://localhost:3000/_next/static/chunks/11hm_next_dist_0m6rgog._.js:2441
[    1281ms] [LOG] [DEBUG] Renderizando celda: {columnId: fechaRegistro, isReference: undefined, value: Object} @ http://localhost:3000/_next/static/chunks/11hm_next_dist_0m6rgog._.js:2441
[    1281ms] [LOG] [DEBUG] Renderizando celda: {columnId: fechaRegistro, isReference: undefined, value: Object} @ http://localhost:3000/_next/static/chunks/11hm_next_dist_0m6rgog._.js:2441
[    1281ms] [LOG] [DEBUG] Renderizando celda: {columnId: ultimoContacto, isReference: undefined, value: Object} @ http://localhost:3000/_next/static/chunks/11hm_next_dist_0m6rgog._.js:2441
[    1281ms] [LOG] [DEBUG] Renderizando celda: {columnId: ultimoContacto, isReference: undefined, value: Object} @ http://localhost:3000/_next/static/chunks/11hm_next_dist_0m6rgog._.js:2441
[    1281ms] [LOG] [DEBUG] Renderizando celda: {columnId: valorTotal, isReference: undefined, value: Object} @ http://localhost:3000/_next/static/chunks/11hm_next_dist_0m6rgog._.js:2441
[    1281ms] [LOG] [DEBUG] Renderizando celda: {columnId: valorTotal, isReference: undefined, value: Object} @ http://localhost:3000/_next/static/chunks/11hm_next_dist_0m6rgog._.js:2441
[    1281ms] [LOG] [DEBUG] Renderizando celda: {columnId: satisfaccion, isReference: undefined, value: Object} @ http://localhost:3000/_next/static/chunks/11hm_next_dist_0m6rgog._.js:2441
[    1281ms] [LOG] [DEBUG] Renderizando celda: {columnId: satisfaccion, isReference: undefined, value: Object} @ http://localhost:3000/_next/static/chunks/11hm_next_dist_0m6rgog._.js:2441
[    1281ms] [LOG] [DEBUG] Renderizando celda: {columnId: activo, isReference: undefined, value: Object} @ http://localhost:3000/_next/static/chunks/11hm_next_dist_0m6rgog._.js:2441
[    1281ms] [LOG] [DEBUG] Renderizando celda: {columnId: activo, isReference: undefined, value: Object} @ http://localhost:3000/_next/static/chunks/11hm_next_dist_0m6rgog._.js:2441
[    1282ms] [LOG] [DEBUG] Renderizando celda: {columnId: id, isReference: undefined, value: Object} @ http://localhost:3000/_next/static/chunks/11hm_next_dist_0m6rgog._.js:2441
[    1282ms] [LOG] [DEBUG] Renderizando celda: {columnId: id, isReference: undefined, value: Object} @ http://localhost:3000/_next/static/chunks/11hm_next_dist_0m6rgog._.js:2441
[    1282ms] [LOG] [DEBUG] Renderizando celda: {columnId: nombre, isReference: undefined, value: Object} @ http://localhost:3000/_next/static/chunks/11hm_next_dist_0m6rgog._.js:2441
[    1282ms] [LOG] [DEBUG] Renderizando celda: {columnId: nombre, isReference: undefined, value: Object} @ http://localhost:3000/_next/static/chunks/11hm_next_dist_0m6rgog._.js:2441
[    1282ms] [LOG] [DEBUG] Renderizando celda: {columnId: email, isReference: undefined, value: Object} @ http://localhost:3000/_next/static/chunks/11hm_next_dist_0m6rgog._.js:2441
[    1282ms] [LOG] [DEBUG] Renderizando celda: {columnId: email, isReference: undefined, value: Object} @ http://localhost:3000/_next/static/chunks/11hm_next_dist_0m6rgog._.js:2441
[    1282ms] [LOG] [DEBUG] Renderizando celda: {columnId: telefono, isReference: undefined, value: Object} @ http://localhost:3000/_next/static/chunks/11hm_next_dist_0m6rgog._.js:2441
[    1283ms] [LOG] [DEBUG] Renderizando celda: {columnId: telefono, isReference: undefined, value: Object} @ http://localhost:3000/_next/static/chunks/11hm_next_dist_0m6rgog._.js:2441
[    1283ms] [LOG] [DEBUG] Renderizando celda: {columnId: ciudad, isReference: undefined, value: Object} @ http://localhost:3000/_next/static/chunks/11hm_next_dist_0m6rgog._.js:2441
[    1283ms] [LOG] [DEBUG] Renderizando celda: {columnId: ciudad, isReference: undefined, value: Object} @ http://localhost:3000/_next/static/chunks/11hm_next_dist_0m6rgog._.js:2441
[    1283ms] [LOG] [DEBUG] Renderizando celda: {columnId: rol, isReference: undefined, value: Object} @ http://localhost:3000/_next/static/chunks/11hm_next_dist_0m6rgog._.js:2441
[    1283ms] [LOG] [DEBUG] Renderizando celda: {columnId: rol, isReference: undefined, value: Object} @ http://localhost:3000/_next/static/chunks/11hm_next_dist_0m6rgog._.js:2441
[    1283ms] [LOG] [DEBUG] Renderizando celda: {columnId: estado, isReference: undefined, value: Object} @ http://localhost:3000/_next/static/chunks/11hm_next_dist_0m6rgog._.js:2441
[    1283ms] [LOG] [DEBUG] Renderizando celda: {columnId: estado, isReference: undefined, value: Object} @ http://localhost:3000/_next/static/chunks/11hm_next_dist_0m6rgog._.js:2441
[    1283ms] [LOG] [DEBUG] Renderizando celda: {columnId: fechaRegistro, isReference: undefined, value: Object} @ http://localhost:3000/_next/static/chunks/11hm_next_dist_0m6rgog._.js:2441
[    1283ms] [LOG] [DEBUG] Renderizando celda: {columnId: fechaRegistro, isReference: undefined, value: Object} @ http://localhost:3000/_next/static/chunks/11hm_next_dist_0m6rgog._.js:2441
[    1283ms] [LOG] [DEBUG] Renderizando celda: {columnId: ultimoContacto, isReference: undefined, value: Object} @ http://localhost:3000/_next/static/chunks/11hm_next_dist_0m6rgog._.js:2441
[    1283ms] [LOG] [DEBUG] Renderizando celda: {columnId: ultimoContacto, isReference: undefined, value: Object} @ http://localhost:3000/_next/static/chunks/11hm_next_dist_0m6rgog._.js:2441
[    1283ms] [LOG] [DEBUG] Renderizando celda: {columnId: valorTotal, isReference: undefined, value: Object} @ http://localhost:3000/_next/static/chunks/11hm_next_dist_0m6rgog._.js:2441
[    1283ms] [LOG] [DEBUG] Renderizando celda: {columnId: valorTotal, isReference: undefined, value: Object} @ http://localhost:3000/_next/static/chunks/11hm_next_dist_0m6rgog._.js:2441
[    1283ms] [LOG] [DEBUG] Renderizando celda: {columnId: satisfaccion, isReference: undefined, value: Object} @ http://localhost:3000/_next/static/chunks/11hm_next_dist_0m6rgog._.js:2441
[    1284ms] [LOG] [DEBUG] Renderizando celda: {columnId: satisfaccion, isReference: undefined, value: Object} @ http://localhost:3000/_next/static/chunks/11hm_next_dist_0m6rgog._.js:2441
[    1284ms] [LOG] [DEBUG] Renderizando celda: {columnId: activo, isReference: undefined, value: Object} @ http://localhost:3000/_next/static/chunks/11hm_next_dist_0m6rgog._.js:2441
[    1284ms] [LOG] [DEBUG] Renderizando celda: {columnId: activo, isReference: undefined, value: Object} @ http://localhost:3000/_next/static/chunks/11hm_next_dist_0m6rgog._.js:2441
[    1286ms] [LOG] [DEBUG] Renderizando SecondaryTables: {level: 0, parentId: undefined, isLoading: true, arrayColumnsCount: 0, arrayColumns: Array(0)} @ http://localhost:3000/_next/static/chunks/11hm_next_dist_0m6rgog._.js:2441
[    1286ms] [LOG] [DEBUG] Renderizando SecondaryTables: {level: 0, parentId: undefined, isLoading: true, arrayColumnsCount: 0, arrayColumns: Array(0)} @ http://localhost:3000/_next/static/chunks/11hm_next_dist_0m6rgog._.js:2441
[    1550ms] [LOG] [DEBUG] Effective column order: {baseOrder: Array(14), pinnedColumnId: index, otherColumns: Array(13), hasActions: true, result: Array(15)} @ http://localhost:3000/_next/static/chunks/11hm_next_dist_0m6rgog._.js:2441
[    1550ms] [LOG] [DEBUG] Effective column order: {baseOrder: Array(14), pinnedColumnId: index, otherColumns: Array(13), hasActions: true, result: Array(15)} @ http://localhost:3000/_next/static/chunks/11hm_next_dist_0m6rgog._.js:2441
[    1551ms] [LOG] [DEBUG] Effective column order: {baseOrder: Array(14), pinnedColumnId: index, otherColumns: Array(13), hasActions: true, result: Array(15)} @ http://localhost:3000/_next/static/chunks/11hm_next_dist_0m6rgog._.js:2441
[    1551ms] [LOG] [DEBUG] Effective column order: {baseOrder: Array(14), pinnedColumnId: index, otherColumns: Array(13), hasActions: true, result: Array(15)} @ http://localhost:3000/_next/static/chunks/11hm_next_dist_0m6rgog._.js:2441
[    1558ms] [LOG] [DEBUG] Renderizando celda: {columnId: id, isReference: undefined, value: Object} @ http://localhost:3000/_next/static/chunks/11hm_next_dist_0m6rgog._.js:2441
[    1558ms] [LOG] [DEBUG] Renderizando celda: {columnId: id, isReference: undefined, value: Object} @ http://localhost:3000/_next/static/chunks/11hm_next_dist_0m6rgog._.js:2441
[    1558ms] [LOG] [DEBUG] Renderizando celda: {columnId: nombre, isReference: undefined, value: Object} @ http://localhost:3000/_next/static/chunks/11hm_next_dist_0m6rgog._.js:2441
[    1558ms] [LOG] [DEBUG] Renderizando celda: {columnId: nombre, isReference: undefined, value: Object} @ http://localhost:3000/_next/static/chunks/11hm_next_dist_0m6rgog._.js:2441
[    1558ms] [LOG] [DEBUG] Renderizando celda: {columnId: email, isReference: undefined, value: Object} @ http://localhost:3000/_next/static/chunks/11hm_next_dist_0m6rgog._.js:2441
[    1559ms] [LOG] [DEBUG] Renderizando celda: {columnId: email, isReference: undefined, value: Object} @ http://localhost:3000/_next/static/chunks/11hm_next_dist_0m6rgog._.js:2441
[    1559ms] [LOG] [DEBUG] Renderizando celda: {columnId: telefono, isReference: undefined, value: Object} @ http://localhost:3000/_next/static/chunks/11hm_next_dist_0m6rgog._.js:2441
[    1559ms] [LOG] [DEBUG] Renderizando celda: {columnId: telefono, isReference: undefined, value: Object} @ http://localhost:3000/_next/static/chunks/11hm_next_dist_0m6rgog._.js:2441
[    1559ms] [LOG] [DEBUG] Renderizando celda: {columnId: ciudad, isReference: undefined, value: Object} @ http://localhost:3000/_next/static/chunks/11hm_next_dist_0m6rgog._.js:2441
[    1559ms] [LOG] [DEBUG] Renderizando celda: {columnId: ciudad, isReference: undefined, value: Object} @ http://localhost:3000/_next/static/chunks/11hm_next_dist_0m6rgog._.js:2441
[    1559ms] [LOG] [DEBUG] Renderizando celda: {columnId: rol, isReference: undefined, value: Object} @ http://localhost:3000/_next/static/chunks/11hm_next_dist_0m6rgog._.js:2441
[    1559ms] [LOG] [DEBUG] Renderizando celda: {columnId: rol, isReference: undefined, value: Object} @ http://localhost:3000/_next/static/chunks/11hm_next_dist_0m6rgog._.js:2441
[    1559ms] [LOG] [DEBUG] Renderizando celda: {columnId: estado, isReference: undefined, value: Object} @ http://localhost:3000/_next/static/chunks/11hm_next_dist_0m6rgog._.js:2441
[    1559ms] [LOG] [DEBUG] Renderizando celda: {columnId: estado, isReference: undefined, value: Object} @ http://localhost:3000/_next/static/chunks/11hm_next_dist_0m6rgog._.js:2441
[    1559ms] [LOG] [DEBUG] Renderizando celda: {columnId: fechaRegistro, isReference: undefined, value: Object} @ http://localhost:3000/_next/static/chunks/11hm_next_dist_0m6rgog._.js:2441
[    1559ms] [LOG] [DEBUG] Renderizando celda: {columnId: fechaRegistro, isReference: undefined, value: Object} @ http://localhost:3000/_next/static/chunks/11hm_next_dist_0m6rgog._.js:2441
[    1559ms] [LOG] [DEBUG] Renderizando celda: {columnId: ultimoContacto, isReference: undefined, value: Object} @ http://localhost:3000/_next/static/chunks/11hm_next_dist_0m6rgog._.js:2441
[    1559ms] [LOG] [DEBUG] Renderizando celda: {columnId: ultimoContacto, isReference: undefined, value: Object} @ http://localhost:3000/_next/static/chunks/11hm_next_dist_0m6rgog._.js:2441
[    1559ms] [LOG] [DEBUG] Renderizando celda: {columnId: valorTotal, isReference: undefined, value: Object} @ http://localhost:3000/_next/static/chunks/11hm_next_dist_0m6rgog._.js:2441
[    1559ms] [LOG] [DEBUG] Renderizando celda: {columnId: valorTotal, isReference: undefined, value: Object} @ http://localhost:3000/_next/static/chunks/11hm_next_dist_0m6rgog._.js:2441
[    1559ms] [LOG] [DEBUG] Renderizando celda: {columnId: satisfaccion, isReference: undefined, value: Object} @ http://localhost:3000/_next/static/chunks/11hm_next_dist_0m6rgog._.js:2441
[    1559ms] [LOG] [DEBUG] Renderizando celda: {columnId: satisfaccion, isReference: undefined, value: Object} @ http://localhost:3000/_next/static/chunks/11hm_next_dist_0m6rgog._.js:2441
[    1559ms] [LOG] [DEBUG] Renderizando celda: {columnId: activo, isReference: undefined, value: Object} @ http://localhost:3000/_next/static/chunks/11hm_next_dist_0m6rgog._.js:2441
[    1560ms] [LOG] [DEBUG] Renderizando celda: {columnId: activo, isReference: undefined, value: Object} @ http://localhost:3000/_next/static/chunks/11hm_next_dist_0m6rgog._.js:2441
[    1560ms] [LOG] [DEBUG] Renderizando celda: {columnId: id, isReference: undefined, value: Object} @ http://localhost:3000/_next/static/chunks/11hm_next_dist_0m6rgog._.js:2441
[    1560ms] [LOG] [DEBUG] Renderizando celda: {columnId: id, isReference: undefined, value: Object} @ http://localhost:3000/_next/static/chunks/11hm_next_dist_0m6rgog._.js:2441
[    1560ms] [LOG] [DEBUG] Renderizando celda: {columnId: nombre, isReference: undefined, value: Object} @ http://localhost:3000/_next/static/chunks/11hm_next_dist_0m6rgog._.js:2441
[    1560ms] [LOG] [DEBUG] Renderizando celda: {columnId: nombre, isReference: undefined, value: Object} @ http://localhost:3000/_next/static/chunks/11hm_next_dist_0m6rgog._.js:2441
[    1560ms] [LOG] [DEBUG] Renderizando celda: {columnId: email, isReference: undefined, value: Object} @ http://localhost:3000/_next/static/chunks/11hm_next_dist_0m6rgog._.js:2441
[    1560ms] [LOG] [DEBUG] Renderizando celda: {columnId: email, isReference: undefined, value: Object} @ http://localhost:3000/_next/static/chunks/11hm_next_dist_0m6rgog._.js:2441
[    1561ms] [LOG] [DEBUG] Renderizando celda: {columnId: telefono, isReference: undefined, value: Object} @ http://localhost:3000/_next/static/chunks/11hm_next_dist_0m6rgog._.js:2441
[    1561ms] [LOG] [DEBUG] Renderizando celda: {columnId: telefono, isReference: undefined, value: Object} @ http://localhost:3000/_next/static/chunks/11hm_next_dist_0m6rgog._.js:2441
[    1561ms] [LOG] [DEBUG] Renderizando celda: {columnId: ciudad, isReference: undefined, value: Object} @ http://localhost:3000/_next/static/chunks/11hm_next_dist_0m6rgog._.js:2441
[    1561ms] [LOG] [DEBUG] Renderizando celda: {columnId: ciudad, isReference: undefined, value: Object} @ http://localhost:3000/_next/static/chunks/11hm_next_dist_0m6rgog._.js:2441
[    1561ms] [LOG] [DEBUG] Renderizando celda: {columnId: rol, isReference: undefined, value: Object} @ http://localhost:3000/_next/static/chunks/11hm_next_dist_0m6rgog._.js:2441
[    1561ms] [LOG] [DEBUG] Renderizando celda: {columnId: rol, isReference: undefined, value: Object} @ http://localhost:3000/_next/static/chunks/11hm_next_dist_0m6rgog._.js:2441
[    1561ms] [LOG] [DEBUG] Renderizando celda: {columnId: estado, isReference: undefined, value: Object} @ http://localhost:3000/_next/static/chunks/11hm_next_dist_0m6rgog._.js:2441
[    1561ms] [LOG] [DEBUG] Renderizando celda: {columnId: estado, isReference: undefined, value: Object} @ http://localhost:3000/_next/static/chunks/11hm_next_dist_0m6rgog._.js:2441
[    1561ms] [LOG] [DEBUG] Renderizando celda: {columnId: fechaRegistro, isReference: undefined, value: Object} @ http://localhost:3000/_next/static/chunks/11hm_next_dist_0m6rgog._.js:2441
[    1561ms] [LOG] [DEBUG] Renderizando celda: {columnId: fechaRegistro, isReference: undefined, value: Object} @ http://localhost:3000/_next/static/chunks/11hm_next_dist_0m6rgog._.js:2441
[    1561ms] [LOG] [DEBUG] Renderizando celda: {columnId: ultimoContacto, isReference: undefined, value: Object} @ http://localhost:3000/_next/static/chunks/11hm_next_dist_0m6rgog._.js:2441
[    1561ms] [LOG] [DEBUG] Renderizando celda: {columnId: ultimoContacto, isReference: undefined, value: Object} @ http://localhost:3000/_next/static/chunks/11hm_next_dist_0m6rgog._.js:2441
[    1561ms] [LOG] [DEBUG] Renderizando celda: {columnId: valorTotal, isReference: undefined, value: Object} @ http://localhost:3000/_next/static/chunks/11hm_next_dist_0m6rgog._.js:2441
[    1561ms] [LOG] [DEBUG] Renderizando celda: {columnId: valorTotal, isReference: undefined, value: Object} @ http://localhost:3000/_next/static/chunks/11hm_next_dist_0m6rgog._.js:2441
[    1561ms] [LOG] [DEBUG] Renderizando celda: {columnId: satisfaccion, isReference: undefined, value: Object} @ http://localhost:3000/_next/static/chunks/11hm_next_dist_0m6rgog._.js:2441
[    1561ms] [LOG] [DEBUG] Renderizando celda: {columnId: satisfaccion, isReference: undefined, value: Object} @ http://localhost:3000/_next/static/chunks/11hm_next_dist_0m6rgog._.js:2441
[    1561ms] [LOG] [DEBUG] Renderizando celda: {columnId: activo, isReference: undefined, value: Object} @ http://localhost:3000/_next/static/chunks/11hm_next_dist_0m6rgog._.js:2441
[    1561ms] [LOG] [DEBUG] Renderizando celda: {columnId: activo, isReference: undefined, value: Object} @ http://localhost:3000/_next/static/chunks/11hm_next_dist_0m6rgog._.js:2441
[    1562ms] [LOG] [DEBUG] Renderizando celda: {columnId: id, isReference: undefined, value: Object} @ http://localhost:3000/_next/static/chunks/11hm_next_dist_0m6rgog._.js:2441
[    1562ms] [LOG] [DEBUG] Renderizando celda: {columnId: id, isReference: undefined, value: Object} @ http://localhost:3000/_next/static/chunks/11hm_next_dist_0m6rgog._.js:2441
[    1562ms] [LOG] [DEBUG] Renderizando celda: {columnId: nombre, isReference: undefined, value: Object} @ http://localhost:3000/_next/static/chunks/11hm_next_dist_0m6rgog._.js:2441
[    1562ms] [LOG] [DEBUG] Renderizando celda: {columnId: nombre, isReference: undefined, value: Object} @ http://localhost:3000/_next/static/chunks/11hm_next_dist_0m6rgog._.js:2441
[    1562ms] [LOG] [DEBUG] Renderizando celda: {columnId: email, isReference: undefined, value: Object} @ http://localhost:3000/_next/static/chunks/11hm_next_dist_0m6rgog._.js:2441
[    1562ms] [LOG] [DEBUG] Renderizando celda: {columnId: email, isReference: undefined, value: Object} @ http://localhost:3000/_next/static/chunks/11hm_next_dist_0m6rgog._.js:2441
[    1562ms] [LOG] [DEBUG] Renderizando celda: {columnId: telefono, isReference: undefined, value: Object} @ http://localhost:3000/_next/static/chunks/11hm_next_dist_0m6rgog._.js:2441
[    1562ms] [LOG] [DEBUG] Renderizando celda: {columnId: telefono, isReference: undefined, value: Object} @ http://localhost:3000/_next/static/chunks/11hm_next_dist_0m6rgog._.js:2441
[    1562ms] [LOG] [DEBUG] Renderizando celda: {columnId: ciudad, isReference: undefined, value: Object} @ http://localhost:3000/_next/static/chunks/11hm_next_dist_0m6rgog._.js:2441
[    1563ms] [LOG] [DEBUG] Renderizando celda: {columnId: ciudad, isReference: undefined, value: Object} @ http://localhost:3000/_next/static/chunks/11hm_next_dist_0m6rgog._.js:2441
[    1563ms] [LOG] [DEBUG] Renderizando celda: {columnId: rol, isReference: undefined, value: Object} @ http://localhost:3000/_next/static/chunks/11hm_next_dist_0m6rgog._.js:2441
[    1563ms] [LOG] [DEBUG] Renderizando celda: {columnId: rol, isReference: undefined, value: Object} @ http://localhost:3000/_next/static/chunks/11hm_next_dist_0m6rgog._.js:2441
[    1563ms] [LOG] [DEBUG] Renderizando celda: {columnId: estado, isReference: undefined, value: Object} @ http://localhost:3000/_next/static/chunks/11hm_next_dist_0m6rgog._.js:2441
[    1563ms] [LOG] [DEBUG] Renderizando celda: {columnId: estado, isReference: undefined, value: Object} @ http://localhost:3000/_next/static/chunks/11hm_next_dist_0m6rgog._.js:2441
[    1563ms] [LOG] [DEBUG] Renderizando celda: {columnId: fechaRegistro, isReference: undefined, value: Object} @ http://localhost:3000/_next/static/chunks/11hm_next_dist_0m6rgog._.js:2441
[    1563ms] [LOG] [DEBUG] Renderizando celda: {columnId: fechaRegistro, isReference: undefined, value: Object} @ http://localhost:3000/_next/static/chunks/11hm_next_dist_0m6rgog._.js:2441
[    1563ms] [LOG] [DEBUG] Renderizando celda: {columnId: ultimoContacto, isReference: undefined, value: Object} @ http://localhost:3000/_next/static/chunks/11hm_next_dist_0m6rgog._.js:2441
[    1563ms] [LOG] [DEBUG] Renderizando celda: {columnId: ultimoContacto, isReference: undefined, value: Object} @ http://localhost:3000/_next/static/chunks/11hm_next_dist_0m6rgog._.js:2441
[    1563ms] [LOG] [DEBUG] Renderizando celda: {columnId: valorTotal, isReference: undefined, value: Object} @ http://localhost:3000/_next/static/chunks/11hm_next_dist_0m6rgog._.js:2441
[    1563ms] [LOG] [DEBUG] Renderizando celda: {columnId: valorTotal, isReference: undefined, value: Object} @ http://localhost:3000/_next/static/chunks/11hm_next_dist_0m6rgog._.js:2441
[    1563ms] [LOG] [DEBUG] Renderizando celda: {columnId: satisfaccion, isReference: undefined, value: Object} @ http://localhost:3000/_next/static/chunks/11hm_next_dist_0m6rgog._.js:2441
[    1563ms] [LOG] [DEBUG] Renderizando celda: {columnId: satisfaccion, isReference: undefined, value: Object} @ http://localhost:3000/_next/static/chunks/11hm_next_dist_0m6rgog._.js:2441
[    1563ms] [LOG] [DEBUG] Renderizando celda: {columnId: activo, isReference: undefined, value: Object} @ http://localhost:3000/_next/static/chunks/11hm_next_dist_0m6rgog._.js:2441
[    1563ms] [LOG] [DEBUG] Renderizando celda: {columnId: activo, isReference: undefined, value: Object} @ http://localhost:3000/_next/static/chunks/11hm_next_dist_0m6rgog._.js:2441
[    1564ms] [LOG] [DEBUG] Renderizando celda: {columnId: id, isReference: undefined, value: Object} @ http://localhost:3000/_next/static/chunks/11hm_next_dist_0m6rgog._.js:2441
[    1564ms] [LOG] [DEBUG] Renderizando celda: {columnId: id, isReference: undefined, value: Object} @ http://localhost:3000/_next/static/chunks/11hm_next_dist_0m6rgog._.js:2441
[    1564ms] [LOG] [DEBUG] Renderizando celda: {columnId: nombre, isReference: undefined, value: Object} @ http://localhost:3000/_next/static/chunks/11hm_next_dist_0m6rgog._.js:2441
[    1564ms] [LOG] [DEBUG] Renderizando celda: {columnId: nombre, isReference: undefined, value: Object} @ http://localhost:3000/_next/static/chunks/11hm_next_dist_0m6rgog._.js:2441
[    1564ms] [LOG] [DEBUG] Renderizando celda: {columnId: email, isReference: undefined, value: Object} @ http://localhost:3000/_next/static/chunks/11hm_next_dist_0m6rgog._.js:2441
[    1564ms] [LOG] [DEBUG] Renderizando celda: {columnId: email, isReference: undefined, value: Object} @ http://localhost:3000/_next/static/chunks/11hm_next_dist_0m6rgog._.js:2441
[    1564ms] [LOG] [DEBUG] Renderizando celda: {columnId: telefono, isReference: undefined, value: Object} @ http://localhost:3000/_next/static/chunks/11hm_next_dist_0m6rgog._.js:2441
[    1564ms] [LOG] [DEBUG] Renderizando celda: {columnId: telefono, isReference: undefined, value: Object} @ http://localhost:3000/_next/static/chunks/11hm_next_dist_0m6rgog._.js:2441
[    1564ms] [LOG] [DEBUG] Renderizando celda: {columnId: ciudad, isReference: undefined, value: Object} @ http://localhost:3000/_next/static/chunks/11hm_next_dist_0m6rgog._.js:2441
[    1564ms] [LOG] [DEBUG] Renderizando celda: {columnId: ciudad, isReference: undefined, value: Object} @ http://localhost:3000/_next/static/chunks/11hm_next_dist_0m6rgog._.js:2441
[    1564ms] [LOG] [DEBUG] Renderizando celda: {columnId: rol, isReference: undefined, value: Object} @ http://localhost:3000/_next/static/chunks/11hm_next_dist_0m6rgog._.js:2441
[    1564ms] [LOG] [DEBUG] Renderizando celda: {columnId: rol, isReference: undefined, value: Object} @ http://localhost:3000/_next/static/chunks/11hm_next_dist_0m6rgog._.js:2441
[    1564ms] [LOG] [DEBUG] Renderizando celda: {columnId: estado, isReference: undefined, value: Object} @ http://localhost:3000/_next/static/chunks/11hm_next_dist_0m6rgog._.js:2441
[    1564ms] [LOG] [DEBUG] Renderizando celda: {columnId: estado, isReference: undefined, value: Object} @ http://localhost:3000/_next/static/chunks/11hm_next_dist_0m6rgog._.js:2441
[    1565ms] [LOG] [DEBUG] Renderizando celda: {columnId: fechaRegistro, isReference: undefined, value: Object} @ http://localhost:3000/_next/static/chunks/11hm_next_dist_0m6rgog._.js:2441
[    1565ms] [LOG] [DEBUG] Renderizando celda: {columnId: fechaRegistro, isReference: undefined, value: Object} @ http://localhost:3000/_next/static/chunks/11hm_next_dist_0m6rgog._.js:2441
[    1565ms] [LOG] [DEBUG] Renderizando celda: {columnId: ultimoContacto, isReference: undefined, value: Object} @ http://localhost:3000/_next/static/chunks/11hm_next_dist_0m6rgog._.js:2441
[    1565ms] [LOG] [DEBUG] Renderizando celda: {columnId: ultimoContacto, isReference: undefined, value: Object} @ http://localhost:3000/_next/static/chunks/11hm_next_dist_0m6rgog._.js:2441
[    1565ms] [LOG] [DEBUG] Renderizando celda: {columnId: valorTotal, isReference: undefined, value: Object} @ http://localhost:3000/_next/static/chunks/11hm_next_dist_0m6rgog._.js:2441
[    1565ms] [LOG] [DEBUG] Renderizando celda: {columnId: valorTotal, isReference: undefined, value: Object} @ http://localhost:3000/_next/static/chunks/11hm_next_dist_0m6rgog._.js:2441
[    1565ms] [LOG] [DEBUG] Renderizando celda: {columnId: satisfaccion, isReference: undefined, value: Object} @ http://localhost:3000/_next/static/chunks/11hm_next_dist_0m6rgog._.js:2441
[    1565ms] [LOG] [DEBUG] Renderizando celda: {columnId: satisfaccion, isReference: undefined, value: Object} @ http://localhost:3000/_next/static/chunks/11hm_next_dist_0m6rgog._.js:2441
[    1565ms] [LOG] [DEBUG] Renderizando celda: {columnId: activo, isReference: undefined, value: Object} @ http://localhost:3000/_next/static/chunks/11hm_next_dist_0m6rgog._.js:2441
[    1565ms] [LOG] [DEBUG] Renderizando celda: {columnId: activo, isReference: undefined, value: Object} @ http://localhost:3000/_next/static/chunks/11hm_next_dist_0m6rgog._.js:2441
[    1566ms] [LOG] [DEBUG] Renderizando celda: {columnId: id, isReference: undefined, value: Object} @ http://localhost:3000/_next/static/chunks/11hm_next_dist_0m6rgog._.js:2441
[    1566ms] [LOG] [DEBUG] Renderizando celda: {columnId: id, isReference: undefined, value: Object} @ http://localhost:3000/_next/static/chunks/11hm_next_dist_0m6rgog._.js:2441
[    1566ms] [LOG] [DEBUG] Renderizando celda: {columnId: nombre, isReference: undefined, value: Object} @ http://localhost:3000/_next/static/chunks/11hm_next_dist_0m6rgog._.js:2441
[    1566ms] [LOG] [DEBUG] Renderizando celda: {columnId: nombre, isReference: undefined, value: Object} @ http://localhost:3000/_next/static/chunks/11hm_next_dist_0m6rgog._.js:2441
[    1566ms] [LOG] [DEBUG] Renderizando celda: {columnId: email, isReference: undefined, value: Object} @ http://localhost:3000/_next/static/chunks/11hm_next_dist_0m6rgog._.js:2441
[    1566ms] [LOG] [DEBUG] Renderizando celda: {columnId: email, isReference: undefined, value: Object} @ http://localhost:3000/_next/static/chunks/11hm_next_dist_0m6rgog._.js:2441
[    1566ms] [LOG] [DEBUG] Renderizando celda: {columnId: telefono, isReference: undefined, value: Object} @ http://localhost:3000/_next/static/chunks/11hm_next_dist_0m6rgog._.js:2441
[    1566ms] [LOG] [DEBUG] Renderizando celda: {columnId: telefono, isReference: undefined, value: Object} @ http://localhost:3000/_next/static/chunks/11hm_next_dist_0m6rgog._.js:2441
[    1566ms] [LOG] [DEBUG] Renderizando celda: {columnId: ciudad, isReference: undefined, value: Object} @ http://localhost:3000/_next/static/chunks/11hm_next_dist_0m6rgog._.js:2441
[    1566ms] [LOG] [DEBUG] Renderizando celda: {columnId: ciudad, isReference: undefined, value: Object} @ http://localhost:3000/_next/static/chunks/11hm_next_dist_0m6rgog._.js:2441
[    1566ms] [LOG] [DEBUG] Renderizando celda: {columnId: rol, isReference: undefined, value: Object} @ http://localhost:3000/_next/static/chunks/11hm_next_dist_0m6rgog._.js:2441
[    1566ms] [LOG] [DEBUG] Renderizando celda: {columnId: rol, isReference: undefined, value: Object} @ http://localhost:3000/_next/static/chunks/11hm_next_dist_0m6rgog._.js:2441
[    1566ms] [LOG] [DEBUG] Renderizando celda: {columnId: estado, isReference: undefined, value: Object} @ http://localhost:3000/_next/static/chunks/11hm_next_dist_0m6rgog._.js:2441
[    1566ms] [LOG] [DEBUG] Renderizando celda: {columnId: estado, isReference: undefined, value: Object} @ http://localhost:3000/_next/static/chunks/11hm_next_dist_0m6rgog._.js:2441
[    1566ms] [LOG] [DEBUG] Renderizando celda: {columnId: fechaRegistro, isReference: undefined, value: Object} @ http://localhost:3000/_next/static/chunks/11hm_next_dist_0m6rgog._.js:2441
[    1566ms] [LOG] [DEBUG] Renderizando celda: {columnId: fechaRegistro, isReference: undefined, value: Object} @ http://localhost:3000/_next/static/chunks/11hm_next_dist_0m6rgog._.js:2441
[    1566ms] [LOG] [DEBUG] Renderizando celda: {columnId: ultimoContacto, isReference: undefined, value: Object} @ http://localhost:3000/_next/static/chunks/11hm_next_dist_0m6rgog._.js:2441
[    1566ms] [LOG] [DEBUG] Renderizando celda: {columnId: ultimoContacto, isReference: undefined, value: Object} @ http://localhost:3000/_next/static/chunks/11hm_next_dist_0m6rgog._.js:2441
[    1567ms] [LOG] [DEBUG] Renderizando celda: {columnId: valorTotal, isReference: undefined, value: Object} @ http://localhost:3000/_next/static/chunks/11hm_next_dist_0m6rgog._.js:2441
[    1567ms] [LOG] [DEBUG] Renderizando celda: {columnId: valorTotal, isReference: undefined, value: Object} @ http://localhost:3000/_next/static/chunks/11hm_next_dist_0m6rgog._.js:2441
[    1567ms] [LOG] [DEBUG] Renderizando celda: {columnId: satisfaccion, isReference: undefined, value: Object} @ http://localhost:3000/_next/static/chunks/11hm_next_dist_0m6rgog._.js:2441
[    1567ms] [LOG] [DEBUG] Renderizando celda: {columnId: satisfaccion, isReference: undefined, value: Object} @ http://localhost:3000/_next/static/chunks/11hm_next_dist_0m6rgog._.js:2441
[    1567ms] [LOG] [DEBUG] Renderizando celda: {columnId: activo, isReference: undefined, value: Object} @ http://localhost:3000/_next/static/chunks/11hm_next_dist_0m6rgog._.js:2441
[    1567ms] [LOG] [DEBUG] Renderizando celda: {columnId: activo, isReference: undefined, value: Object} @ http://localhost:3000/_next/static/chunks/11hm_next_dist_0m6rgog._.js:2441
[    1567ms] [LOG] [DEBUG] Renderizando celda: {columnId: id, isReference: undefined, value: Object} @ http://localhost:3000/_next/static/chunks/11hm_next_dist_0m6rgog._.js:2441
[    1567ms] [LOG] [DEBUG] Renderizando celda: {columnId: id, isReference: undefined, value: Object} @ http://localhost:3000/_next/static/chunks/11hm_next_dist_0m6rgog._.js:2441
[    1567ms] [LOG] [DEBUG] Renderizando celda: {columnId: nombre, isReference: undefined, value: Object} @ http://localhost:3000/_next/static/chunks/11hm_next_dist_0m6rgog._.js:2441
[    1567ms] [LOG] [DEBUG] Renderizando celda: {columnId: nombre, isReference: undefined, value: Object} @ http://localhost:3000/_next/static/chunks/11hm_next_dist_0m6rgog._.js:2441
[    1568ms] [LOG] [DEBUG] Renderizando celda: {columnId: email, isReference: undefined, value: Object} @ http://localhost:3000/_next/static/chunks/11hm_next_dist_0m6rgog._.js:2441
[    1568ms] [LOG] [DEBUG] Renderizando celda: {columnId: email, isReference: undefined, value: Object} @ http://localhost:3000/_next/static/chunks/11hm_next_dist_0m6rgog._.js:2441
[    1568ms] [LOG] [DEBUG] Renderizando celda: {columnId: telefono, isReference: undefined, value: Object} @ http://localhost:3000/_next/static/chunks/11hm_next_dist_0m6rgog._.js:2441
[    1568ms] [LOG] [DEBUG] Renderizando celda: {columnId: telefono, isReference: undefined, value: Object} @ http://localhost:3000/_next/static/chunks/11hm_next_dist_0m6rgog._.js:2441
[    1568ms] [LOG] [DEBUG] Renderizando celda: {columnId: ciudad, isReference: undefined, value: Object} @ http://localhost:3000/_next/static/chunks/11hm_next_dist_0m6rgog._.js:2441
[    1568ms] [LOG] [DEBUG] Renderizando celda: {columnId: ciudad, isReference: undefined, value: Object} @ http://localhost:3000/_next/static/chunks/11hm_next_dist_0m6rgog._.js:2441
[    1568ms] [LOG] [DEBUG] Renderizando celda: {columnId: rol, isReference: undefined, value: Object} @ http://localhost:3000/_next/static/chunks/11hm_next_dist_0m6rgog._.js:2441
[    1568ms] [LOG] [DEBUG] Renderizando celda: {columnId: rol, isReference: undefined, value: Object} @ http://localhost:3000/_next/static/chunks/11hm_next_dist_0m6rgog._.js:2441
[    1568ms] [LOG] [DEBUG] Renderizando celda: {columnId: estado, isReference: undefined, value: Object} @ http://localhost:3000/_next/static/chunks/11hm_next_dist_0m6rgog._.js:2441
[    1568ms] [LOG] [DEBUG] Renderizando celda: {columnId: estado, isReference: undefined, value: Object} @ http://localhost:3000/_next/static/chunks/11hm_next_dist_0m6rgog._.js:2441
[    1568ms] [LOG] [DEBUG] Renderizando celda: {columnId: fechaRegistro, isReference: undefined, value: Object} @ http://localhost:3000/_next/static/chunks/11hm_next_dist_0m6rgog._.js:2441
[    1568ms] [LOG] [DEBUG] Renderizando celda: {columnId: fechaRegistro, isReference: undefined, value: Object} @ http://localhost:3000/_next/static/chunks/11hm_next_dist_0m6rgog._.js:2441
[    1568ms] [LOG] [DEBUG] Renderizando celda: {columnId: ultimoContacto, isReference: undefined, value: Object} @ http://localhost:3000/_next/static/chunks/11hm_next_dist_0m6rgog._.js:2441
[    1568ms] [LOG] [DEBUG] Renderizando celda: {columnId: ultimoContacto, isReference: undefined, value: Object} @ http://localhost:3000/_next/static/chunks/11hm_next_dist_0m6rgog._.js:2441
[    1568ms] [LOG] [DEBUG] Renderizando celda: {columnId: valorTotal, isReference: undefined, value: Object} @ http://localhost:3000/_next/static/chunks/11hm_next_dist_0m6rgog._.js:2441
[    1568ms] [LOG] [DEBUG] Renderizando celda: {columnId: valorTotal, isReference: undefined, value: Object} @ http://localhost:3000/_next/static/chunks/11hm_next_dist_0m6rgog._.js:2441
[    1568ms] [LOG] [DEBUG] Renderizando celda: {columnId: satisfaccion, isReference: undefined, value: Object} @ http://localhost:3000/_next/static/chunks/11hm_next_dist_0m6rgog._.js:2441
[    1568ms] [LOG] [DEBUG] Renderizando celda: {columnId: satisfaccion, isReference: undefined, value: Object} @ http://localhost:3000/_next/static/chunks/11hm_next_dist_0m6rgog._.js:2441
[    1569ms] [LOG] [DEBUG] Renderizando celda: {columnId: activo, isReference: undefined, value: Object} @ http://localhost:3000/_next/static/chunks/11hm_next_dist_0m6rgog._.js:2441
[    1569ms] [LOG] [DEBUG] Renderizando celda: {columnId: activo, isReference: undefined, value: Object} @ http://localhost:3000/_next/static/chunks/11hm_next_dist_0m6rgog._.js:2441
[    1569ms] [LOG] [DEBUG] Renderizando celda: {columnId: id, isReference: undefined, value: Object} @ http://localhost:3000/_next/static/chunks/11hm_next_dist_0m6rgog._.js:2441
[    1569ms] [LOG] [DEBUG] Renderizando celda: {columnId: id, isReference: undefined, value: Object} @ http://localhost:3000/_next/static/chunks/11hm_next_dist_0m6rgog._.js:2441
[    1569ms] [LOG] [DEBUG] Renderizando celda: {columnId: nombre, isReference: undefined, value: Object} @ http://localhost:3000/_next/static/chunks/11hm_next_dist_0m6rgog._.js:2441
[    1569ms] [LOG] [DEBUG] Renderizando celda: {columnId: nombre, isReference: undefined, value: Object} @ http://localhost:3000/_next/static/chunks/11hm_next_dist_0m6rgog._.js:2441
[    1569ms] [LOG] [DEBUG] Renderizando celda: {columnId: email, isReference: undefined, value: Object} @ http://localhost:3000/_next/static/chunks/11hm_next_dist_0m6rgog._.js:2441
[    1569ms] [LOG] [DEBUG] Renderizando celda: {columnId: email, isReference: undefined, value: Object} @ http://localhost:3000/_next/static/chunks/11hm_next_dist_0m6rgog._.js:2441
[    1569ms] [LOG] [DEBUG] Renderizando celda: {columnId: telefono, isReference: undefined, value: Object} @ http://localhost:3000/_next/static/chunks/11hm_next_dist_0m6rgog._.js:2441
[    1570ms] [LOG] [DEBUG] Renderizando celda: {columnId: telefono, isReference: undefined, value: Object} @ http://localhost:3000/_next/static/chunks/11hm_next_dist_0m6rgog._.js:2441
[    1570ms] [LOG] [DEBUG] Renderizando celda: {columnId: ciudad, isReference: undefined, value: Object} @ http://localhost:3000/_next/static/chunks/11hm_next_dist_0m6rgog._.js:2441
[    1570ms] [LOG] [DEBUG] Renderizando celda: {columnId: ciudad, isReference: undefined, value: Object} @ http://localhost:3000/_next/static/chunks/11hm_next_dist_0m6rgog._.js:2441
[    1570ms] [LOG] [DEBUG] Renderizando celda: {columnId: rol, isReference: undefined, value: Object} @ http://localhost:3000/_next/static/chunks/11hm_next_dist_0m6rgog._.js:2441
[    1570ms] [LOG] [DEBUG] Renderizando celda: {columnId: rol, isReference: undefined, value: Object} @ http://localhost:3000/_next/static/chunks/11hm_next_dist_0m6rgog._.js:2441
[    1570ms] [LOG] [DEBUG] Renderizando celda: {columnId: estado, isReference: undefined, value: Object} @ http://localhost:3000/_next/static/chunks/11hm_next_dist_0m6rgog._.js:2441
[    1570ms] [LOG] [DEBUG] Renderizando celda: {columnId: estado, isReference: undefined, value: Object} @ http://localhost:3000/_next/static/chunks/11hm_next_dist_0m6rgog._.js:2441
[    1570ms] [LOG] [DEBUG] Renderizando celda: {columnId: fechaRegistro, isReference: undefined, value: Object} @ http://localhost:3000/_next/static/chunks/11hm_next_dist_0m6rgog._.js:2441
[    1570ms] [LOG] [DEBUG] Renderizando celda: {columnId: fechaRegistro, isReference: undefined, value: Object} @ http://localhost:3000/_next/static/chunks/11hm_next_dist_0m6rgog._.js:2441
[    1570ms] [LOG] [DEBUG] Renderizando celda: {columnId: ultimoContacto, isReference: undefined, value: Object} @ http://localhost:3000/_next/static/chunks/11hm_next_dist_0m6rgog._.js:2441
[    1570ms] [LOG] [DEBUG] Renderizando celda: {columnId: ultimoContacto, isReference: undefined, value: Object} @ http://localhost:3000/_next/static/chunks/11hm_next_dist_0m6rgog._.js:2441
[    1570ms] [LOG] [DEBUG] Renderizando celda: {columnId: valorTotal, isReference: undefined, value: Object} @ http://localhost:3000/_next/static/chunks/11hm_next_dist_0m6rgog._.js:2441
[    1570ms] [LOG] [DEBUG] Renderizando celda: {columnId: valorTotal, isReference: undefined, value: Object} @ http://localhost:3000/_next/static/chunks/11hm_next_dist_0m6rgog._.js:2441
[    1570ms] [LOG] [DEBUG] Renderizando celda: {columnId: satisfaccion, isReference: undefined, value: Object} @ http://localhost:3000/_next/static/chunks/11hm_next_dist_0m6rgog._.js:2441
[    1570ms] [LOG] [DEBUG] Renderizando celda: {columnId: satisfaccion, isReference: undefined, value: Object} @ http://localhost:3000/_next/static/chunks/11hm_next_dist_0m6rgog._.js:2441
[    1570ms] [LOG] [DEBUG] Renderizando celda: {columnId: activo, isReference: undefined, value: Object} @ http://localhost:3000/_next/static/chunks/11hm_next_dist_0m6rgog._.js:2441
[    1570ms] [LOG] [DEBUG] Renderizando celda: {columnId: activo, isReference: undefined, value: Object} @ http://localhost:3000/_next/static/chunks/11hm_next_dist_0m6rgog._.js:2441
[    1571ms] [LOG] [DEBUG] Renderizando celda: {columnId: id, isReference: undefined, value: Object} @ http://localhost:3000/_next/static/chunks/11hm_next_dist_0m6rgog._.js:2441
[    1571ms] [LOG] [DEBUG] Renderizando celda: {columnId: id, isReference: undefined, value: Object} @ http://localhost:3000/_next/static/chunks/11hm_next_dist_0m6rgog._.js:2441
[    1571ms] [LOG] [DEBUG] Renderizando celda: {columnId: nombre, isReference: undefined, value: Object} @ http://localhost:3000/_next/static/chunks/11hm_next_dist_0m6rgog._.js:2441
[    1571ms] [LOG] [DEBUG] Renderizando celda: {columnId: nombre, isReference: undefined, value: Object} @ http://localhost:3000/_next/static/chunks/11hm_next_dist_0m6rgog._.js:2441
[    1571ms] [LOG] [DEBUG] Renderizando celda: {columnId: email, isReference: undefined, value: Object} @ http://localhost:3000/_next/static/chunks/11hm_next_dist_0m6rgog._.js:2441
[    1571ms] [LOG] [DEBUG] Renderizando celda: {columnId: email, isReference: undefined, value: Object} @ http://localhost:3000/_next/static/chunks/11hm_next_dist_0m6rgog._.js:2441
[    1571ms] [LOG] [DEBUG] Renderizando celda: {columnId: telefono, isReference: undefined, value: Object} @ http://localhost:3000/_next/static/chunks/11hm_next_dist_0m6rgog._.js:2441
[    1571ms] [LOG] [DEBUG] Renderizando celda: {columnId: telefono, isReference: undefined, value: Object} @ http://localhost:3000/_next/static/chunks/11hm_next_dist_0m6rgog._.js:2441
[    1571ms] [LOG] [DEBUG] Renderizando celda: {columnId: ciudad, isReference: undefined, value: Object} @ http://localhost:3000/_next/static/chunks/11hm_next_dist_0m6rgog._.js:2441
[    1571ms] [LOG] [DEBUG] Renderizando celda: {columnId: ciudad, isReference: undefined, value: Object} @ http://localhost:3000/_next/static/chunks/11hm_next_dist_0m6rgog._.js:2441
[    1571ms] [LOG] [DEBUG] Renderizando celda: {columnId: rol, isReference: undefined, value: Object} @ http://localhost:3000/_next/static/chunks/11hm_next_dist_0m6rgog._.js:2441
[    1571ms] [LOG] [DEBUG] Renderizando celda: {columnId: rol, isReference: undefined, value: Object} @ http://localhost:3000/_next/static/chunks/11hm_next_dist_0m6rgog._.js:2441
[    1572ms] [LOG] [DEBUG] Renderizando celda: {columnId: estado, isReference: undefined, value: Object} @ http://localhost:3000/_next/static/chunks/11hm_next_dist_0m6rgog._.js:2441
[    1572ms] [LOG] [DEBUG] Renderizando celda: {columnId: estado, isReference: undefined, value: Object} @ http://localhost:3000/_next/static/chunks/11hm_next_dist_0m6rgog._.js:2441
[    1572ms] [LOG] [DEBUG] Renderizando celda: {columnId: fechaRegistro, isReference: undefined, value: Object} @ http://localhost:3000/_next/static/chunks/11hm_next_dist_0m6rgog._.js:2441
[    1572ms] [LOG] [DEBUG] Renderizando celda: {columnId: fechaRegistro, isReference: undefined, value: Object} @ http://localhost:3000/_next/static/chunks/11hm_next_dist_0m6rgog._.js:2441
[    1572ms] [LOG] [DEBUG] Renderizando celda: {columnId: ultimoContacto, isReference: undefined, value: Object} @ http://localhost:3000/_next/static/chunks/11hm_next_dist_0m6rgog._.js:2441
[    1572ms] [LOG] [DEBUG] Renderizando celda: {columnId: ultimoContacto, isReference: undefined, value: Object} @ http://localhost:3000/_next/static/chunks/11hm_next_dist_0m6rgog._.js:2441
[    1572ms] [LOG] [DEBUG] Renderizando celda: {columnId: valorTotal, isReference: undefined, value: Object} @ http://localhost:3000/_next/static/chunks/11hm_next_dist_0m6rgog._.js:2441
[    1572ms] [LOG] [DEBUG] Renderizando celda: {columnId: valorTotal, isReference: undefined, value: Object} @ http://localhost:3000/_next/static/chunks/11hm_next_dist_0m6rgog._.js:2441
[    1572ms] [LOG] [DEBUG] Renderizando celda: {columnId: satisfaccion, isReference: undefined, value: Object} @ http://localhost:3000/_next/static/chunks/11hm_next_dist_0m6rgog._.js:2441
[    1572ms] [LOG] [DEBUG] Renderizando celda: {columnId: satisfaccion, isReference: undefined, value: Object} @ http://localhost:3000/_next/static/chunks/11hm_next_dist_0m6rgog._.js:2441
[    1572ms] [LOG] [DEBUG] Renderizando celda: {columnId: activo, isReference: undefined, value: Object} @ http://localhost:3000/_next/static/chunks/11hm_next_dist_0m6rgog._.js:2441
[    1572ms] [LOG] [DEBUG] Renderizando celda: {columnId: activo, isReference: undefined, value: Object} @ http://localhost:3000/_next/static/chunks/11hm_next_dist_0m6rgog._.js:2441
[    1573ms] [LOG] [DEBUG] Renderizando celda: {columnId: id, isReference: undefined, value: Object} @ http://localhost:3000/_next/static/chunks/11hm_next_dist_0m6rgog._.js:2441
[    1573ms] [LOG] [DEBUG] Renderizando celda: {columnId: id, isReference: undefined, value: Object} @ http://localhost:3000/_next/static/chunks/11hm_next_dist_0m6rgog._.js:2441
[    1573ms] [LOG] [DEBUG] Renderizando celda: {columnId: nombre, isReference: undefined, value: Object} @ http://localhost:3000/_next/static/chunks/11hm_next_dist_0m6rgog._.js:2441
[    1573ms] [LOG] [DEBUG] Renderizando celda: {columnId: nombre, isReference: undefined, value: Object} @ http://localhost:3000/_next/static/chunks/11hm_next_dist_0m6rgog._.js:2441
[    1573ms] [LOG] [DEBUG] Renderizando celda: {columnId: email, isReference: undefined, value: Object} @ http://localhost:3000/_next/static/chunks/11hm_next_dist_0m6rgog._.js:2441
[    1573ms] [LOG] [DEBUG] Renderizando celda: {columnId: email, isReference: undefined, value: Object} @ http://localhost:3000/_next/static/chunks/11hm_next_dist_0m6rgog._.js:2441
[    1573ms] [LOG] [DEBUG] Renderizando celda: {columnId: telefono, isReference: undefined, value: Object} @ http://localhost:3000/_next/static/chunks/11hm_next_dist_0m6rgog._.js:2441
[    1573ms] [LOG] [DEBUG] Renderizando celda: {columnId: telefono, isReference: undefined, value: Object} @ http://localhost:3000/_next/static/chunks/11hm_next_dist_0m6rgog._.js:2441
[    1573ms] [LOG] [DEBUG] Renderizando celda: {columnId: ciudad, isReference: undefined, value: Object} @ http://localhost:3000/_next/static/chunks/11hm_next_dist_0m6rgog._.js:2441
[    1573ms] [LOG] [DEBUG] Renderizando celda: {columnId: ciudad, isReference: undefined, value: Object} @ http://localhost:3000/_next/static/chunks/11hm_next_dist_0m6rgog._.js:2441
[    1573ms] [LOG] [DEBUG] Renderizando celda: {columnId: rol, isReference: undefined, value: Object} @ http://localhost:3000/_next/static/chunks/11hm_next_dist_0m6rgog._.js:2441
[    1573ms] [LOG] [DEBUG] Renderizando celda: {columnId: rol, isReference: undefined, value: Object} @ http://localhost:3000/_next/static/chunks/11hm_next_dist_0m6rgog._.js:2441
[    1573ms] [LOG] [DEBUG] Renderizando celda: {columnId: estado, isReference: undefined, value: Object} @ http://localhost:3000/_next/static/chunks/11hm_next_dist_0m6rgog._.js:2441
[    1573ms] [LOG] [DEBUG] Renderizando celda: {columnId: estado, isReference: undefined, value: Object} @ http://localhost:3000/_next/static/chunks/11hm_next_dist_0m6rgog._.js:2441
[    1573ms] [LOG] [DEBUG] Renderizando celda: {columnId: fechaRegistro, isReference: undefined, value: Object} @ http://localhost:3000/_next/static/chunks/11hm_next_dist_0m6rgog._.js:2441
[    1573ms] [LOG] [DEBUG] Renderizando celda: {columnId: fechaRegistro, isReference: undefined, value: Object} @ http://localhost:3000/_next/static/chunks/11hm_next_dist_0m6rgog._.js:2441
[    1573ms] [LOG] [DEBUG] Renderizando celda: {columnId: ultimoContacto, isReference: undefined, value: Object} @ http://localhost:3000/_next/static/chunks/11hm_next_dist_0m6rgog._.js:2441
[    1574ms] [LOG] [DEBUG] Renderizando celda: {columnId: ultimoContacto, isReference: undefined, value: Object} @ http://localhost:3000/_next/static/chunks/11hm_next_dist_0m6rgog._.js:2441
[    1574ms] [LOG] [DEBUG] Renderizando celda: {columnId: valorTotal, isReference: undefined, value: Object} @ http://localhost:3000/_next/static/chunks/11hm_next_dist_0m6rgog._.js:2441
[    1574ms] [LOG] [DEBUG] Renderizando celda: {columnId: valorTotal, isReference: undefined, value: Object} @ http://localhost:3000/_next/static/chunks/11hm_next_dist_0m6rgog._.js:2441
[    1574ms] [LOG] [DEBUG] Renderizando celda: {columnId: satisfaccion, isReference: undefined, value: Object} @ http://localhost:3000/_next/static/chunks/11hm_next_dist_0m6rgog._.js:2441
[    1574ms] [LOG] [DEBUG] Renderizando celda: {columnId: satisfaccion, isReference: undefined, value: Object} @ http://localhost:3000/_next/static/chunks/11hm_next_dist_0m6rgog._.js:2441
[    1574ms] [LOG] [DEBUG] Renderizando celda: {columnId: activo, isReference: undefined, value: Object} @ http://localhost:3000/_next/static/chunks/11hm_next_dist_0m6rgog._.js:2441
[    1574ms] [LOG] [DEBUG] Renderizando celda: {columnId: activo, isReference: undefined, value: Object} @ http://localhost:3000/_next/static/chunks/11hm_next_dist_0m6rgog._.js:2441
[    1574ms] [LOG] [DEBUG] Renderizando celda: {columnId: id, isReference: undefined, value: Object} @ http://localhost:3000/_next/static/chunks/11hm_next_dist_0m6rgog._.js:2441
[    1574ms] [LOG] [DEBUG] Renderizando celda: {columnId: id, isReference: undefined, value: Object} @ http://localhost:3000/_next/static/chunks/11hm_next_dist_0m6rgog._.js:2441
[    1574ms] [LOG] [DEBUG] Renderizando celda: {columnId: nombre, isReference: undefined, value: Object} @ http://localhost:3000/_next/static/chunks/11hm_next_dist_0m6rgog._.js:2441
[    1575ms] [LOG] [DEBUG] Renderizando celda: {columnId: nombre, isReference: undefined, value: Object} @ http://localhost:3000/_next/static/chunks/11hm_next_dist_0m6rgog._.js:2441
[    1575ms] [LOG] [DEBUG] Renderizando celda: {columnId: email, isReference: undefined, value: Object} @ http://localhost:3000/_next/static/chunks/11hm_next_dist_0m6rgog._.js:2441
[    1575ms] [LOG] [DEBUG] Renderizando celda: {columnId: email, isReference: undefined, value: Object} @ http://localhost:3000/_next/static/chunks/11hm_next_dist_0m6rgog._.js:2441
[    1575ms] [LOG] [DEBUG] Renderizando celda: {columnId: telefono, isReference: undefined, value: Object} @ http://localhost:3000/_next/static/chunks/11hm_next_dist_0m6rgog._.js:2441
[    1575ms] [LOG] [DEBUG] Renderizando celda: {columnId: telefono, isReference: undefined, value: Object} @ http://localhost:3000/_next/static/chunks/11hm_next_dist_0m6rgog._.js:2441
[    1575ms] [LOG] [DEBUG] Renderizando celda: {columnId: ciudad, isReference: undefined, value: Object} @ http://localhost:3000/_next/static/chunks/11hm_next_dist_0m6rgog._.js:2441
[    1575ms] [LOG] [DEBUG] Renderizando celda: {columnId: ciudad, isReference: undefined, value: Object} @ http://localhost:3000/_next/static/chunks/11hm_next_dist_0m6rgog._.js:2441
[    1575ms] [LOG] [DEBUG] Renderizando celda: {columnId: rol, isReference: undefined, value: Object} @ http://localhost:3000/_next/static/chunks/11hm_next_dist_0m6rgog._.js:2441
[    1575ms] [LOG] [DEBUG] Renderizando celda: {columnId: rol, isReference: undefined, value: Object} @ http://localhost:3000/_next/static/chunks/11hm_next_dist_0m6rgog._.js:2441
[    1575ms] [LOG] [DEBUG] Renderizando celda: {columnId: estado, isReference: undefined, value: Object} @ http://localhost:3000/_next/static/chunks/11hm_next_dist_0m6rgog._.js:2441
[    1575ms] [LOG] [DEBUG] Renderizando celda: {columnId: estado, isReference: undefined, value: Object} @ http://localhost:3000/_next/static/chunks/11hm_next_dist_0m6rgog._.js:2441
[    1575ms] [LOG] [DEBUG] Renderizando celda: {columnId: fechaRegistro, isReference: undefined, value: Object} @ http://localhost:3000/_next/static/chunks/11hm_next_dist_0m6rgog._.js:2441
[    1575ms] [LOG] [DEBUG] Renderizando celda: {columnId: fechaRegistro, isReference: undefined, value: Object} @ http://localhost:3000/_next/static/chunks/11hm_next_dist_0m6rgog._.js:2441
[    1575ms] [LOG] [DEBUG] Renderizando celda: {columnId: ultimoContacto, isReference: undefined, value: Object} @ http://localhost:3000/_next/static/chunks/11hm_next_dist_0m6rgog._.js:2441
[    1575ms] [LOG] [DEBUG] Renderizando celda: {columnId: ultimoContacto, isReference: undefined, value: Object} @ http://localhost:3000/_next/static/chunks/11hm_next_dist_0m6rgog._.js:2441
[    1575ms] [LOG] [DEBUG] Renderizando celda: {columnId: valorTotal, isReference: undefined, value: Object} @ http://localhost:3000/_next/static/chunks/11hm_next_dist_0m6rgog._.js:2441
[    1575ms] [LOG] [DEBUG] Renderizando celda: {columnId: valorTotal, isReference: undefined, value: Object} @ http://localhost:3000/_next/static/chunks/11hm_next_dist_0m6rgog._.js:2441
[    1575ms] [LOG] [DEBUG] Renderizando celda: {columnId: satisfaccion, isReference: undefined, value: Object} @ http://localhost:3000/_next/static/chunks/11hm_next_dist_0m6rgog._.js:2441
[    1575ms] [LOG] [DEBUG] Renderizando celda: {columnId: satisfaccion, isReference: undefined, value: Object} @ http://localhost:3000/_next/static/chunks/11hm_next_dist_0m6rgog._.js:2441
[    1576ms] [LOG] [DEBUG] Renderizando celda: {columnId: activo, isReference: undefined, value: Object} @ http://localhost:3000/_next/static/chunks/11hm_next_dist_0m6rgog._.js:2441
[    1576ms] [LOG] [DEBUG] Renderizando celda: {columnId: activo, isReference: undefined, value: Object} @ http://localhost:3000/_next/static/chunks/11hm_next_dist_0m6rgog._.js:2441
[    1576ms] [LOG] [DEBUG] Renderizando SecondaryTables: {level: 0, parentId: undefined, isLoading: false, arrayColumnsCount: 0, arrayColumns: Array(0)} @ http://localhost:3000/_next/static/chunks/11hm_next_dist_0m6rgog._.js:2441
[    1576ms] [LOG] [DEBUG] Renderizando SecondaryTables: {level: 0, parentId: undefined, isLoading: false, arrayColumnsCount: 0, arrayColumns: Array(0)} @ http://localhost:3000/_next/static/chunks/11hm_next_dist_0m6rgog._.js:2441
[    3013ms] [ERROR] Access to fetch at 'http://localhost:3001/trpc/featureFlags.isEnabled,user.me,theme.listAllThemes?batch=1&input=%7B%220%22%3A%7B%22key%22%3A%22support-chat%22%7D%7D' from origin 'http://localhost:3000' has been blocked by CORS policy: No 'Access-Control-Allow-Origin' header is present on the requested resource. @ http://localhost:3000/es/demo/table:0
[    3013ms] [ERROR] Failed to load resource: net::ERR_FAILED @ http://localhost:3001/trpc/featureFlags.isEnabled,user.me,theme.listAllThemes?batch=1&input=%7B%220%22%3A%7B%22key%22%3A%22support-chat%22%7D%7D:0
[    4066ms] [ERROR] Access to fetch at 'http://localhost:3001/trpc/featureFlags.isEnabled,theme.listAllThemes?batch=1&input=%7B%220%22%3A%7B%22key%22%3A%22support-chat%22%7D%7D' from origin 'http://localhost:3000' has been blocked by CORS policy: No 'Access-Control-Allow-Origin' header is present on the requested resource. @ http://localhost:3000/es/demo/table:0
[    4066ms] [ERROR] Failed to load resource: net::ERR_FAILED @ http://localhost:3001/trpc/featureFlags.isEnabled,theme.listAllThemes?batch=1&input=%7B%220%22%3A%7B%22key%22%3A%22support-chat%22%7D%7D:0
[    6102ms] [ERROR] Access to fetch at 'http://localhost:3001/trpc/featureFlags.isEnabled,theme.listAllThemes?batch=1&input=%7B%220%22%3A%7B%22key%22%3A%22support-chat%22%7D%7D' from origin 'http://localhost:3000' has been blocked by CORS policy: No 'Access-Control-Allow-Origin' header is present on the requested resource. @ http://localhost:3000/es/demo/table:0
[    6102ms] [ERROR] Failed to load resource: net::ERR_FAILED @ http://localhost:3001/trpc/featureFlags.isEnabled,theme.listAllThemes?batch=1&input=%7B%220%22%3A%7B%22key%22%3A%22support-chat%22%7D%7D:0
[    8852ms] [LOG] [DEBUG] Valores unicos procesados: {columnId: telefono, columnType: string, uniqueValues: Array(25)} @ http://localhost:3000/_next/static/chunks/11hm_next_dist_0m6rgog._.js:2441
[    8852ms] [LOG] [DEBUG] FilterFactory initialValue debug: {columnId: telefono, columnType: string, propsInitialValue: undefined, currentFilter: undefined} @ http://localhost:3000/_next/static/chunks/11hm_next_dist_0m6rgog._.js:2441
[    8853ms] [LOG] [DEBUG] Filter selection for column: {columnId: telefono, columnType: string, useAdaptiveFiltering: false, sampleData: Array(3)} @ http://localhost:3000/_next/static/chunks/11hm_next_dist_0m6rgog._.js:2441
[    8853ms] [LOG] [DEBUG] FILTER FACTORY - Seleccionando filtro: {columnId: telefono, columnType: string, uniqueValuesCount: 25, sampleValues: Array(3)} @ http://localhost:3000/_next/static/chunks/11hm_next_dist_0m6rgog._.js:2441
[    8853ms] [LOG] [DEBUG] Valores unicos procesados: {columnId: telefono, columnType: string, uniqueValues: Array(25)} @ http://localhost:3000/_next/static/chunks/11hm_next_dist_0m6rgog._.js:2441
[    8853ms] [LOG] [DEBUG] FilterFactory initialValue debug: {columnId: telefono, columnType: string, propsInitialValue: undefined, currentFilter: undefined} @ http://localhost:3000/_next/static/chunks/11hm_next_dist_0m6rgog._.js:2441
[    8853ms] [LOG] [DEBUG] Filter selection for column: {columnId: telefono, columnType: string, useAdaptiveFiltering: false, sampleData: Array(3)} @ http://localhost:3000/_next/static/chunks/11hm_next_dist_0m6rgog._.js:2441
[    8853ms] [LOG] [DEBUG] FILTER FACTORY - Seleccionando filtro: {columnId: telefono, columnType: string, uniqueValuesCount: 25, sampleValues: Array(3)} @ http://localhost:3000/_next/static/chunks/11hm_next_dist_0m6rgog._.js:2441
[    8866ms] [WARNING] Warning: Missing `Description` or `aria-describedby={undefined}` for {DialogContent}. @ http://localhost:3000/_next/static/chunks/11hm_next_dist_0m6rgog._.js:2441
[    8867ms] [WARNING] Warning: Missing `Description` or `aria-describedby={undefined}` for {DialogContent}. @ http://localhost:3000/_next/static/chunks/11hm_next_dist_0m6rgog._.js:2441
[   10144ms] [ERROR] Access to fetch at 'http://localhost:3001/trpc/featureFlags.isEnabled,theme.listAllThemes?batch=1&input=%7B%220%22%3A%7B%22key%22%3A%22support-chat%22%7D%7D' from origin 'http://localhost:3000' has been blocked by CORS policy: No 'Access-Control-Allow-Origin' header is present on the requested resource. @ http://localhost:3000/es/demo/table:0
[   10145ms] [ERROR] Failed to load resource: net::ERR_FAILED @ http://localhost:3001/trpc/featureFlags.isEnabled,theme.listAllThemes?batch=1&input=%7B%220%22%3A%7B%22key%22%3A%22support-chat%22%7D%7D:0
[   31862ms] [LOG] [DEBUG] Valores unicos procesados: {columnId: ultimoContacto, columnType: date, uniqueValues: Array(21)} @ http://localhost:3000/_next/static/chunks/11hm_next_dist_0m6rgog._.js:2441
[   31862ms] [LOG] [DEBUG] FilterFactory initialValue debug: {columnId: ultimoContacto, columnType: date, propsInitialValue: undefined, currentFilter: undefined} @ http://localhost:3000/_next/static/chunks/11hm_next_dist_0m6rgog._.js:2441
[   31862ms] [LOG] [DEBUG] Filter selection for column: {columnId: ultimoContacto, columnType: date, useAdaptiveFiltering: false, sampleData: Array(3)} @ http://localhost:3000/_next/static/chunks/11hm_next_dist_0m6rgog._.js:2441
[   31862ms] [LOG] [DEBUG] FILTER FACTORY - Seleccionando filtro: {columnId: ultimoContacto, columnType: date, uniqueValuesCount: 21, sampleValues: Array(3)} @ http://localhost:3000/_next/static/chunks/11hm_next_dist_0m6rgog._.js:2441
[   31863ms] [LOG] [DEBUG] Valores unicos procesados: {columnId: ultimoContacto, columnType: date, uniqueValues: Array(21)} @ http://localhost:3000/_next/static/chunks/11hm_next_dist_0m6rgog._.js:2441
[   31863ms] [LOG] [DEBUG] FilterFactory initialValue debug: {columnId: ultimoContacto, columnType: date, propsInitialValue: undefined, currentFilter: undefined} @ http://localhost:3000/_next/static/chunks/11hm_next_dist_0m6rgog._.js:2441
[   31863ms] [LOG] [DEBUG] Filter selection for column: {columnId: ultimoContacto, columnType: date, useAdaptiveFiltering: false, sampleData: Array(3)} @ http://localhost:3000/_next/static/chunks/11hm_next_dist_0m6rgog._.js:2441
[   31863ms] [LOG] [DEBUG] FILTER FACTORY - Seleccionando filtro: {columnId: ultimoContacto, columnType: date, uniqueValuesCount: 21, sampleValues: Array(3)} @ http://localhost:3000/_next/static/chunks/11hm_next_dist_0m6rgog._.js:2441
[   31891ms] [WARNING] Warning: Missing `Description` or `aria-describedby={undefined}` for {DialogContent}. @ http://localhost:3000/_next/static/chunks/11hm_next_dist_0m6rgog._.js:2441
[   31892ms] [WARNING] Warning: Missing `Description` or `aria-describedby={undefined}` for {DialogContent}. @ http://localhost:3000/_next/static/chunks/11hm_next_dist_0m6rgog._.js:2441
[   90615ms] [LOG] [DEBUG] Cambio en input de fecha start: 2026-03-01 @ http://localhost:3000/_next/static/chunks/11hm_next_dist_0m6rgog._.js:2441
[   90616ms] [LOG] [DEBUG] Fecha parseada: 2026-03-01T00:00:00.000Z @ http://localhost:3000/_next/static/chunks/11hm_next_dist_0m6rgog._.js:2441
[   90689ms] [LOG] [DEBUG] Cambio en input de fecha end: 2026-03-31 @ http://localhost:3000/_next/static/chunks/11hm_next_dist_0m6rgog._.js:2441
[   90689ms] [LOG] [DEBUG] Fecha parseada: 2026-03-31T00:00:00.000Z @ http://localhost:3000/_next/static/chunks/11hm_next_dist_0m6rgog._.js:2441
[   97843ms] [LOG] [DEBUG] Aplicando filtro de fechas @ http://localhost:3000/_next/static/chunks/11hm_next_dist_0m6rgog._.js:2441
[   97843ms] [LOG] [DEBUG] Fechas seleccionadas antes de normalizar: [05/03/2026, 08/03/2026, 10/03/2026, 12/03/2026, 15/03/2026, 18/03/2026, 20/03/2026, 22/03/2026, 25/03/2026, 27/03/2026, 28/03/2026, 29/03/2026, 30/03/2026] @ http://localhost:3000/_next/static/chunks/11hm_next_dist_0m6rgog._.js:2441
[   97844ms] [LOG] [DEBUG] Normalizando fecha: 05/03/2026 @ http://localhost:3000/_next/static/chunks/11hm_next_dist_0m6rgog._.js:2441
[   97844ms] [LOG] [DEBUG]   Fecha parseada y formateada: 05/03/2026 @ http://localhost:3000/_next/static/chunks/11hm_next_dist_0m6rgog._.js:2441
[   97844ms] [LOG] [DEBUG] Normalizando fecha: 08/03/2026 @ http://localhost:3000/_next/static/chunks/11hm_next_dist_0m6rgog._.js:2441
[   97844ms] [LOG] [DEBUG]   Fecha parseada y formateada: 08/03/2026 @ http://localhost:3000/_next/static/chunks/11hm_next_dist_0m6rgog._.js:2441
[   97844ms] [LOG] [DEBUG] Normalizando fecha: 10/03/2026 @ http://localhost:3000/_next/static/chunks/11hm_next_dist_0m6rgog._.js:2441
[   97844ms] [LOG] [DEBUG]   Fecha parseada y formateada: 10/03/2026 @ http://localhost:3000/_next/static/chunks/11hm_next_dist_0m6rgog._.js:2441
[   97844ms] [LOG] [DEBUG] Normalizando fecha: 12/03/2026 @ http://localhost:3000/_next/static/chunks/11hm_next_dist_0m6rgog._.js:2441
[   97844ms] [LOG] [DEBUG]   Fecha parseada y formateada: 12/03/2026 @ http://localhost:3000/_next/static/chunks/11hm_next_dist_0m6rgog._.js:2441
[   97844ms] [LOG] [DEBUG] Normalizando fecha: 15/03/2026 @ http://localhost:3000/_next/static/chunks/11hm_next_dist_0m6rgog._.js:2441
[   97844ms] [LOG] [DEBUG]   Fecha parseada y formateada: 15/03/2026 @ http://localhost:3000/_next/static/chunks/11hm_next_dist_0m6rgog._.js:2441
[   97844ms] [LOG] [DEBUG] Normalizando fecha: 18/03/2026 @ http://localhost:3000/_next/static/chunks/11hm_next_dist_0m6rgog._.js:2441
[   97845ms] [LOG] [DEBUG]   Fecha parseada y formateada: 18/03/2026 @ http://localhost:3000/_next/static/chunks/11hm_next_dist_0m6rgog._.js:2441
[   97845ms] [LOG] [DEBUG] Normalizando fecha: 20/03/2026 @ http://localhost:3000/_next/static/chunks/11hm_next_dist_0m6rgog._.js:2441
[   97845ms] [LOG] [DEBUG]   Fecha parseada y formateada: 20/03/2026 @ http://localhost:3000/_next/static/chunks/11hm_next_dist_0m6rgog._.js:2441
[   97845ms] [LOG] [DEBUG] Normalizando fecha: 22/03/2026 @ http://localhost:3000/_next/static/chunks/11hm_next_dist_0m6rgog._.js:2441
[   97845ms] [LOG] [DEBUG]   Fecha parseada y formateada: 22/03/2026 @ http://localhost:3000/_next/static/chunks/11hm_next_dist_0m6rgog._.js:2441
[   97845ms] [LOG] [DEBUG] Normalizando fecha: 25/03/2026 @ http://localhost:3000/_next/static/chunks/11hm_next_dist_0m6rgog._.js:2441
[   97845ms] [LOG] [DEBUG]   Fecha parseada y formateada: 25/03/2026 @ http://localhost:3000/_next/static/chunks/11hm_next_dist_0m6rgog._.js:2441
[   97845ms] [LOG] [DEBUG] Normalizando fecha: 27/03/2026 @ http://localhost:3000/_next/static/chunks/11hm_next_dist_0m6rgog._.js:2441
[   97845ms] [LOG] [DEBUG]   Fecha parseada y formateada: 27/03/2026 @ http://localhost:3000/_next/static/chunks/11hm_next_dist_0m6rgog._.js:2441
[   97845ms] [LOG] [DEBUG] Normalizando fecha: 28/03/2026 @ http://localhost:3000/_next/static/chunks/11hm_next_dist_0m6rgog._.js:2441
[   97845ms] [LOG] [DEBUG]   Fecha parseada y formateada: 28/03/2026 @ http://localhost:3000/_next/static/chunks/11hm_next_dist_0m6rgog._.js:2441
[   97845ms] [LOG] [DEBUG] Normalizando fecha: 29/03/2026 @ http://localhost:3000/_next/static/chunks/11hm_next_dist_0m6rgog._.js:2441
[   97846ms] [LOG] [DEBUG]   Fecha parseada y formateada: 29/03/2026 @ http://localhost:3000/_next/static/chunks/11hm_next_dist_0m6rgog._.js:2441
[   97846ms] [LOG] [DEBUG] Normalizando fecha: 30/03/2026 @ http://localhost:3000/_next/static/chunks/11hm_next_dist_0m6rgog._.js:2441
[   97846ms] [LOG] [DEBUG]   Fecha parseada y formateada: 30/03/2026 @ http://localhost:3000/_next/static/chunks/11hm_next_dist_0m6rgog._.js:2441
[   97846ms] [LOG] [DEBUG] Fechas normalizadas: [05/03/2026, 08/03/2026, 10/03/2026, 12/03/2026, 15/03/2026, 18/03/2026, 20/03/2026, 22/03/2026, 25/03/2026, 27/03/2026, 28/03/2026, 29/03/2026, 30/03/2026] @ http://localhost:3000/_next/static/chunks/11hm_next_dist_0m6rgog._.js:2441
[   97846ms] [LOG] [DEBUG] Aplicando filtro: {columnId: ultimoContacto, operator: arrIncludesSome, value: Array(13)} @ http://localhost:3000/_next/static/chunks/11hm_next_dist_0m6rgog._.js:2441
[   97846ms] [LOG] [DEBUG] Applying filter condition: {columnId: ultimoContacto, condition: Object} @ http://localhost:3000/_next/static/chunks/11hm_next_dist_0m6rgog._.js:2441
[   97847ms] [LOG] [DEBUG] Effective column order: {baseOrder: Array(14), pinnedColumnId: index, otherColumns: Array(13), hasActions: true, result: Array(15)} @ http://localhost:3000/_next/static/chunks/11hm_next_dist_0m6rgog._.js:2441
[   97847ms] [LOG] [DEBUG] Effective column order: {baseOrder: Array(14), pinnedColumnId: index, otherColumns: Array(13), hasActions: true, result: Array(15)} @ http://localhost:3000/_next/static/chunks/11hm_next_dist_0m6rgog._.js:2441
[   97848ms] [LOG] [DEBUG] Comparando fecha: 02/10/2026 con filtros: [05/03/2026, 08/03/2026, 10/03/2026, 12/03/2026, 15/03/2026, 18/03/2026, 20/03/2026, 22/03/2026, 25/03/2026, 27/03/2026, 28/03/2026, 29/03/2026, 30/03/2026] @ http://localhost:3000/_next/static/chunks/11hm_next_dist_0m6rgog._.js:2441
[   97848ms] [LOG] [DEBUG] - Comparando con 05/03/2026: no coincide @ http://localhost:3000/_next/static/chunks/11hm_next_dist_0m6rgog._.js:2441
[   97848ms] [LOG] [DEBUG] - Comparando con 08/03/2026: no coincide @ http://localhost:3000/_next/static/chunks/11hm_next_dist_0m6rgog._.js:2441
[   97849ms] [LOG] [DEBUG] - Comparando con 10/03/2026: no coincide @ http://localhost:3000/_next/static/chunks/11hm_next_dist_0m6rgog._.js:2441
[   97849ms] [LOG] [DEBUG] - Comparando con 12/03/2026: no coincide @ http://localhost:3000/_next/static/chunks/11hm_next_dist_0m6rgog._.js:2441
[   97849ms] [LOG] [DEBUG] - Comparando con 15/03/2026: no coincide @ http://localhost:3000/_next/static/chunks/11hm_next_dist_0m6rgog._.js:2441
[   97849ms] [LOG] [DEBUG] - Comparando con 18/03/2026: no coincide @ http://localhost:3000/_next/static/chunks/11hm_next_dist_0m6rgog._.js:2441
[   97849ms] [LOG] [DEBUG] - Comparando con 20/03/2026: no coincide @ http://localhost:3000/_next/static/chunks/11hm_next_dist_0m6rgog._.js:2441
[   97849ms] [LOG] [DEBUG] - Comparando con 22/03/2026: no coincide @ http://localhost:3000/_next/static/chunks/11hm_next_dist_0m6rgog._.js:2441
[   97849ms] [LOG] [DEBUG] - Comparando con 25/03/2026: no coincide @ http://localhost:3000/_next/static/chunks/11hm_next_dist_0m6rgog._.js:2441
[   97849ms] [LOG] [DEBUG] - Comparando con 27/03/2026: no coincide @ http://localhost:3000/_next/static/chunks/11hm_next_dist_0m6rgog._.js:2441
[   97849ms] [LOG] [DEBUG] - Comparando con 28/03/2026: no coincide @ http://localhost:3000/_next/static/chunks/11hm_next_dist_0m6rgog._.js:2441
[   97850ms] [LOG] [DEBUG] - Comparando con 29/03/2026: no coincide @ http://localhost:3000/_next/static/chunks/11hm_next_dist_0m6rgog._.js:2441
[   97850ms] [LOG] [DEBUG] - Comparando con 30/03/2026: no coincide @ http://localhost:3000/_next/static/chunks/11hm_next_dist_0m6rgog._.js:2441
[   97850ms] [LOG] [DEBUG] Resultado final para 02/10/2026: NO INCLUIDO @ http://localhost:3000/_next/static/chunks/11hm_next_dist_0m6rgog._.js:2441
[   97850ms] [LOG] [DEBUG] Comparando fecha:  con filtros: [05/03/2026, 08/03/2026, 10/03/2026, 12/03/2026, 15/03/2026, 18/03/2026, 20/03/2026, 22/03/2026, 25/03/2026, 27/03/2026, 28/03/2026, 29/03/2026, 30/03/2026] @ http://localhost:3000/_next/static/chunks/11hm_next_dist_0m6rgog._.js:2441
[   97850ms] [LOG] [DEBUG] - Comparando con 05/03/2026: no coincide @ http://localhost:3000/_next/static/chunks/11hm_next_dist_0m6rgog._.js:2441
[   97850ms] [LOG] [DEBUG] - Comparando con 08/03/2026: no coincide @ http://localhost:3000/_next/static/chunks/11hm_next_dist_0m6rgog._.js:2441
[   97850ms] [LOG] [DEBUG] - Comparando con 10/03/2026: no coincide @ http://localhost:3000/_next/static/chunks/11hm_next_dist_0m6rgog._.js:2441
[   97850ms] [LOG] [DEBUG] - Comparando con 12/03/2026: no coincide @ http://localhost:3000/_next/static/chunks/11hm_next_dist_0m6rgog._.js:2441
[   97851ms] [LOG] [DEBUG] - Comparando con 15/03/2026: no coincide @ http://localhost:3000/_next/static/chunks/11hm_next_dist_0m6rgog._.js:2441
[   97851ms] [LOG] [DEBUG] - Comparando con 18/03/2026: no coincide @ http://localhost:3000/_next/static/chunks/11hm_next_dist_0m6rgog._.js:2441
[   97851ms] [LOG] [DEBUG] - Comparando con 20/03/2026: no coincide @ http://localhost:3000/_next/static/chunks/11hm_next_dist_0m6rgog._.js:2441
[   97851ms] [LOG] [DEBUG] - Comparando con 22/03/2026: no coincide @ http://localhost:3000/_next/static/chunks/11hm_next_dist_0m6rgog._.js:2441
[   97851ms] [LOG] [DEBUG] - Comparando con 25/03/2026: no coincide @ http://localhost:3000/_next/static/chunks/11hm_next_dist_0m6rgog._.js:2441
[   97851ms] [LOG] [DEBUG] - Comparando con 27/03/2026: no coincide @ http://localhost:3000/_next/static/chunks/11hm_next_dist_0m6rgog._.js:2441
[   97851ms] [LOG] [DEBUG] - Comparando con 28/03/2026: no coincide @ http://localhost:3000/_next/static/chunks/11hm_next_dist_0m6rgog._.js:2441
[   97851ms] [LOG] [DEBUG] - Comparando con 29/03/2026: no coincide @ http://localhost:3000/_next/static/chunks/11hm_next_dist_0m6rgog._.js:2441
[   97851ms] [LOG] [DEBUG] - Comparando con 30/03/2026: no coincide @ http://localhost:3000/_next/static/chunks/11hm_next_dist_0m6rgog._.js:2441
[   97851ms] [LOG] [DEBUG] Resultado final para : NO INCLUIDO @ http://localhost:3000/_next/static/chunks/11hm_next_dist_0m6rgog._.js:2441
[   97852ms] [LOG] [DEBUG] Comparando fecha:  con filtros: [05/03/2026, 08/03/2026, 10/03/2026, 12/03/2026, 15/03/2026, 18/03/2026, 20/03/2026, 22/03/2026, 25/03/2026, 27/03/2026, 28/03/2026, 29/03/2026, 30/03/2026] @ http://localhost:3000/_next/static/chunks/11hm_next_dist_0m6rgog._.js:2441
[   97852ms] [LOG] [DEBUG] - Comparando con 05/03/2026: no coincide @ http://localhost:3000/_next/static/chunks/11hm_next_dist_0m6rgog._.js:2441
[   97852ms] [LOG] [DEBUG] - Comparando con 08/03/2026: no coincide @ http://localhost:3000/_next/static/chunks/11hm_next_dist_0m6rgog._.js:2441
[   97852ms] [LOG] [DEBUG] - Comparando con 10/03/2026: no coincide @ http://localhost:3000/_next/static/chunks/11hm_next_dist_0m6rgog._.js:2441
[   97852ms] [LOG] [DEBUG] - Comparando con 12/03/2026: no coincide @ http://localhost:3000/_next/static/chunks/11hm_next_dist_0m6rgog._.js:2441
[   97852ms] [LOG] [DEBUG] - Comparando con 15/03/2026: no coincide @ http://localhost:3000/_next/static/chunks/11hm_next_dist_0m6rgog._.js:2441
[   97852ms] [LOG] [DEBUG] - Comparando con 18/03/2026: no coincide @ http://localhost:3000/_next/static/chunks/11hm_next_dist_0m6rgog._.js:2441
[   97852ms] [LOG] [DEBUG] - Comparando con 20/03/2026: no coincide @ http://localhost:3000/_next/static/chunks/11hm_next_dist_0m6rgog._.js:2441
[   97853ms] [LOG] [DEBUG] - Comparando con 22/03/2026: no coincide @ http://localhost:3000/_next/static/chunks/11hm_next_dist_0m6rgog._.js:2441
[   97853ms] [LOG] [DEBUG] - Comparando con 25/03/2026: no coincide @ http://localhost:3000/_next/static/chunks/11hm_next_dist_0m6rgog._.js:2441
[   97853ms] [LOG] [DEBUG] - Comparando con 27/03/2026: no coincide @ http://localhost:3000/_next/static/chunks/11hm_next_dist_0m6rgog._.js:2441
[   97853ms] [LOG] [DEBUG] - Comparando con 28/03/2026: no coincide @ http://localhost:3000/_next/static/chunks/11hm_next_dist_0m6rgog._.js:2441
[   97853ms] [LOG] [DEBUG] - Comparando con 29/03/2026: no coincide @ http://localhost:3000/_next/static/chunks/11hm_next_dist_0m6rgog._.js:2441
[   97853ms] [LOG] [DEBUG] - Comparando con 30/03/2026: no coincide @ http://localhost:3000/_next/static/chunks/11hm_next_dist_0m6rgog._.js:2441
[   97853ms] [LOG] [DEBUG] Resultado final para : NO INCLUIDO @ http://localhost:3000/_next/static/chunks/11hm_next_dist_0m6rgog._.js:2441
[   97853ms] [LOG] [DEBUG] Comparando fecha: 08/05/2025 con filtros: [05/03/2026, 08/03/2026, 10/03/2026, 12/03/2026, 15/03/2026, 18/03/2026, 20/03/2026, 22/03/2026, 25/03/2026, 27/03/2026, 28/03/2026, 29/03/2026, 30/03/2026] @ http://localhost:3000/_next/static/chunks/11hm_next_dist_0m6rgog._.js:2441
[   97853ms] [LOG] [DEBUG] - Comparando con 05/03/2026: no coincide @ http://localhost:3000/_next/static/chunks/11hm_next_dist_0m6rgog._.js:2441
[   97854ms] [LOG] [DEBUG] - Comparando con 08/03/2026: no coincide @ http://localhost:3000/_next/static/chunks/11hm_next_dist_0m6rgog._.js:2441
[   97854ms] [LOG] [DEBUG] - Comparando con 10/03/2026: no coincide @ http://localhost:3000/_next/static/chunks/11hm_next_dist_0m6rgog._.js:2441
[   97854ms] [LOG] [DEBUG] - Comparando con 12/03/2026: no coincide @ http://localhost:3000/_next/static/chunks/11hm_next_dist_0m6rgog._.js:2441
[   97854ms] [LOG] [DEBUG] - Comparando con 15/03/2026: no coincide @ http://localhost:3000/_next/static/chunks/11hm_next_dist_0m6rgog._.js:2441
[   97854ms] [LOG] [DEBUG] - Comparando con 18/03/2026: no coincide @ http://localhost:3000/_next/static/chunks/11hm_next_dist_0m6rgog._.js:2441
[   97854ms] [LOG] [DEBUG] - Comparando con 20/03/2026: no coincide @ http://localhost:3000/_next/static/chunks/11hm_next_dist_0m6rgog._.js:2441
[   97854ms] [LOG] [DEBUG] - Comparando con 22/03/2026: no coincide @ http://localhost:3000/_next/static/chunks/11hm_next_dist_0m6rgog._.js:2441
[   97854ms] [LOG] [DEBUG] - Comparando con 25/03/2026: no coincide @ http://localhost:3000/_next/static/chunks/11hm_next_dist_0m6rgog._.js:2441
[   97854ms] [LOG] [DEBUG] - Comparando con 27/03/2026: no coincide @ http://localhost:3000/_next/static/chunks/11hm_next_dist_0m6rgog._.js:2441
[   97854ms] [LOG] [DEBUG] - Comparando con 28/03/2026: no coincide @ http://localhost:3000/_next/static/chunks/11hm_next_dist_0m6rgog._.js:2441
[   97854ms] [LOG] [DEBUG] - Comparando con 29/03/2026: no coincide @ http://localhost:3000/_next/static/chunks/11hm_next_dist_0m6rgog._.js:2441
[   97855ms] [LOG] [DEBUG] - Comparando con 30/03/2026: no coincide @ http://localhost:3000/_next/static/chunks/11hm_next_dist_0m6rgog._.js:2441
[   97855ms] [LOG] [DEBUG] Resultado final para 08/05/2025: NO INCLUIDO @ http://localhost:3000/_next/static/chunks/11hm_next_dist_0m6rgog._.js:2441
[   97855ms] [LOG] [DEBUG] Comparando fecha:  con filtros: [05/03/2026, 08/03/2026, 10/03/2026, 12/03/2026, 15/03/2026, 18/03/2026, 20/03/2026, 22/03/2026, 25/03/2026, 27/03/2026, 28/03/2026, 29/03/2026, 30/03/2026] @ http://localhost:3000/_next/static/chunks/11hm_next_dist_0m6rgog._.js:2441
[   97855ms] [LOG] [DEBUG] - Comparando con 05/03/2026: no coincide @ http://localhost:3000/_next/static/chunks/11hm_next_dist_0m6rgog._.js:2441
[   97855ms] [LOG] [DEBUG] - Comparando con 08/03/2026: no coincide @ http://localhost:3000/_next/static/chunks/11hm_next_dist_0m6rgog._.js:2441
[   97855ms] [LOG] [DEBUG] - Comparando con 10/03/2026: no coincide @ http://localhost:3000/_next/static/chunks/11hm_next_dist_0m6rgog._.js:2441
[   97855ms] [LOG] [DEBUG] - Comparando con 12/03/2026: no coincide @ http://localhost:3000/_next/static/chunks/11hm_next_dist_0m6rgog._.js:2441
[   97855ms] [LOG] [DEBUG] - Comparando con 15/03/2026: no coincide @ http://localhost:3000/_next/static/chunks/11hm_next_dist_0m6rgog._.js:2441
[   97855ms] [LOG] [DEBUG] - Comparando con 18/03/2026: no coincide @ http://localhost:3000/_next/static/chunks/11hm_next_dist_0m6rgog._.js:2441
[   97856ms] [LOG] [DEBUG] - Comparando con 20/03/2026: no coincide @ http://localhost:3000/_next/static/chunks/11hm_next_dist_0m6rgog._.js:2441
[   97856ms] [LOG] [DEBUG] - Comparando con 22/03/2026: no coincide @ http://localhost:3000/_next/static/chunks/11hm_next_dist_0m6rgog._.js:2441
[   97856ms] [LOG] [DEBUG] - Comparando con 25/03/2026: no coincide @ http://localhost:3000/_next/static/chunks/11hm_next_dist_0m6rgog._.js:2441
[   97856ms] [LOG] [DEBUG] - Comparando con 27/03/2026: no coincide @ http://localhost:3000/_next/static/chunks/11hm_next_dist_0m6rgog._.js:2441
[   97856ms] [LOG] [DEBUG] - Comparando con 28/03/2026: no coincide @ http://localhost:3000/_next/static/chunks/11hm_next_dist_0m6rgog._.js:2441
[   97856ms] [LOG] [DEBUG] - Comparando con 29/03/2026: no coincide @ http://localhost:3000/_next/static/chunks/11hm_next_dist_0m6rgog._.js:2441
[   97856ms] [LOG] [DEBUG] - Comparando con 30/03/2026: no coincide @ http://localhost:3000/_next/static/chunks/11hm_next_dist_0m6rgog._.js:2441
[   97856ms] [LOG] [DEBUG] Resultado final para : NO INCLUIDO @ http://localhost:3000/_next/static/chunks/11hm_next_dist_0m6rgog._.js:2441
[   97856ms] [LOG] [DEBUG] Comparando fecha: 02/01/2026 con filtros: [05/03/2026, 08/03/2026, 10/03/2026, 12/03/2026, 15/03/2026, 18/03/2026, 20/03/2026, 22/03/2026, 25/03/2026, 27/03/2026, 28/03/2026, 29/03/2026, 30/03/2026] @ http://localhost:3000/_next/static/chunks/11hm_next_dist_0m6rgog._.js:2441
[   97856ms] [LOG] [DEBUG] - Comparando con 05/03/2026: no coincide @ http://localhost:3000/_next/static/chunks/11hm_next_dist_0m6rgog._.js:2441
[   97857ms] [LOG] [DEBUG] - Comparando con 08/03/2026: no coincide @ http://localhost:3000/_next/static/chunks/11hm_next_dist_0m6rgog._.js:2441
[   97857ms] [LOG] [DEBUG] - Comparando con 10/03/2026: no coincide @ http://localhost:3000/_next/static/chunks/11hm_next_dist_0m6rgog._.js:2441
[   97857ms] [LOG] [DEBUG] - Comparando con 12/03/2026: no coincide @ http://localhost:3000/_next/static/chunks/11hm_next_dist_0m6rgog._.js:2441
[   97857ms] [LOG] [DEBUG] - Comparando con 15/03/2026: no coincide @ http://localhost:3000/_next/static/chunks/11hm_next_dist_0m6rgog._.js:2441
[   97857ms] [LOG] [DEBUG] - Comparando con 18/03/2026: no coincide @ http://localhost:3000/_next/static/chunks/11hm_next_dist_0m6rgog._.js:2441
[   97857ms] [LOG] [DEBUG] - Comparando con 20/03/2026: no coincide @ http://localhost:3000/_next/static/chunks/11hm_next_dist_0m6rgog._.js:2441
[   97857ms] [LOG] [DEBUG] - Comparando con 22/03/2026: no coincide @ http://localhost:3000/_next/static/chunks/11hm_next_dist_0m6rgog._.js:2441
[   97857ms] [LOG] [DEBUG] - Comparando con 25/03/2026: no coincide @ http://localhost:3000/_next/static/chunks/11hm_next_dist_0m6rgog._.js:2441
[   97857ms] [LOG] [DEBUG] - Comparando con 27/03/2026: no coincide @ http://localhost:3000/_next/static/chunks/11hm_next_dist_0m6rgog._.js:2441
[   97857ms] [LOG] [DEBUG] - Comparando con 28/03/2026: no coincide @ http://localhost:3000/_next/static/chunks/11hm_next_dist_0m6rgog._.js:2441
[   97858ms] [LOG] [DEBUG] - Comparando con 29/03/2026: no coincide @ http://localhost:3000/_next/static/chunks/11hm_next_dist_0m6rgog._.js:2441
[   97858ms] [LOG] [DEBUG] - Comparando con 30/03/2026: no coincide @ http://localhost:3000/_next/static/chunks/11hm_next_dist_0m6rgog._.js:2441
[   97858ms] [LOG] [DEBUG] Resultado final para 02/01/2026: NO INCLUIDO @ http://localhost:3000/_next/static/chunks/11hm_next_dist_0m6rgog._.js:2441
[   97858ms] [LOG] [DEBUG] Comparando fecha:  con filtros: [05/03/2026, 08/03/2026, 10/03/2026, 12/03/2026, 15/03/2026, 18/03/2026, 20/03/2026, 22/03/2026, 25/03/2026, 27/03/2026, 28/03/2026, 29/03/2026, 30/03/2026] @ http://localhost:3000/_next/static/chunks/11hm_next_dist_0m6rgog._.js:2441
[   97858ms] [LOG] [DEBUG] - Comparando con 05/03/2026: no coincide @ http://localhost:3000/_next/static/chunks/11hm_next_dist_0m6rgog._.js:2441
[   97858ms] [LOG] [DEBUG] - Comparando con 08/03/2026: no coincide @ http://localhost:3000/_next/static/chunks/11hm_next_dist_0m6rgog._.js:2441
[   97858ms] [LOG] [DEBUG] - Comparando con 10/03/2026: no coincide @ http://localhost:3000/_next/static/chunks/11hm_next_dist_0m6rgog._.js:2441
[   97858ms] [LOG] [DEBUG] - Comparando con 12/03/2026: no coincide @ http://localhost:3000/_next/static/chunks/11hm_next_dist_0m6rgog._.js:2441
[   97858ms] [LOG] [DEBUG] - Comparando con 15/03/2026: no coincide @ http://localhost:3000/_next/static/chunks/11hm_next_dist_0m6rgog._.js:2441
[   97858ms] [LOG] [DEBUG] - Comparando con 18/03/2026: no coincide @ http://localhost:3000/_next/static/chunks/11hm_next_dist_0m6rgog._.js:2441
[   97859ms] [LOG] [DEBUG] - Comparando con 20/03/2026: no coincide @ http://localhost:3000/_next/static/chunks/11hm_next_dist_0m6rgog._.js:2441
[   97859ms] [LOG] [DEBUG] - Comparando con 22/03/2026: no coincide @ http://localhost:3000/_next/static/chunks/11hm_next_dist_0m6rgog._.js:2441
[   97859ms] [LOG] [DEBUG] - Comparando con 25/03/2026: no coincide @ http://localhost:3000/_next/static/chunks/11hm_next_dist_0m6rgog._.js:2441
[   97859ms] [LOG] [DEBUG] - Comparando con 27/03/2026: no coincide @ http://localhost:3000/_next/static/chunks/11hm_next_dist_0m6rgog._.js:2441
[   97859ms] [LOG] [DEBUG] - Comparando con 28/03/2026: no coincide @ http://localhost:3000/_next/static/chunks/11hm_next_dist_0m6rgog._.js:2441
[   97859ms] [LOG] [DEBUG] - Comparando con 29/03/2026: no coincide @ http://localhost:3000/_next/static/chunks/11hm_next_dist_0m6rgog._.js:2441
[   97859ms] [LOG] [DEBUG] - Comparando con 30/03/2026: no coincide @ http://localhost:3000/_next/static/chunks/11hm_next_dist_0m6rgog._.js:2441
[   97859ms] [LOG] [DEBUG] Resultado final para : NO INCLUIDO @ http://localhost:3000/_next/static/chunks/11hm_next_dist_0m6rgog._.js:2441
[   97859ms] [LOG] [DEBUG] Comparando fecha: 02/12/2026 con filtros: [05/03/2026, 08/03/2026, 10/03/2026, 12/03/2026, 15/03/2026, 18/03/2026, 20/03/2026, 22/03/2026, 25/03/2026, 27/03/2026, 28/03/2026, 29/03/2026, 30/03/2026] @ http://localhost:3000/_next/static/chunks/11hm_next_dist_0m6rgog._.js:2441
[   97859ms] [LOG] [DEBUG] - Comparando con 05/03/2026: no coincide @ http://localhost:3000/_next/static/chunks/11hm_next_dist_0m6rgog._.js:2441
[   97860ms] [LOG] [DEBUG] - Comparando con 08/03/2026: no coincide @ http://localhost:3000/_next/static/chunks/11hm_next_dist_0m6rgog._.js:2441
[   97860ms] [LOG] [DEBUG] - Comparando con 10/03/2026: no coincide @ http://localhost:3000/_next/static/chunks/11hm_next_dist_0m6rgog._.js:2441
[   97860ms] [LOG] [DEBUG] - Comparando con 12/03/2026: no coincide @ http://localhost:3000/_next/static/chunks/11hm_next_dist_0m6rgog._.js:2441
[   97860ms] [LOG] [DEBUG] - Comparando con 15/03/2026: no coincide @ http://localhost:3000/_next/static/chunks/11hm_next_dist_0m6rgog._.js:2441
[   97860ms] [LOG] [DEBUG] - Comparando con 18/03/2026: no coincide @ http://localhost:3000/_next/static/chunks/11hm_next_dist_0m6rgog._.js:2441
[   97860ms] [LOG] [DEBUG] - Comparando con 20/03/2026: no coincide @ http://localhost:3000/_next/static/chunks/11hm_next_dist_0m6rgog._.js:2441
[   97860ms] [LOG] [DEBUG] - Comparando con 22/03/2026: no coincide @ http://localhost:3000/_next/static/chunks/11hm_next_dist_0m6rgog._.js:2441
[   97860ms] [LOG] [DEBUG] - Comparando con 25/03/2026: no coincide @ http://localhost:3000/_next/static/chunks/11hm_next_dist_0m6rgog._.js:2441
[   97860ms] [LOG] [DEBUG] - Comparando con 27/03/2026: no coincide @ http://localhost:3000/_next/static/chunks/11hm_next_dist_0m6rgog._.js:2441
[   97860ms] [LOG] [DEBUG] - Comparando con 28/03/2026: no coincide @ http://localhost:3000/_next/static/chunks/11hm_next_dist_0m6rgog._.js:2441
[   97861ms] [LOG] [DEBUG] - Comparando con 29/03/2026: no coincide @ http://localhost:3000/_next/static/chunks/11hm_next_dist_0m6rgog._.js:2441
[   97861ms] [LOG] [DEBUG] - Comparando con 30/03/2026: no coincide @ http://localhost:3000/_next/static/chunks/11hm_next_dist_0m6rgog._.js:2441
[   97861ms] [LOG] [DEBUG] Resultado final para 02/12/2026: NO INCLUIDO @ http://localhost:3000/_next/static/chunks/11hm_next_dist_0m6rgog._.js:2441
[   97861ms] [LOG] [DEBUG] Comparando fecha:  con filtros: [05/03/2026, 08/03/2026, 10/03/2026, 12/03/2026, 15/03/2026, 18/03/2026, 20/03/2026, 22/03/2026, 25/03/2026, 27/03/2026, 28/03/2026, 29/03/2026, 30/03/2026] @ http://localhost:3000/_next/static/chunks/11hm_next_dist_0m6rgog._.js:2441
[   97861ms] [LOG] [DEBUG] - Comparando con 05/03/2026: no coincide @ http://localhost:3000/_next/static/chunks/11hm_next_dist_0m6rgog._.js:2441
[   97861ms] [LOG] [DEBUG] - Comparando con 08/03/2026: no coincide @ http://localhost:3000/_next/static/chunks/11hm_next_dist_0m6rgog._.js:2441
[   97861ms] [LOG] [DEBUG] - Comparando con 10/03/2026: no coincide @ http://localhost:3000/_next/static/chunks/11hm_next_dist_0m6rgog._.js:2441
[   97861ms] [LOG] [DEBUG] - Comparando con 12/03/2026: no coincide @ http://localhost:3000/_next/static/chunks/11hm_next_dist_0m6rgog._.js:2441
[   97861ms] [LOG] [DEBUG] - Comparando con 15/03/2026: no coincide @ http://localhost:3000/_next/static/chunks/11hm_next_dist_0m6rgog._.js:2441
[   97861ms] [LOG] [DEBUG] - Comparando con 18/03/2026: no coincide @ http://localhost:3000/_next/static/chunks/11hm_next_dist_0m6rgog._.js:2441
[   97862ms] [LOG] [DEBUG] - Comparando con 20/03/2026: no coincide @ http://localhost:3000/_next/static/chunks/11hm_next_dist_0m6rgog._.js:2441
[   97862ms] [LOG] [DEBUG] - Comparando con 22/03/2026: no coincide @ http://localhost:3000/_next/static/chunks/11hm_next_dist_0m6rgog._.js:2441
[   97862ms] [LOG] [DEBUG] - Comparando con 25/03/2026: no coincide @ http://localhost:3000/_next/static/chunks/11hm_next_dist_0m6rgog._.js:2441
[   97862ms] [LOG] [DEBUG] - Comparando con 27/03/2026: no coincide @ http://localhost:3000/_next/static/chunks/11hm_next_dist_0m6rgog._.js:2441
[   97862ms] [LOG] [DEBUG] - Comparando con 28/03/2026: no coincide @ http://localhost:3000/_next/static/chunks/11hm_next_dist_0m6rgog._.js:2441
[   97862ms] [LOG] [DEBUG] - Comparando con 29/03/2026: no coincide @ http://localhost:3000/_next/static/chunks/11hm_next_dist_0m6rgog._.js:2441
[   97862ms] [LOG] [DEBUG] - Comparando con 30/03/2026: no coincide @ http://localhost:3000/_next/static/chunks/11hm_next_dist_0m6rgog._.js:2441
[   97862ms] [LOG] [DEBUG] Resultado final para : NO INCLUIDO @ http://localhost:3000/_next/static/chunks/11hm_next_dist_0m6rgog._.js:2441
[   97862ms] [LOG] [DEBUG] Comparando fecha:  con filtros: [05/03/2026, 08/03/2026, 10/03/2026, 12/03/2026, 15/03/2026, 18/03/2026, 20/03/2026, 22/03/2026, 25/03/2026, 27/03/2026, 28/03/2026, 29/03/2026, 30/03/2026] @ http://localhost:3000/_next/static/chunks/11hm_next_dist_0m6rgog._.js:2441
[   97862ms] [LOG] [DEBUG] - Comparando con 05/03/2026: no coincide @ http://localhost:3000/_next/static/chunks/11hm_next_dist_0m6rgog._.js:2441
[   97862ms] [LOG] [DEBUG] - Comparando con 08/03/2026: no coincide @ http://localhost:3000/_next/static/chunks/11hm_next_dist_0m6rgog._.js:2441
[   97863ms] [LOG] [DEBUG] - Comparando con 10/03/2026: no coincide @ http://localhost:3000/_next/static/chunks/11hm_next_dist_0m6rgog._.js:2441
[   97863ms] [LOG] [DEBUG] - Comparando con 12/03/2026: no coincide @ http://localhost:3000/_next/static/chunks/11hm_next_dist_0m6rgog._.js:2441
[   97863ms] [LOG] [DEBUG] - Comparando con 15/03/2026: no coincide @ http://localhost:3000/_next/static/chunks/11hm_next_dist_0m6rgog._.js:2441
[   97863ms] [LOG] [DEBUG] - Comparando con 18/03/2026: no coincide @ http://localhost:3000/_next/static/chunks/11hm_next_dist_0m6rgog._.js:2441
[   97863ms] [LOG] [DEBUG] - Comparando con 20/03/2026: no coincide @ http://localhost:3000/_next/static/chunks/11hm_next_dist_0m6rgog._.js:2441
[   97863ms] [LOG] [DEBUG] - Comparando con 22/03/2026: no coincide @ http://localhost:3000/_next/static/chunks/11hm_next_dist_0m6rgog._.js:2441
[   97863ms] [LOG] [DEBUG] - Comparando con 25/03/2026: no coincide @ http://localhost:3000/_next/static/chunks/11hm_next_dist_0m6rgog._.js:2441
[   97863ms] [LOG] [DEBUG] - Comparando con 27/03/2026: no coincide @ http://localhost:3000/_next/static/chunks/11hm_next_dist_0m6rgog._.js:2441
[   97863ms] [LOG] [DEBUG] - Comparando con 28/03/2026: no coincide @ http://localhost:3000/_next/static/chunks/11hm_next_dist_0m6rgog._.js:2441
[   97863ms] [LOG] [DEBUG] - Comparando con 29/03/2026: no coincide @ http://localhost:3000/_next/static/chunks/11hm_next_dist_0m6rgog._.js:2441
[   97863ms] [LOG] [DEBUG] - Comparando con 30/03/2026: no coincide @ http://localhost:3000/_next/static/chunks/11hm_next_dist_0m6rgog._.js:2441
[   97863ms] [LOG] [DEBUG] Resultado final para : NO INCLUIDO @ http://localhost:3000/_next/static/chunks/11hm_next_dist_0m6rgog._.js:2441
[   97864ms] [LOG] [DEBUG] Comparando fecha:  con filtros: [05/03/2026, 08/03/2026, 10/03/2026, 12/03/2026, 15/03/2026, 18/03/2026, 20/03/2026, 22/03/2026, 25/03/2026, 27/03/2026, 28/03/2026, 29/03/2026, 30/03/2026] @ http://localhost:3000/_next/static/chunks/11hm_next_dist_0m6rgog._.js:2441
[   97864ms] [LOG] [DEBUG] - Comparando con 05/03/2026: no coincide @ http://localhost:3000/_next/static/chunks/11hm_next_dist_0m6rgog._.js:2441
[   97864ms] [LOG] [DEBUG] - Comparando con 08/03/2026: no coincide @ http://localhost:3000/_next/static/chunks/11hm_next_dist_0m6rgog._.js:2441
[   97864ms] [LOG] [DEBUG] - Comparando con 10/03/2026: no coincide @ http://localhost:3000/_next/static/chunks/11hm_next_dist_0m6rgog._.js:2441
[   97864ms] [LOG] [DEBUG] - Comparando con 12/03/2026: no coincide @ http://localhost:3000/_next/static/chunks/11hm_next_dist_0m6rgog._.js:2441
[   97864ms] [LOG] [DEBUG] - Comparando con 15/03/2026: no coincide @ http://localhost:3000/_next/static/chunks/11hm_next_dist_0m6rgog._.js:2441
[   97864ms] [LOG] [DEBUG] - Comparando con 18/03/2026: no coincide @ http://localhost:3000/_next/static/chunks/11hm_next_dist_0m6rgog._.js:2441
[   97864ms] [LOG] [DEBUG] - Comparando con 20/03/2026: no coincide @ http://localhost:3000/_next/static/chunks/11hm_next_dist_0m6rgog._.js:2441
[   97864ms] [LOG] [DEBUG] - Comparando con 22/03/2026: no coincide @ http://localhost:3000/_next/static/chunks/11hm_next_dist_0m6rgog._.js:2441
[   97864ms] [LOG] [DEBUG] - Comparando con 25/03/2026: no coincide @ http://localhost:3000/_next/static/chunks/11hm_next_dist_0m6rgog._.js:2441
[   97864ms] [LOG] [DEBUG] - Comparando con 27/03/2026: no coincide @ http://localhost:3000/_next/static/chunks/11hm_next_dist_0m6rgog._.js:2441
[   97865ms] [LOG] [DEBUG] - Comparando con 28/03/2026: no coincide @ http://localhost:3000/_next/static/chunks/11hm_next_dist_0m6rgog._.js:2441
[   97865ms] [LOG] [DEBUG] - Comparando con 29/03/2026: no coincide @ http://localhost:3000/_next/static/chunks/11hm_next_dist_0m6rgog._.js:2441
[   97865ms] [LOG] [DEBUG] - Comparando con 30/03/2026: no coincide @ http://localhost:3000/_next/static/chunks/11hm_next_dist_0m6rgog._.js:2441
[   97865ms] [LOG] [DEBUG] Resultado final para : NO INCLUIDO @ http://localhost:3000/_next/static/chunks/11hm_next_dist_0m6rgog._.js:2441
[   97865ms] [LOG] [DEBUG] Comparando fecha:  con filtros: [05/03/2026, 08/03/2026, 10/03/2026, 12/03/2026, 15/03/2026, 18/03/2026, 20/03/2026, 22/03/2026, 25/03/2026, 27/03/2026, 28/03/2026, 29/03/2026, 30/03/2026] @ http://localhost:3000/_next/static/chunks/11hm_next_dist_0m6rgog._.js:2441
[   97865ms] [LOG] [DEBUG] - Comparando con 05/03/2026: no coincide @ http://localhost:3000/_next/static/chunks/11hm_next_dist_0m6rgog._.js:2441
[   97865ms] [LOG] [DEBUG] - Comparando con 08/03/2026: no coincide @ http://localhost:3000/_next/static/chunks/11hm_next_dist_0m6rgog._.js:2441
[   97865ms] [LOG] [DEBUG] - Comparando con 10/03/2026: no coincide @ http://localhost:3000/_next/static/chunks/11hm_next_dist_0m6rgog._.js:2441
[   97865ms] [LOG] [DEBUG] - Comparando con 12/03/2026: no coincide @ http://localhost:3000/_next/static/chunks/11hm_next_dist_0m6rgog._.js:2441
[   97865ms] [LOG] [DEBUG] - Comparando con 15/03/2026: no coincide @ http://localhost:3000/_next/static/chunks/11hm_next_dist_0m6rgog._.js:2441
[   97866ms] [LOG] [DEBUG] - Comparando con 18/03/2026: no coincide @ http://localhost:3000/_next/static/chunks/11hm_next_dist_0m6rgog._.js:2441
[   97866ms] [LOG] [DEBUG] - Comparando con 20/03/2026: no coincide @ http://localhost:3000/_next/static/chunks/11hm_next_dist_0m6rgog._.js:2441
[   97866ms] [LOG] [DEBUG] - Comparando con 22/03/2026: no coincide @ http://localhost:3000/_next/static/chunks/11hm_next_dist_0m6rgog._.js:2441
[   97866ms] [LOG] [DEBUG] - Comparando con 25/03/2026: no coincide @ http://localhost:3000/_next/static/chunks/11hm_next_dist_0m6rgog._.js:2441
[   97866ms] [LOG] [DEBUG] - Comparando con 27/03/2026: no coincide @ http://localhost:3000/_next/static/chunks/11hm_next_dist_0m6rgog._.js:2441
[   97866ms] [LOG] [DEBUG] - Comparando con 28/03/2026: no coincide @ http://localhost:3000/_next/static/chunks/11hm_next_dist_0m6rgog._.js:2441
[   97866ms] [LOG] [DEBUG] - Comparando con 29/03/2026: no coincide @ http://localhost:3000/_next/static/chunks/11hm_next_dist_0m6rgog._.js:2441
[   97866ms] [LOG] [DEBUG] - Comparando con 30/03/2026: no coincide @ http://localhost:3000/_next/static/chunks/11hm_next_dist_0m6rgog._.js:2441
[   97866ms] [LOG] [DEBUG] Resultado final para : NO INCLUIDO @ http://localhost:3000/_next/static/chunks/11hm_next_dist_0m6rgog._.js:2441
[   97866ms] [LOG] [DEBUG] Comparando fecha:  con filtros: [05/03/2026, 08/03/2026, 10/03/2026, 12/03/2026, 15/03/2026, 18/03/2026, 20/03/2026, 22/03/2026, 25/03/2026, 27/03/2026, 28/03/2026, 29/03/2026, 30/03/2026] @ http://localhost:3000/_next/static/chunks/11hm_next_dist_0m6rgog._.js:2441
[   97866ms] [LOG] [DEBUG] - Comparando con 05/03/2026: no coincide @ http://localhost:3000/_next/static/chunks/11hm_next_dist_0m6rgog._.js:2441
[   97867ms] [LOG] [DEBUG] - Comparando con 08/03/2026: no coincide @ http://localhost:3000/_next/static/chunks/11hm_next_dist_0m6rgog._.js:2441
[   97867ms] [LOG] [DEBUG] - Comparando con 10/03/2026: no coincide @ http://localhost:3000/_next/static/chunks/11hm_next_dist_0m6rgog._.js:2441
[   97867ms] [LOG] [DEBUG] - Comparando con 12/03/2026: no coincide @ http://localhost:3000/_next/static/chunks/11hm_next_dist_0m6rgog._.js:2441
[   97867ms] [LOG] [DEBUG] - Comparando con 15/03/2026: no coincide @ http://localhost:3000/_next/static/chunks/11hm_next_dist_0m6rgog._.js:2441
[   97867ms] [LOG] [DEBUG] - Comparando con 18/03/2026: no coincide @ http://localhost:3000/_next/static/chunks/11hm_next_dist_0m6rgog._.js:2441
[   97867ms] [LOG] [DEBUG] - Comparando con 20/03/2026: no coincide @ http://localhost:3000/_next/static/chunks/11hm_next_dist_0m6rgog._.js:2441
[   97867ms] [LOG] [DEBUG] - Comparando con 22/03/2026: no coincide @ http://localhost:3000/_next/static/chunks/11hm_next_dist_0m6rgog._.js:2441
[   97867ms] [LOG] [DEBUG] - Comparando con 25/03/2026: no coincide @ http://localhost:3000/_next/static/chunks/11hm_next_dist_0m6rgog._.js:2441
[   97867ms] [LOG] [DEBUG] - Comparando con 27/03/2026: no coincide @ http://localhost:3000/_next/static/chunks/11hm_next_dist_0m6rgog._.js:2441
[   97867ms] [LOG] [DEBUG] - Comparando con 28/03/2026: no coincide @ http://localhost:3000/_next/static/chunks/11hm_next_dist_0m6rgog._.js:2441
[   97867ms] [LOG] [DEBUG] - Comparando con 29/03/2026: no coincide @ http://localhost:3000/_next/static/chunks/11hm_next_dist_0m6rgog._.js:2441
[   97867ms] [LOG] [DEBUG] - Comparando con 30/03/2026: no coincide @ http://localhost:3000/_next/static/chunks/11hm_next_dist_0m6rgog._.js:2441
[   97867ms] [LOG] [DEBUG] Resultado final para : NO INCLUIDO @ http://localhost:3000/_next/static/chunks/11hm_next_dist_0m6rgog._.js:2441
[   97868ms] [LOG] [DEBUG] Comparando fecha:  con filtros: [05/03/2026, 08/03/2026, 10/03/2026, 12/03/2026, 15/03/2026, 18/03/2026, 20/03/2026, 22/03/2026, 25/03/2026, 27/03/2026, 28/03/2026, 29/03/2026, 30/03/2026] @ http://localhost:3000/_next/static/chunks/11hm_next_dist_0m6rgog._.js:2441
[   97868ms] [LOG] [DEBUG] - Comparando con 05/03/2026: no coincide @ http://localhost:3000/_next/static/chunks/11hm_next_dist_0m6rgog._.js:2441
[   97868ms] [LOG] [DEBUG] - Comparando con 08/03/2026: no coincide @ http://localhost:3000/_next/static/chunks/11hm_next_dist_0m6rgog._.js:2441
[   97868ms] [LOG] [DEBUG] - Comparando con 10/03/2026: no coincide @ http://localhost:3000/_next/static/chunks/11hm_next_dist_0m6rgog._.js:2441
[   97868ms] [LOG] [DEBUG] - Comparando con 12/03/2026: no coincide @ http://localhost:3000/_next/static/chunks/11hm_next_dist_0m6rgog._.js:2441
[   97868ms] [LOG] [DEBUG] - Comparando con 15/03/2026: no coincide @ http://localhost:3000/_next/static/chunks/11hm_next_dist_0m6rgog._.js:2441
[   97868ms] [LOG] [DEBUG] - Comparando con 18/03/2026: no coincide @ http://localhost:3000/_next/static/chunks/11hm_next_dist_0m6rgog._.js:2441
[   97868ms] [LOG] [DEBUG] - Comparando con 20/03/2026: no coincide @ http://localhost:3000/_next/static/chunks/11hm_next_dist_0m6rgog._.js:2441
[   97868ms] [LOG] [DEBUG] - Comparando con 22/03/2026: no coincide @ http://localhost:3000/_next/static/chunks/11hm_next_dist_0m6rgog._.js:2441
[   97868ms] [LOG] [DEBUG] - Comparando con 25/03/2026: no coincide @ http://localhost:3000/_next/static/chunks/11hm_next_dist_0m6rgog._.js:2441
[   97869ms] [LOG] [DEBUG] - Comparando con 27/03/2026: no coincide @ http://localhost:3000/_next/static/chunks/11hm_next_dist_0m6rgog._.js:2441
[   97869ms] [LOG] [DEBUG] - Comparando con 28/03/2026: no coincide @ http://localhost:3000/_next/static/chunks/11hm_next_dist_0m6rgog._.js:2441
[   97869ms] [LOG] [DEBUG] - Comparando con 29/03/2026: no coincide @ http://localhost:3000/_next/static/chunks/11hm_next_dist_0m6rgog._.js:2441
[   97869ms] [LOG] [DEBUG] - Comparando con 30/03/2026: no coincide @ http://localhost:3000/_next/static/chunks/11hm_next_dist_0m6rgog._.js:2441
[   97869ms] [LOG] [DEBUG] Resultado final para : NO INCLUIDO @ http://localhost:3000/_next/static/chunks/11hm_next_dist_0m6rgog._.js:2441
[   97869ms] [LOG] [DEBUG] Comparando fecha:  con filtros: [05/03/2026, 08/03/2026, 10/03/2026, 12/03/2026, 15/03/2026, 18/03/2026, 20/03/2026, 22/03/2026, 25/03/2026, 27/03/2026, 28/03/2026, 29/03/2026, 30/03/2026] @ http://localhost:3000/_next/static/chunks/11hm_next_dist_0m6rgog._.js:2441
[   97869ms] [LOG] [DEBUG] - Comparando con 05/03/2026: no coincide @ http://localhost:3000/_next/static/chunks/11hm_next_dist_0m6rgog._.js:2441
[   97869ms] [LOG] [DEBUG] - Comparando con 08/03/2026: no coincide @ http://localhost:3000/_next/static/chunks/11hm_next_dist_0m6rgog._.js:2441
[   97869ms] [LOG] [DEBUG] - Comparando con 10/03/2026: no coincide @ http://localhost:3000/_next/static/chunks/11hm_next_dist_0m6rgog._.js:2441
[   97869ms] [LOG] [DEBUG] - Comparando con 12/03/2026: no coincide @ http://localhost:3000/_next/static/chunks/11hm_next_dist_0m6rgog._.js:2441
[   97869ms] [LOG] [DEBUG] - Comparando con 15/03/2026: no coincide @ http://localhost:3000/_next/static/chunks/11hm_next_dist_0m6rgog._.js:2441
[   97870ms] [LOG] [DEBUG] - Comparando con 18/03/2026: no coincide @ http://localhost:3000/_next/static/chunks/11hm_next_dist_0m6rgog._.js:2441
[   97871ms] [LOG] [DEBUG] - Comparando con 20/03/2026: no coincide @ http://localhost:3000/_next/static/chunks/11hm_next_dist_0m6rgog._.js:2441
[   97871ms] [LOG] [DEBUG] - Comparando con 22/03/2026: no coincide @ http://localhost:3000/_next/static/chunks/11hm_next_dist_0m6rgog._.js:2441
[   97871ms] [LOG] [DEBUG] - Comparando con 25/03/2026: no coincide @ http://localhost:3000/_next/static/chunks/11hm_next_dist_0m6rgog._.js:2441
[   97871ms] [LOG] [DEBUG] - Comparando con 27/03/2026: no coincide @ http://localhost:3000/_next/static/chunks/11hm_next_dist_0m6rgog._.js:2441
[   97871ms] [LOG] [DEBUG] - Comparando con 28/03/2026: no coincide @ http://localhost:3000/_next/static/chunks/11hm_next_dist_0m6rgog._.js:2441
[   97871ms] [LOG] [DEBUG] - Comparando con 29/03/2026: no coincide @ http://localhost:3000/_next/static/chunks/11hm_next_dist_0m6rgog._.js:2441
[   97871ms] [LOG] [DEBUG] - Comparando con 30/03/2026: no coincide @ http://localhost:3000/_next/static/chunks/11hm_next_dist_0m6rgog._.js:2441
[   97871ms] [LOG] [DEBUG] Resultado final para : NO INCLUIDO @ http://localhost:3000/_next/static/chunks/11hm_next_dist_0m6rgog._.js:2441
[   97871ms] [LOG] [DEBUG] Comparando fecha:  con filtros: [05/03/2026, 08/03/2026, 10/03/2026, 12/03/2026, 15/03/2026, 18/03/2026, 20/03/2026, 22/03/2026, 25/03/2026, 27/03/2026, 28/03/2026, 29/03/2026, 30/03/2026] @ http://localhost:3000/_next/static/chunks/11hm_next_dist_0m6rgog._.js:2441
[   97872ms] [LOG] [DEBUG] - Comparando con 05/03/2026: no coincide @ http://localhost:3000/_next/static/chunks/11hm_next_dist_0m6rgog._.js:2441
[   97872ms] [LOG] [DEBUG] - Comparando con 08/03/2026: no coincide @ http://localhost:3000/_next/static/chunks/11hm_next_dist_0m6rgog._.js:2441
[   97872ms] [LOG] [DEBUG] - Comparando con 10/03/2026: no coincide @ http://localhost:3000/_next/static/chunks/11hm_next_dist_0m6rgog._.js:2441
[   97872ms] [LOG] [DEBUG] - Comparando con 12/03/2026: no coincide @ http://localhost:3000/_next/static/chunks/11hm_next_dist_0m6rgog._.js:2441
[   97872ms] [LOG] [DEBUG] - Comparando con 15/03/2026: no coincide @ http://localhost:3000/_next/static/chunks/11hm_next_dist_0m6rgog._.js:2441
[   97872ms] [LOG] [DEBUG] - Comparando con 18/03/2026: no coincide @ http://localhost:3000/_next/static/chunks/11hm_next_dist_0m6rgog._.js:2441
[   97872ms] [LOG] [DEBUG] - Comparando con 20/03/2026: no coincide @ http://localhost:3000/_next/static/chunks/11hm_next_dist_0m6rgog._.js:2441
[   97872ms] [LOG] [DEBUG] - Comparando con 22/03/2026: no coincide @ http://localhost:3000/_next/static/chunks/11hm_next_dist_0m6rgog._.js:2441
[   97872ms] [LOG] [DEBUG] - Comparando con 25/03/2026: no coincide @ http://localhost:3000/_next/static/chunks/11hm_next_dist_0m6rgog._.js:2441
[   97872ms] [LOG] [DEBUG] - Comparando con 27/03/2026: no coincide @ http://localhost:3000/_next/static/chunks/11hm_next_dist_0m6rgog._.js:2441
[   97872ms] [LOG] [DEBUG] - Comparando con 28/03/2026: no coincide @ http://localhost:3000/_next/static/chunks/11hm_next_dist_0m6rgog._.js:2441
[   97872ms] [LOG] [DEBUG] - Comparando con 29/03/2026: no coincide @ http://localhost:3000/_next/static/chunks/11hm_next_dist_0m6rgog._.js:2441
[   97873ms] [LOG] [DEBUG] - Comparando con 30/03/2026: no coincide @ http://localhost:3000/_next/static/chunks/11hm_next_dist_0m6rgog._.js:2441
[   97873ms] [LOG] [DEBUG] Resultado final para : NO INCLUIDO @ http://localhost:3000/_next/static/chunks/11hm_next_dist_0m6rgog._.js:2441
[   97873ms] [LOG] [DEBUG] Comparando fecha: 02/08/2026 con filtros: [05/03/2026, 08/03/2026, 10/03/2026, 12/03/2026, 15/03/2026, 18/03/2026, 20/03/2026, 22/03/2026, 25/03/2026, 27/03/2026, 28/03/2026, 29/03/2026, 30/03/2026] @ http://localhost:3000/_next/static/chunks/11hm_next_dist_0m6rgog._.js:2441
[   97873ms] [LOG] [DEBUG] - Comparando con 05/03/2026: no coincide @ http://localhost:3000/_next/static/chunks/11hm_next_dist_0m6rgog._.js:2441
[   97873ms] [LOG] [DEBUG] - Comparando con 08/03/2026: no coincide @ http://localhost:3000/_next/static/chunks/11hm_next_dist_0m6rgog._.js:2441
[   97873ms] [LOG] [DEBUG] - Comparando con 10/03/2026: no coincide @ http://localhost:3000/_next/static/chunks/11hm_next_dist_0m6rgog._.js:2441
[   97873ms] [LOG] [DEBUG] - Comparando con 12/03/2026: no coincide @ http://localhost:3000/_next/static/chunks/11hm_next_dist_0m6rgog._.js:2441
[   97873ms] [LOG] [DEBUG] - Comparando con 15/03/2026: no coincide @ http://localhost:3000/_next/static/chunks/11hm_next_dist_0m6rgog._.js:2441
[   97873ms] [LOG] [DEBUG] - Comparando con 18/03/2026: no coincide @ http://localhost:3000/_next/static/chunks/11hm_next_dist_0m6rgog._.js:2441
[   97873ms] [LOG] [DEBUG] - Comparando con 20/03/2026: no coincide @ http://localhost:3000/_next/static/chunks/11hm_next_dist_0m6rgog._.js:2441
[   97873ms] [LOG] [DEBUG] - Comparando con 22/03/2026: no coincide @ http://localhost:3000/_next/static/chunks/11hm_next_dist_0m6rgog._.js:2441
[   97873ms] [LOG] [DEBUG] - Comparando con 25/03/2026: no coincide @ http://localhost:3000/_next/static/chunks/11hm_next_dist_0m6rgog._.js:2441
[   97874ms] [LOG] [DEBUG] - Comparando con 27/03/2026: no coincide @ http://localhost:3000/_next/static/chunks/11hm_next_dist_0m6rgog._.js:2441
[   97874ms] [LOG] [DEBUG] - Comparando con 28/03/2026: no coincide @ http://localhost:3000/_next/static/chunks/11hm_next_dist_0m6rgog._.js:2441
[   97874ms] [LOG] [DEBUG] - Comparando con 29/03/2026: no coincide @ http://localhost:3000/_next/static/chunks/11hm_next_dist_0m6rgog._.js:2441
[   97874ms] [LOG] [DEBUG] - Comparando con 30/03/2026: no coincide @ http://localhost:3000/_next/static/chunks/11hm_next_dist_0m6rgog._.js:2441
[   97874ms] [LOG] [DEBUG] Resultado final para 02/08/2026: NO INCLUIDO @ http://localhost:3000/_next/static/chunks/11hm_next_dist_0m6rgog._.js:2441
[   97874ms] [LOG] [DEBUG] Comparando fecha:  con filtros: [05/03/2026, 08/03/2026, 10/03/2026, 12/03/2026, 15/03/2026, 18/03/2026, 20/03/2026, 22/03/2026, 25/03/2026, 27/03/2026, 28/03/2026, 29/03/2026, 30/03/2026] @ http://localhost:3000/_next/static/chunks/11hm_next_dist_0m6rgog._.js:2441
[   97874ms] [LOG] [DEBUG] - Comparando con 05/03/2026: no coincide @ http://localhost:3000/_next/static/chunks/11hm_next_dist_0m6rgog._.js:2441
[   97874ms] [LOG] [DEBUG] - Comparando con 08/03/2026: no coincide @ http://localhost:3000/_next/static/chunks/11hm_next_dist_0m6rgog._.js:2441
[   97874ms] [LOG] [DEBUG] - Comparando con 10/03/2026: no coincide @ http://localhost:3000/_next/static/chunks/11hm_next_dist_0m6rgog._.js:2441
[   97874ms] [LOG] [DEBUG] - Comparando con 12/03/2026: no coincide @ http://localhost:3000/_next/static/chunks/11hm_next_dist_0m6rgog._.js:2441
[   97874ms] [LOG] [DEBUG] - Comparando con 15/03/2026: no coincide @ http://localhost:3000/_next/static/chunks/11hm_next_dist_0m6rgog._.js:2441
[   97874ms] [LOG] [DEBUG] - Comparando con 18/03/2026: no coincide @ http://localhost:3000/_next/static/chunks/11hm_next_dist_0m6rgog._.js:2441
[   97874ms] [LOG] [DEBUG] - Comparando con 20/03/2026: no coincide @ http://localhost:3000/_next/static/chunks/11hm_next_dist_0m6rgog._.js:2441
[   97875ms] [LOG] [DEBUG] - Comparando con 22/03/2026: no coincide @ http://localhost:3000/_next/static/chunks/11hm_next_dist_0m6rgog._.js:2441
[   97875ms] [LOG] [DEBUG] - Comparando con 25/03/2026: no coincide @ http://localhost:3000/_next/static/chunks/11hm_next_dist_0m6rgog._.js:2441
[   97875ms] [LOG] [DEBUG] - Comparando con 27/03/2026: no coincide @ http://localhost:3000/_next/static/chunks/11hm_next_dist_0m6rgog._.js:2441
[   97875ms] [LOG] [DEBUG] - Comparando con 28/03/2026: no coincide @ http://localhost:3000/_next/static/chunks/11hm_next_dist_0m6rgog._.js:2441
[   97875ms] [LOG] [DEBUG] - Comparando con 29/03/2026: no coincide @ http://localhost:3000/_next/static/chunks/11hm_next_dist_0m6rgog._.js:2441
[   97875ms] [LOG] [DEBUG] - Comparando con 30/03/2026: no coincide @ http://localhost:3000/_next/static/chunks/11hm_next_dist_0m6rgog._.js:2441
[   97875ms] [LOG] [DEBUG] Resultado final para : NO INCLUIDO @ http://localhost:3000/_next/static/chunks/11hm_next_dist_0m6rgog._.js:2441
[   97875ms] [LOG] [DEBUG] Comparando fecha: 30/09/2026 con filtros: [05/03/2026, 08/03/2026, 10/03/2026, 12/03/2026, 15/03/2026, 18/03/2026, 20/03/2026, 22/03/2026, 25/03/2026, 27/03/2026, 28/03/2026, 29/03/2026, 30/03/2026] @ http://localhost:3000/_next/static/chunks/11hm_next_dist_0m6rgog._.js:2441
[   97875ms] [LOG] [DEBUG] - Comparando con 05/03/2026: no coincide @ http://localhost:3000/_next/static/chunks/11hm_next_dist_0m6rgog._.js:2441
[   97875ms] [LOG] [DEBUG] - Comparando con 08/03/2026: no coincide @ http://localhost:3000/_next/static/chunks/11hm_next_dist_0m6rgog._.js:2441
[   97875ms] [LOG] [DEBUG] - Comparando con 10/03/2026: no coincide @ http://localhost:3000/_next/static/chunks/11hm_next_dist_0m6rgog._.js:2441
[   97875ms] [LOG] [DEBUG] - Comparando con 12/03/2026: no coincide @ http://localhost:3000/_next/static/chunks/11hm_next_dist_0m6rgog._.js:2441
[   97875ms] [LOG] [DEBUG] - Comparando con 15/03/2026: no coincide @ http://localhost:3000/_next/static/chunks/11hm_next_dist_0m6rgog._.js:2441
[   97876ms] [LOG] [DEBUG] - Comparando con 18/03/2026: no coincide @ http://localhost:3000/_next/static/chunks/11hm_next_dist_0m6rgog._.js:2441
[   97876ms] [LOG] [DEBUG] - Comparando con 20/03/2026: no coincide @ http://localhost:3000/_next/static/chunks/11hm_next_dist_0m6rgog._.js:2441
[   97876ms] [LOG] [DEBUG] - Comparando con 22/03/2026: no coincide @ http://localhost:3000/_next/static/chunks/11hm_next_dist_0m6rgog._.js:2441
[   97876ms] [LOG] [DEBUG] - Comparando con 25/03/2026: no coincide @ http://localhost:3000/_next/static/chunks/11hm_next_dist_0m6rgog._.js:2441
[   97876ms] [LOG] [DEBUG] - Comparando con 27/03/2026: no coincide @ http://localhost:3000/_next/static/chunks/11hm_next_dist_0m6rgog._.js:2441
[   97876ms] [LOG] [DEBUG] - Comparando con 28/03/2026: no coincide @ http://localhost:3000/_next/static/chunks/11hm_next_dist_0m6rgog._.js:2441
[   97876ms] [LOG] [DEBUG] - Comparando con 29/03/2026: no coincide @ http://localhost:3000/_next/static/chunks/11hm_next_dist_0m6rgog._.js:2441
[   97876ms] [LOG] [DEBUG] - Comparando con 30/03/2026: no coincide @ http://localhost:3000/_next/static/chunks/11hm_next_dist_0m6rgog._.js:2441
[   97876ms] [LOG] [DEBUG] Resultado final para 30/09/2026: NO INCLUIDO @ http://localhost:3000/_next/static/chunks/11hm_next_dist_0m6rgog._.js:2441
[   97876ms] [LOG] [DEBUG] Comparando fecha: 11/01/2025 con filtros: [05/03/2026, 08/03/2026, 10/03/2026, 12/03/2026, 15/03/2026, 18/03/2026, 20/03/2026, 22/03/2026, 25/03/2026, 27/03/2026, 28/03/2026, 29/03/2026, 30/03/2026] @ http://localhost:3000/_next/static/chunks/11hm_next_dist_0m6rgog._.js:2441
[   97876ms] [LOG] [DEBUG] - Comparando con 05/03/2026: no coincide @ http://localhost:3000/_next/static/chunks/11hm_next_dist_0m6rgog._.js:2441
[   97876ms] [LOG] [DEBUG] - Comparando con 08/03/2026: no coincide @ http://localhost:3000/_next/static/chunks/11hm_next_dist_0m6rgog._.js:2441
[   97876ms] [LOG] [DEBUG] - Comparando con 10/03/2026: no coincide @ http://localhost:3000/_next/static/chunks/11hm_next_dist_0m6rgog._.js:2441
[   97877ms] [LOG] [DEBUG] - Comparando con 12/03/2026: no coincide @ http://localhost:3000/_next/static/chunks/11hm_next_dist_0m6rgog._.js:2441
[   97877ms] [LOG] [DEBUG] - Comparando con 15/03/2026: no coincide @ http://localhost:3000/_next/static/chunks/11hm_next_dist_0m6rgog._.js:2441
[   97877ms] [LOG] [DEBUG] - Comparando con 18/03/2026: no coincide @ http://localhost:3000/_next/static/chunks/11hm_next_dist_0m6rgog._.js:2441
[   97877ms] [LOG] [DEBUG] - Comparando con 20/03/2026: no coincide @ http://localhost:3000/_next/static/chunks/11hm_next_dist_0m6rgog._.js:2441
[   97877ms] [LOG] [DEBUG] - Comparando con 22/03/2026: no coincide @ http://localhost:3000/_next/static/chunks/11hm_next_dist_0m6rgog._.js:2441
[   97877ms] [LOG] [DEBUG] - Comparando con 25/03/2026: no coincide @ http://localhost:3000/_next/static/chunks/11hm_next_dist_0m6rgog._.js:2441
[   97877ms] [LOG] [DEBUG] - Comparando con 27/03/2026: no coincide @ http://localhost:3000/_next/static/chunks/11hm_next_dist_0m6rgog._.js:2441
[   97877ms] [LOG] [DEBUG] - Comparando con 28/03/2026: no coincide @ http://localhost:3000/_next/static/chunks/11hm_next_dist_0m6rgog._.js:2441
[   97877ms] [LOG] [DEBUG] - Comparando con 29/03/2026: no coincide @ http://localhost:3000/_next/static/chunks/11hm_next_dist_0m6rgog._.js:2441
[   97877ms] [LOG] [DEBUG] - Comparando con 30/03/2026: no coincide @ http://localhost:3000/_next/static/chunks/11hm_next_dist_0m6rgog._.js:2441
[   97877ms] [LOG] [DEBUG] Resultado final para 11/01/2025: NO INCLUIDO @ http://localhost:3000/_next/static/chunks/11hm_next_dist_0m6rgog._.js:2441
[   97877ms] [LOG] [DEBUG] Comparando fecha:  con filtros: [05/03/2026, 08/03/2026, 10/03/2026, 12/03/2026, 15/03/2026, 18/03/2026, 20/03/2026, 22/03/2026, 25/03/2026, 27/03/2026, 28/03/2026, 29/03/2026, 30/03/2026] @ http://localhost:3000/_next/static/chunks/11hm_next_dist_0m6rgog._.js:2441
[   97877ms] [LOG] [DEBUG] - Comparando con 05/03/2026: no coincide @ http://localhost:3000/_next/static/chunks/11hm_next_dist_0m6rgog._.js:2441
[   97878ms] [LOG] [DEBUG] - Comparando con 08/03/2026: no coincide @ http://localhost:3000/_next/static/chunks/11hm_next_dist_0m6rgog._.js:2441
[   97878ms] [LOG] [DEBUG] - Comparando con 10/03/2026: no coincide @ http://localhost:3000/_next/static/chunks/11hm_next_dist_0m6rgog._.js:2441
[   97878ms] [LOG] [DEBUG] - Comparando con 12/03/2026: no coincide @ http://localhost:3000/_next/static/chunks/11hm_next_dist_0m6rgog._.js:2441
[   97878ms] [LOG] [DEBUG] - Comparando con 15/03/2026: no coincide @ http://localhost:3000/_next/static/chunks/11hm_next_dist_0m6rgog._.js:2441
[   97878ms] [LOG] [DEBUG] - Comparando con 18/03/2026: no coincide @ http://localhost:3000/_next/static/chunks/11hm_next_dist_0m6rgog._.js:2441
[   97878ms] [LOG] [DEBUG] - Comparando con 20/03/2026: no coincide @ http://localhost:3000/_next/static/chunks/11hm_next_dist_0m6rgog._.js:2441
[   97878ms] [LOG] [DEBUG] - Comparando con 22/03/2026: no coincide @ http://localhost:3000/_next/static/chunks/11hm_next_dist_0m6rgog._.js:2441
[   97878ms] [LOG] [DEBUG] - Comparando con 25/03/2026: no coincide @ http://localhost:3000/_next/static/chunks/11hm_next_dist_0m6rgog._.js:2441
[   97878ms] [LOG] [DEBUG] - Comparando con 27/03/2026: no coincide @ http://localhost:3000/_next/static/chunks/11hm_next_dist_0m6rgog._.js:2441
[   97878ms] [LOG] [DEBUG] - Comparando con 28/03/2026: no coincide @ http://localhost:3000/_next/static/chunks/11hm_next_dist_0m6rgog._.js:2441
[   97878ms] [LOG] [DEBUG] - Comparando con 29/03/2026: no coincide @ http://localhost:3000/_next/static/chunks/11hm_next_dist_0m6rgog._.js:2441
[   97878ms] [LOG] [DEBUG] - Comparando con 30/03/2026: no coincide @ http://localhost:3000/_next/static/chunks/11hm_next_dist_0m6rgog._.js:2441
[   97878ms] [LOG] [DEBUG] Resultado final para : NO INCLUIDO @ http://localhost:3000/_next/static/chunks/11hm_next_dist_0m6rgog._.js:2441
[   97878ms] [LOG] [DEBUG] Comparando fecha:  con filtros: [05/03/2026, 08/03/2026, 10/03/2026, 12/03/2026, 15/03/2026, 18/03/2026, 20/03/2026, 22/03/2026, 25/03/2026, 27/03/2026, 28/03/2026, 29/03/2026, 30/03/2026] @ http://localhost:3000/_next/static/chunks/11hm_next_dist_0m6rgog._.js:2441
[   97879ms] [LOG] [DEBUG] - Comparando con 05/03/2026: no coincide @ http://localhost:3000/_next/static/chunks/11hm_next_dist_0m6rgog._.js:2441
[   97879ms] [LOG] [DEBUG] - Comparando con 08/03/2026: no coincide @ http://localhost:3000/_next/static/chunks/11hm_next_dist_0m6rgog._.js:2441
[   97879ms] [LOG] [DEBUG] - Comparando con 10/03/2026: no coincide @ http://localhost:3000/_next/static/chunks/11hm_next_dist_0m6rgog._.js:2441
[   97879ms] [LOG] [DEBUG] - Comparando con 12/03/2026: no coincide @ http://localhost:3000/_next/static/chunks/11hm_next_dist_0m6rgog._.js:2441
[   97879ms] [LOG] [DEBUG] - Comparando con 15/03/2026: no coincide @ http://localhost:3000/_next/static/chunks/11hm_next_dist_0m6rgog._.js:2441
[   97879ms] [LOG] [DEBUG] - Comparando con 18/03/2026: no coincide @ http://localhost:3000/_next/static/chunks/11hm_next_dist_0m6rgog._.js:2441
[   97879ms] [LOG] [DEBUG] - Comparando con 20/03/2026: no coincide @ http://localhost:3000/_next/static/chunks/11hm_next_dist_0m6rgog._.js:2441
[   97879ms] [LOG] [DEBUG] - Comparando con 22/03/2026: no coincide @ http://localhost:3000/_next/static/chunks/11hm_next_dist_0m6rgog._.js:2441
[   97879ms] [LOG] [DEBUG] - Comparando con 25/03/2026: no coincide @ http://localhost:3000/_next/static/chunks/11hm_next_dist_0m6rgog._.js:2441
[   97879ms] [LOG] [DEBUG] - Comparando con 27/03/2026: no coincide @ http://localhost:3000/_next/static/chunks/11hm_next_dist_0m6rgog._.js:2441
[   97879ms] [LOG] [DEBUG] - Comparando con 28/03/2026: no coincide @ http://localhost:3000/_next/static/chunks/11hm_next_dist_0m6rgog._.js:2441
[   97879ms] [LOG] [DEBUG] - Comparando con 29/03/2026: no coincide @ http://localhost:3000/_next/static/chunks/11hm_next_dist_0m6rgog._.js:2441
[   97879ms] [LOG] [DEBUG] - Comparando con 30/03/2026: no coincide @ http://localhost:3000/_next/static/chunks/11hm_next_dist_0m6rgog._.js:2441
[   97879ms] [LOG] [DEBUG] Resultado final para : NO INCLUIDO @ http://localhost:3000/_next/static/chunks/11hm_next_dist_0m6rgog._.js:2441
[   97880ms] [LOG] [DEBUG] Comparando fecha: 02/05/2026 con filtros: [05/03/2026, 08/03/2026, 10/03/2026, 12/03/2026, 15/03/2026, 18/03/2026, 20/03/2026, 22/03/2026, 25/03/2026, 27/03/2026, 28/03/2026, 29/03/2026, 30/03/2026] @ http://localhost:3000/_next/static/chunks/11hm_next_dist_0m6rgog._.js:2441
[   97880ms] [LOG] [DEBUG] - Comparando con 05/03/2026: no coincide @ http://localhost:3000/_next/static/chunks/11hm_next_dist_0m6rgog._.js:2441
[   97880ms] [LOG] [DEBUG] - Comparando con 08/03/2026: no coincide @ http://localhost:3000/_next/static/chunks/11hm_next_dist_0m6rgog._.js:2441
[   97880ms] [LOG] [DEBUG] - Comparando con 10/03/2026: no coincide @ http://localhost:3000/_next/static/chunks/11hm_next_dist_0m6rgog._.js:2441
[   97880ms] [LOG] [DEBUG] - Comparando con 12/03/2026: no coincide @ http://localhost:3000/_next/static/chunks/11hm_next_dist_0m6rgog._.js:2441
[   97880ms] [LOG] [DEBUG] - Comparando con 15/03/2026: no coincide @ http://localhost:3000/_next/static/chunks/11hm_next_dist_0m6rgog._.js:2441
[   97880ms] [LOG] [DEBUG] - Comparando con 18/03/2026: no coincide @ http://localhost:3000/_next/static/chunks/11hm_next_dist_0m6rgog._.js:2441
[   97880ms] [LOG] [DEBUG] - Comparando con 20/03/2026: no coincide @ http://localhost:3000/_next/static/chunks/11hm_next_dist_0m6rgog._.js:2441
[   97880ms] [LOG] [DEBUG] - Comparando con 22/03/2026: no coincide @ http://localhost:3000/_next/static/chunks/11hm_next_dist_0m6rgog._.js:2441
[   97880ms] [LOG] [DEBUG] - Comparando con 25/03/2026: no coincide @ http://localhost:3000/_next/static/chunks/11hm_next_dist_0m6rgog._.js:2441
[   97880ms] [LOG] [DEBUG] - Comparando con 27/03/2026: no coincide @ http://localhost:3000/_next/static/chunks/11hm_next_dist_0m6rgog._.js:2441
[   97880ms] [LOG] [DEBUG] - Comparando con 28/03/2026: no coincide @ http://localhost:3000/_next/static/chunks/11hm_next_dist_0m6rgog._.js:2441
[   97880ms] [LOG] [DEBUG] - Comparando con 29/03/2026: no coincide @ http://localhost:3000/_next/static/chunks/11hm_next_dist_0m6rgog._.js:2441
[   97880ms] [LOG] [DEBUG] - Comparando con 30/03/2026: no coincide @ http://localhost:3000/_next/static/chunks/11hm_next_dist_0m6rgog._.js:2441
[   97881ms] [LOG] [DEBUG] Resultado final para 02/05/2026: NO INCLUIDO @ http://localhost:3000/_next/static/chunks/11hm_next_dist_0m6rgog._.js:2441
[   97881ms] [LOG] [DEBUG] Comparando fecha:  con filtros: [05/03/2026, 08/03/2026, 10/03/2026, 12/03/2026, 15/03/2026, 18/03/2026, 20/03/2026, 22/03/2026, 25/03/2026, 27/03/2026, 28/03/2026, 29/03/2026, 30/03/2026] @ http://localhost:3000/_next/static/chunks/11hm_next_dist_0m6rgog._.js:2441
[   97881ms] [LOG] [DEBUG] - Comparando con 05/03/2026: no coincide @ http://localhost:3000/_next/static/chunks/11hm_next_dist_0m6rgog._.js:2441
[   97881ms] [LOG] [DEBUG] - Comparando con 08/03/2026: no coincide @ http://localhost:3000/_next/static/chunks/11hm_next_dist_0m6rgog._.js:2441
[   97881ms] [LOG] [DEBUG] - Comparando con 10/03/2026: no coincide @ http://localhost:3000/_next/static/chunks/11hm_next_dist_0m6rgog._.js:2441
[   97881ms] [LOG] [DEBUG] - Comparando con 12/03/2026: no coincide @ http://localhost:3000/_next/static/chunks/11hm_next_dist_0m6rgog._.js:2441
[   97881ms] [LOG] [DEBUG] - Comparando con 15/03/2026: no coincide @ http://localhost:3000/_next/static/chunks/11hm_next_dist_0m6rgog._.js:2441
[   97881ms] [LOG] [DEBUG] - Comparando con 18/03/2026: no coincide @ http://localhost:3000/_next/static/chunks/11hm_next_dist_0m6rgog._.js:2441
[   97881ms] [LOG] [DEBUG] - Comparando con 20/03/2026: no coincide @ http://localhost:3000/_next/static/chunks/11hm_next_dist_0m6rgog._.js:2441
[   97881ms] [LOG] [DEBUG] - Comparando con 22/03/2026: no coincide @ http://localhost:3000/_next/static/chunks/11hm_next_dist_0m6rgog._.js:2441
[   97881ms] [LOG] [DEBUG] - Comparando con 25/03/2026: no coincide @ http://localhost:3000/_next/static/chunks/11hm_next_dist_0m6rgog._.js:2441
[   97881ms] [LOG] [DEBUG] - Comparando con 27/03/2026: no coincide @ http://localhost:3000/_next/static/chunks/11hm_next_dist_0m6rgog._.js:2441
[   97881ms] [LOG] [DEBUG] - Comparando con 28/03/2026: no coincide @ http://localhost:3000/_next/static/chunks/11hm_next_dist_0m6rgog._.js:2441
[   97882ms] [LOG] [DEBUG] - Comparando con 29/03/2026: no coincide @ http://localhost:3000/_next/static/chunks/11hm_next_dist_0m6rgog._.js:2441
[   97882ms] [LOG] [DEBUG] - Comparando con 30/03/2026: no coincide @ http://localhost:3000/_next/static/chunks/11hm_next_dist_0m6rgog._.js:2441
[   97882ms] [LOG] [DEBUG] Resultado final para : NO INCLUIDO @ http://localhost:3000/_next/static/chunks/11hm_next_dist_0m6rgog._.js:2441
[   97882ms] [LOG] [DEBUG] Comparando fecha:  con filtros: [05/03/2026, 08/03/2026, 10/03/2026, 12/03/2026, 15/03/2026, 18/03/2026, 20/03/2026, 22/03/2026, 25/03/2026, 27/03/2026, 28/03/2026, 29/03/2026, 30/03/2026] @ http://localhost:3000/_next/static/chunks/11hm_next_dist_0m6rgog._.js:2441
[   97882ms] [LOG] [DEBUG] - Comparando con 05/03/2026: no coincide @ http://localhost:3000/_next/static/chunks/11hm_next_dist_0m6rgog._.js:2441
[   97882ms] [LOG] [DEBUG] - Comparando con 08/03/2026: no coincide @ http://localhost:3000/_next/static/chunks/11hm_next_dist_0m6rgog._.js:2441
[   97882ms] [LOG] [DEBUG] - Comparando con 10/03/2026: no coincide @ http://localhost:3000/_next/static/chunks/11hm_next_dist_0m6rgog._.js:2441
[   97882ms] [LOG] [DEBUG] - Comparando con 12/03/2026: no coincide @ http://localhost:3000/_next/static/chunks/11hm_next_dist_0m6rgog._.js:2441
[   97882ms] [LOG] [DEBUG] - Comparando con 15/03/2026: no coincide @ http://localhost:3000/_next/static/chunks/11hm_next_dist_0m6rgog._.js:2441
[   97882ms] [LOG] [DEBUG] - Comparando con 18/03/2026: no coincide @ http://localhost:3000/_next/static/chunks/11hm_next_dist_0m6rgog._.js:2441
[   97882ms] [LOG] [DEBUG] - Comparando con 20/03/2026: no coincide @ http://localhost:3000/_next/static/chunks/11hm_next_dist_0m6rgog._.js:2441
[   97882ms] [LOG] [DEBUG] - Comparando con 22/03/2026: no coincide @ http://localhost:3000/_next/static/chunks/11hm_next_dist_0m6rgog._.js:2441
[   97882ms] [LOG] [DEBUG] - Comparando con 25/03/2026: no coincide @ http://localhost:3000/_next/static/chunks/11hm_next_dist_0m6rgog._.js:2441
[   97882ms] [LOG] [DEBUG] - Comparando con 27/03/2026: no coincide @ http://localhost:3000/_next/static/chunks/11hm_next_dist_0m6rgog._.js:2441
[   97883ms] [LOG] [DEBUG] - Comparando con 28/03/2026: no coincide @ http://localhost:3000/_next/static/chunks/11hm_next_dist_0m6rgog._.js:2441
[   97883ms] [LOG] [DEBUG] - Comparando con 29/03/2026: no coincide @ http://localhost:3000/_next/static/chunks/11hm_next_dist_0m6rgog._.js:2441
[   97883ms] [LOG] [DEBUG] - Comparando con 30/03/2026: no coincide @ http://localhost:3000/_next/static/chunks/11hm_next_dist_0m6rgog._.js:2441
[   97883ms] [LOG] [DEBUG] Resultado final para : NO INCLUIDO @ http://localhost:3000/_next/static/chunks/11hm_next_dist_0m6rgog._.js:2441
[   97884ms] [LOG] [DEBUG] Effective column order: {baseOrder: Array(14), pinnedColumnId: index, otherColumns: Array(13), hasActions: true, result: Array(15)} @ http://localhost:3000/_next/static/chunks/11hm_next_dist_0m6rgog._.js:2441
[   97885ms] [LOG] [DEBUG] Effective column order: {baseOrder: Array(14), pinnedColumnId: index, otherColumns: Array(13), hasActions: true, result: Array(15)} @ http://localhost:3000/_next/static/chunks/11hm_next_dist_0m6rgog._.js:2441
[   97917ms] [LOG] [DEBUG] Valores unicos procesados: {columnId: ultimoContacto, columnType: date, uniqueValues: Array(21)} @ http://localhost:3000/_next/static/chunks/11hm_next_dist_0m6rgog._.js:2441
[   97917ms] [LOG] [DEBUG] FilterFactory initialValue debug: {columnId: ultimoContacto, columnType: date, propsInitialValue: Object, currentFilter: Object} @ http://localhost:3000/_next/static/chunks/11hm_next_dist_0m6rgog._.js:2441
[   97917ms] [LOG] [DEBUG] Filter selection for column: {columnId: ultimoContacto, columnType: date, useAdaptiveFiltering: false, sampleData: Array(3)} @ http://localhost:3000/_next/static/chunks/11hm_next_dist_0m6rgog._.js:2441
[   97917ms] [LOG] [DEBUG] FILTER FACTORY - Seleccionando filtro: {columnId: ultimoContacto, columnType: date, uniqueValuesCount: 21, sampleValues: Array(3)} @ http://localhost:3000/_next/static/chunks/11hm_next_dist_0m6rgog._.js:2441
[   97917ms] [LOG] [DEBUG] Valores unicos procesados: {columnId: ultimoContacto, columnType: date, uniqueValues: Array(21)} @ http://localhost:3000/_next/static/chunks/11hm_next_dist_0m6rgog._.js:2441
[   97917ms] [LOG] [DEBUG] FilterFactory initialValue debug: {columnId: ultimoContacto, columnType: date, propsInitialValue: Object, currentFilter: Object} @ http://localhost:3000/_next/static/chunks/11hm_next_dist_0m6rgog._.js:2441
[   97917ms] [LOG] [DEBUG] Filter selection for column: {columnId: ultimoContacto, columnType: date, useAdaptiveFiltering: false, sampleData: Array(3)} @ http://localhost:3000/_next/static/chunks/11hm_next_dist_0m6rgog._.js:2441
[   97917ms] [LOG] [DEBUG] FILTER FACTORY - Seleccionando filtro: {columnId: ultimoContacto, columnType: date, uniqueValuesCount: 21, sampleValues: Array(3)} @ http://localhost:3000/_next/static/chunks/11hm_next_dist_0m6rgog._.js:2441
[   97953ms] [LOG] [DEBUG] Renderizando SecondaryTables: {level: 0, parentId: undefined, isLoading: false, arrayColumnsCount: 0, arrayColumns: Array(0)} @ http://localhost:3000/_next/static/chunks/11hm_next_dist_0m6rgog._.js:2441
[   97953ms] [LOG] [DEBUG] Renderizando SecondaryTables: {level: 0, parentId: undefined, isLoading: false, arrayColumnsCount: 0, arrayColumns: Array(0)} @ http://localhost:3000/_next/static/chunks/11hm_next_dist_0m6rgog._.js:2441
[   97962ms] [LOG] [DEBUG] Effective column order: {baseOrder: Array(14), pinnedColumnId: index, otherColumns: Array(13), hasActions: true, result: Array(15)} @ http://localhost:3000/_next/static/chunks/11hm_next_dist_0m6rgog._.js:2441
[   97962ms] [LOG] [DEBUG] Effective column order: {baseOrder: Array(14), pinnedColumnId: index, otherColumns: Array(13), hasActions: true, result: Array(15)} @ http://localhost:3000/_next/static/chunks/11hm_next_dist_0m6rgog._.js:2441
[   97964ms] [LOG] [DEBUG] Effective column order: {baseOrder: Array(14), pinnedColumnId: index, otherColumns: Array(13), hasActions: true, result: Array(15)} @ http://localhost:3000/_next/static/chunks/11hm_next_dist_0m6rgog._.js:2441
[   97964ms] [LOG] [DEBUG] Effective column order: {baseOrder: Array(14), pinnedColumnId: index, otherColumns: Array(13), hasActions: true, result: Array(15)} @ http://localhost:3000/_next/static/chunks/11hm_next_dist_0m6rgog._.js:2441
[   98002ms] [LOG] [DEBUG] Renderizando SecondaryTables: {level: 0, parentId: undefined, isLoading: false, arrayColumnsCount: 0, arrayColumns: Array(0)} @ http://localhost:3000/_next/static/chunks/11hm_next_dist_0m6rgog._.js:2441
[   98002ms] [LOG] [DEBUG] Renderizando SecondaryTables: {level: 0, parentId: undefined, isLoading: false, arrayColumnsCount: 0, arrayColumns: Array(0)} @ http://localhost:3000/_next/static/chunks/11hm_next_dist_0m6rgog._.js:2441
[   98007ms] [LOG] [DEBUG] Renderizando SecondaryTables: {level: 0, parentId: undefined, isLoading: false, arrayColumnsCount: 0, arrayColumns: Array(0)} @ http://localhost:3000/_next/static/chunks/11hm_next_dist_0m6rgog._.js:2441
[   98007ms] [LOG] [DEBUG] Renderizando SecondaryTables: {level: 0, parentId: undefined, isLoading: false, arrayColumnsCount: 0, arrayColumns: Array(0)} @ http://localhost:3000/_next/static/chunks/11hm_next_dist_0m6rgog._.js:2441
[   98011ms] [LOG] [DEBUG] Effective column order: {baseOrder: Array(14), pinnedColumnId: index, otherColumns: Array(13), hasActions: true, result: Array(15)} @ http://localhost:3000/_next/static/chunks/11hm_next_dist_0m6rgog._.js:2441
[   98011ms] [LOG] [DEBUG] Effective column order: {baseOrder: Array(14), pinnedColumnId: index, otherColumns: Array(13), hasActions: true, result: Array(15)} @ http://localhost:3000/_next/static/chunks/11hm_next_dist_0m6rgog._.js:2441
[   98012ms] [LOG] [DEBUG] Effective column order: {baseOrder: Array(14), pinnedColumnId: index, otherColumns: Array(13), hasActions: true, result: Array(15)} @ http://localhost:3000/_next/static/chunks/11hm_next_dist_0m6rgog._.js:2441
[   98012ms] [LOG] [DEBUG] Effective column order: {baseOrder: Array(14), pinnedColumnId: index, otherColumns: Array(13), hasActions: true, result: Array(15)} @ http://localhost:3000/_next/static/chunks/11hm_next_dist_0m6rgog._.js:2441
[   98018ms] [LOG] [DEBUG] Renderizando SecondaryTables: {level: 0, parentId: undefined, isLoading: false, arrayColumnsCount: 0, arrayColumns: Array(0)} @ http://localhost:3000/_next/static/chunks/11hm_next_dist_0m6rgog._.js:2441
[   98018ms] [LOG] [DEBUG] Renderizando SecondaryTables: {level: 0, parentId: undefined, isLoading: false, arrayColumnsCount: 0, arrayColumns: Array(0)} @ http://localhost:3000/_next/static/chunks/11hm_next_dist_0m6rgog._.js:2441
[   98263ms] [LOG] [DEBUG] Effective column order: {baseOrder: Array(14), pinnedColumnId: index, otherColumns: Array(13), hasActions: true, result: Array(15)} @ http://localhost:3000/_next/static/chunks/11hm_next_dist_0m6rgog._.js:2441
[   98263ms] [LOG] [DEBUG] Effective column order: {baseOrder: Array(14), pinnedColumnId: index, otherColumns: Array(13), hasActions: true, result: Array(15)} @ http://localhost:3000/_next/static/chunks/11hm_next_dist_0m6rgog._.js:2441
[   98264ms] [LOG] [DEBUG] Effective column order: {baseOrder: Array(14), pinnedColumnId: index, otherColumns: Array(13), hasActions: true, result: Array(15)} @ http://localhost:3000/_next/static/chunks/11hm_next_dist_0m6rgog._.js:2441
[   98264ms] [LOG] [DEBUG] Effective column order: {baseOrder: Array(14), pinnedColumnId: index, otherColumns: Array(13), hasActions: true, result: Array(15)} @ http://localhost:3000/_next/static/chunks/11hm_next_dist_0m6rgog._.js:2441
[   98273ms] [LOG] [DEBUG] Renderizando SecondaryTables: {level: 0, parentId: undefined, isLoading: false, arrayColumnsCount: 0, arrayColumns: Array(0)} @ http://localhost:3000/_next/static/chunks/11hm_next_dist_0m6rgog._.js:2441
[   98273ms] [LOG] [DEBUG] Renderizando SecondaryTables: {level: 0, parentId: undefined, isLoading: false, arrayColumnsCount: 0, arrayColumns: Array(0)} @ http://localhost:3000/_next/static/chunks/11hm_next_dist_0m6rgog._.js:2441
[   98276ms] [LOG] [DEBUG] Effective column order: {baseOrder: Array(14), pinnedColumnId: index, otherColumns: Array(13), hasActions: true, result: Array(15)} @ http://localhost:3000/_next/static/chunks/11hm_next_dist_0m6rgog._.js:2441
[   98276ms] [LOG] [DEBUG] Effective column order: {baseOrder: Array(14), pinnedColumnId: index, otherColumns: Array(13), hasActions: true, result: Array(15)} @ http://localhost:3000/_next/static/chunks/11hm_next_dist_0m6rgog._.js:2441
[   98277ms] [LOG] [DEBUG] Effective column order: {baseOrder: Array(14), pinnedColumnId: index, otherColumns: Array(13), hasActions: true, result: Array(15)} @ http://localhost:3000/_next/static/chunks/11hm_next_dist_0m6rgog._.js:2441
[   98277ms] [LOG] [DEBUG] Effective column order: {baseOrder: Array(14), pinnedColumnId: index, otherColumns: Array(13), hasActions: true, result: Array(15)} @ http://localhost:3000/_next/static/chunks/11hm_next_dist_0m6rgog._.js:2441
[   98283ms] [LOG] [DEBUG] Renderizando SecondaryTables: {level: 0, parentId: undefined, isLoading: true, arrayColumnsCount: 0, arrayColumns: Array(0)} @ http://localhost:3000/_next/static/chunks/11hm_next_dist_0m6rgog._.js:2441
[   98283ms] [LOG] [DEBUG] Renderizando SecondaryTables: {level: 0, parentId: undefined, isLoading: true, arrayColumnsCount: 0, arrayColumns: Array(0)} @ http://localhost:3000/_next/static/chunks/11hm_next_dist_0m6rgog._.js:2441
[   98577ms] [LOG] [DEBUG] Effective column order: {baseOrder: Array(14), pinnedColumnId: index, otherColumns: Array(13), hasActions: true, result: Array(15)} @ http://localhost:3000/_next/static/chunks/11hm_next_dist_0m6rgog._.js:2441
[   98577ms] [LOG] [DEBUG] Effective column order: {baseOrder: Array(14), pinnedColumnId: index, otherColumns: Array(13), hasActions: true, result: Array(15)} @ http://localhost:3000/_next/static/chunks/11hm_next_dist_0m6rgog._.js:2441
[   98578ms] [LOG] [DEBUG] Effective column order: {baseOrder: Array(14), pinnedColumnId: index, otherColumns: Array(13), hasActions: true, result: Array(15)} @ http://localhost:3000/_next/static/chunks/11hm_next_dist_0m6rgog._.js:2441
[   98578ms] [LOG] [DEBUG] Effective column order: {baseOrder: Array(14), pinnedColumnId: index, otherColumns: Array(13), hasActions: true, result: Array(15)} @ http://localhost:3000/_next/static/chunks/11hm_next_dist_0m6rgog._.js:2441
[   98586ms] [LOG] [DEBUG] Renderizando SecondaryTables: {level: 0, parentId: undefined, isLoading: false, arrayColumnsCount: 0, arrayColumns: Array(0)} @ http://localhost:3000/_next/static/chunks/11hm_next_dist_0m6rgog._.js:2441
[   98586ms] [LOG] [DEBUG] Renderizando SecondaryTables: {level: 0, parentId: undefined, isLoading: false, arrayColumnsCount: 0, arrayColumns: Array(0)} @ http://localhost:3000/_next/static/chunks/11hm_next_dist_0m6rgog._.js:2441
[  159955ms] [LOG] [DEBUG] Valores unicos procesados: {columnId: ultimoContacto, columnType: date, uniqueValues: Array(21)} @ http://localhost:3000/_next/static/chunks/11hm_next_dist_0m6rgog._.js:2441
[  159955ms] [LOG] [DEBUG] FilterFactory initialValue debug: {columnId: ultimoContacto, columnType: date, propsInitialValue: Object, currentFilter: Object} @ http://localhost:3000/_next/static/chunks/11hm_next_dist_0m6rgog._.js:2441
[  159955ms] [LOG] [DEBUG] Filter selection for column: {columnId: ultimoContacto, columnType: date, useAdaptiveFiltering: false, sampleData: Array(3)} @ http://localhost:3000/_next/static/chunks/11hm_next_dist_0m6rgog._.js:2441
[  159955ms] [LOG] [DEBUG] FILTER FACTORY - Seleccionando filtro: {columnId: ultimoContacto, columnType: date, uniqueValuesCount: 21, sampleValues: Array(3)} @ http://localhost:3000/_next/static/chunks/11hm_next_dist_0m6rgog._.js:2441
[  159955ms] [LOG] [DEBUG] Valores unicos procesados: {columnId: ultimoContacto, columnType: date, uniqueValues: Array(21)} @ http://localhost:3000/_next/static/chunks/11hm_next_dist_0m6rgog._.js:2441
[  159955ms] [LOG] [DEBUG] FilterFactory initialValue debug: {columnId: ultimoContacto, columnType: date, propsInitialValue: Object, currentFilter: Object} @ http://localhost:3000/_next/static/chunks/11hm_next_dist_0m6rgog._.js:2441
[  159955ms] [LOG] [DEBUG] Filter selection for column: {columnId: ultimoContacto, columnType: date, useAdaptiveFiltering: false, sampleData: Array(3)} @ http://localhost:3000/_next/static/chunks/11hm_next_dist_0m6rgog._.js:2441
[  159955ms] [LOG] [DEBUG] FILTER FACTORY - Seleccionando filtro: {columnId: ultimoContacto, columnType: date, uniqueValuesCount: 21, sampleValues: Array(3)} @ http://localhost:3000/_next/static/chunks/11hm_next_dist_0m6rgog._.js:2441
[  159973ms] [WARNING] Warning: Missing `Description` or `aria-describedby={undefined}` for {DialogContent}. @ http://localhost:3000/_next/static/chunks/11hm_next_dist_0m6rgog._.js:2441
[  159974ms] [WARNING] Warning: Missing `Description` or `aria-describedby={undefined}` for {DialogContent}. @ http://localhost:3000/_next/static/chunks/11hm_next_dist_0m6rgog._.js:2441
[  162029ms] [LOG] [DEBUG] Aplicando filtro de fechas @ http://localhost:3000/_next/static/chunks/11hm_next_dist_0m6rgog._.js:2441
[  162029ms] [LOG] [DEBUG] Fechas seleccionadas antes de normalizar: [05/03/2026, 08/03/2026, 10/03/2026, 12/03/2026, 15/03/2026, 18/03/2026, 20/03/2026, 22/03/2026, 25/03/2026, 27/03/2026, 28/03/2026, 29/03/2026, 30/03/2026] @ http://localhost:3000/_next/static/chunks/11hm_next_dist_0m6rgog._.js:2441
[  162030ms] [LOG] [DEBUG] Normalizando fecha: 05/03/2026 @ http://localhost:3000/_next/static/chunks/11hm_next_dist_0m6rgog._.js:2441
[  162030ms] [LOG] [DEBUG]   Fecha parseada y formateada: 05/03/2026 @ http://localhost:3000/_next/static/chunks/11hm_next_dist_0m6rgog._.js:2441
[  162030ms] [LOG] [DEBUG] Normalizando fecha: 08/03/2026 @ http://localhost:3000/_next/static/chunks/11hm_next_dist_0m6rgog._.js:2441
[  162030ms] [LOG] [DEBUG]   Fecha parseada y formateada: 08/03/2026 @ http://localhost:3000/_next/static/chunks/11hm_next_dist_0m6rgog._.js:2441
[  162030ms] [LOG] [DEBUG] Normalizando fecha: 10/03/2026 @ http://localhost:3000/_next/static/chunks/11hm_next_dist_0m6rgog._.js:2441
[  162031ms] [LOG] [DEBUG]   Fecha parseada y formateada: 10/03/2026 @ http://localhost:3000/_next/static/chunks/11hm_next_dist_0m6rgog._.js:2441
[  162031ms] [LOG] [DEBUG] Normalizando fecha: 12/03/2026 @ http://localhost:3000/_next/static/chunks/11hm_next_dist_0m6rgog._.js:2441
[  162031ms] [LOG] [DEBUG]   Fecha parseada y formateada: 12/03/2026 @ http://localhost:3000/_next/static/chunks/11hm_next_dist_0m6rgog._.js:2441
[  162031ms] [LOG] [DEBUG] Normalizando fecha: 15/03/2026 @ http://localhost:3000/_next/static/chunks/11hm_next_dist_0m6rgog._.js:2441
[  162031ms] [LOG] [DEBUG]   Fecha parseada y formateada: 15/03/2026 @ http://localhost:3000/_next/static/chunks/11hm_next_dist_0m6rgog._.js:2441
[  162031ms] [LOG] [DEBUG] Normalizando fecha: 18/03/2026 @ http://localhost:3000/_next/static/chunks/11hm_next_dist_0m6rgog._.js:2441
[  162031ms] [LOG] [DEBUG]   Fecha parseada y formateada: 18/03/2026 @ http://localhost:3000/_next/static/chunks/11hm_next_dist_0m6rgog._.js:2441
[  162032ms] [LOG] [DEBUG] Normalizando fecha: 20/03/2026 @ http://localhost:3000/_next/static/chunks/11hm_next_dist_0m6rgog._.js:2441
[  162032ms] [LOG] [DEBUG]   Fecha parseada y formateada: 20/03/2026 @ http://localhost:3000/_next/static/chunks/11hm_next_dist_0m6rgog._.js:2441
[  162032ms] [LOG] [DEBUG] Normalizando fecha: 22/03/2026 @ http://localhost:3000/_next/static/chunks/11hm_next_dist_0m6rgog._.js:2441
[  162032ms] [LOG] [DEBUG]   Fecha parseada y formateada: 22/03/2026 @ http://localhost:3000/_next/static/chunks/11hm_next_dist_0m6rgog._.js:2441
[  162032ms] [LOG] [DEBUG] Normalizando fecha: 25/03/2026 @ http://localhost:3000/_next/static/chunks/11hm_next_dist_0m6rgog._.js:2441
[  162032ms] [LOG] [DEBUG]   Fecha parseada y formateada: 25/03/2026 @ http://localhost:3000/_next/static/chunks/11hm_next_dist_0m6rgog._.js:2441
[  162032ms] [LOG] [DEBUG] Normalizando fecha: 27/03/2026 @ http://localhost:3000/_next/static/chunks/11hm_next_dist_0m6rgog._.js:2441
[  162032ms] [LOG] [DEBUG]   Fecha parseada y formateada: 27/03/2026 @ http://localhost:3000/_next/static/chunks/11hm_next_dist_0m6rgog._.js:2441
[  162033ms] [LOG] [DEBUG] Normalizando fecha: 28/03/2026 @ http://localhost:3000/_next/static/chunks/11hm_next_dist_0m6rgog._.js:2441
[  162033ms] [LOG] [DEBUG]   Fecha parseada y formateada: 28/03/2026 @ http://localhost:3000/_next/static/chunks/11hm_next_dist_0m6rgog._.js:2441
[  162033ms] [LOG] [DEBUG] Normalizando fecha: 29/03/2026 @ http://localhost:3000/_next/static/chunks/11hm_next_dist_0m6rgog._.js:2441
[  162033ms] [LOG] [DEBUG]   Fecha parseada y formateada: 29/03/2026 @ http://localhost:3000/_next/static/chunks/11hm_next_dist_0m6rgog._.js:2441
[  162033ms] [LOG] [DEBUG] Normalizando fecha: 30/03/2026 @ http://localhost:3000/_next/static/chunks/11hm_next_dist_0m6rgog._.js:2441
[  162033ms] [LOG] [DEBUG]   Fecha parseada y formateada: 30/03/2026 @ http://localhost:3000/_next/static/chunks/11hm_next_dist_0m6rgog._.js:2441
[  162033ms] [LOG] [DEBUG] Fechas normalizadas: [05/03/2026, 08/03/2026, 10/03/2026, 12/03/2026, 15/03/2026, 18/03/2026, 20/03/2026, 22/03/2026, 25/03/2026, 27/03/2026, 28/03/2026, 29/03/2026, 30/03/2026] @ http://localhost:3000/_next/static/chunks/11hm_next_dist_0m6rgog._.js:2441
[  162034ms] [LOG] [DEBUG] Aplicando filtro: {columnId: ultimoContacto, operator: arrIncludesSome, value: Array(13)} @ http://localhost:3000/_next/static/chunks/11hm_next_dist_0m6rgog._.js:2441
[  162034ms] [LOG] [DEBUG] Applying filter condition: {columnId: ultimoContacto, condition: Object} @ http://localhost:3000/_next/static/chunks/11hm_next_dist_0m6rgog._.js:2441
[  162036ms] [LOG] [DEBUG] Effective column order: {baseOrder: Array(14), pinnedColumnId: index, otherColumns: Array(13), hasActions: true, result: Array(15)} @ http://localhost:3000/_next/static/chunks/11hm_next_dist_0m6rgog._.js:2441
[  162036ms] [LOG] [DEBUG] Effective column order: {baseOrder: Array(14), pinnedColumnId: index, otherColumns: Array(13), hasActions: true, result: Array(15)} @ http://localhost:3000/_next/static/chunks/11hm_next_dist_0m6rgog._.js:2441
[  162037ms] [LOG] [DEBUG] Comparando fecha: 02/10/2026 con filtros: [05/03/2026, 08/03/2026, 10/03/2026, 12/03/2026, 15/03/2026, 18/03/2026, 20/03/2026, 22/03/2026, 25/03/2026, 27/03/2026, 28/03/2026, 29/03/2026, 30/03/2026] @ http://localhost:3000/_next/static/chunks/11hm_next_dist_0m6rgog._.js:2441
[  162037ms] [LOG] [DEBUG] - Comparando con 05/03/2026: no coincide @ http://localhost:3000/_next/static/chunks/11hm_next_dist_0m6rgog._.js:2441
[  162037ms] [LOG] [DEBUG] - Comparando con 08/03/2026: no coincide @ http://localhost:3000/_next/static/chunks/11hm_next_dist_0m6rgog._.js:2441
[  162038ms] [LOG] [DEBUG] - Comparando con 10/03/2026: no coincide @ http://localhost:3000/_next/static/chunks/11hm_next_dist_0m6rgog._.js:2441
[  162038ms] [LOG] [DEBUG] - Comparando con 12/03/2026: no coincide @ http://localhost:3000/_next/static/chunks/11hm_next_dist_0m6rgog._.js:2441
[  162038ms] [LOG] [DEBUG] - Comparando con 15/03/2026: no coincide @ http://localhost:3000/_next/static/chunks/11hm_next_dist_0m6rgog._.js:2441
[  162038ms] [LOG] [DEBUG] - Comparando con 18/03/2026: no coincide @ http://localhost:3000/_next/static/chunks/11hm_next_dist_0m6rgog._.js:2441
[  162038ms] [LOG] [DEBUG] - Comparando con 20/03/2026: no coincide @ http://localhost:3000/_next/static/chunks/11hm_next_dist_0m6rgog._.js:2441
[  162038ms] [LOG] [DEBUG] - Comparando con 22/03/2026: no coincide @ http://localhost:3000/_next/static/chunks/11hm_next_dist_0m6rgog._.js:2441
[  162039ms] [LOG] [DEBUG] - Comparando con 25/03/2026: no coincide @ http://localhost:3000/_next/static/chunks/11hm_next_dist_0m6rgog._.js:2441
[  162039ms] [LOG] [DEBUG] - Comparando con 27/03/2026: no coincide @ http://localhost:3000/_next/static/chunks/11hm_next_dist_0m6rgog._.js:2441
[  162039ms] [LOG] [DEBUG] - Comparando con 28/03/2026: no coincide @ http://localhost:3000/_next/static/chunks/11hm_next_dist_0m6rgog._.js:2441
[  162039ms] [LOG] [DEBUG] - Comparando con 29/03/2026: no coincide @ http://localhost:3000/_next/static/chunks/11hm_next_dist_0m6rgog._.js:2441
[  162039ms] [LOG] [DEBUG] - Comparando con 30/03/2026: no coincide @ http://localhost:3000/_next/static/chunks/11hm_next_dist_0m6rgog._.js:2441
[  162039ms] [LOG] [DEBUG] Resultado final para 02/10/2026: NO INCLUIDO @ http://localhost:3000/_next/static/chunks/11hm_next_dist_0m6rgog._.js:2441
[  162039ms] [LOG] [DEBUG] Comparando fecha:  con filtros: [05/03/2026, 08/03/2026, 10/03/2026, 12/03/2026, 15/03/2026, 18/03/2026, 20/03/2026, 22/03/2026, 25/03/2026, 27/03/2026, 28/03/2026, 29/03/2026, 30/03/2026] @ http://localhost:3000/_next/static/chunks/11hm_next_dist_0m6rgog._.js:2441
[  162040ms] [LOG] [DEBUG] - Comparando con 05/03/2026: no coincide @ http://localhost:3000/_next/static/chunks/11hm_next_dist_0m6rgog._.js:2441
[  162040ms] [LOG] [DEBUG] - Comparando con 08/03/2026: no coincide @ http://localhost:3000/_next/static/chunks/11hm_next_dist_0m6rgog._.js:2441
[  162040ms] [LOG] [DEBUG] - Comparando con 10/03/2026: no coincide @ http://localhost:3000/_next/static/chunks/11hm_next_dist_0m6rgog._.js:2441
[  162040ms] [LOG] [DEBUG] - Comparando con 12/03/2026: no coincide @ http://localhost:3000/_next/static/chunks/11hm_next_dist_0m6rgog._.js:2441
[  162040ms] [LOG] [DEBUG] - Comparando con 15/03/2026: no coincide @ http://localhost:3000/_next/static/chunks/11hm_next_dist_0m6rgog._.js:2441
[  162040ms] [LOG] [DEBUG] - Comparando con 18/03/2026: no coincide @ http://localhost:3000/_next/static/chunks/11hm_next_dist_0m6rgog._.js:2441
[  162040ms] [LOG] [DEBUG] - Comparando con 20/03/2026: no coincide @ http://localhost:3000/_next/static/chunks/11hm_next_dist_0m6rgog._.js:2441
[  162041ms] [LOG] [DEBUG] - Comparando con 22/03/2026: no coincide @ http://localhost:3000/_next/static/chunks/11hm_next_dist_0m6rgog._.js:2441
[  162041ms] [LOG] [DEBUG] - Comparando con 25/03/2026: no coincide @ http://localhost:3000/_next/static/chunks/11hm_next_dist_0m6rgog._.js:2441
[  162041ms] [LOG] [DEBUG] - Comparando con 27/03/2026: no coincide @ http://localhost:3000/_next/static/chunks/11hm_next_dist_0m6rgog._.js:2441
[  162041ms] [LOG] [DEBUG] - Comparando con 28/03/2026: no coincide @ http://localhost:3000/_next/static/chunks/11hm_next_dist_0m6rgog._.js:2441
[  162041ms] [LOG] [DEBUG] - Comparando con 29/03/2026: no coincide @ http://localhost:3000/_next/static/chunks/11hm_next_dist_0m6rgog._.js:2441
[  162041ms] [LOG] [DEBUG] - Comparando con 30/03/2026: no coincide @ http://localhost:3000/_next/static/chunks/11hm_next_dist_0m6rgog._.js:2441
[  162041ms] [LOG] [DEBUG] Resultado final para : NO INCLUIDO @ http://localhost:3000/_next/static/chunks/11hm_next_dist_0m6rgog._.js:2441
[  162042ms] [LOG] [DEBUG] Comparando fecha:  con filtros: [05/03/2026, 08/03/2026, 10/03/2026, 12/03/2026, 15/03/2026, 18/03/2026, 20/03/2026, 22/03/2026, 25/03/2026, 27/03/2026, 28/03/2026, 29/03/2026, 30/03/2026] @ http://localhost:3000/_next/static/chunks/11hm_next_dist_0m6rgog._.js:2441
[  162042ms] [LOG] [DEBUG] - Comparando con 05/03/2026: no coincide @ http://localhost:3000/_next/static/chunks/11hm_next_dist_0m6rgog._.js:2441
[  162042ms] [LOG] [DEBUG] - Comparando con 08/03/2026: no coincide @ http://localhost:3000/_next/static/chunks/11hm_next_dist_0m6rgog._.js:2441
[  162042ms] [LOG] [DEBUG] - Comparando con 10/03/2026: no coincide @ http://localhost:3000/_next/static/chunks/11hm_next_dist_0m6rgog._.js:2441
[  162042ms] [LOG] [DEBUG] - Comparando con 12/03/2026: no coincide @ http://localhost:3000/_next/static/chunks/11hm_next_dist_0m6rgog._.js:2441
[  162043ms] [LOG] [DEBUG] - Comparando con 15/03/2026: no coincide @ http://localhost:3000/_next/static/chunks/11hm_next_dist_0m6rgog._.js:2441
[  162043ms] [LOG] [DEBUG] - Comparando con 18/03/2026: no coincide @ http://localhost:3000/_next/static/chunks/11hm_next_dist_0m6rgog._.js:2441
[  162043ms] [LOG] [DEBUG] - Comparando con 20/03/2026: no coincide @ http://localhost:3000/_next/static/chunks/11hm_next_dist_0m6rgog._.js:2441
[  162044ms] [LOG] [DEBUG] - Comparando con 22/03/2026: no coincide @ http://localhost:3000/_next/static/chunks/11hm_next_dist_0m6rgog._.js:2441
[  162044ms] [LOG] [DEBUG] - Comparando con 25/03/2026: no coincide @ http://localhost:3000/_next/static/chunks/11hm_next_dist_0m6rgog._.js:2441
[  162044ms] [LOG] [DEBUG] - Comparando con 27/03/2026: no coincide @ http://localhost:3000/_next/static/chunks/11hm_next_dist_0m6rgog._.js:2441
[  162044ms] [LOG] [DEBUG] - Comparando con 28/03/2026: no coincide @ http://localhost:3000/_next/static/chunks/11hm_next_dist_0m6rgog._.js:2441
[  162044ms] [LOG] [DEBUG] - Comparando con 29/03/2026: no coincide @ http://localhost:3000/_next/static/chunks/11hm_next_dist_0m6rgog._.js:2441
[  162044ms] [LOG] [DEBUG] - Comparando con 30/03/2026: no coincide @ http://localhost:3000/_next/static/chunks/11hm_next_dist_0m6rgog._.js:2441
[  162044ms] [LOG] [DEBUG] Resultado final para : NO INCLUIDO @ http://localhost:3000/_next/static/chunks/11hm_next_dist_0m6rgog._.js:2441
[  162044ms] [LOG] [DEBUG] Comparando fecha: 08/05/2025 con filtros: [05/03/2026, 08/03/2026, 10/03/2026, 12/03/2026, 15/03/2026, 18/03/2026, 20/03/2026, 22/03/2026, 25/03/2026, 27/03/2026, 28/03/2026, 29/03/2026, 30/03/2026] @ http://localhost:3000/_next/static/chunks/11hm_next_dist_0m6rgog._.js:2441
[  162045ms] [LOG] [DEBUG] - Comparando con 05/03/2026: no coincide @ http://localhost:3000/_next/static/chunks/11hm_next_dist_0m6rgog._.js:2441
[  162045ms] [LOG] [DEBUG] - Comparando con 08/03/2026: no coincide @ http://localhost:3000/_next/static/chunks/11hm_next_dist_0m6rgog._.js:2441
[  162045ms] [LOG] [DEBUG] - Comparando con 10/03/2026: no coincide @ http://localhost:3000/_next/static/chunks/11hm_next_dist_0m6rgog._.js:2441
[  162045ms] [LOG] [DEBUG] - Comparando con 12/03/2026: no coincide @ http://localhost:3000/_next/static/chunks/11hm_next_dist_0m6rgog._.js:2441
[  162045ms] [LOG] [DEBUG] - Comparando con 15/03/2026: no coincide @ http://localhost:3000/_next/static/chunks/11hm_next_dist_0m6rgog._.js:2441
[  162045ms] [LOG] [DEBUG] - Comparando con 18/03/2026: no coincide @ http://localhost:3000/_next/static/chunks/11hm_next_dist_0m6rgog._.js:2441
[  162045ms] [LOG] [DEBUG] - Comparando con 20/03/2026: no coincide @ http://localhost:3000/_next/static/chunks/11hm_next_dist_0m6rgog._.js:2441
[  162045ms] [LOG] [DEBUG] - Comparando con 22/03/2026: no coincide @ http://localhost:3000/_next/static/chunks/11hm_next_dist_0m6rgog._.js:2441
[  162046ms] [LOG] [DEBUG] - Comparando con 25/03/2026: no coincide @ http://localhost:3000/_next/static/chunks/11hm_next_dist_0m6rgog._.js:2441
[  162046ms] [LOG] [DEBUG] - Comparando con 27/03/2026: no coincide @ http://localhost:3000/_next/static/chunks/11hm_next_dist_0m6rgog._.js:2441
[  162046ms] [LOG] [DEBUG] - Comparando con 28/03/2026: no coincide @ http://localhost:3000/_next/static/chunks/11hm_next_dist_0m6rgog._.js:2441
[  162046ms] [LOG] [DEBUG] - Comparando con 29/03/2026: no coincide @ http://localhost:3000/_next/static/chunks/11hm_next_dist_0m6rgog._.js:2441
[  162046ms] [LOG] [DEBUG] - Comparando con 30/03/2026: no coincide @ http://localhost:3000/_next/static/chunks/11hm_next_dist_0m6rgog._.js:2441
[  162046ms] [LOG] [DEBUG] Resultado final para 08/05/2025: NO INCLUIDO @ http://localhost:3000/_next/static/chunks/11hm_next_dist_0m6rgog._.js:2441
[  162046ms] [LOG] [DEBUG] Comparando fecha:  con filtros: [05/03/2026, 08/03/2026, 10/03/2026, 12/03/2026, 15/03/2026, 18/03/2026, 20/03/2026, 22/03/2026, 25/03/2026, 27/03/2026, 28/03/2026, 29/03/2026, 30/03/2026] @ http://localhost:3000/_next/static/chunks/11hm_next_dist_0m6rgog._.js:2441
[  162046ms] [LOG] [DEBUG] - Comparando con 05/03/2026: no coincide @ http://localhost:3000/_next/static/chunks/11hm_next_dist_0m6rgog._.js:2441
[  162047ms] [LOG] [DEBUG] - Comparando con 08/03/2026: no coincide @ http://localhost:3000/_next/static/chunks/11hm_next_dist_0m6rgog._.js:2441
[  162047ms] [LOG] [DEBUG] - Comparando con 10/03/2026: no coincide @ http://localhost:3000/_next/static/chunks/11hm_next_dist_0m6rgog._.js:2441
[  162047ms] [LOG] [DEBUG] - Comparando con 12/03/2026: no coincide @ http://localhost:3000/_next/static/chunks/11hm_next_dist_0m6rgog._.js:2441
[  162047ms] [LOG] [DEBUG] - Comparando con 15/03/2026: no coincide @ http://localhost:3000/_next/static/chunks/11hm_next_dist_0m6rgog._.js:2441
[  162047ms] [LOG] [DEBUG] - Comparando con 18/03/2026: no coincide @ http://localhost:3000/_next/static/chunks/11hm_next_dist_0m6rgog._.js:2441
[  162047ms] [LOG] [DEBUG] - Comparando con 20/03/2026: no coincide @ http://localhost:3000/_next/static/chunks/11hm_next_dist_0m6rgog._.js:2441
[  162047ms] [LOG] [DEBUG] - Comparando con 22/03/2026: no coincide @ http://localhost:3000/_next/static/chunks/11hm_next_dist_0m6rgog._.js:2441
[  162047ms] [LOG] [DEBUG] - Comparando con 25/03/2026: no coincide @ http://localhost:3000/_next/static/chunks/11hm_next_dist_0m6rgog._.js:2441
[  162047ms] [LOG] [DEBUG] - Comparando con 27/03/2026: no coincide @ http://localhost:3000/_next/static/chunks/11hm_next_dist_0m6rgog._.js:2441
[  162048ms] [LOG] [DEBUG] - Comparando con 28/03/2026: no coincide @ http://localhost:3000/_next/static/chunks/11hm_next_dist_0m6rgog._.js:2441
[  162048ms] [LOG] [DEBUG] - Comparando con 29/03/2026: no coincide @ http://localhost:3000/_next/static/chunks/11hm_next_dist_0m6rgog._.js:2441
[  162048ms] [LOG] [DEBUG] - Comparando con 30/03/2026: no coincide @ http://localhost:3000/_next/static/chunks/11hm_next_dist_0m6rgog._.js:2441
[  162048ms] [LOG] [DEBUG] Resultado final para : NO INCLUIDO @ http://localhost:3000/_next/static/chunks/11hm_next_dist_0m6rgog._.js:2441
[  162048ms] [LOG] [DEBUG] Comparando fecha: 02/01/2026 con filtros: [05/03/2026, 08/03/2026, 10/03/2026, 12/03/2026, 15/03/2026, 18/03/2026, 20/03/2026, 22/03/2026, 25/03/2026, 27/03/2026, 28/03/2026, 29/03/2026, 30/03/2026] @ http://localhost:3000/_next/static/chunks/11hm_next_dist_0m6rgog._.js:2441
[  162048ms] [LOG] [DEBUG] - Comparando con 05/03/2026: no coincide @ http://localhost:3000/_next/static/chunks/11hm_next_dist_0m6rgog._.js:2441
[  162048ms] [LOG] [DEBUG] - Comparando con 08/03/2026: no coincide @ http://localhost:3000/_next/static/chunks/11hm_next_dist_0m6rgog._.js:2441
[  162048ms] [LOG] [DEBUG] - Comparando con 10/03/2026: no coincide @ http://localhost:3000/_next/static/chunks/11hm_next_dist_0m6rgog._.js:2441
[  162049ms] [LOG] [DEBUG] - Comparando con 12/03/2026: no coincide @ http://localhost:3000/_next/static/chunks/11hm_next_dist_0m6rgog._.js:2441
[  162049ms] [LOG] [DEBUG] - Comparando con 15/03/2026: no coincide @ http://localhost:3000/_next/static/chunks/11hm_next_dist_0m6rgog._.js:2441
[  162049ms] [LOG] [DEBUG] - Comparando con 18/03/2026: no coincide @ http://localhost:3000/_next/static/chunks/11hm_next_dist_0m6rgog._.js:2441
[  162049ms] [LOG] [DEBUG] - Comparando con 20/03/2026: no coincide @ http://localhost:3000/_next/static/chunks/11hm_next_dist_0m6rgog._.js:2441
[  162049ms] [LOG] [DEBUG] - Comparando con 22/03/2026: no coincide @ http://localhost:3000/_next/static/chunks/11hm_next_dist_0m6rgog._.js:2441
[  162049ms] [LOG] [DEBUG] - Comparando con 25/03/2026: no coincide @ http://localhost:3000/_next/static/chunks/11hm_next_dist_0m6rgog._.js:2441
[  162049ms] [LOG] [DEBUG] - Comparando con 27/03/2026: no coincide @ http://localhost:3000/_next/static/chunks/11hm_next_dist_0m6rgog._.js:2441
[  162049ms] [LOG] [DEBUG] - Comparando con 28/03/2026: no coincide @ http://localhost:3000/_next/static/chunks/11hm_next_dist_0m6rgog._.js:2441
[  162049ms] [LOG] [DEBUG] - Comparando con 29/03/2026: no coincide @ http://localhost:3000/_next/static/chunks/11hm_next_dist_0m6rgog._.js:2441
[  162050ms] [LOG] [DEBUG] - Comparando con 30/03/2026: no coincide @ http://localhost:3000/_next/static/chunks/11hm_next_dist_0m6rgog._.js:2441
[  162050ms] [LOG] [DEBUG] Resultado final para 02/01/2026: NO INCLUIDO @ http://localhost:3000/_next/static/chunks/11hm_next_dist_0m6rgog._.js:2441
[  162050ms] [LOG] [DEBUG] Comparando fecha:  con filtros: [05/03/2026, 08/03/2026, 10/03/2026, 12/03/2026, 15/03/2026, 18/03/2026, 20/03/2026, 22/03/2026, 25/03/2026, 27/03/2026, 28/03/2026, 29/03/2026, 30/03/2026] @ http://localhost:3000/_next/static/chunks/11hm_next_dist_0m6rgog._.js:2441
[  162050ms] [LOG] [DEBUG] - Comparando con 05/03/2026: no coincide @ http://localhost:3000/_next/static/chunks/11hm_next_dist_0m6rgog._.js:2441
[  162050ms] [LOG] [DEBUG] - Comparando con 08/03/2026: no coincide @ http://localhost:3000/_next/static/chunks/11hm_next_dist_0m6rgog._.js:2441
[  162050ms] [LOG] [DEBUG] - Comparando con 10/03/2026: no coincide @ http://localhost:3000/_next/static/chunks/11hm_next_dist_0m6rgog._.js:2441
[  162050ms] [LOG] [DEBUG] - Comparando con 12/03/2026: no coincide @ http://localhost:3000/_next/static/chunks/11hm_next_dist_0m6rgog._.js:2441
[  162050ms] [LOG] [DEBUG] - Comparando con 15/03/2026: no coincide @ http://localhost:3000/_next/static/chunks/11hm_next_dist_0m6rgog._.js:2441
[  162050ms] [LOG] [DEBUG] - Comparando con 18/03/2026: no coincide @ http://localhost:3000/_next/static/chunks/11hm_next_dist_0m6rgog._.js:2441
[  162051ms] [LOG] [DEBUG] - Comparando con 20/03/2026: no coincide @ http://localhost:3000/_next/static/chunks/11hm_next_dist_0m6rgog._.js:2441
[  162051ms] [LOG] [DEBUG] - Comparando con 22/03/2026: no coincide @ http://localhost:3000/_next/static/chunks/11hm_next_dist_0m6rgog._.js:2441
[  162051ms] [LOG] [DEBUG] - Comparando con 25/03/2026: no coincide @ http://localhost:3000/_next/static/chunks/11hm_next_dist_0m6rgog._.js:2441
[  162051ms] [LOG] [DEBUG] - Comparando con 27/03/2026: no coincide @ http://localhost:3000/_next/static/chunks/11hm_next_dist_0m6rgog._.js:2441
[  162051ms] [LOG] [DEBUG] - Comparando con 28/03/2026: no coincide @ http://localhost:3000/_next/static/chunks/11hm_next_dist_0m6rgog._.js:2441
[  162051ms] [LOG] [DEBUG] - Comparando con 29/03/2026: no coincide @ http://localhost:3000/_next/static/chunks/11hm_next_dist_0m6rgog._.js:2441
[  162051ms] [LOG] [DEBUG] - Comparando con 30/03/2026: no coincide @ http://localhost:3000/_next/static/chunks/11hm_next_dist_0m6rgog._.js:2441
[  162051ms] [LOG] [DEBUG] Resultado final para : NO INCLUIDO @ http://localhost:3000/_next/static/chunks/11hm_next_dist_0m6rgog._.js:2441
[  162051ms] [LOG] [DEBUG] Comparando fecha: 02/12/2026 con filtros: [05/03/2026, 08/03/2026, 10/03/2026, 12/03/2026, 15/03/2026, 18/03/2026, 20/03/2026, 22/03/2026, 25/03/2026, 27/03/2026, 28/03/2026, 29/03/2026, 30/03/2026] @ http://localhost:3000/_next/static/chunks/11hm_next_dist_0m6rgog._.js:2441
[  162052ms] [LOG] [DEBUG] - Comparando con 05/03/2026: no coincide @ http://localhost:3000/_next/static/chunks/11hm_next_dist_0m6rgog._.js:2441
[  162052ms] [LOG] [DEBUG] - Comparando con 08/03/2026: no coincide @ http://localhost:3000/_next/static/chunks/11hm_next_dist_0m6rgog._.js:2441
[  162052ms] [LOG] [DEBUG] - Comparando con 10/03/2026: no coincide @ http://localhost:3000/_next/static/chunks/11hm_next_dist_0m6rgog._.js:2441
[  162052ms] [LOG] [DEBUG] - Comparando con 12/03/2026: no coincide @ http://localhost:3000/_next/static/chunks/11hm_next_dist_0m6rgog._.js:2441
[  162052ms] [LOG] [DEBUG] - Comparando con 15/03/2026: no coincide @ http://localhost:3000/_next/static/chunks/11hm_next_dist_0m6rgog._.js:2441
[  162052ms] [LOG] [DEBUG] - Comparando con 18/03/2026: no coincide @ http://localhost:3000/_next/static/chunks/11hm_next_dist_0m6rgog._.js:2441
[  162052ms] [LOG] [DEBUG] - Comparando con 20/03/2026: no coincide @ http://localhost:3000/_next/static/chunks/11hm_next_dist_0m6rgog._.js:2441
[  162052ms] [LOG] [DEBUG] - Comparando con 22/03/2026: no coincide @ http://localhost:3000/_next/static/chunks/11hm_next_dist_0m6rgog._.js:2441
[  162052ms] [LOG] [DEBUG] - Comparando con 25/03/2026: no coincide @ http://localhost:3000/_next/static/chunks/11hm_next_dist_0m6rgog._.js:2441
[  162052ms] [LOG] [DEBUG] - Comparando con 27/03/2026: no coincide @ http://localhost:3000/_next/static/chunks/11hm_next_dist_0m6rgog._.js:2441
[  162053ms] [LOG] [DEBUG] - Comparando con 28/03/2026: no coincide @ http://localhost:3000/_next/static/chunks/11hm_next_dist_0m6rgog._.js:2441
[  162053ms] [LOG] [DEBUG] - Comparando con 29/03/2026: no coincide @ http://localhost:3000/_next/static/chunks/11hm_next_dist_0m6rgog._.js:2441
[  162053ms] [LOG] [DEBUG] - Comparando con 30/03/2026: no coincide @ http://localhost:3000/_next/static/chunks/11hm_next_dist_0m6rgog._.js:2441
[  162053ms] [LOG] [DEBUG] Resultado final para 02/12/2026: NO INCLUIDO @ http://localhost:3000/_next/static/chunks/11hm_next_dist_0m6rgog._.js:2441
[  162053ms] [LOG] [DEBUG] Comparando fecha:  con filtros: [05/03/2026, 08/03/2026, 10/03/2026, 12/03/2026, 15/03/2026, 18/03/2026, 20/03/2026, 22/03/2026, 25/03/2026, 27/03/2026, 28/03/2026, 29/03/2026, 30/03/2026] @ http://localhost:3000/_next/static/chunks/11hm_next_dist_0m6rgog._.js:2441
[  162053ms] [LOG] [DEBUG] - Comparando con 05/03/2026: no coincide @ http://localhost:3000/_next/static/chunks/11hm_next_dist_0m6rgog._.js:2441
[  162053ms] [LOG] [DEBUG] - Comparando con 08/03/2026: no coincide @ http://localhost:3000/_next/static/chunks/11hm_next_dist_0m6rgog._.js:2441
[  162053ms] [LOG] [DEBUG] - Comparando con 10/03/2026: no coincide @ http://localhost:3000/_next/static/chunks/11hm_next_dist_0m6rgog._.js:2441
[  162053ms] [LOG] [DEBUG] - Comparando con 12/03/2026: no coincide @ http://localhost:3000/_next/static/chunks/11hm_next_dist_0m6rgog._.js:2441
[  162054ms] [LOG] [DEBUG] - Comparando con 15/03/2026: no coincide @ http://localhost:3000/_next/static/chunks/11hm_next_dist_0m6rgog._.js:2441
[  162054ms] [LOG] [DEBUG] - Comparando con 18/03/2026: no coincide @ http://localhost:3000/_next/static/chunks/11hm_next_dist_0m6rgog._.js:2441
[  162054ms] [LOG] [DEBUG] - Comparando con 20/03/2026: no coincide @ http://localhost:3000/_next/static/chunks/11hm_next_dist_0m6rgog._.js:2441
[  162054ms] [LOG] [DEBUG] - Comparando con 22/03/2026: no coincide @ http://localhost:3000/_next/static/chunks/11hm_next_dist_0m6rgog._.js:2441
[  162054ms] [LOG] [DEBUG] - Comparando con 25/03/2026: no coincide @ http://localhost:3000/_next/static/chunks/11hm_next_dist_0m6rgog._.js:2441
[  162054ms] [LOG] [DEBUG] - Comparando con 27/03/2026: no coincide @ http://localhost:3000/_next/static/chunks/11hm_next_dist_0m6rgog._.js:2441
[  162054ms] [LOG] [DEBUG] - Comparando con 28/03/2026: no coincide @ http://localhost:3000/_next/static/chunks/11hm_next_dist_0m6rgog._.js:2441
[  162054ms] [LOG] [DEBUG] - Comparando con 29/03/2026: no coincide @ http://localhost:3000/_next/static/chunks/11hm_next_dist_0m6rgog._.js:2441
[  162054ms] [LOG] [DEBUG] - Comparando con 30/03/2026: no coincide @ http://localhost:3000/_next/static/chunks/11hm_next_dist_0m6rgog._.js:2441
[  162054ms] [LOG] [DEBUG] Resultado final para : NO INCLUIDO @ http://localhost:3000/_next/static/chunks/11hm_next_dist_0m6rgog._.js:2441
[  162055ms] [LOG] [DEBUG] Comparando fecha:  con filtros: [05/03/2026, 08/03/2026, 10/03/2026, 12/03/2026, 15/03/2026, 18/03/2026, 20/03/2026, 22/03/2026, 25/03/2026, 27/03/2026, 28/03/2026, 29/03/2026, 30/03/2026] @ http://localhost:3000/_next/static/chunks/11hm_next_dist_0m6rgog._.js:2441
[  162055ms] [LOG] [DEBUG] - Comparando con 05/03/2026: no coincide @ http://localhost:3000/_next/static/chunks/11hm_next_dist_0m6rgog._.js:2441
[  162055ms] [LOG] [DEBUG] - Comparando con 08/03/2026: no coincide @ http://localhost:3000/_next/static/chunks/11hm_next_dist_0m6rgog._.js:2441
[  162055ms] [LOG] [DEBUG] - Comparando con 10/03/2026: no coincide @ http://localhost:3000/_next/static/chunks/11hm_next_dist_0m6rgog._.js:2441
[  162055ms] [LOG] [DEBUG] - Comparando con 12/03/2026: no coincide @ http://localhost:3000/_next/static/chunks/11hm_next_dist_0m6rgog._.js:2441
[  162055ms] [LOG] [DEBUG] - Comparando con 15/03/2026: no coincide @ http://localhost:3000/_next/static/chunks/11hm_next_dist_0m6rgog._.js:2441
[  162055ms] [LOG] [DEBUG] - Comparando con 18/03/2026: no coincide @ http://localhost:3000/_next/static/chunks/11hm_next_dist_0m6rgog._.js:2441
[  162055ms] [LOG] [DEBUG] - Comparando con 20/03/2026: no coincide @ http://localhost:3000/_next/static/chunks/11hm_next_dist_0m6rgog._.js:2441
[  162055ms] [LOG] [DEBUG] - Comparando con 22/03/2026: no coincide @ http://localhost:3000/_next/static/chunks/11hm_next_dist_0m6rgog._.js:2441
[  162055ms] [LOG] [DEBUG] - Comparando con 25/03/2026: no coincide @ http://localhost:3000/_next/static/chunks/11hm_next_dist_0m6rgog._.js:2441
[  162056ms] [LOG] [DEBUG] - Comparando con 27/03/2026: no coincide @ http://localhost:3000/_next/static/chunks/11hm_next_dist_0m6rgog._.js:2441
[  162056ms] [LOG] [DEBUG] - Comparando con 28/03/2026: no coincide @ http://localhost:3000/_next/static/chunks/11hm_next_dist_0m6rgog._.js:2441
[  162056ms] [LOG] [DEBUG] - Comparando con 29/03/2026: no coincide @ http://localhost:3000/_next/static/chunks/11hm_next_dist_0m6rgog._.js:2441
[  162056ms] [LOG] [DEBUG] - Comparando con 30/03/2026: no coincide @ http://localhost:3000/_next/static/chunks/11hm_next_dist_0m6rgog._.js:2441
[  162056ms] [LOG] [DEBUG] Resultado final para : NO INCLUIDO @ http://localhost:3000/_next/static/chunks/11hm_next_dist_0m6rgog._.js:2441
[  162056ms] [LOG] [DEBUG] Comparando fecha:  con filtros: [05/03/2026, 08/03/2026, 10/03/2026, 12/03/2026, 15/03/2026, 18/03/2026, 20/03/2026, 22/03/2026, 25/03/2026, 27/03/2026, 28/03/2026, 29/03/2026, 30/03/2026] @ http://localhost:3000/_next/static/chunks/11hm_next_dist_0m6rgog._.js:2441
[  162056ms] [LOG] [DEBUG] - Comparando con 05/03/2026: no coincide @ http://localhost:3000/_next/static/chunks/11hm_next_dist_0m6rgog._.js:2441
[  162056ms] [LOG] [DEBUG] - Comparando con 08/03/2026: no coincide @ http://localhost:3000/_next/static/chunks/11hm_next_dist_0m6rgog._.js:2441
[  162056ms] [LOG] [DEBUG] - Comparando con 10/03/2026: no coincide @ http://localhost:3000/_next/static/chunks/11hm_next_dist_0m6rgog._.js:2441
[  162056ms] [LOG] [DEBUG] - Comparando con 12/03/2026: no coincide @ http://localhost:3000/_next/static/chunks/11hm_next_dist_0m6rgog._.js:2441
[  162057ms] [LOG] [DEBUG] - Comparando con 15/03/2026: no coincide @ http://localhost:3000/_next/static/chunks/11hm_next_dist_0m6rgog._.js:2441
[  162057ms] [LOG] [DEBUG] - Comparando con 18/03/2026: no coincide @ http://localhost:3000/_next/static/chunks/11hm_next_dist_0m6rgog._.js:2441
[  162057ms] [LOG] [DEBUG] - Comparando con 20/03/2026: no coincide @ http://localhost:3000/_next/static/chunks/11hm_next_dist_0m6rgog._.js:2441
[  162057ms] [LOG] [DEBUG] - Comparando con 22/03/2026: no coincide @ http://localhost:3000/_next/static/chunks/11hm_next_dist_0m6rgog._.js:2441
[  162057ms] [LOG] [DEBUG] - Comparando con 25/03/2026: no coincide @ http://localhost:3000/_next/static/chunks/11hm_next_dist_0m6rgog._.js:2441
[  162057ms] [LOG] [DEBUG] - Comparando con 27/03/2026: no coincide @ http://localhost:3000/_next/static/chunks/11hm_next_dist_0m6rgog._.js:2441
[  162057ms] [LOG] [DEBUG] - Comparando con 28/03/2026: no coincide @ http://localhost:3000/_next/static/chunks/11hm_next_dist_0m6rgog._.js:2441
[  162057ms] [LOG] [DEBUG] - Comparando con 29/03/2026: no coincide @ http://localhost:3000/_next/static/chunks/11hm_next_dist_0m6rgog._.js:2441
[  162057ms] [LOG] [DEBUG] - Comparando con 30/03/2026: no coincide @ http://localhost:3000/_next/static/chunks/11hm_next_dist_0m6rgog._.js:2441
[  162057ms] [LOG] [DEBUG] Resultado final para : NO INCLUIDO @ http://localhost:3000/_next/static/chunks/11hm_next_dist_0m6rgog._.js:2441
[  162057ms] [LOG] [DEBUG] Comparando fecha:  con filtros: [05/03/2026, 08/03/2026, 10/03/2026, 12/03/2026, 15/03/2026, 18/03/2026, 20/03/2026, 22/03/2026, 25/03/2026, 27/03/2026, 28/03/2026, 29/03/2026, 30/03/2026] @ http://localhost:3000/_next/static/chunks/11hm_next_dist_0m6rgog._.js:2441
[  162058ms] [LOG] [DEBUG] - Comparando con 05/03/2026: no coincide @ http://localhost:3000/_next/static/chunks/11hm_next_dist_0m6rgog._.js:2441
[  162058ms] [LOG] [DEBUG] - Comparando con 08/03/2026: no coincide @ http://localhost:3000/_next/static/chunks/11hm_next_dist_0m6rgog._.js:2441
[  162058ms] [LOG] [DEBUG] - Comparando con 10/03/2026: no coincide @ http://localhost:3000/_next/static/chunks/11hm_next_dist_0m6rgog._.js:2441
[  162058ms] [LOG] [DEBUG] - Comparando con 12/03/2026: no coincide @ http://localhost:3000/_next/static/chunks/11hm_next_dist_0m6rgog._.js:2441
[  162058ms] [LOG] [DEBUG] - Comparando con 15/03/2026: no coincide @ http://localhost:3000/_next/static/chunks/11hm_next_dist_0m6rgog._.js:2441
[  162058ms] [LOG] [DEBUG] - Comparando con 18/03/2026: no coincide @ http://localhost:3000/_next/static/chunks/11hm_next_dist_0m6rgog._.js:2441
[  162058ms] [LOG] [DEBUG] - Comparando con 20/03/2026: no coincide @ http://localhost:3000/_next/static/chunks/11hm_next_dist_0m6rgog._.js:2441
[  162058ms] [LOG] [DEBUG] - Comparando con 22/03/2026: no coincide @ http://localhost:3000/_next/static/chunks/11hm_next_dist_0m6rgog._.js:2441
[  162058ms] [LOG] [DEBUG] - Comparando con 25/03/2026: no coincide @ http://localhost:3000/_next/static/chunks/11hm_next_dist_0m6rgog._.js:2441
[  162058ms] [LOG] [DEBUG] - Comparando con 27/03/2026: no coincide @ http://localhost:3000/_next/static/chunks/11hm_next_dist_0m6rgog._.js:2441
[  162059ms] [LOG] [DEBUG] - Comparando con 28/03/2026: no coincide @ http://localhost:3000/_next/static/chunks/11hm_next_dist_0m6rgog._.js:2441
[  162059ms] [LOG] [DEBUG] - Comparando con 29/03/2026: no coincide @ http://localhost:3000/_next/static/chunks/11hm_next_dist_0m6rgog._.js:2441
[  162059ms] [LOG] [DEBUG] - Comparando con 30/03/2026: no coincide @ http://localhost:3000/_next/static/chunks/11hm_next_dist_0m6rgog._.js:2441
[  162059ms] [LOG] [DEBUG] Resultado final para : NO INCLUIDO @ http://localhost:3000/_next/static/chunks/11hm_next_dist_0m6rgog._.js:2441
[  162059ms] [LOG] [DEBUG] Comparando fecha:  con filtros: [05/03/2026, 08/03/2026, 10/03/2026, 12/03/2026, 15/03/2026, 18/03/2026, 20/03/2026, 22/03/2026, 25/03/2026, 27/03/2026, 28/03/2026, 29/03/2026, 30/03/2026] @ http://localhost:3000/_next/static/chunks/11hm_next_dist_0m6rgog._.js:2441
[  162059ms] [LOG] [DEBUG] - Comparando con 05/03/2026: no coincide @ http://localhost:3000/_next/static/chunks/11hm_next_dist_0m6rgog._.js:2441
[  162059ms] [LOG] [DEBUG] - Comparando con 08/03/2026: no coincide @ http://localhost:3000/_next/static/chunks/11hm_next_dist_0m6rgog._.js:2441
[  162060ms] [LOG] [DEBUG] - Comparando con 10/03/2026: no coincide @ http://localhost:3000/_next/static/chunks/11hm_next_dist_0m6rgog._.js:2441
[  162060ms] [LOG] [DEBUG] - Comparando con 12/03/2026: no coincide @ http://localhost:3000/_next/static/chunks/11hm_next_dist_0m6rgog._.js:2441
[  162060ms] [LOG] [DEBUG] - Comparando con 15/03/2026: no coincide @ http://localhost:3000/_next/static/chunks/11hm_next_dist_0m6rgog._.js:2441
[  162060ms] [LOG] [DEBUG] - Comparando con 18/03/2026: no coincide @ http://localhost:3000/_next/static/chunks/11hm_next_dist_0m6rgog._.js:2441
[  162060ms] [LOG] [DEBUG] - Comparando con 20/03/2026: no coincide @ http://localhost:3000/_next/static/chunks/11hm_next_dist_0m6rgog._.js:2441
[  162060ms] [LOG] [DEBUG] - Comparando con 22/03/2026: no coincide @ http://localhost:3000/_next/static/chunks/11hm_next_dist_0m6rgog._.js:2441
[  162060ms] [LOG] [DEBUG] - Comparando con 25/03/2026: no coincide @ http://localhost:3000/_next/static/chunks/11hm_next_dist_0m6rgog._.js:2441
[  162060ms] [LOG] [DEBUG] - Comparando con 27/03/2026: no coincide @ http://localhost:3000/_next/static/chunks/11hm_next_dist_0m6rgog._.js:2441
[  162060ms] [LOG] [DEBUG] - Comparando con 28/03/2026: no coincide @ http://localhost:3000/_next/static/chunks/11hm_next_dist_0m6rgog._.js:2441
[  162060ms] [LOG] [DEBUG] - Comparando con 29/03/2026: no coincide @ http://localhost:3000/_next/static/chunks/11hm_next_dist_0m6rgog._.js:2441
[  162060ms] [LOG] [DEBUG] - Comparando con 30/03/2026: no coincide @ http://localhost:3000/_next/static/chunks/11hm_next_dist_0m6rgog._.js:2441
[  162061ms] [LOG] [DEBUG] Resultado final para : NO INCLUIDO @ http://localhost:3000/_next/static/chunks/11hm_next_dist_0m6rgog._.js:2441
[  162061ms] [LOG] [DEBUG] Comparando fecha:  con filtros: [05/03/2026, 08/03/2026, 10/03/2026, 12/03/2026, 15/03/2026, 18/03/2026, 20/03/2026, 22/03/2026, 25/03/2026, 27/03/2026, 28/03/2026, 29/03/2026, 30/03/2026] @ http://localhost:3000/_next/static/chunks/11hm_next_dist_0m6rgog._.js:2441
[  162061ms] [LOG] [DEBUG] - Comparando con 05/03/2026: no coincide @ http://localhost:3000/_next/static/chunks/11hm_next_dist_0m6rgog._.js:2441
[  162061ms] [LOG] [DEBUG] - Comparando con 08/03/2026: no coincide @ http://localhost:3000/_next/static/chunks/11hm_next_dist_0m6rgog._.js:2441
[  162061ms] [LOG] [DEBUG] - Comparando con 10/03/2026: no coincide @ http://localhost:3000/_next/static/chunks/11hm_next_dist_0m6rgog._.js:2441
[  162061ms] [LOG] [DEBUG] - Comparando con 12/03/2026: no coincide @ http://localhost:3000/_next/static/chunks/11hm_next_dist_0m6rgog._.js:2441
[  162061ms] [LOG] [DEBUG] - Comparando con 15/03/2026: no coincide @ http://localhost:3000/_next/static/chunks/11hm_next_dist_0m6rgog._.js:2441
[  162061ms] [LOG] [DEBUG] - Comparando con 18/03/2026: no coincide @ http://localhost:3000/_next/static/chunks/11hm_next_dist_0m6rgog._.js:2441
[  162061ms] [LOG] [DEBUG] - Comparando con 20/03/2026: no coincide @ http://localhost:3000/_next/static/chunks/11hm_next_dist_0m6rgog._.js:2441
[  162061ms] [LOG] [DEBUG] - Comparando con 22/03/2026: no coincide @ http://localhost:3000/_next/static/chunks/11hm_next_dist_0m6rgog._.js:2441
[  162061ms] [LOG] [DEBUG] - Comparando con 25/03/2026: no coincide @ http://localhost:3000/_next/static/chunks/11hm_next_dist_0m6rgog._.js:2441
[  162062ms] [LOG] [DEBUG] - Comparando con 27/03/2026: no coincide @ http://localhost:3000/_next/static/chunks/11hm_next_dist_0m6rgog._.js:2441
[  162062ms] [LOG] [DEBUG] - Comparando con 28/03/2026: no coincide @ http://localhost:3000/_next/static/chunks/11hm_next_dist_0m6rgog._.js:2441
[  162062ms] [LOG] [DEBUG] - Comparando con 29/03/2026: no coincide @ http://localhost:3000/_next/static/chunks/11hm_next_dist_0m6rgog._.js:2441
[  162062ms] [LOG] [DEBUG] - Comparando con 30/03/2026: no coincide @ http://localhost:3000/_next/static/chunks/11hm_next_dist_0m6rgog._.js:2441
[  162062ms] [LOG] [DEBUG] Resultado final para : NO INCLUIDO @ http://localhost:3000/_next/static/chunks/11hm_next_dist_0m6rgog._.js:2441
[  162062ms] [LOG] [DEBUG] Comparando fecha:  con filtros: [05/03/2026, 08/03/2026, 10/03/2026, 12/03/2026, 15/03/2026, 18/03/2026, 20/03/2026, 22/03/2026, 25/03/2026, 27/03/2026, 28/03/2026, 29/03/2026, 30/03/2026] @ http://localhost:3000/_next/static/chunks/11hm_next_dist_0m6rgog._.js:2441
[  162062ms] [LOG] [DEBUG] - Comparando con 05/03/2026: no coincide @ http://localhost:3000/_next/static/chunks/11hm_next_dist_0m6rgog._.js:2441
[  162062ms] [LOG] [DEBUG] - Comparando con 08/03/2026: no coincide @ http://localhost:3000/_next/static/chunks/11hm_next_dist_0m6rgog._.js:2441
[  162062ms] [LOG] [DEBUG] - Comparando con 10/03/2026: no coincide @ http://localhost:3000/_next/static/chunks/11hm_next_dist_0m6rgog._.js:2441
[  162062ms] [LOG] [DEBUG] - Comparando con 12/03/2026: no coincide @ http://localhost:3000/_next/static/chunks/11hm_next_dist_0m6rgog._.js:2441
[  162062ms] [LOG] [DEBUG] - Comparando con 15/03/2026: no coincide @ http://localhost:3000/_next/static/chunks/11hm_next_dist_0m6rgog._.js:2441
[  162063ms] [LOG] [DEBUG] - Comparando con 18/03/2026: no coincide @ http://localhost:3000/_next/static/chunks/11hm_next_dist_0m6rgog._.js:2441
[  162063ms] [LOG] [DEBUG] - Comparando con 20/03/2026: no coincide @ http://localhost:3000/_next/static/chunks/11hm_next_dist_0m6rgog._.js:2441
[  162063ms] [LOG] [DEBUG] - Comparando con 22/03/2026: no coincide @ http://localhost:3000/_next/static/chunks/11hm_next_dist_0m6rgog._.js:2441
[  162063ms] [LOG] [DEBUG] - Comparando con 25/03/2026: no coincide @ http://localhost:3000/_next/static/chunks/11hm_next_dist_0m6rgog._.js:2441
[  162063ms] [LOG] [DEBUG] - Comparando con 27/03/2026: no coincide @ http://localhost:3000/_next/static/chunks/11hm_next_dist_0m6rgog._.js:2441
[  162063ms] [LOG] [DEBUG] - Comparando con 28/03/2026: no coincide @ http://localhost:3000/_next/static/chunks/11hm_next_dist_0m6rgog._.js:2441
[  162063ms] [LOG] [DEBUG] - Comparando con 29/03/2026: no coincide @ http://localhost:3000/_next/static/chunks/11hm_next_dist_0m6rgog._.js:2441
[  162063ms] [LOG] [DEBUG] - Comparando con 30/03/2026: no coincide @ http://localhost:3000/_next/static/chunks/11hm_next_dist_0m6rgog._.js:2441
[  162063ms] [LOG] [DEBUG] Resultado final para : NO INCLUIDO @ http://localhost:3000/_next/static/chunks/11hm_next_dist_0m6rgog._.js:2441
[  162063ms] [LOG] [DEBUG] Comparando fecha:  con filtros: [05/03/2026, 08/03/2026, 10/03/2026, 12/03/2026, 15/03/2026, 18/03/2026, 20/03/2026, 22/03/2026, 25/03/2026, 27/03/2026, 28/03/2026, 29/03/2026, 30/03/2026] @ http://localhost:3000/_next/static/chunks/11hm_next_dist_0m6rgog._.js:2441
[  162063ms] [LOG] [DEBUG] - Comparando con 05/03/2026: no coincide @ http://localhost:3000/_next/static/chunks/11hm_next_dist_0m6rgog._.js:2441
[  162063ms] [LOG] [DEBUG] - Comparando con 08/03/2026: no coincide @ http://localhost:3000/_next/static/chunks/11hm_next_dist_0m6rgog._.js:2441
[  162064ms] [LOG] [DEBUG] - Comparando con 10/03/2026: no coincide @ http://localhost:3000/_next/static/chunks/11hm_next_dist_0m6rgog._.js:2441
[  162064ms] [LOG] [DEBUG] - Comparando con 12/03/2026: no coincide @ http://localhost:3000/_next/static/chunks/11hm_next_dist_0m6rgog._.js:2441
[  162064ms] [LOG] [DEBUG] - Comparando con 15/03/2026: no coincide @ http://localhost:3000/_next/static/chunks/11hm_next_dist_0m6rgog._.js:2441
[  162064ms] [LOG] [DEBUG] - Comparando con 18/03/2026: no coincide @ http://localhost:3000/_next/static/chunks/11hm_next_dist_0m6rgog._.js:2441
[  162064ms] [LOG] [DEBUG] - Comparando con 20/03/2026: no coincide @ http://localhost:3000/_next/static/chunks/11hm_next_dist_0m6rgog._.js:2441
[  162064ms] [LOG] [DEBUG] - Comparando con 22/03/2026: no coincide @ http://localhost:3000/_next/static/chunks/11hm_next_dist_0m6rgog._.js:2441
[  162064ms] [LOG] [DEBUG] - Comparando con 25/03/2026: no coincide @ http://localhost:3000/_next/static/chunks/11hm_next_dist_0m6rgog._.js:2441
[  162064ms] [LOG] [DEBUG] - Comparando con 27/03/2026: no coincide @ http://localhost:3000/_next/static/chunks/11hm_next_dist_0m6rgog._.js:2441
[  162064ms] [LOG] [DEBUG] - Comparando con 28/03/2026: no coincide @ http://localhost:3000/_next/static/chunks/11hm_next_dist_0m6rgog._.js:2441
[  162064ms] [LOG] [DEBUG] - Comparando con 29/03/2026: no coincide @ http://localhost:3000/_next/static/chunks/11hm_next_dist_0m6rgog._.js:2441
[  162064ms] [LOG] [DEBUG] - Comparando con 30/03/2026: no coincide @ http://localhost:3000/_next/static/chunks/11hm_next_dist_0m6rgog._.js:2441
[  162065ms] [LOG] [DEBUG] Resultado final para : NO INCLUIDO @ http://localhost:3000/_next/static/chunks/11hm_next_dist_0m6rgog._.js:2441
[  162065ms] [LOG] [DEBUG] Comparando fecha: 02/08/2026 con filtros: [05/03/2026, 08/03/2026, 10/03/2026, 12/03/2026, 15/03/2026, 18/03/2026, 20/03/2026, 22/03/2026, 25/03/2026, 27/03/2026, 28/03/2026, 29/03/2026, 30/03/2026] @ http://localhost:3000/_next/static/chunks/11hm_next_dist_0m6rgog._.js:2441
[  162066ms] [LOG] [DEBUG] - Comparando con 05/03/2026: no coincide @ http://localhost:3000/_next/static/chunks/11hm_next_dist_0m6rgog._.js:2441
[  162066ms] [LOG] [DEBUG] - Comparando con 08/03/2026: no coincide @ http://localhost:3000/_next/static/chunks/11hm_next_dist_0m6rgog._.js:2441
[  162066ms] [LOG] [DEBUG] - Comparando con 10/03/2026: no coincide @ http://localhost:3000/_next/static/chunks/11hm_next_dist_0m6rgog._.js:2441
[  162066ms] [LOG] [DEBUG] - Comparando con 12/03/2026: no coincide @ http://localhost:3000/_next/static/chunks/11hm_next_dist_0m6rgog._.js:2441
[  162066ms] [LOG] [DEBUG] - Comparando con 15/03/2026: no coincide @ http://localhost:3000/_next/static/chunks/11hm_next_dist_0m6rgog._.js:2441
[  162066ms] [LOG] [DEBUG] - Comparando con 18/03/2026: no coincide @ http://localhost:3000/_next/static/chunks/11hm_next_dist_0m6rgog._.js:2441
[  162066ms] [LOG] [DEBUG] - Comparando con 20/03/2026: no coincide @ http://localhost:3000/_next/static/chunks/11hm_next_dist_0m6rgog._.js:2441
[  162066ms] [LOG] [DEBUG] - Comparando con 22/03/2026: no coincide @ http://localhost:3000/_next/static/chunks/11hm_next_dist_0m6rgog._.js:2441
[  162066ms] [LOG] [DEBUG] - Comparando con 25/03/2026: no coincide @ http://localhost:3000/_next/static/chunks/11hm_next_dist_0m6rgog._.js:2441
[  162066ms] [LOG] [DEBUG] - Comparando con 27/03/2026: no coincide @ http://localhost:3000/_next/static/chunks/11hm_next_dist_0m6rgog._.js:2441
[  162066ms] [LOG] [DEBUG] - Comparando con 28/03/2026: no coincide @ http://localhost:3000/_next/static/chunks/11hm_next_dist_0m6rgog._.js:2441
[  162067ms] [LOG] [DEBUG] - Comparando con 29/03/2026: no coincide @ http://localhost:3000/_next/static/chunks/11hm_next_dist_0m6rgog._.js:2441
[  162067ms] [LOG] [DEBUG] - Comparando con 30/03/2026: no coincide @ http://localhost:3000/_next/static/chunks/11hm_next_dist_0m6rgog._.js:2441
[  162067ms] [LOG] [DEBUG] Resultado final para 02/08/2026: NO INCLUIDO @ http://localhost:3000/_next/static/chunks/11hm_next_dist_0m6rgog._.js:2441
[  162067ms] [LOG] [DEBUG] Comparando fecha:  con filtros: [05/03/2026, 08/03/2026, 10/03/2026, 12/03/2026, 15/03/2026, 18/03/2026, 20/03/2026, 22/03/2026, 25/03/2026, 27/03/2026, 28/03/2026, 29/03/2026, 30/03/2026] @ http://localhost:3000/_next/static/chunks/11hm_next_dist_0m6rgog._.js:2441
[  162067ms] [LOG] [DEBUG] - Comparando con 05/03/2026: no coincide @ http://localhost:3000/_next/static/chunks/11hm_next_dist_0m6rgog._.js:2441
[  162067ms] [LOG] [DEBUG] - Comparando con 08/03/2026: no coincide @ http://localhost:3000/_next/static/chunks/11hm_next_dist_0m6rgog._.js:2441
[  162067ms] [LOG] [DEBUG] - Comparando con 10/03/2026: no coincide @ http://localhost:3000/_next/static/chunks/11hm_next_dist_0m6rgog._.js:2441
[  162067ms] [LOG] [DEBUG] - Comparando con 12/03/2026: no coincide @ http://localhost:3000/_next/static/chunks/11hm_next_dist_0m6rgog._.js:2441
[  162067ms] [LOG] [DEBUG] - Comparando con 15/03/2026: no coincide @ http://localhost:3000/_next/static/chunks/11hm_next_dist_0m6rgog._.js:2441
[  162067ms] [LOG] [DEBUG] - Comparando con 18/03/2026: no coincide @ http://localhost:3000/_next/static/chunks/11hm_next_dist_0m6rgog._.js:2441
[  162067ms] [LOG] [DEBUG] - Comparando con 20/03/2026: no coincide @ http://localhost:3000/_next/static/chunks/11hm_next_dist_0m6rgog._.js:2441
[  162068ms] [LOG] [DEBUG] - Comparando con 22/03/2026: no coincide @ http://localhost:3000/_next/static/chunks/11hm_next_dist_0m6rgog._.js:2441
[  162068ms] [LOG] [DEBUG] - Comparando con 25/03/2026: no coincide @ http://localhost:3000/_next/static/chunks/11hm_next_dist_0m6rgog._.js:2441
[  162068ms] [LOG] [DEBUG] - Comparando con 27/03/2026: no coincide @ http://localhost:3000/_next/static/chunks/11hm_next_dist_0m6rgog._.js:2441
[  162068ms] [LOG] [DEBUG] - Comparando con 28/03/2026: no coincide @ http://localhost:3000/_next/static/chunks/11hm_next_dist_0m6rgog._.js:2441
[  162068ms] [LOG] [DEBUG] - Comparando con 29/03/2026: no coincide @ http://localhost:3000/_next/static/chunks/11hm_next_dist_0m6rgog._.js:2441
[  162068ms] [LOG] [DEBUG] - Comparando con 30/03/2026: no coincide @ http://localhost:3000/_next/static/chunks/11hm_next_dist_0m6rgog._.js:2441
[  162068ms] [LOG] [DEBUG] Resultado final para : NO INCLUIDO @ http://localhost:3000/_next/static/chunks/11hm_next_dist_0m6rgog._.js:2441
[  162068ms] [LOG] [DEBUG] Comparando fecha: 30/09/2026 con filtros: [05/03/2026, 08/03/2026, 10/03/2026, 12/03/2026, 15/03/2026, 18/03/2026, 20/03/2026, 22/03/2026, 25/03/2026, 27/03/2026, 28/03/2026, 29/03/2026, 30/03/2026] @ http://localhost:3000/_next/static/chunks/11hm_next_dist_0m6rgog._.js:2441
[  162068ms] [LOG] [DEBUG] - Comparando con 05/03/2026: no coincide @ http://localhost:3000/_next/static/chunks/11hm_next_dist_0m6rgog._.js:2441
[  162068ms] [LOG] [DEBUG] - Comparando con 08/03/2026: no coincide @ http://localhost:3000/_next/static/chunks/11hm_next_dist_0m6rgog._.js:2441
[  162068ms] [LOG] [DEBUG] - Comparando con 10/03/2026: no coincide @ http://localhost:3000/_next/static/chunks/11hm_next_dist_0m6rgog._.js:2441
[  162069ms] [LOG] [DEBUG] - Comparando con 12/03/2026: no coincide @ http://localhost:3000/_next/static/chunks/11hm_next_dist_0m6rgog._.js:2441
[  162069ms] [LOG] [DEBUG] - Comparando con 15/03/2026: no coincide @ http://localhost:3000/_next/static/chunks/11hm_next_dist_0m6rgog._.js:2441
[  162069ms] [LOG] [DEBUG] - Comparando con 18/03/2026: no coincide @ http://localhost:3000/_next/static/chunks/11hm_next_dist_0m6rgog._.js:2441
[  162069ms] [LOG] [DEBUG] - Comparando con 20/03/2026: no coincide @ http://localhost:3000/_next/static/chunks/11hm_next_dist_0m6rgog._.js:2441
[  162069ms] [LOG] [DEBUG] - Comparando con 22/03/2026: no coincide @ http://localhost:3000/_next/static/chunks/11hm_next_dist_0m6rgog._.js:2441
[  162069ms] [LOG] [DEBUG] - Comparando con 25/03/2026: no coincide @ http://localhost:3000/_next/static/chunks/11hm_next_dist_0m6rgog._.js:2441
[  162069ms] [LOG] [DEBUG] - Comparando con 27/03/2026: no coincide @ http://localhost:3000/_next/static/chunks/11hm_next_dist_0m6rgog._.js:2441
[  162069ms] [LOG] [DEBUG] - Comparando con 28/03/2026: no coincide @ http://localhost:3000/_next/static/chunks/11hm_next_dist_0m6rgog._.js:2441
[  162069ms] [LOG] [DEBUG] - Comparando con 29/03/2026: no coincide @ http://localhost:3000/_next/static/chunks/11hm_next_dist_0m6rgog._.js:2441
[  162069ms] [LOG] [DEBUG] - Comparando con 30/03/2026: no coincide @ http://localhost:3000/_next/static/chunks/11hm_next_dist_0m6rgog._.js:2441
[  162070ms] [LOG] [DEBUG] Resultado final para 30/09/2026: NO INCLUIDO @ http://localhost:3000/_next/static/chunks/11hm_next_dist_0m6rgog._.js:2441
[  162070ms] [LOG] [DEBUG] Comparando fecha: 11/01/2025 con filtros: [05/03/2026, 08/03/2026, 10/03/2026, 12/03/2026, 15/03/2026, 18/03/2026, 20/03/2026, 22/03/2026, 25/03/2026, 27/03/2026, 28/03/2026, 29/03/2026, 30/03/2026] @ http://localhost:3000/_next/static/chunks/11hm_next_dist_0m6rgog._.js:2441
[  162070ms] [LOG] [DEBUG] - Comparando con 05/03/2026: no coincide @ http://localhost:3000/_next/static/chunks/11hm_next_dist_0m6rgog._.js:2441
[  162070ms] [LOG] [DEBUG] - Comparando con 08/03/2026: no coincide @ http://localhost:3000/_next/static/chunks/11hm_next_dist_0m6rgog._.js:2441
[  162070ms] [LOG] [DEBUG] - Comparando con 10/03/2026: no coincide @ http://localhost:3000/_next/static/chunks/11hm_next_dist_0m6rgog._.js:2441
[  162070ms] [LOG] [DEBUG] - Comparando con 12/03/2026: no coincide @ http://localhost:3000/_next/static/chunks/11hm_next_dist_0m6rgog._.js:2441
[  162070ms] [LOG] [DEBUG] - Comparando con 15/03/2026: no coincide @ http://localhost:3000/_next/static/chunks/11hm_next_dist_0m6rgog._.js:2441
[  162070ms] [LOG] [DEBUG] - Comparando con 18/03/2026: no coincide @ http://localhost:3000/_next/static/chunks/11hm_next_dist_0m6rgog._.js:2441
[  162070ms] [LOG] [DEBUG] - Comparando con 20/03/2026: no coincide @ http://localhost:3000/_next/static/chunks/11hm_next_dist_0m6rgog._.js:2441
[  162070ms] [LOG] [DEBUG] - Comparando con 22/03/2026: no coincide @ http://localhost:3000/_next/static/chunks/11hm_next_dist_0m6rgog._.js:2441
[  162070ms] [LOG] [DEBUG] - Comparando con 25/03/2026: no coincide @ http://localhost:3000/_next/static/chunks/11hm_next_dist_0m6rgog._.js:2441
[  162070ms] [LOG] [DEBUG] - Comparando con 27/03/2026: no coincide @ http://localhost:3000/_next/static/chunks/11hm_next_dist_0m6rgog._.js:2441
[  162071ms] [LOG] [DEBUG] - Comparando con 28/03/2026: no coincide @ http://localhost:3000/_next/static/chunks/11hm_next_dist_0m6rgog._.js:2441
[  162071ms] [LOG] [DEBUG] - Comparando con 29/03/2026: no coincide @ http://localhost:3000/_next/static/chunks/11hm_next_dist_0m6rgog._.js:2441
[  162071ms] [LOG] [DEBUG] - Comparando con 30/03/2026: no coincide @ http://localhost:3000/_next/static/chunks/11hm_next_dist_0m6rgog._.js:2441
[  162071ms] [LOG] [DEBUG] Resultado final para 11/01/2025: NO INCLUIDO @ http://localhost:3000/_next/static/chunks/11hm_next_dist_0m6rgog._.js:2441
[  162071ms] [LOG] [DEBUG] Comparando fecha:  con filtros: [05/03/2026, 08/03/2026, 10/03/2026, 12/03/2026, 15/03/2026, 18/03/2026, 20/03/2026, 22/03/2026, 25/03/2026, 27/03/2026, 28/03/2026, 29/03/2026, 30/03/2026] @ http://localhost:3000/_next/static/chunks/11hm_next_dist_0m6rgog._.js:2441
[  162071ms] [LOG] [DEBUG] - Comparando con 05/03/2026: no coincide @ http://localhost:3000/_next/static/chunks/11hm_next_dist_0m6rgog._.js:2441
[  162071ms] [LOG] [DEBUG] - Comparando con 08/03/2026: no coincide @ http://localhost:3000/_next/static/chunks/11hm_next_dist_0m6rgog._.js:2441
[  162071ms] [LOG] [DEBUG] - Comparando con 10/03/2026: no coincide @ http://localhost:3000/_next/static/chunks/11hm_next_dist_0m6rgog._.js:2441
[  162071ms] [LOG] [DEBUG] - Comparando con 12/03/2026: no coincide @ http://localhost:3000/_next/static/chunks/11hm_next_dist_0m6rgog._.js:2441
[  162071ms] [LOG] [DEBUG] - Comparando con 15/03/2026: no coincide @ http://localhost:3000/_next/static/chunks/11hm_next_dist_0m6rgog._.js:2441
[  162071ms] [LOG] [DEBUG] - Comparando con 18/03/2026: no coincide @ http://localhost:3000/_next/static/chunks/11hm_next_dist_0m6rgog._.js:2441
[  162072ms] [LOG] [DEBUG] - Comparando con 20/03/2026: no coincide @ http://localhost:3000/_next/static/chunks/11hm_next_dist_0m6rgog._.js:2441
[  162072ms] [LOG] [DEBUG] - Comparando con 22/03/2026: no coincide @ http://localhost:3000/_next/static/chunks/11hm_next_dist_0m6rgog._.js:2441
[  162072ms] [LOG] [DEBUG] - Comparando con 25/03/2026: no coincide @ http://localhost:3000/_next/static/chunks/11hm_next_dist_0m6rgog._.js:2441
[  162072ms] [LOG] [DEBUG] - Comparando con 27/03/2026: no coincide @ http://localhost:3000/_next/static/chunks/11hm_next_dist_0m6rgog._.js:2441
[  162072ms] [LOG] [DEBUG] - Comparando con 28/03/2026: no coincide @ http://localhost:3000/_next/static/chunks/11hm_next_dist_0m6rgog._.js:2441
[  162072ms] [LOG] [DEBUG] - Comparando con 29/03/2026: no coincide @ http://localhost:3000/_next/static/chunks/11hm_next_dist_0m6rgog._.js:2441
[  162072ms] [LOG] [DEBUG] - Comparando con 30/03/2026: no coincide @ http://localhost:3000/_next/static/chunks/11hm_next_dist_0m6rgog._.js:2441
[  162072ms] [LOG] [DEBUG] Resultado final para : NO INCLUIDO @ http://localhost:3000/_next/static/chunks/11hm_next_dist_0m6rgog._.js:2441
[  162072ms] [LOG] [DEBUG] Comparando fecha:  con filtros: [05/03/2026, 08/03/2026, 10/03/2026, 12/03/2026, 15/03/2026, 18/03/2026, 20/03/2026, 22/03/2026, 25/03/2026, 27/03/2026, 28/03/2026, 29/03/2026, 30/03/2026] @ http://localhost:3000/_next/static/chunks/11hm_next_dist_0m6rgog._.js:2441
[  162072ms] [LOG] [DEBUG] - Comparando con 05/03/2026: no coincide @ http://localhost:3000/_next/static/chunks/11hm_next_dist_0m6rgog._.js:2441
[  162072ms] [LOG] [DEBUG] - Comparando con 08/03/2026: no coincide @ http://localhost:3000/_next/static/chunks/11hm_next_dist_0m6rgog._.js:2441
[  162072ms] [LOG] [DEBUG] - Comparando con 10/03/2026: no coincide @ http://localhost:3000/_next/static/chunks/11hm_next_dist_0m6rgog._.js:2441
[  162073ms] [LOG] [DEBUG] - Comparando con 12/03/2026: no coincide @ http://localhost:3000/_next/static/chunks/11hm_next_dist_0m6rgog._.js:2441
[  162073ms] [LOG] [DEBUG] - Comparando con 15/03/2026: no coincide @ http://localhost:3000/_next/static/chunks/11hm_next_dist_0m6rgog._.js:2441
[  162073ms] [LOG] [DEBUG] - Comparando con 18/03/2026: no coincide @ http://localhost:3000/_next/static/chunks/11hm_next_dist_0m6rgog._.js:2441
[  162073ms] [LOG] [DEBUG] - Comparando con 20/03/2026: no coincide @ http://localhost:3000/_next/static/chunks/11hm_next_dist_0m6rgog._.js:2441
[  162073ms] [LOG] [DEBUG] - Comparando con 22/03/2026: no coincide @ http://localhost:3000/_next/static/chunks/11hm_next_dist_0m6rgog._.js:2441
[  162073ms] [LOG] [DEBUG] - Comparando con 25/03/2026: no coincide @ http://localhost:3000/_next/static/chunks/11hm_next_dist_0m6rgog._.js:2441
[  162073ms] [LOG] [DEBUG] - Comparando con 27/03/2026: no coincide @ http://localhost:3000/_next/static/chunks/11hm_next_dist_0m6rgog._.js:2441
[  162073ms] [LOG] [DEBUG] - Comparando con 28/03/2026: no coincide @ http://localhost:3000/_next/static/chunks/11hm_next_dist_0m6rgog._.js:2441
[  162073ms] [LOG] [DEBUG] - Comparando con 29/03/2026: no coincide @ http://localhost:3000/_next/static/chunks/11hm_next_dist_0m6rgog._.js:2441
[  162073ms] [LOG] [DEBUG] - Comparando con 30/03/2026: no coincide @ http://localhost:3000/_next/static/chunks/11hm_next_dist_0m6rgog._.js:2441
[  162073ms] [LOG] [DEBUG] Resultado final para : NO INCLUIDO @ http://localhost:3000/_next/static/chunks/11hm_next_dist_0m6rgog._.js:2441
[  162073ms] [LOG] [DEBUG] Comparando fecha: 02/05/2026 con filtros: [05/03/2026, 08/03/2026, 10/03/2026, 12/03/2026, 15/03/2026, 18/03/2026, 20/03/2026, 22/03/2026, 25/03/2026, 27/03/2026, 28/03/2026, 29/03/2026, 30/03/2026] @ http://localhost:3000/_next/static/chunks/11hm_next_dist_0m6rgog._.js:2441
[  162073ms] [LOG] [DEBUG] - Comparando con 05/03/2026: no coincide @ http://localhost:3000/_next/static/chunks/11hm_next_dist_0m6rgog._.js:2441
[  162074ms] [LOG] [DEBUG] - Comparando con 08/03/2026: no coincide @ http://localhost:3000/_next/static/chunks/11hm_next_dist_0m6rgog._.js:2441
[  162074ms] [LOG] [DEBUG] - Comparando con 10/03/2026: no coincide @ http://localhost:3000/_next/static/chunks/11hm_next_dist_0m6rgog._.js:2441
[  162074ms] [LOG] [DEBUG] - Comparando con 12/03/2026: no coincide @ http://localhost:3000/_next/static/chunks/11hm_next_dist_0m6rgog._.js:2441
[  162074ms] [LOG] [DEBUG] - Comparando con 15/03/2026: no coincide @ http://localhost:3000/_next/static/chunks/11hm_next_dist_0m6rgog._.js:2441
[  162074ms] [LOG] [DEBUG] - Comparando con 18/03/2026: no coincide @ http://localhost:3000/_next/static/chunks/11hm_next_dist_0m6rgog._.js:2441
[  162074ms] [LOG] [DEBUG] - Comparando con 20/03/2026: no coincide @ http://localhost:3000/_next/static/chunks/11hm_next_dist_0m6rgog._.js:2441
[  162074ms] [LOG] [DEBUG] - Comparando con 22/03/2026: no coincide @ http://localhost:3000/_next/static/chunks/11hm_next_dist_0m6rgog._.js:2441
[  162074ms] [LOG] [DEBUG] - Comparando con 25/03/2026: no coincide @ http://localhost:3000/_next/static/chunks/11hm_next_dist_0m6rgog._.js:2441
[  162074ms] [LOG] [DEBUG] - Comparando con 27/03/2026: no coincide @ http://localhost:3000/_next/static/chunks/11hm_next_dist_0m6rgog._.js:2441
[  162074ms] [LOG] [DEBUG] - Comparando con 28/03/2026: no coincide @ http://localhost:3000/_next/static/chunks/11hm_next_dist_0m6rgog._.js:2441
[  162074ms] [LOG] [DEBUG] - Comparando con 29/03/2026: no coincide @ http://localhost:3000/_next/static/chunks/11hm_next_dist_0m6rgog._.js:2441
[  162074ms] [LOG] [DEBUG] - Comparando con 30/03/2026: no coincide @ http://localhost:3000/_next/static/chunks/11hm_next_dist_0m6rgog._.js:2441
[  162074ms] [LOG] [DEBUG] Resultado final para 02/05/2026: NO INCLUIDO @ http://localhost:3000/_next/static/chunks/11hm_next_dist_0m6rgog._.js:2441
[  162075ms] [LOG] [DEBUG] Comparando fecha:  con filtros: [05/03/2026, 08/03/2026, 10/03/2026, 12/03/2026, 15/03/2026, 18/03/2026, 20/03/2026, 22/03/2026, 25/03/2026, 27/03/2026, 28/03/2026, 29/03/2026, 30/03/2026] @ http://localhost:3000/_next/static/chunks/11hm_next_dist_0m6rgog._.js:2441
[  162075ms] [LOG] [DEBUG] - Comparando con 05/03/2026: no coincide @ http://localhost:3000/_next/static/chunks/11hm_next_dist_0m6rgog._.js:2441
[  162075ms] [LOG] [DEBUG] - Comparando con 08/03/2026: no coincide @ http://localhost:3000/_next/static/chunks/11hm_next_dist_0m6rgog._.js:2441
[  162075ms] [LOG] [DEBUG] - Comparando con 10/03/2026: no coincide @ http://localhost:3000/_next/static/chunks/11hm_next_dist_0m6rgog._.js:2441
[  162075ms] [LOG] [DEBUG] - Comparando con 12/03/2026: no coincide @ http://localhost:3000/_next/static/chunks/11hm_next_dist_0m6rgog._.js:2441
[  162075ms] [LOG] [DEBUG] - Comparando con 15/03/2026: no coincide @ http://localhost:3000/_next/static/chunks/11hm_next_dist_0m6rgog._.js:2441
[  162075ms] [LOG] [DEBUG] - Comparando con 18/03/2026: no coincide @ http://localhost:3000/_next/static/chunks/11hm_next_dist_0m6rgog._.js:2441
[  162075ms] [LOG] [DEBUG] - Comparando con 20/03/2026: no coincide @ http://localhost:3000/_next/static/chunks/11hm_next_dist_0m6rgog._.js:2441
[  162075ms] [LOG] [DEBUG] - Comparando con 22/03/2026: no coincide @ http://localhost:3000/_next/static/chunks/11hm_next_dist_0m6rgog._.js:2441
[  162075ms] [LOG] [DEBUG] - Comparando con 25/03/2026: no coincide @ http://localhost:3000/_next/static/chunks/11hm_next_dist_0m6rgog._.js:2441
[  162075ms] [LOG] [DEBUG] - Comparando con 27/03/2026: no coincide @ http://localhost:3000/_next/static/chunks/11hm_next_dist_0m6rgog._.js:2441
[  162075ms] [LOG] [DEBUG] - Comparando con 28/03/2026: no coincide @ http://localhost:3000/_next/static/chunks/11hm_next_dist_0m6rgog._.js:2441
[  162075ms] [LOG] [DEBUG] - Comparando con 29/03/2026: no coincide @ http://localhost:3000/_next/static/chunks/11hm_next_dist_0m6rgog._.js:2441
[  162076ms] [LOG] [DEBUG] - Comparando con 30/03/2026: no coincide @ http://localhost:3000/_next/static/chunks/11hm_next_dist_0m6rgog._.js:2441
[  162076ms] [LOG] [DEBUG] Resultado final para : NO INCLUIDO @ http://localhost:3000/_next/static/chunks/11hm_next_dist_0m6rgog._.js:2441
[  162076ms] [LOG] [DEBUG] Comparando fecha:  con filtros: [05/03/2026, 08/03/2026, 10/03/2026, 12/03/2026, 15/03/2026, 18/03/2026, 20/03/2026, 22/03/2026, 25/03/2026, 27/03/2026, 28/03/2026, 29/03/2026, 30/03/2026] @ http://localhost:3000/_next/static/chunks/11hm_next_dist_0m6rgog._.js:2441
[  162076ms] [LOG] [DEBUG] - Comparando con 05/03/2026: no coincide @ http://localhost:3000/_next/static/chunks/11hm_next_dist_0m6rgog._.js:2441
[  162076ms] [LOG] [DEBUG] - Comparando con 08/03/2026: no coincide @ http://localhost:3000/_next/static/chunks/11hm_next_dist_0m6rgog._.js:2441
[  162076ms] [LOG] [DEBUG] - Comparando con 10/03/2026: no coincide @ http://localhost:3000/_next/static/chunks/11hm_next_dist_0m6rgog._.js:2441
[  162076ms] [LOG] [DEBUG] - Comparando con 12/03/2026: no coincide @ http://localhost:3000/_next/static/chunks/11hm_next_dist_0m6rgog._.js:2441
[  162076ms] [LOG] [DEBUG] - Comparando con 15/03/2026: no coincide @ http://localhost:3000/_next/static/chunks/11hm_next_dist_0m6rgog._.js:2441
[  162076ms] [LOG] [DEBUG] - Comparando con 18/03/2026: no coincide @ http://localhost:3000/_next/static/chunks/11hm_next_dist_0m6rgog._.js:2441
[  162076ms] [LOG] [DEBUG] - Comparando con 20/03/2026: no coincide @ http://localhost:3000/_next/static/chunks/11hm_next_dist_0m6rgog._.js:2441
[  162076ms] [LOG] [DEBUG] - Comparando con 22/03/2026: no coincide @ http://localhost:3000/_next/static/chunks/11hm_next_dist_0m6rgog._.js:2441
[  162076ms] [LOG] [DEBUG] - Comparando con 25/03/2026: no coincide @ http://localhost:3000/_next/static/chunks/11hm_next_dist_0m6rgog._.js:2441
[  162076ms] [LOG] [DEBUG] - Comparando con 27/03/2026: no coincide @ http://localhost:3000/_next/static/chunks/11hm_next_dist_0m6rgog._.js:2441
[  162077ms] [LOG] [DEBUG] - Comparando con 28/03/2026: no coincide @ http://localhost:3000/_next/static/chunks/11hm_next_dist_0m6rgog._.js:2441
[  162077ms] [LOG] [DEBUG] - Comparando con 29/03/2026: no coincide @ http://localhost:3000/_next/static/chunks/11hm_next_dist_0m6rgog._.js:2441
[  162077ms] [LOG] [DEBUG] - Comparando con 30/03/2026: no coincide @ http://localhost:3000/_next/static/chunks/11hm_next_dist_0m6rgog._.js:2441
[  162077ms] [LOG] [DEBUG] Resultado final para : NO INCLUIDO @ http://localhost:3000/_next/static/chunks/11hm_next_dist_0m6rgog._.js:2441
[  162078ms] [LOG] [DEBUG] Effective column order: {baseOrder: Array(14), pinnedColumnId: index, otherColumns: Array(13), hasActions: true, result: Array(15)} @ http://localhost:3000/_next/static/chunks/11hm_next_dist_0m6rgog._.js:2441
[  162078ms] [LOG] [DEBUG] Effective column order: {baseOrder: Array(14), pinnedColumnId: index, otherColumns: Array(13), hasActions: true, result: Array(15)} @ http://localhost:3000/_next/static/chunks/11hm_next_dist_0m6rgog._.js:2441
[  162112ms] [LOG] [DEBUG] Valores unicos procesados: {columnId: ultimoContacto, columnType: date, uniqueValues: Array(21)} @ http://localhost:3000/_next/static/chunks/11hm_next_dist_0m6rgog._.js:2441
[  162112ms] [LOG] [DEBUG] FilterFactory initialValue debug: {columnId: ultimoContacto, columnType: date, propsInitialValue: Object, currentFilter: Object} @ http://localhost:3000/_next/static/chunks/11hm_next_dist_0m6rgog._.js:2441
[  162112ms] [LOG] [DEBUG] Filter selection for column: {columnId: ultimoContacto, columnType: date, useAdaptiveFiltering: false, sampleData: Array(3)} @ http://localhost:3000/_next/static/chunks/11hm_next_dist_0m6rgog._.js:2441
[  162112ms] [LOG] [DEBUG] FILTER FACTORY - Seleccionando filtro: {columnId: ultimoContacto, columnType: date, uniqueValuesCount: 21, sampleValues: Array(3)} @ http://localhost:3000/_next/static/chunks/11hm_next_dist_0m6rgog._.js:2441
[  162112ms] [LOG] [DEBUG] Valores unicos procesados: {columnId: ultimoContacto, columnType: date, uniqueValues: Array(21)} @ http://localhost:3000/_next/static/chunks/11hm_next_dist_0m6rgog._.js:2441
[  162112ms] [LOG] [DEBUG] FilterFactory initialValue debug: {columnId: ultimoContacto, columnType: date, propsInitialValue: Object, currentFilter: Object} @ http://localhost:3000/_next/static/chunks/11hm_next_dist_0m6rgog._.js:2441
[  162112ms] [LOG] [DEBUG] Filter selection for column: {columnId: ultimoContacto, columnType: date, useAdaptiveFiltering: false, sampleData: Array(3)} @ http://localhost:3000/_next/static/chunks/11hm_next_dist_0m6rgog._.js:2441
[  162112ms] [LOG] [DEBUG] FILTER FACTORY - Seleccionando filtro: {columnId: ultimoContacto, columnType: date, uniqueValuesCount: 21, sampleValues: Array(3)} @ http://localhost:3000/_next/static/chunks/11hm_next_dist_0m6rgog._.js:2441
[  162139ms] [LOG] [DEBUG] Renderizando SecondaryTables: {level: 0, parentId: undefined, isLoading: false, arrayColumnsCount: 0, arrayColumns: Array(0)} @ http://localhost:3000/_next/static/chunks/11hm_next_dist_0m6rgog._.js:2441
[  162139ms] [LOG] [DEBUG] Renderizando SecondaryTables: {level: 0, parentId: undefined, isLoading: false, arrayColumnsCount: 0, arrayColumns: Array(0)} @ http://localhost:3000/_next/static/chunks/11hm_next_dist_0m6rgog._.js:2441
[  162145ms] [LOG] [DEBUG] Effective column order: {baseOrder: Array(14), pinnedColumnId: index, otherColumns: Array(13), hasActions: true, result: Array(15)} @ http://localhost:3000/_next/static/chunks/11hm_next_dist_0m6rgog._.js:2441
[  162145ms] [LOG] [DEBUG] Effective column order: {baseOrder: Array(14), pinnedColumnId: index, otherColumns: Array(13), hasActions: true, result: Array(15)} @ http://localhost:3000/_next/static/chunks/11hm_next_dist_0m6rgog._.js:2441
[  162146ms] [LOG] [DEBUG] Effective column order: {baseOrder: Array(14), pinnedColumnId: index, otherColumns: Array(13), hasActions: true, result: Array(15)} @ http://localhost:3000/_next/static/chunks/11hm_next_dist_0m6rgog._.js:2441
[  162146ms] [LOG] [DEBUG] Effective column order: {baseOrder: Array(14), pinnedColumnId: index, otherColumns: Array(13), hasActions: true, result: Array(15)} @ http://localhost:3000/_next/static/chunks/11hm_next_dist_0m6rgog._.js:2441
[  162183ms] [LOG] [DEBUG] Renderizando SecondaryTables: {level: 0, parentId: undefined, isLoading: false, arrayColumnsCount: 0, arrayColumns: Array(0)} @ http://localhost:3000/_next/static/chunks/11hm_next_dist_0m6rgog._.js:2441
[  162183ms] [LOG] [DEBUG] Renderizando SecondaryTables: {level: 0, parentId: undefined, isLoading: false, arrayColumnsCount: 0, arrayColumns: Array(0)} @ http://localhost:3000/_next/static/chunks/11hm_next_dist_0m6rgog._.js:2441
[  162188ms] [LOG] [DEBUG] Renderizando SecondaryTables: {level: 0, parentId: undefined, isLoading: false, arrayColumnsCount: 0, arrayColumns: Array(0)} @ http://localhost:3000/_next/static/chunks/11hm_next_dist_0m6rgog._.js:2441
[  162188ms] [LOG] [DEBUG] Renderizando SecondaryTables: {level: 0, parentId: undefined, isLoading: false, arrayColumnsCount: 0, arrayColumns: Array(0)} @ http://localhost:3000/_next/static/chunks/11hm_next_dist_0m6rgog._.js:2441
[  162188ms] [LOG] [DEBUG] Effective column order: {baseOrder: Array(14), pinnedColumnId: index, otherColumns: Array(13), hasActions: true, result: Array(15)} @ http://localhost:3000/_next/static/chunks/11hm_next_dist_0m6rgog._.js:2441
[  162188ms] [LOG] [DEBUG] Effective column order: {baseOrder: Array(14), pinnedColumnId: index, otherColumns: Array(13), hasActions: true, result: Array(15)} @ http://localhost:3000/_next/static/chunks/11hm_next_dist_0m6rgog._.js:2441
[  162189ms] [LOG] [DEBUG] Effective column order: {baseOrder: Array(14), pinnedColumnId: index, otherColumns: Array(13), hasActions: true, result: Array(15)} @ http://localhost:3000/_next/static/chunks/11hm_next_dist_0m6rgog._.js:2441
[  162189ms] [LOG] [DEBUG] Effective column order: {baseOrder: Array(14), pinnedColumnId: index, otherColumns: Array(13), hasActions: true, result: Array(15)} @ http://localhost:3000/_next/static/chunks/11hm_next_dist_0m6rgog._.js:2441
[  162194ms] [LOG] [DEBUG] Renderizando SecondaryTables: {level: 0, parentId: undefined, isLoading: false, arrayColumnsCount: 0, arrayColumns: Array(0)} @ http://localhost:3000/_next/static/chunks/11hm_next_dist_0m6rgog._.js:2441
[  162194ms] [LOG] [DEBUG] Renderizando SecondaryTables: {level: 0, parentId: undefined, isLoading: false, arrayColumnsCount: 0, arrayColumns: Array(0)} @ http://localhost:3000/_next/static/chunks/11hm_next_dist_0m6rgog._.js:2441
[  162446ms] [LOG] [DEBUG] Effective column order: {baseOrder: Array(14), pinnedColumnId: index, otherColumns: Array(13), hasActions: true, result: Array(15)} @ http://localhost:3000/_next/static/chunks/11hm_next_dist_0m6rgog._.js:2441
[  162447ms] [LOG] [DEBUG] Effective column order: {baseOrder: Array(14), pinnedColumnId: index, otherColumns: Array(13), hasActions: true, result: Array(15)} @ http://localhost:3000/_next/static/chunks/11hm_next_dist_0m6rgog._.js:2441
[  162447ms] [LOG] [DEBUG] Effective column order: {baseOrder: Array(14), pinnedColumnId: index, otherColumns: Array(13), hasActions: true, result: Array(15)} @ http://localhost:3000/_next/static/chunks/11hm_next_dist_0m6rgog._.js:2441
[  162447ms] [LOG] [DEBUG] Effective column order: {baseOrder: Array(14), pinnedColumnId: index, otherColumns: Array(13), hasActions: true, result: Array(15)} @ http://localhost:3000/_next/static/chunks/11hm_next_dist_0m6rgog._.js:2441
[  162456ms] [LOG] [DEBUG] Renderizando SecondaryTables: {level: 0, parentId: undefined, isLoading: false, arrayColumnsCount: 0, arrayColumns: Array(0)} @ http://localhost:3000/_next/static/chunks/11hm_next_dist_0m6rgog._.js:2441
[  162456ms] [LOG] [DEBUG] Renderizando SecondaryTables: {level: 0, parentId: undefined, isLoading: false, arrayColumnsCount: 0, arrayColumns: Array(0)} @ http://localhost:3000/_next/static/chunks/11hm_next_dist_0m6rgog._.js:2441
[  162460ms] [LOG] [DEBUG] Effective column order: {baseOrder: Array(14), pinnedColumnId: index, otherColumns: Array(13), hasActions: true, result: Array(15)} @ http://localhost:3000/_next/static/chunks/11hm_next_dist_0m6rgog._.js:2441
[  162460ms] [LOG] [DEBUG] Effective column order: {baseOrder: Array(14), pinnedColumnId: index, otherColumns: Array(13), hasActions: true, result: Array(15)} @ http://localhost:3000/_next/static/chunks/11hm_next_dist_0m6rgog._.js:2441
[  162460ms] [LOG] [DEBUG] Effective column order: {baseOrder: Array(14), pinnedColumnId: index, otherColumns: Array(13), hasActions: true, result: Array(15)} @ http://localhost:3000/_next/static/chunks/11hm_next_dist_0m6rgog._.js:2441
[  162460ms] [LOG] [DEBUG] Effective column order: {baseOrder: Array(14), pinnedColumnId: index, otherColumns: Array(13), hasActions: true, result: Array(15)} @ http://localhost:3000/_next/static/chunks/11hm_next_dist_0m6rgog._.js:2441
[  162467ms] [LOG] [DEBUG] Renderizando SecondaryTables: {level: 0, parentId: undefined, isLoading: true, arrayColumnsCount: 0, arrayColumns: Array(0)} @ http://localhost:3000/_next/static/chunks/11hm_next_dist_0m6rgog._.js:2441
[  162468ms] [LOG] [DEBUG] Renderizando SecondaryTables: {level: 0, parentId: undefined, isLoading: true, arrayColumnsCount: 0, arrayColumns: Array(0)} @ http://localhost:3000/_next/static/chunks/11hm_next_dist_0m6rgog._.js:2441
[  162761ms] [LOG] [DEBUG] Effective column order: {baseOrder: Array(14), pinnedColumnId: index, otherColumns: Array(13), hasActions: true, result: Array(15)} @ http://localhost:3000/_next/static/chunks/11hm_next_dist_0m6rgog._.js:2441
[  162762ms] [LOG] [DEBUG] Effective column order: {baseOrder: Array(14), pinnedColumnId: index, otherColumns: Array(13), hasActions: true, result: Array(15)} @ http://localhost:3000/_next/static/chunks/11hm_next_dist_0m6rgog._.js:2441
[  162764ms] [LOG] [DEBUG] Effective column order: {baseOrder: Array(14), pinnedColumnId: index, otherColumns: Array(13), hasActions: true, result: Array(15)} @ http://localhost:3000/_next/static/chunks/11hm_next_dist_0m6rgog._.js:2441
[  162764ms] [LOG] [DEBUG] Effective column order: {baseOrder: Array(14), pinnedColumnId: index, otherColumns: Array(13), hasActions: true, result: Array(15)} @ http://localhost:3000/_next/static/chunks/11hm_next_dist_0m6rgog._.js:2441
[  162809ms] [LOG] [DEBUG] Renderizando SecondaryTables: {level: 0, parentId: undefined, isLoading: false, arrayColumnsCount: 0, arrayColumns: Array(0)} @ http://localhost:3000/_next/static/chunks/11hm_next_dist_0m6rgog._.js:2441
[  162809ms] [LOG] [DEBUG] Renderizando SecondaryTables: {level: 0, parentId: undefined, isLoading: false, arrayColumnsCount: 0, arrayColumns: Array(0)} @ http://localhost:3000/_next/static/chunks/11hm_next_dist_0m6rgog._.js:2441
[  168716ms] [LOG] [DEBUG] Iniciando procesamiento por lotes: {totalRows: 15, sampleSize: 100} @ http://localhost:3000/_next/static/chunks/11hm_next_dist_0m6rgog._.js:2441
[  168717ms] [LOG] [DEBUG] Iniciando análisis de tipos por columna... @ http://localhost:3000/_next/static/chunks/11hm_next_dist_0m6rgog._.js:2441
[  168717ms] [LOG] [DEBUG] Analizando columna: id {totalValores: 15, sampleSize: 15} @ http://localhost:3000/_next/static/chunks/11hm_next_dist_0m6rgog._.js:2441
[  168718ms] [LOG] [DEBUG] Tipo inferido para id: {type: number, normalizer: } @ http://localhost:3000/_next/static/chunks/11hm_next_dist_0m6rgog._.js:2441
[  168719ms] [LOG] [DEBUG] Analizando columna: nombre {totalValores: 15, sampleSize: 15} @ http://localhost:3000/_next/static/chunks/11hm_next_dist_0m6rgog._.js:2441
[  168719ms] [LOG] [DEBUG] Columna nombre: Tratando como string por defecto @ http://localhost:3000/_next/static/chunks/11hm_next_dist_0m6rgog._.js:2441
[  168719ms] [LOG] [DEBUG] Tipo inferido para nombre: {type: string, normalizer: } @ http://localhost:3000/_next/static/chunks/11hm_next_dist_0m6rgog._.js:2441
[  168719ms] [LOG] [DEBUG] Analizando columna: propietario {totalValores: 15, sampleSize: 15} @ http://localhost:3000/_next/static/chunks/11hm_next_dist_0m6rgog._.js:2441
[  168720ms] [LOG] [DEBUG] Columna propietario: Tratando como string por defecto @ http://localhost:3000/_next/static/chunks/11hm_next_dist_0m6rgog._.js:2441
[  168720ms] [LOG] [DEBUG] Tipo inferido para propietario: {type: string, normalizer: } @ http://localhost:3000/_next/static/chunks/11hm_next_dist_0m6rgog._.js:2441
[  168720ms] [LOG] [DEBUG] Analizando columna: email {totalValores: 15, sampleSize: 15} @ http://localhost:3000/_next/static/chunks/11hm_next_dist_0m6rgog._.js:2441
[  168720ms] [LOG] [DEBUG] Columna email: Tratando como string por defecto @ http://localhost:3000/_next/static/chunks/11hm_next_dist_0m6rgog._.js:2441
[  168721ms] [LOG] [DEBUG] Tipo inferido para email: {type: string, normalizer: } @ http://localhost:3000/_next/static/chunks/11hm_next_dist_0m6rgog._.js:2441
[  168721ms] [LOG] [DEBUG] Analizando columna: web {totalValores: 15, sampleSize: 15} @ http://localhost:3000/_next/static/chunks/11hm_next_dist_0m6rgog._.js:2441
[  168721ms] [LOG] [DEBUG] Columna web: Tratando como string por defecto @ http://localhost:3000/_next/static/chunks/11hm_next_dist_0m6rgog._.js:2441
[  168721ms] [LOG] [DEBUG] Tipo inferido para web: {type: string, normalizer: } @ http://localhost:3000/_next/static/chunks/11hm_next_dist_0m6rgog._.js:2441
[  168722ms] [LOG] [DEBUG] Analizando columna: logo {totalValores: 15, sampleSize: 15} @ http://localhost:3000/_next/static/chunks/11hm_next_dist_0m6rgog._.js:2441
[  168722ms] [LOG] [DEBUG] Columna logo: Tratando como string por defecto @ http://localhost:3000/_next/static/chunks/11hm_next_dist_0m6rgog._.js:2441
[  168722ms] [LOG] [DEBUG] Tipo inferido para logo: {type: string, normalizer: } @ http://localhost:3000/_next/static/chunks/11hm_next_dist_0m6rgog._.js:2441
[  168722ms] [LOG] [DEBUG] Analizando columna: ciudad {totalValores: 15, sampleSize: 15} @ http://localhost:3000/_next/static/chunks/11hm_next_dist_0m6rgog._.js:2441
[  168723ms] [LOG] [DEBUG] Columna ciudad: Tratando como string por defecto @ http://localhost:3000/_next/static/chunks/11hm_next_dist_0m6rgog._.js:2441
[  168723ms] [LOG] [DEBUG] Tipo inferido para ciudad: {type: string, normalizer: } @ http://localhost:3000/_next/static/chunks/11hm_next_dist_0m6rgog._.js:2441
[  168723ms] [LOG] [DEBUG] Analizando columna: direccion.calle {totalValores: 15, sampleSize: 15} @ http://localhost:3000/_next/static/chunks/11hm_next_dist_0m6rgog._.js:2441
[  168724ms] [LOG] [DEBUG] Columna direccion.calle: Tratando como string por defecto @ http://localhost:3000/_next/static/chunks/11hm_next_dist_0m6rgog._.js:2441
[  168724ms] [LOG] [DEBUG] Tipo inferido para direccion.calle: {type: string, normalizer: } @ http://localhost:3000/_next/static/chunks/11hm_next_dist_0m6rgog._.js:2441
[  168724ms] [LOG] [DEBUG] Analizando columna: direccion.codigoPostal {totalValores: 15, sampleSize: 15} @ http://localhost:3000/_next/static/chunks/11hm_next_dist_0m6rgog._.js:2441
[  168724ms] [LOG] [DEBUG] Columna direccion.codigoPostal: Tratando como string para valores numéricos específicos @ http://localhost:3000/_next/static/chunks/11hm_next_dist_0m6rgog._.js:2441
[  168725ms] [LOG] [DEBUG] Tipo inferido para direccion.codigoPostal: {type: string, normalizer: } @ http://localhost:3000/_next/static/chunks/11hm_next_dist_0m6rgog._.js:2441
[  168725ms] [LOG] [DEBUG] Analizando columna: direccion.provincia {totalValores: 15, sampleSize: 15} @ http://localhost:3000/_next/static/chunks/11hm_next_dist_0m6rgog._.js:2441
[  168725ms] [LOG] [DEBUG] Columna direccion.provincia: Tratando como string por defecto @ http://localhost:3000/_next/static/chunks/11hm_next_dist_0m6rgog._.js:2441
[  168725ms] [LOG] [DEBUG] Tipo inferido para direccion.provincia: {type: string, normalizer: } @ http://localhost:3000/_next/static/chunks/11hm_next_dist_0m6rgog._.js:2441
[  168725ms] [LOG] [DEBUG] Analizando columna: fechaApertura {totalValores: 15, sampleSize: 15} @ http://localhost:3000/_next/static/chunks/11hm_next_dist_0m6rgog._.js:2441
[  168726ms] [LOG] [DEBUG] Análisis de fechas para fechaApertura: {total: 15, compatibles: 15, porcentaje: 100.00%, umbral: 30.00%} @ http://localhost:3000/_next/static/chunks/11hm_next_dist_0m6rgog._.js:2441
[  168726ms] [LOG] [DEBUG] Columna fechaApertura: Detectado tipo fecha (confidence: 1.00) @ http://localhost:3000/_next/static/chunks/11hm_next_dist_0m6rgog._.js:2441
[  168726ms] [LOG] [DEBUG] Tipo inferido para fechaApertura: {type: date, normalizer: } @ http://localhost:3000/_next/static/chunks/11hm_next_dist_0m6rgog._.js:2441
[  168726ms] [LOG] [DEBUG] Analizando columna: activo {totalValores: 15, sampleSize: 15} @ http://localhost:3000/_next/static/chunks/11hm_next_dist_0m6rgog._.js:2441
[  168727ms] [LOG] [DEBUG] Tipo inferido para activo: {type: boolean, normalizer: } @ http://localhost:3000/_next/static/chunks/11hm_next_dist_0m6rgog._.js:2441
[  168727ms] [LOG] [DEBUG] Analizando columna: facturacionAnual {totalValores: 15, sampleSize: 15} @ http://localhost:3000/_next/static/chunks/11hm_next_dist_0m6rgog._.js:2441
[  168727ms] [LOG] [DEBUG] Columna facturacionAnual: Tratando como string para valores numéricos específicos @ http://localhost:3000/_next/static/chunks/11hm_next_dist_0m6rgog._.js:2441
[  168727ms] [LOG] [DEBUG] Tipo inferido para facturacionAnual: {type: string, normalizer: } @ http://localhost:3000/_next/static/chunks/11hm_next_dist_0m6rgog._.js:2441
[  168727ms] [LOG] [DEBUG] Analizando columna: empleados {totalValores: 15, sampleSize: 15} @ http://localhost:3000/_next/static/chunks/11hm_next_dist_0m6rgog._.js:2441
[  168728ms] [LOG] [DEBUG] Columna empleados: Detectado objectArray @ http://localhost:3000/_next/static/chunks/11hm_next_dist_0m6rgog._.js:2441
[  168728ms] [LOG] [DEBUG] Tipo inferido para empleados: {type: objectArray, normalizer: } @ http://localhost:3000/_next/static/chunks/11hm_next_dist_0m6rgog._.js:2441
[  168728ms] [LOG] [DEBUG] Analizando columna: servicios {totalValores: 15, sampleSize: 15} @ http://localhost:3000/_next/static/chunks/11hm_next_dist_0m6rgog._.js:2441
[  168729ms] [LOG] [DEBUG] Columna servicios: Detectado primitiveArray @ http://localhost:3000/_next/static/chunks/11hm_next_dist_0m6rgog._.js:2441
[  168729ms] [LOG] [DEBUG] Tipo inferido para servicios: {type: primitiveArray, normalizer: } @ http://localhost:3000/_next/static/chunks/11hm_next_dist_0m6rgog._.js:2441
[  168729ms] [LOG] [DEBUG] Analizando columna: membresias {totalValores: 15, sampleSize: 15} @ http://localhost:3000/_next/static/chunks/11hm_next_dist_0m6rgog._.js:2441
[  168729ms] [LOG] [DEBUG] Columna membresias: Detectado objectArray @ http://localhost:3000/_next/static/chunks/11hm_next_dist_0m6rgog._.js:2441
[  168729ms] [LOG] [DEBUG] Tipo inferido para membresias: {type: objectArray, normalizer: } @ http://localhost:3000/_next/static/chunks/11hm_next_dist_0m6rgog._.js:2441
[  168730ms] [LOG] [DEBUG] Analizando columna: metricas.clientesActivos {totalValores: 15, sampleSize: 15} @ http://localhost:3000/_next/static/chunks/11hm_next_dist_0m6rgog._.js:2441
[  168730ms] [LOG] [DEBUG] Columna metricas.clientesActivos: Detectado como número (propiedad anidada) @ http://localhost:3000/_next/static/chunks/11hm_next_dist_0m6rgog._.js:2441
[  168730ms] [LOG] [DEBUG] Tipo inferido para metricas.clientesActivos: {type: number, normalizer: } @ http://localhost:3000/_next/static/chunks/11hm_next_dist_0m6rgog._.js:2441
[  168730ms] [LOG] [DEBUG] Analizando columna: metricas.satisfaccionMedia {totalValores: 15, sampleSize: 15} @ http://localhost:3000/_next/static/chunks/11hm_next_dist_0m6rgog._.js:2441
[  168730ms] [LOG] [DEBUG] Columna metricas.satisfaccionMedia: Detectado como número (propiedad anidada) @ http://localhost:3000/_next/static/chunks/11hm_next_dist_0m6rgog._.js:2441
[  168730ms] [LOG] [DEBUG] Tipo inferido para metricas.satisfaccionMedia: {type: number, normalizer: } @ http://localhost:3000/_next/static/chunks/11hm_next_dist_0m6rgog._.js:2441
[  168731ms] [LOG] [DEBUG] Analizando columna: metricas.ticketMedio {totalValores: 15, sampleSize: 15} @ http://localhost:3000/_next/static/chunks/11hm_next_dist_0m6rgog._.js:2441
[  168731ms] [LOG] [DEBUG] Columna metricas.ticketMedio: Detectado como número (propiedad anidada) @ http://localhost:3000/_next/static/chunks/11hm_next_dist_0m6rgog._.js:2441
[  168731ms] [LOG] [DEBUG] Tipo inferido para metricas.ticketMedio: {type: number, normalizer: } @ http://localhost:3000/_next/static/chunks/11hm_next_dist_0m6rgog._.js:2441
[  168731ms] [LOG] [DEBUG] Analizando columna: etiquetas {totalValores: 15, sampleSize: 15} @ http://localhost:3000/_next/static/chunks/11hm_next_dist_0m6rgog._.js:2441
[  168731ms] [LOG] [DEBUG] Columna etiquetas: Detectado primitiveArray @ http://localhost:3000/_next/static/chunks/11hm_next_dist_0m6rgog._.js:2441
[  168731ms] [LOG] [DEBUG] Tipo inferido para etiquetas: {type: primitiveArray, normalizer: } @ http://localhost:3000/_next/static/chunks/11hm_next_dist_0m6rgog._.js:2441
[  168732ms] [LOG] [DEBUG] Analizando columna: notas {totalValores: 15, sampleSize: 15} @ http://localhost:3000/_next/static/chunks/11hm_next_dist_0m6rgog._.js:2441
[  168732ms] [LOG] [DEBUG] Columna notas: Tratando como array[objeto] por nombre específico @ http://localhost:3000/_next/static/chunks/11hm_next_dist_0m6rgog._.js:2441
[  168732ms] [LOG] [DEBUG] Tipo inferido para notas: {type: objectArray, normalizer: } @ http://localhost:3000/_next/static/chunks/11hm_next_dist_0m6rgog._.js:2441
[  168732ms] [LOG] [DEBUG] Procesando fila 0/15 @ http://localhost:3000/_next/static/chunks/11hm_next_dist_0m6rgog._.js:2441
[  168736ms] [LOG] [DEBUG] Iniciando procesamiento por lotes: {totalRows: 15, sampleSize: 100} @ http://localhost:3000/_next/static/chunks/11hm_next_dist_0m6rgog._.js:2441
[  168736ms] [LOG] [DEBUG] Iniciando análisis de tipos por columna... @ http://localhost:3000/_next/static/chunks/11hm_next_dist_0m6rgog._.js:2441
[  168736ms] [LOG] [DEBUG] Analizando columna: id {totalValores: 15, sampleSize: 15} @ http://localhost:3000/_next/static/chunks/11hm_next_dist_0m6rgog._.js:2441
[  168736ms] [LOG] [DEBUG] Tipo inferido para id: {type: number, normalizer: } @ http://localhost:3000/_next/static/chunks/11hm_next_dist_0m6rgog._.js:2441
[  168736ms] [LOG] [DEBUG] Analizando columna: nombre {totalValores: 15, sampleSize: 15} @ http://localhost:3000/_next/static/chunks/11hm_next_dist_0m6rgog._.js:2441
[  168736ms] [LOG] [DEBUG] Tipo inferido para nombre: {type: string, normalizer: } @ http://localhost:3000/_next/static/chunks/11hm_next_dist_0m6rgog._.js:2441
[  168737ms] [LOG] [DEBUG] Analizando columna: propietario {totalValores: 15, sampleSize: 15} @ http://localhost:3000/_next/static/chunks/11hm_next_dist_0m6rgog._.js:2441
[  168737ms] [LOG] [DEBUG] Tipo inferido para propietario: {type: string, normalizer: } @ http://localhost:3000/_next/static/chunks/11hm_next_dist_0m6rgog._.js:2441
[  168737ms] [LOG] [DEBUG] Analizando columna: email {totalValores: 15, sampleSize: 15} @ http://localhost:3000/_next/static/chunks/11hm_next_dist_0m6rgog._.js:2441
[  168737ms] [LOG] [DEBUG] Tipo inferido para email: {type: string, normalizer: } @ http://localhost:3000/_next/static/chunks/11hm_next_dist_0m6rgog._.js:2441
[  168737ms] [LOG] [DEBUG] Analizando columna: web {totalValores: 15, sampleSize: 15} @ http://localhost:3000/_next/static/chunks/11hm_next_dist_0m6rgog._.js:2441
[  168737ms] [LOG] [DEBUG] Tipo inferido para web: {type: string, normalizer: } @ http://localhost:3000/_next/static/chunks/11hm_next_dist_0m6rgog._.js:2441
[  168738ms] [LOG] [DEBUG] Analizando columna: logo {totalValores: 15, sampleSize: 15} @ http://localhost:3000/_next/static/chunks/11hm_next_dist_0m6rgog._.js:2441
[  168738ms] [LOG] [DEBUG] Tipo inferido para logo: {type: string, normalizer: } @ http://localhost:3000/_next/static/chunks/11hm_next_dist_0m6rgog._.js:2441
[  168738ms] [LOG] [DEBUG] Analizando columna: ciudad {totalValores: 15, sampleSize: 15} @ http://localhost:3000/_next/static/chunks/11hm_next_dist_0m6rgog._.js:2441
[  168738ms] [LOG] [DEBUG] Tipo inferido para ciudad: {type: string, normalizer: } @ http://localhost:3000/_next/static/chunks/11hm_next_dist_0m6rgog._.js:2441
[  168738ms] [LOG] [DEBUG] Analizando columna: direccion.calle {totalValores: 15, sampleSize: 15} @ http://localhost:3000/_next/static/chunks/11hm_next_dist_0m6rgog._.js:2441
[  168738ms] [LOG] [DEBUG] Tipo inferido para direccion.calle: {type: string, normalizer: } @ http://localhost:3000/_next/static/chunks/11hm_next_dist_0m6rgog._.js:2441
[  168738ms] [LOG] [DEBUG] Analizando columna: direccion.codigoPostal {totalValores: 15, sampleSize: 15} @ http://localhost:3000/_next/static/chunks/11hm_next_dist_0m6rgog._.js:2441
[  168738ms] [LOG] [DEBUG] Tipo inferido para direccion.codigoPostal: {type: string, normalizer: } @ http://localhost:3000/_next/static/chunks/11hm_next_dist_0m6rgog._.js:2441
[  168739ms] [LOG] [DEBUG] Analizando columna: direccion.provincia {totalValores: 15, sampleSize: 15} @ http://localhost:3000/_next/static/chunks/11hm_next_dist_0m6rgog._.js:2441
[  168739ms] [LOG] [DEBUG] Tipo inferido para direccion.provincia: {type: string, normalizer: } @ http://localhost:3000/_next/static/chunks/11hm_next_dist_0m6rgog._.js:2441
[  168739ms] [LOG] [DEBUG] Analizando columna: fechaApertura {totalValores: 15, sampleSize: 15} @ http://localhost:3000/_next/static/chunks/11hm_next_dist_0m6rgog._.js:2441
[  168739ms] [LOG] [DEBUG] Tipo inferido para fechaApertura: {type: date, normalizer: } @ http://localhost:3000/_next/static/chunks/11hm_next_dist_0m6rgog._.js:2441
[  168739ms] [LOG] [DEBUG] Analizando columna: activo {totalValores: 15, sampleSize: 15} @ http://localhost:3000/_next/static/chunks/11hm_next_dist_0m6rgog._.js:2441
[  168739ms] [LOG] [DEBUG] Tipo inferido para activo: {type: boolean, normalizer: } @ http://localhost:3000/_next/static/chunks/11hm_next_dist_0m6rgog._.js:2441
[  168739ms] [LOG] [DEBUG] Analizando columna: facturacionAnual {totalValores: 15, sampleSize: 15} @ http://localhost:3000/_next/static/chunks/11hm_next_dist_0m6rgog._.js:2441
[  168739ms] [LOG] [DEBUG] Tipo inferido para facturacionAnual: {type: string, normalizer: } @ http://localhost:3000/_next/static/chunks/11hm_next_dist_0m6rgog._.js:2441
[  168739ms] [LOG] [DEBUG] Analizando columna: empleados {totalValores: 15, sampleSize: 15} @ http://localhost:3000/_next/static/chunks/11hm_next_dist_0m6rgog._.js:2441
[  168740ms] [LOG] [DEBUG] Tipo inferido para empleados: {type: objectArray, normalizer: } @ http://localhost:3000/_next/static/chunks/11hm_next_dist_0m6rgog._.js:2441
[  168740ms] [LOG] [DEBUG] Analizando columna: servicios {totalValores: 15, sampleSize: 15} @ http://localhost:3000/_next/static/chunks/11hm_next_dist_0m6rgog._.js:2441
[  168740ms] [LOG] [DEBUG] Tipo inferido para servicios: {type: primitiveArray, normalizer: } @ http://localhost:3000/_next/static/chunks/11hm_next_dist_0m6rgog._.js:2441
[  168740ms] [LOG] [DEBUG] Analizando columna: membresias {totalValores: 15, sampleSize: 15} @ http://localhost:3000/_next/static/chunks/11hm_next_dist_0m6rgog._.js:2441
[  168740ms] [LOG] [DEBUG] Tipo inferido para membresias: {type: objectArray, normalizer: } @ http://localhost:3000/_next/static/chunks/11hm_next_dist_0m6rgog._.js:2441
[  168740ms] [LOG] [DEBUG] Analizando columna: metricas.clientesActivos {totalValores: 15, sampleSize: 15} @ http://localhost:3000/_next/static/chunks/11hm_next_dist_0m6rgog._.js:2441
[  168740ms] [LOG] [DEBUG] Tipo inferido para metricas.clientesActivos: {type: number, normalizer: } @ http://localhost:3000/_next/static/chunks/11hm_next_dist_0m6rgog._.js:2441
[  168740ms] [LOG] [DEBUG] Analizando columna: metricas.satisfaccionMedia {totalValores: 15, sampleSize: 15} @ http://localhost:3000/_next/static/chunks/11hm_next_dist_0m6rgog._.js:2441
[  168740ms] [LOG] [DEBUG] Tipo inferido para metricas.satisfaccionMedia: {type: number, normalizer: } @ http://localhost:3000/_next/static/chunks/11hm_next_dist_0m6rgog._.js:2441
[  168741ms] [LOG] [DEBUG] Analizando columna: metricas.ticketMedio {totalValores: 15, sampleSize: 15} @ http://localhost:3000/_next/static/chunks/11hm_next_dist_0m6rgog._.js:2441
[  168741ms] [LOG] [DEBUG] Tipo inferido para metricas.ticketMedio: {type: number, normalizer: } @ http://localhost:3000/_next/static/chunks/11hm_next_dist_0m6rgog._.js:2441
[  168741ms] [LOG] [DEBUG] Analizando columna: etiquetas {totalValores: 15, sampleSize: 15} @ http://localhost:3000/_next/static/chunks/11hm_next_dist_0m6rgog._.js:2441
[  168741ms] [LOG] [DEBUG] Tipo inferido para etiquetas: {type: primitiveArray, normalizer: } @ http://localhost:3000/_next/static/chunks/11hm_next_dist_0m6rgog._.js:2441
[  168741ms] [LOG] [DEBUG] Analizando columna: notas {totalValores: 15, sampleSize: 15} @ http://localhost:3000/_next/static/chunks/11hm_next_dist_0m6rgog._.js:2441
[  168741ms] [LOG] [DEBUG] Tipo inferido para notas: {type: objectArray, normalizer: } @ http://localhost:3000/_next/static/chunks/11hm_next_dist_0m6rgog._.js:2441
[  168741ms] [LOG] [DEBUG] Procesando fila 0/15 @ http://localhost:3000/_next/static/chunks/11hm_next_dist_0m6rgog._.js:2441
[  168743ms] [LOG] [DEBUG] Creando definicion de columna: {columnId: id, isReference: false, type: number, path: Array(1)} @ http://localhost:3000/_next/static/chunks/11hm_next_dist_0m6rgog._.js:2441
[  168743ms] [LOG] [DEBUG] Creando definicion de columna: {columnId: nombre, isReference: false, type: string, path: Array(1)} @ http://localhost:3000/_next/static/chunks/11hm_next_dist_0m6rgog._.js:2441
[  168743ms] [LOG] [DEBUG] Creando definicion de columna: {columnId: propietario, isReference: false, type: string, path: Array(1)} @ http://localhost:3000/_next/static/chunks/11hm_next_dist_0m6rgog._.js:2441
[  168744ms] [LOG] [DEBUG] Creando definicion de columna: {columnId: email, isReference: false, type: string, path: Array(1)} @ http://localhost:3000/_next/static/chunks/11hm_next_dist_0m6rgog._.js:2441
[  168744ms] [LOG] [DEBUG] Creando definicion de columna: {columnId: web, isReference: false, type: string, path: Array(1)} @ http://localhost:3000/_next/static/chunks/11hm_next_dist_0m6rgog._.js:2441
[  168744ms] [LOG] [DEBUG] Creando definicion de columna: {columnId: logo, isReference: false, type: string, path: Array(1)} @ http://localhost:3000/_next/static/chunks/11hm_next_dist_0m6rgog._.js:2441
[  168744ms] [LOG] [DEBUG] Creando definicion de columna: {columnId: ciudad, isReference: false, type: string, path: Array(1)} @ http://localhost:3000/_next/static/chunks/11hm_next_dist_0m6rgog._.js:2441
[  168744ms] [LOG] [DEBUG] Creando definicion de columna: {columnId: direccion.calle, isReference: false, type: string, path: Array(2)} @ http://localhost:3000/_next/static/chunks/11hm_next_dist_0m6rgog._.js:2441
[  168744ms] [LOG] [DEBUG] Creando definicion de columna: {columnId: direccion.codigoPostal, isReference: false, type: string, path: Array(2)} @ http://localhost:3000/_next/static/chunks/11hm_next_dist_0m6rgog._.js:2441
[  168744ms] [LOG] [DEBUG] Creando definicion de columna: {columnId: direccion.provincia, isReference: false, type: string, path: Array(2)} @ http://localhost:3000/_next/static/chunks/11hm_next_dist_0m6rgog._.js:2441
[  168744ms] [LOG] [DEBUG] Creando definicion de columna: {columnId: fechaApertura, isReference: false, type: date, path: Array(1)} @ http://localhost:3000/_next/static/chunks/11hm_next_dist_0m6rgog._.js:2441
[  168744ms] [LOG] [DEBUG] Creando definicion de columna: {columnId: activo, isReference: false, type: boolean, path: Array(1)} @ http://localhost:3000/_next/static/chunks/11hm_next_dist_0m6rgog._.js:2441
[  168744ms] [LOG] [DEBUG] Creando definicion de columna: {columnId: facturacionAnual, isReference: false, type: string, path: Array(1)} @ http://localhost:3000/_next/static/chunks/11hm_next_dist_0m6rgog._.js:2441
[  168745ms] [LOG] [DEBUG] Creando definicion de columna: {columnId: empleados, isReference: false, type: objectArray, path: Array(1)} @ http://localhost:3000/_next/static/chunks/11hm_next_dist_0m6rgog._.js:2441
[  168745ms] [LOG] [DEBUG] Creando definicion de columna: {columnId: servicios, isReference: false, type: primitiveArray, path: Array(1)} @ http://localhost:3000/_next/static/chunks/11hm_next_dist_0m6rgog._.js:2441
[  168745ms] [LOG] [DEBUG] Creando definicion de columna: {columnId: membresias, isReference: false, type: objectArray, path: Array(1)} @ http://localhost:3000/_next/static/chunks/11hm_next_dist_0m6rgog._.js:2441
[  168745ms] [LOG] [DEBUG] Creando definicion de columna: {columnId: metricas.clientesActivos, isReference: false, type: number, path: Array(2)} @ http://localhost:3000/_next/static/chunks/11hm_next_dist_0m6rgog._.js:2441
[  168745ms] [LOG] [DEBUG] Creando definicion de columna: {columnId: metricas.satisfaccionMedia, isReference: false, type: number, path: Array(2)} @ http://localhost:3000/_next/static/chunks/11hm_next_dist_0m6rgog._.js:2441
[  168745ms] [LOG] [DEBUG] Creando definicion de columna: {columnId: metricas.ticketMedio, isReference: false, type: number, path: Array(2)} @ http://localhost:3000/_next/static/chunks/11hm_next_dist_0m6rgog._.js:2441
[  168745ms] [LOG] [DEBUG] Creando definicion de columna: {columnId: etiquetas, isReference: false, type: primitiveArray, path: Array(1)} @ http://localhost:3000/_next/static/chunks/11hm_next_dist_0m6rgog._.js:2441
[  168745ms] [LOG] [DEBUG] Creando definicion de columna: {columnId: notas, isReference: false, type: objectArray, path: Array(1)} @ http://localhost:3000/_next/static/chunks/11hm_next_dist_0m6rgog._.js:2441
[  168745ms] [LOG] [DEBUG] Creando definicion de columna: {columnId: id, isReference: false, type: number, path: Array(1)} @ http://localhost:3000/_next/static/chunks/11hm_next_dist_0m6rgog._.js:2441
[  168745ms] [LOG] [DEBUG] Creando definicion de columna: {columnId: nombre, isReference: false, type: string, path: Array(1)} @ http://localhost:3000/_next/static/chunks/11hm_next_dist_0m6rgog._.js:2441
[  168746ms] [LOG] [DEBUG] Creando definicion de columna: {columnId: propietario, isReference: false, type: string, path: Array(1)} @ http://localhost:3000/_next/static/chunks/11hm_next_dist_0m6rgog._.js:2441
[  168746ms] [LOG] [DEBUG] Creando definicion de columna: {columnId: email, isReference: false, type: string, path: Array(1)} @ http://localhost:3000/_next/static/chunks/11hm_next_dist_0m6rgog._.js:2441
[  168746ms] [LOG] [DEBUG] Creando definicion de columna: {columnId: web, isReference: false, type: string, path: Array(1)} @ http://localhost:3000/_next/static/chunks/11hm_next_dist_0m6rgog._.js:2441
[  168746ms] [LOG] [DEBUG] Creando definicion de columna: {columnId: logo, isReference: false, type: string, path: Array(1)} @ http://localhost:3000/_next/static/chunks/11hm_next_dist_0m6rgog._.js:2441
[  168746ms] [LOG] [DEBUG] Creando definicion de columna: {columnId: ciudad, isReference: false, type: string, path: Array(1)} @ http://localhost:3000/_next/static/chunks/11hm_next_dist_0m6rgog._.js:2441
[  168746ms] [LOG] [DEBUG] Creando definicion de columna: {columnId: direccion.calle, isReference: false, type: string, path: Array(2)} @ http://localhost:3000/_next/static/chunks/11hm_next_dist_0m6rgog._.js:2441
[  168746ms] [LOG] [DEBUG] Creando definicion de columna: {columnId: direccion.codigoPostal, isReference: false, type: string, path: Array(2)} @ http://localhost:3000/_next/static/chunks/11hm_next_dist_0m6rgog._.js:2441
[  168746ms] [LOG] [DEBUG] Creando definicion de columna: {columnId: direccion.provincia, isReference: false, type: string, path: Array(2)} @ http://localhost:3000/_next/static/chunks/11hm_next_dist_0m6rgog._.js:2441
[  168746ms] [LOG] [DEBUG] Creando definicion de columna: {columnId: fechaApertura, isReference: false, type: date, path: Array(1)} @ http://localhost:3000/_next/static/chunks/11hm_next_dist_0m6rgog._.js:2441
[  168746ms] [LOG] [DEBUG] Creando definicion de columna: {columnId: activo, isReference: false, type: boolean, path: Array(1)} @ http://localhost:3000/_next/static/chunks/11hm_next_dist_0m6rgog._.js:2441
[  168747ms] [LOG] [DEBUG] Creando definicion de columna: {columnId: facturacionAnual, isReference: false, type: string, path: Array(1)} @ http://localhost:3000/_next/static/chunks/11hm_next_dist_0m6rgog._.js:2441
[  168747ms] [LOG] [DEBUG] Creando definicion de columna: {columnId: empleados, isReference: false, type: objectArray, path: Array(1)} @ http://localhost:3000/_next/static/chunks/11hm_next_dist_0m6rgog._.js:2441
[  168747ms] [LOG] [DEBUG] Creando definicion de columna: {columnId: servicios, isReference: false, type: primitiveArray, path: Array(1)} @ http://localhost:3000/_next/static/chunks/11hm_next_dist_0m6rgog._.js:2441
[  168747ms] [LOG] [DEBUG] Creando definicion de columna: {columnId: membresias, isReference: false, type: objectArray, path: Array(1)} @ http://localhost:3000/_next/static/chunks/11hm_next_dist_0m6rgog._.js:2441
[  168747ms] [LOG] [DEBUG] Creando definicion de columna: {columnId: metricas.clientesActivos, isReference: false, type: number, path: Array(2)} @ http://localhost:3000/_next/static/chunks/11hm_next_dist_0m6rgog._.js:2441
[  168747ms] [LOG] [DEBUG] Creando definicion de columna: {columnId: metricas.satisfaccionMedia, isReference: false, type: number, path: Array(2)} @ http://localhost:3000/_next/static/chunks/11hm_next_dist_0m6rgog._.js:2441
[  168747ms] [LOG] [DEBUG] Creando definicion de columna: {columnId: metricas.ticketMedio, isReference: false, type: number, path: Array(2)} @ http://localhost:3000/_next/static/chunks/11hm_next_dist_0m6rgog._.js:2441
[  168747ms] [LOG] [DEBUG] Creando definicion de columna: {columnId: etiquetas, isReference: false, type: primitiveArray, path: Array(1)} @ http://localhost:3000/_next/static/chunks/11hm_next_dist_0m6rgog._.js:2441
[  168747ms] [LOG] [DEBUG] Creando definicion de columna: {columnId: notas, isReference: false, type: objectArray, path: Array(1)} @ http://localhost:3000/_next/static/chunks/11hm_next_dist_0m6rgog._.js:2441
[  168748ms] [LOG] [DEBUG] Effective column order: {baseOrder: Array(14), pinnedColumnId: index, otherColumns: Array(13), hasActions: true, result: Array(15)} @ http://localhost:3000/_next/static/chunks/11hm_next_dist_0m6rgog._.js:2441
[  168748ms] [LOG] [DEBUG] Effective column order: {baseOrder: Array(14), pinnedColumnId: index, otherColumns: Array(13), hasActions: true, result: Array(15)} @ http://localhost:3000/_next/static/chunks/11hm_next_dist_0m6rgog._.js:2441
[  168749ms] [ERROR] [Table] Column with id 'ultimoContacto' does not exist. @ :0
[  168762ms] [LOG] [DEBUG] Effective column order: {baseOrder: Array(14), pinnedColumnId: index, otherColumns: Array(13), hasActions: true, result: Array(15)} @ http://localhost:3000/_next/static/chunks/11hm_next_dist_0m6rgog._.js:2441
[  168762ms] [LOG] [DEBUG] Effective column order: {baseOrder: Array(14), pinnedColumnId: index, otherColumns: Array(13), hasActions: true, result: Array(15)} @ http://localhost:3000/_next/static/chunks/11hm_next_dist_0m6rgog._.js:2441
[  168859ms] [LOG] [DEBUG] Renderizando celda: {columnId: id, isReference: undefined, value: Object} @ http://localhost:3000/_next/static/chunks/11hm_next_dist_0m6rgog._.js:2441
[  168859ms] [LOG] [DEBUG] Renderizando celda: {columnId: id, isReference: undefined, value: Object} @ http://localhost:3000/_next/static/chunks/11hm_next_dist_0m6rgog._.js:2441
[  168860ms] [LOG] [DEBUG] Renderizando celda: {columnId: nombre, isReference: undefined, value: Object} @ http://localhost:3000/_next/static/chunks/11hm_next_dist_0m6rgog._.js:2441
[  168860ms] [LOG] [DEBUG] Renderizando celda: {columnId: nombre, isReference: undefined, value: Object} @ http://localhost:3000/_next/static/chunks/11hm_next_dist_0m6rgog._.js:2441
[  168860ms] [LOG] [DEBUG] Renderizando celda: {columnId: email, isReference: undefined, value: Object} @ http://localhost:3000/_next/static/chunks/11hm_next_dist_0m6rgog._.js:2441
[  168860ms] [LOG] [DEBUG] Renderizando celda: {columnId: email, isReference: undefined, value: Object} @ http://localhost:3000/_next/static/chunks/11hm_next_dist_0m6rgog._.js:2441
[  168860ms] [LOG] [DEBUG] Renderizando celda: {columnId: ciudad, isReference: undefined, value: Object} @ http://localhost:3000/_next/static/chunks/11hm_next_dist_0m6rgog._.js:2441
[  168860ms] [LOG] [DEBUG] Renderizando celda: {columnId: ciudad, isReference: undefined, value: Object} @ http://localhost:3000/_next/static/chunks/11hm_next_dist_0m6rgog._.js:2441
[  168860ms] [LOG] [DEBUG] Renderizando celda: {columnId: activo, isReference: undefined, value: Object} @ http://localhost:3000/_next/static/chunks/11hm_next_dist_0m6rgog._.js:2441
[  168860ms] [LOG] [DEBUG] Renderizando celda: {columnId: activo, isReference: undefined, value: Object} @ http://localhost:3000/_next/static/chunks/11hm_next_dist_0m6rgog._.js:2441
[  168860ms] [LOG] [DEBUG] Tipo corregido: boolean -> string {originalValue: true, originalType: boolean, detectedType: string} @ http://localhost:3000/_next/static/chunks/11hm_next_dist_0m6rgog._.js:2441
[  168861ms] [LOG] [DEBUG] Tipo corregido: boolean -> string {originalValue: true, originalType: boolean, detectedType: string} @ http://localhost:3000/_next/static/chunks/11hm_next_dist_0m6rgog._.js:2441
[  168861ms] [LOG] [DEBUG] Renderizando celda: {columnId: propietario, isReference: undefined, value: Object} @ http://localhost:3000/_next/static/chunks/11hm_next_dist_0m6rgog._.js:2441
[  168861ms] [LOG] [DEBUG] Renderizando celda: {columnId: propietario, isReference: undefined, value: Object} @ http://localhost:3000/_next/static/chunks/11hm_next_dist_0m6rgog._.js:2441
[  168861ms] [LOG] [DEBUG] Renderizando celda: {columnId: web, isReference: undefined, value: Object} @ http://localhost:3000/_next/static/chunks/11hm_next_dist_0m6rgog._.js:2441
[  168861ms] [LOG] [DEBUG] Renderizando celda: {columnId: web, isReference: undefined, value: Object} @ http://localhost:3000/_next/static/chunks/11hm_next_dist_0m6rgog._.js:2441
[  168861ms] [LOG] [DEBUG] Renderizando celda: {columnId: logo, isReference: undefined, value: Object} @ http://localhost:3000/_next/static/chunks/11hm_next_dist_0m6rgog._.js:2441
[  168861ms] [LOG] [DEBUG] Renderizando celda: {columnId: logo, isReference: undefined, value: Object} @ http://localhost:3000/_next/static/chunks/11hm_next_dist_0m6rgog._.js:2441
[  168861ms] [LOG] [DEBUG] Renderizando celda: {columnId: direccion.calle, isReference: undefined, value: Object} @ http://localhost:3000/_next/static/chunks/11hm_next_dist_0m6rgog._.js:2441
[  168861ms] [LOG] [DEBUG] Renderizando celda: {columnId: direccion.calle, isReference: undefined, value: Object} @ http://localhost:3000/_next/static/chunks/11hm_next_dist_0m6rgog._.js:2441
[  168862ms] [LOG] [DEBUG] Renderizando celda: {columnId: direccion.codigoPostal, isReference: undefined, value: Object} @ http://localhost:3000/_next/static/chunks/11hm_next_dist_0m6rgog._.js:2441
[  168862ms] [LOG] [DEBUG] Renderizando celda: {columnId: direccion.codigoPostal, isReference: undefined, value: Object} @ http://localhost:3000/_next/static/chunks/11hm_next_dist_0m6rgog._.js:2441
[  168862ms] [LOG] [DEBUG] Renderizando celda: {columnId: direccion.provincia, isReference: undefined, value: Object} @ http://localhost:3000/_next/static/chunks/11hm_next_dist_0m6rgog._.js:2441
[  168862ms] [LOG] [DEBUG] Renderizando celda: {columnId: direccion.provincia, isReference: undefined, value: Object} @ http://localhost:3000/_next/static/chunks/11hm_next_dist_0m6rgog._.js:2441
[  168862ms] [LOG] [DEBUG] Renderizando celda: {columnId: fechaApertura, isReference: undefined, value: Object} @ http://localhost:3000/_next/static/chunks/11hm_next_dist_0m6rgog._.js:2441
[  168862ms] [LOG] [DEBUG] Renderizando celda: {columnId: fechaApertura, isReference: undefined, value: Object} @ http://localhost:3000/_next/static/chunks/11hm_next_dist_0m6rgog._.js:2441
[  168862ms] [LOG] [DEBUG] Renderizando celda: {columnId: facturacionAnual, isReference: undefined, value: Object} @ http://localhost:3000/_next/static/chunks/11hm_next_dist_0m6rgog._.js:2441
[  168862ms] [LOG] [DEBUG] Renderizando celda: {columnId: facturacionAnual, isReference: undefined, value: Object} @ http://localhost:3000/_next/static/chunks/11hm_next_dist_0m6rgog._.js:2441
[  168862ms] [LOG] [DEBUG] Renderizando celda: {columnId: empleados, isReference: undefined, value: Object} @ http://localhost:3000/_next/static/chunks/11hm_next_dist_0m6rgog._.js:2441
[  168862ms] [LOG] [DEBUG] Renderizando celda: {columnId: empleados, isReference: undefined, value: Object} @ http://localhost:3000/_next/static/chunks/11hm_next_dist_0m6rgog._.js:2441
[  168863ms] [LOG] [DEBUG] Renderizando ArrayCell: {itemsLength: 4, isPrimitiveArray: false, isObjectArray: true, firstItemType: object} @ http://localhost:3000/_next/static/chunks/11hm_next_dist_0m6rgog._.js:2441
[  168863ms] [LOG] [DEBUG] Renderizando ArrayCell: {itemsLength: 4, isPrimitiveArray: false, isObjectArray: true, firstItemType: object} @ http://localhost:3000/_next/static/chunks/11hm_next_dist_0m6rgog._.js:2441
[  168867ms] [LOG] [DEBUG] Renderizando celda: {columnId: servicios, isReference: undefined, value: Object} @ http://localhost:3000/_next/static/chunks/11hm_next_dist_0m6rgog._.js:2441
[  168867ms] [LOG] [DEBUG] Renderizando celda: {columnId: servicios, isReference: undefined, value: Object} @ http://localhost:3000/_next/static/chunks/11hm_next_dist_0m6rgog._.js:2441
[  168867ms] [LOG] [DEBUG] Renderizando ArrayCell: {itemsLength: 6, isPrimitiveArray: true, isObjectArray: false, firstItemType: string} @ http://localhost:3000/_next/static/chunks/11hm_next_dist_0m6rgog._.js:2441
[  168867ms] [LOG] [DEBUG] Renderizando ArrayCell: {itemsLength: 6, isPrimitiveArray: true, isObjectArray: false, firstItemType: string} @ http://localhost:3000/_next/static/chunks/11hm_next_dist_0m6rgog._.js:2441
[  168868ms] [LOG] [DEBUG] Renderizando celda: {columnId: membresias, isReference: undefined, value: Object} @ http://localhost:3000/_next/static/chunks/11hm_next_dist_0m6rgog._.js:2441
[  168868ms] [LOG] [DEBUG] Renderizando celda: {columnId: membresias, isReference: undefined, value: Object} @ http://localhost:3000/_next/static/chunks/11hm_next_dist_0m6rgog._.js:2441
[  168868ms] [LOG] [DEBUG] Renderizando ArrayCell: {itemsLength: 2, isPrimitiveArray: false, isObjectArray: true, firstItemType: object} @ http://localhost:3000/_next/static/chunks/11hm_next_dist_0m6rgog._.js:2441
[  168868ms] [LOG] [DEBUG] Renderizando ArrayCell: {itemsLength: 2, isPrimitiveArray: false, isObjectArray: true, firstItemType: object} @ http://localhost:3000/_next/static/chunks/11hm_next_dist_0m6rgog._.js:2441
[  168869ms] [LOG] [DEBUG] Renderizando celda: {columnId: metricas.clientesActivos, isReference: undefined, value: Object} @ http://localhost:3000/_next/static/chunks/11hm_next_dist_0m6rgog._.js:2441
[  168869ms] [LOG] [DEBUG] Renderizando celda: {columnId: metricas.clientesActivos, isReference: undefined, value: Object} @ http://localhost:3000/_next/static/chunks/11hm_next_dist_0m6rgog._.js:2441
[  168869ms] [LOG] [DEBUG] Renderizando celda: {columnId: metricas.satisfaccionMedia, isReference: undefined, value: Object} @ http://localhost:3000/_next/static/chunks/11hm_next_dist_0m6rgog._.js:2441
[  168869ms] [LOG] [DEBUG] Renderizando celda: {columnId: metricas.satisfaccionMedia, isReference: undefined, value: Object} @ http://localhost:3000/_next/static/chunks/11hm_next_dist_0m6rgog._.js:2441
[  168869ms] [LOG] [DEBUG] Renderizando celda: {columnId: metricas.ticketMedio, isReference: undefined, value: Object} @ http://localhost:3000/_next/static/chunks/11hm_next_dist_0m6rgog._.js:2441
[  168869ms] [LOG] [DEBUG] Renderizando celda: {columnId: metricas.ticketMedio, isReference: undefined, value: Object} @ http://localhost:3000/_next/static/chunks/11hm_next_dist_0m6rgog._.js:2441
[  168869ms] [LOG] [DEBUG] Renderizando celda: {columnId: etiquetas, isReference: undefined, value: Object} @ http://localhost:3000/_next/static/chunks/11hm_next_dist_0m6rgog._.js:2441
[  168869ms] [LOG] [DEBUG] Renderizando celda: {columnId: etiquetas, isReference: undefined, value: Object} @ http://localhost:3000/_next/static/chunks/11hm_next_dist_0m6rgog._.js:2441
[  168869ms] [LOG] [DEBUG] Renderizando ArrayCell: {itemsLength: 3, isPrimitiveArray: true, isObjectArray: false, firstItemType: string} @ http://localhost:3000/_next/static/chunks/11hm_next_dist_0m6rgog._.js:2441
[  168869ms] [LOG] [DEBUG] Renderizando ArrayCell: {itemsLength: 3, isPrimitiveArray: true, isObjectArray: false, firstItemType: string} @ http://localhost:3000/_next/static/chunks/11hm_next_dist_0m6rgog._.js:2441
[  168870ms] [LOG] [DEBUG] Renderizando celda: {columnId: notas, isReference: undefined, value: Object} @ http://localhost:3000/_next/static/chunks/11hm_next_dist_0m6rgog._.js:2441
[  168870ms] [LOG] [DEBUG] Renderizando celda: {columnId: notas, isReference: undefined, value: Object} @ http://localhost:3000/_next/static/chunks/11hm_next_dist_0m6rgog._.js:2441
[  168870ms] [LOG] [DEBUG] Tipo corregido: objectArray -> string {originalValue: Salón de referencia en Madrid centro. Especialista…o. Han completado todos los módulos de formación., originalType: objectArray, detectedType: string} @ http://localhost:3000/_next/static/chunks/11hm_next_dist_0m6rgog._.js:2441
[  168870ms] [LOG] [DEBUG] Tipo corregido: objectArray -> string {originalValue: Salón de referencia en Madrid centro. Especialista…o. Han completado todos los módulos de formación., originalType: objectArray, detectedType: string} @ http://localhost:3000/_next/static/chunks/11hm_next_dist_0m6rgog._.js:2441
[  168871ms] [LOG] [DEBUG] Renderizando celda: {columnId: id, isReference: undefined, value: Object} @ http://localhost:3000/_next/static/chunks/11hm_next_dist_0m6rgog._.js:2441
[  168871ms] [LOG] [DEBUG] Renderizando celda: {columnId: id, isReference: undefined, value: Object} @ http://localhost:3000/_next/static/chunks/11hm_next_dist_0m6rgog._.js:2441
[  168871ms] [LOG] [DEBUG] Renderizando celda: {columnId: nombre, isReference: undefined, value: Object} @ http://localhost:3000/_next/static/chunks/11hm_next_dist_0m6rgog._.js:2441
[  168871ms] [LOG] [DEBUG] Renderizando celda: {columnId: nombre, isReference: undefined, value: Object} @ http://localhost:3000/_next/static/chunks/11hm_next_dist_0m6rgog._.js:2441
[  168871ms] [LOG] [DEBUG] Renderizando celda: {columnId: email, isReference: undefined, value: Object} @ http://localhost:3000/_next/static/chunks/11hm_next_dist_0m6rgog._.js:2441
[  168871ms] [LOG] [DEBUG] Renderizando celda: {columnId: email, isReference: undefined, value: Object} @ http://localhost:3000/_next/static/chunks/11hm_next_dist_0m6rgog._.js:2441
[  168871ms] [LOG] [DEBUG] Renderizando celda: {columnId: ciudad, isReference: undefined, value: Object} @ http://localhost:3000/_next/static/chunks/11hm_next_dist_0m6rgog._.js:2441
[  168871ms] [LOG] [DEBUG] Renderizando celda: {columnId: ciudad, isReference: undefined, value: Object} @ http://localhost:3000/_next/static/chunks/11hm_next_dist_0m6rgog._.js:2441
[  168871ms] [LOG] [DEBUG] Renderizando celda: {columnId: activo, isReference: undefined, value: Object} @ http://localhost:3000/_next/static/chunks/11hm_next_dist_0m6rgog._.js:2441
[  168871ms] [LOG] [DEBUG] Renderizando celda: {columnId: activo, isReference: undefined, value: Object} @ http://localhost:3000/_next/static/chunks/11hm_next_dist_0m6rgog._.js:2441
[  168871ms] [LOG] [DEBUG] Tipo corregido: boolean -> string {originalValue: true, originalType: boolean, detectedType: string} @ http://localhost:3000/_next/static/chunks/11hm_next_dist_0m6rgog._.js:2441
[  168871ms] [LOG] [DEBUG] Tipo corregido: boolean -> string {originalValue: true, originalType: boolean, detectedType: string} @ http://localhost:3000/_next/static/chunks/11hm_next_dist_0m6rgog._.js:2441
[  168871ms] [LOG] [DEBUG] Renderizando celda: {columnId: propietario, isReference: undefined, value: Object} @ http://localhost:3000/_next/static/chunks/11hm_next_dist_0m6rgog._.js:2441
[  168871ms] [LOG] [DEBUG] Renderizando celda: {columnId: propietario, isReference: undefined, value: Object} @ http://localhost:3000/_next/static/chunks/11hm_next_dist_0m6rgog._.js:2441
[  168872ms] [LOG] [DEBUG] Renderizando celda: {columnId: web, isReference: undefined, value: Object} @ http://localhost:3000/_next/static/chunks/11hm_next_dist_0m6rgog._.js:2441
[  168872ms] [LOG] [DEBUG] Renderizando celda: {columnId: web, isReference: undefined, value: Object} @ http://localhost:3000/_next/static/chunks/11hm_next_dist_0m6rgog._.js:2441
[  168872ms] [LOG] [DEBUG] Renderizando celda: {columnId: logo, isReference: undefined, value: Object} @ http://localhost:3000/_next/static/chunks/11hm_next_dist_0m6rgog._.js:2441
[  168872ms] [LOG] [DEBUG] Renderizando celda: {columnId: logo, isReference: undefined, value: Object} @ http://localhost:3000/_next/static/chunks/11hm_next_dist_0m6rgog._.js:2441
[  168872ms] [LOG] [DEBUG] Renderizando celda: {columnId: direccion.calle, isReference: undefined, value: Object} @ http://localhost:3000/_next/static/chunks/11hm_next_dist_0m6rgog._.js:2441
[  168872ms] [LOG] [DEBUG] Renderizando celda: {columnId: direccion.calle, isReference: undefined, value: Object} @ http://localhost:3000/_next/static/chunks/11hm_next_dist_0m6rgog._.js:2441
[  168872ms] [LOG] [DEBUG] Renderizando celda: {columnId: direccion.codigoPostal, isReference: undefined, value: Object} @ http://localhost:3000/_next/static/chunks/11hm_next_dist_0m6rgog._.js:2441
[  168872ms] [LOG] [DEBUG] Renderizando celda: {columnId: direccion.codigoPostal, isReference: undefined, value: Object} @ http://localhost:3000/_next/static/chunks/11hm_next_dist_0m6rgog._.js:2441
[  168872ms] [LOG] [DEBUG] Renderizando celda: {columnId: direccion.provincia, isReference: undefined, value: Object} @ http://localhost:3000/_next/static/chunks/11hm_next_dist_0m6rgog._.js:2441
[  168872ms] [LOG] [DEBUG] Renderizando celda: {columnId: direccion.provincia, isReference: undefined, value: Object} @ http://localhost:3000/_next/static/chunks/11hm_next_dist_0m6rgog._.js:2441
[  168872ms] [LOG] [DEBUG] Renderizando celda: {columnId: fechaApertura, isReference: undefined, value: Object} @ http://localhost:3000/_next/static/chunks/11hm_next_dist_0m6rgog._.js:2441
[  168872ms] [LOG] [DEBUG] Renderizando celda: {columnId: fechaApertura, isReference: undefined, value: Object} @ http://localhost:3000/_next/static/chunks/11hm_next_dist_0m6rgog._.js:2441
[  168872ms] [LOG] [DEBUG] Renderizando celda: {columnId: facturacionAnual, isReference: undefined, value: Object} @ http://localhost:3000/_next/static/chunks/11hm_next_dist_0m6rgog._.js:2441
[  168872ms] [LOG] [DEBUG] Renderizando celda: {columnId: facturacionAnual, isReference: undefined, value: Object} @ http://localhost:3000/_next/static/chunks/11hm_next_dist_0m6rgog._.js:2441
[  168872ms] [LOG] [DEBUG] Renderizando celda: {columnId: empleados, isReference: undefined, value: Object} @ http://localhost:3000/_next/static/chunks/11hm_next_dist_0m6rgog._.js:2441
[  168872ms] [LOG] [DEBUG] Renderizando celda: {columnId: empleados, isReference: undefined, value: Object} @ http://localhost:3000/_next/static/chunks/11hm_next_dist_0m6rgog._.js:2441
[  168873ms] [LOG] [DEBUG] Renderizando ArrayCell: {itemsLength: 6, isPrimitiveArray: false, isObjectArray: true, firstItemType: object} @ http://localhost:3000/_next/static/chunks/11hm_next_dist_0m6rgog._.js:2441
[  168873ms] [LOG] [DEBUG] Renderizando ArrayCell: {itemsLength: 6, isPrimitiveArray: false, isObjectArray: true, firstItemType: object} @ http://localhost:3000/_next/static/chunks/11hm_next_dist_0m6rgog._.js:2441
[  168874ms] [LOG] [DEBUG] Renderizando celda: {columnId: servicios, isReference: undefined, value: Object} @ http://localhost:3000/_next/static/chunks/11hm_next_dist_0m6rgog._.js:2441
[  168874ms] [LOG] [DEBUG] Renderizando celda: {columnId: servicios, isReference: undefined, value: Object} @ http://localhost:3000/_next/static/chunks/11hm_next_dist_0m6rgog._.js:2441
[  168874ms] [LOG] [DEBUG] Renderizando ArrayCell: {itemsLength: 6, isPrimitiveArray: true, isObjectArray: false, firstItemType: string} @ http://localhost:3000/_next/static/chunks/11hm_next_dist_0m6rgog._.js:2441
[  168874ms] [LOG] [DEBUG] Renderizando ArrayCell: {itemsLength: 6, isPrimitiveArray: true, isObjectArray: false, firstItemType: string} @ http://localhost:3000/_next/static/chunks/11hm_next_dist_0m6rgog._.js:2441
[  168874ms] [LOG] [DEBUG] Renderizando celda: {columnId: membresias, isReference: undefined, value: Object} @ http://localhost:3000/_next/static/chunks/11hm_next_dist_0m6rgog._.js:2441
[  168874ms] [LOG] [DEBUG] Renderizando celda: {columnId: membresias, isReference: undefined, value: Object} @ http://localhost:3000/_next/static/chunks/11hm_next_dist_0m6rgog._.js:2441
[  168874ms] [LOG] [DEBUG] Renderizando ArrayCell: {itemsLength: 2, isPrimitiveArray: false, isObjectArray: true, firstItemType: object} @ http://localhost:3000/_next/static/chunks/11hm_next_dist_0m6rgog._.js:2441
[  168874ms] [LOG] [DEBUG] Renderizando ArrayCell: {itemsLength: 2, isPrimitiveArray: false, isObjectArray: true, firstItemType: object} @ http://localhost:3000/_next/static/chunks/11hm_next_dist_0m6rgog._.js:2441
[  168875ms] [LOG] [DEBUG] Renderizando celda: {columnId: metricas.clientesActivos, isReference: undefined, value: Object} @ http://localhost:3000/_next/static/chunks/11hm_next_dist_0m6rgog._.js:2441
[  168875ms] [LOG] [DEBUG] Renderizando celda: {columnId: metricas.clientesActivos, isReference: undefined, value: Object} @ http://localhost:3000/_next/static/chunks/11hm_next_dist_0m6rgog._.js:2441
[  168875ms] [LOG] [DEBUG] Renderizando celda: {columnId: metricas.satisfaccionMedia, isReference: undefined, value: Object} @ http://localhost:3000/_next/static/chunks/11hm_next_dist_0m6rgog._.js:2441
[  168875ms] [LOG] [DEBUG] Renderizando celda: {columnId: metricas.satisfaccionMedia, isReference: undefined, value: Object} @ http://localhost:3000/_next/static/chunks/11hm_next_dist_0m6rgog._.js:2441
[  168875ms] [LOG] [DEBUG] Renderizando celda: {columnId: metricas.ticketMedio, isReference: undefined, value: Object} @ http://localhost:3000/_next/static/chunks/11hm_next_dist_0m6rgog._.js:2441
[  168875ms] [LOG] [DEBUG] Renderizando celda: {columnId: metricas.ticketMedio, isReference: undefined, value: Object} @ http://localhost:3000/_next/static/chunks/11hm_next_dist_0m6rgog._.js:2441
[  168875ms] [LOG] [DEBUG] Renderizando celda: {columnId: etiquetas, isReference: undefined, value: Object} @ http://localhost:3000/_next/static/chunks/11hm_next_dist_0m6rgog._.js:2441
[  168875ms] [LOG] [DEBUG] Renderizando celda: {columnId: etiquetas, isReference: undefined, value: Object} @ http://localhost:3000/_next/static/chunks/11hm_next_dist_0m6rgog._.js:2441
[  168875ms] [LOG] [DEBUG] Renderizando ArrayCell: {itemsLength: 4, isPrimitiveArray: true, isObjectArray: false, firstItemType: string} @ http://localhost:3000/_next/static/chunks/11hm_next_dist_0m6rgog._.js:2441
[  168875ms] [LOG] [DEBUG] Renderizando ArrayCell: {itemsLength: 4, isPrimitiveArray: true, isObjectArray: false, firstItemType: string} @ http://localhost:3000/_next/static/chunks/11hm_next_dist_0m6rgog._.js:2441
[  168875ms] [LOG] [DEBUG] Renderizando celda: {columnId: notas, isReference: undefined, value: Object} @ http://localhost:3000/_next/static/chunks/11hm_next_dist_0m6rgog._.js:2441
[  168876ms] [LOG] [DEBUG] Renderizando celda: {columnId: notas, isReference: undefined, value: Object} @ http://localhost:3000/_next/static/chunks/11hm_next_dist_0m6rgog._.js:2441
[  168876ms] [LOG] [DEBUG] Tipo corregido: objectArray -> string {originalValue: Uno de los salones más consolidados de Barcelona. …s y eventos. Tienen lista de espera de 3 semanas., originalType: objectArray, detectedType: string} @ http://localhost:3000/_next/static/chunks/11hm_next_dist_0m6rgog._.js:2441
[  168876ms] [LOG] [DEBUG] Tipo corregido: objectArray -> string {originalValue: Uno de los salones más consolidados de Barcelona. …s y eventos. Tienen lista de espera de 3 semanas., originalType: objectArray, detectedType: string} @ http://localhost:3000/_next/static/chunks/11hm_next_dist_0m6rgog._.js:2441
[  168876ms] [LOG] [DEBUG] Renderizando celda: {columnId: id, isReference: undefined, value: Object} @ http://localhost:3000/_next/static/chunks/11hm_next_dist_0m6rgog._.js:2441
[  168877ms] [LOG] [DEBUG] Renderizando celda: {columnId: id, isReference: undefined, value: Object} @ http://localhost:3000/_next/static/chunks/11hm_next_dist_0m6rgog._.js:2441
[  168877ms] [LOG] [DEBUG] Renderizando celda: {columnId: nombre, isReference: undefined, value: Object} @ http://localhost:3000/_next/static/chunks/11hm_next_dist_0m6rgog._.js:2441
[  168877ms] [LOG] [DEBUG] Renderizando celda: {columnId: nombre, isReference: undefined, value: Object} @ http://localhost:3000/_next/static/chunks/11hm_next_dist_0m6rgog._.js:2441
[  168877ms] [LOG] [DEBUG] Renderizando celda: {columnId: email, isReference: undefined, value: Object} @ http://localhost:3000/_next/static/chunks/11hm_next_dist_0m6rgog._.js:2441
[  168877ms] [LOG] [DEBUG] Renderizando celda: {columnId: email, isReference: undefined, value: Object} @ http://localhost:3000/_next/static/chunks/11hm_next_dist_0m6rgog._.js:2441
[  168877ms] [LOG] [DEBUG] Renderizando celda: {columnId: ciudad, isReference: undefined, value: Object} @ http://localhost:3000/_next/static/chunks/11hm_next_dist_0m6rgog._.js:2441
[  168877ms] [LOG] [DEBUG] Renderizando celda: {columnId: ciudad, isReference: undefined, value: Object} @ http://localhost:3000/_next/static/chunks/11hm_next_dist_0m6rgog._.js:2441
[  168877ms] [LOG] [DEBUG] Renderizando celda: {columnId: activo, isReference: undefined, value: Object} @ http://localhost:3000/_next/static/chunks/11hm_next_dist_0m6rgog._.js:2441
[  168877ms] [LOG] [DEBUG] Renderizando celda: {columnId: activo, isReference: undefined, value: Object} @ http://localhost:3000/_next/static/chunks/11hm_next_dist_0m6rgog._.js:2441
[  168877ms] [LOG] [DEBUG] Tipo corregido: boolean -> string {originalValue: true, originalType: boolean, detectedType: string} @ http://localhost:3000/_next/static/chunks/11hm_next_dist_0m6rgog._.js:2441
[  168877ms] [LOG] [DEBUG] Tipo corregido: boolean -> string {originalValue: true, originalType: boolean, detectedType: string} @ http://localhost:3000/_next/static/chunks/11hm_next_dist_0m6rgog._.js:2441
[  168877ms] [LOG] [DEBUG] Renderizando celda: {columnId: propietario, isReference: undefined, value: Object} @ http://localhost:3000/_next/static/chunks/11hm_next_dist_0m6rgog._.js:2441
[  168877ms] [LOG] [DEBUG] Renderizando celda: {columnId: propietario, isReference: undefined, value: Object} @ http://localhost:3000/_next/static/chunks/11hm_next_dist_0m6rgog._.js:2441
[  168878ms] [LOG] [DEBUG] Renderizando celda: {columnId: web, isReference: undefined, value: Object} @ http://localhost:3000/_next/static/chunks/11hm_next_dist_0m6rgog._.js:2441
[  168878ms] [LOG] [DEBUG] Renderizando celda: {columnId: web, isReference: undefined, value: Object} @ http://localhost:3000/_next/static/chunks/11hm_next_dist_0m6rgog._.js:2441
[  168878ms] [LOG] [DEBUG] Renderizando celda: {columnId: logo, isReference: undefined, value: Object} @ http://localhost:3000/_next/static/chunks/11hm_next_dist_0m6rgog._.js:2441
[  168878ms] [LOG] [DEBUG] Renderizando celda: {columnId: logo, isReference: undefined, value: Object} @ http://localhost:3000/_next/static/chunks/11hm_next_dist_0m6rgog._.js:2441
[  168878ms] [LOG] [DEBUG] Renderizando celda: {columnId: direccion.calle, isReference: undefined, value: Object} @ http://localhost:3000/_next/static/chunks/11hm_next_dist_0m6rgog._.js:2441
[  168878ms] [LOG] [DEBUG] Renderizando celda: {columnId: direccion.calle, isReference: undefined, value: Object} @ http://localhost:3000/_next/static/chunks/11hm_next_dist_0m6rgog._.js:2441
[  168878ms] [LOG] [DEBUG] Renderizando celda: {columnId: direccion.codigoPostal, isReference: undefined, value: Object} @ http://localhost:3000/_next/static/chunks/11hm_next_dist_0m6rgog._.js:2441
[  168878ms] [LOG] [DEBUG] Renderizando celda: {columnId: direccion.codigoPostal, isReference: undefined, value: Object} @ http://localhost:3000/_next/static/chunks/11hm_next_dist_0m6rgog._.js:2441
[  168878ms] [LOG] [DEBUG] Renderizando celda: {columnId: direccion.provincia, isReference: undefined, value: Object} @ http://localhost:3000/_next/static/chunks/11hm_next_dist_0m6rgog._.js:2441
[  168878ms] [LOG] [DEBUG] Renderizando celda: {columnId: direccion.provincia, isReference: undefined, value: Object} @ http://localhost:3000/_next/static/chunks/11hm_next_dist_0m6rgog._.js:2441
[  168878ms] [LOG] [DEBUG] Renderizando celda: {columnId: fechaApertura, isReference: undefined, value: Object} @ http://localhost:3000/_next/static/chunks/11hm_next_dist_0m6rgog._.js:2441
[  168878ms] [LOG] [DEBUG] Renderizando celda: {columnId: fechaApertura, isReference: undefined, value: Object} @ http://localhost:3000/_next/static/chunks/11hm_next_dist_0m6rgog._.js:2441
[  168878ms] [LOG] [DEBUG] Renderizando celda: {columnId: facturacionAnual, isReference: undefined, value: Object} @ http://localhost:3000/_next/static/chunks/11hm_next_dist_0m6rgog._.js:2441
[  168878ms] [LOG] [DEBUG] Renderizando celda: {columnId: facturacionAnual, isReference: undefined, value: Object} @ http://localhost:3000/_next/static/chunks/11hm_next_dist_0m6rgog._.js:2441
[  168878ms] [LOG] [DEBUG] Renderizando celda: {columnId: empleados, isReference: undefined, value: Object} @ http://localhost:3000/_next/static/chunks/11hm_next_dist_0m6rgog._.js:2441
[  168878ms] [LOG] [DEBUG] Renderizando celda: {columnId: empleados, isReference: undefined, value: Object} @ http://localhost:3000/_next/static/chunks/11hm_next_dist_0m6rgog._.js:2441
[  168878ms] [LOG] [DEBUG] Renderizando ArrayCell: {itemsLength: 3, isPrimitiveArray: false, isObjectArray: true, firstItemType: object} @ http://localhost:3000/_next/static/chunks/11hm_next_dist_0m6rgog._.js:2441
[  168879ms] [LOG] [DEBUG] Renderizando ArrayCell: {itemsLength: 3, isPrimitiveArray: false, isObjectArray: true, firstItemType: object} @ http://localhost:3000/_next/static/chunks/11hm_next_dist_0m6rgog._.js:2441
[  168879ms] [LOG] [DEBUG] Renderizando celda: {columnId: servicios, isReference: undefined, value: Object} @ http://localhost:3000/_next/static/chunks/11hm_next_dist_0m6rgog._.js:2441
[  168879ms] [LOG] [DEBUG] Renderizando celda: {columnId: servicios, isReference: undefined, value: Object} @ http://localhost:3000/_next/static/chunks/11hm_next_dist_0m6rgog._.js:2441
[  168879ms] [LOG] [DEBUG] Renderizando ArrayCell: {itemsLength: 4, isPrimitiveArray: true, isObjectArray: false, firstItemType: string} @ http://localhost:3000/_next/static/chunks/11hm_next_dist_0m6rgog._.js:2441
[  168879ms] [LOG] [DEBUG] Renderizando ArrayCell: {itemsLength: 4, isPrimitiveArray: true, isObjectArray: false, firstItemType: string} @ http://localhost:3000/_next/static/chunks/11hm_next_dist_0m6rgog._.js:2441
[  168880ms] [LOG] [DEBUG] Renderizando celda: {columnId: membresias, isReference: undefined, value: Object} @ http://localhost:3000/_next/static/chunks/11hm_next_dist_0m6rgog._.js:2441
[  168880ms] [LOG] [DEBUG] Renderizando celda: {columnId: membresias, isReference: undefined, value: Object} @ http://localhost:3000/_next/static/chunks/11hm_next_dist_0m6rgog._.js:2441
[  168880ms] [LOG] [DEBUG] Renderizando ArrayCell: {itemsLength: 2, isPrimitiveArray: false, isObjectArray: true, firstItemType: object} @ http://localhost:3000/_next/static/chunks/11hm_next_dist_0m6rgog._.js:2441
[  168880ms] [LOG] [DEBUG] Renderizando ArrayCell: {itemsLength: 2, isPrimitiveArray: false, isObjectArray: true, firstItemType: object} @ http://localhost:3000/_next/static/chunks/11hm_next_dist_0m6rgog._.js:2441
[  168880ms] [LOG] [DEBUG] Renderizando celda: {columnId: metricas.clientesActivos, isReference: undefined, value: Object} @ http://localhost:3000/_next/static/chunks/11hm_next_dist_0m6rgog._.js:2441
[  168880ms] [LOG] [DEBUG] Renderizando celda: {columnId: metricas.clientesActivos, isReference: undefined, value: Object} @ http://localhost:3000/_next/static/chunks/11hm_next_dist_0m6rgog._.js:2441
[  168880ms] [LOG] [DEBUG] Renderizando celda: {columnId: metricas.satisfaccionMedia, isReference: undefined, value: Object} @ http://localhost:3000/_next/static/chunks/11hm_next_dist_0m6rgog._.js:2441
[  168880ms] [LOG] [DEBUG] Renderizando celda: {columnId: metricas.satisfaccionMedia, isReference: undefined, value: Object} @ http://localhost:3000/_next/static/chunks/11hm_next_dist_0m6rgog._.js:2441
[  168880ms] [LOG] [DEBUG] Renderizando celda: {columnId: metricas.ticketMedio, isReference: undefined, value: Object} @ http://localhost:3000/_next/static/chunks/11hm_next_dist_0m6rgog._.js:2441
[  168880ms] [LOG] [DEBUG] Renderizando celda: {columnId: metricas.ticketMedio, isReference: undefined, value: Object} @ http://localhost:3000/_next/static/chunks/11hm_next_dist_0m6rgog._.js:2441
[  168881ms] [LOG] [DEBUG] Renderizando celda: {columnId: etiquetas, isReference: undefined, value: Object} @ http://localhost:3000/_next/static/chunks/11hm_next_dist_0m6rgog._.js:2441
[  168881ms] [LOG] [DEBUG] Renderizando celda: {columnId: etiquetas, isReference: undefined, value: Object} @ http://localhost:3000/_next/static/chunks/11hm_next_dist_0m6rgog._.js:2441
[  168881ms] [LOG] [DEBUG] Renderizando ArrayCell: {itemsLength: 3, isPrimitiveArray: true, isObjectArray: false, firstItemType: string} @ http://localhost:3000/_next/static/chunks/11hm_next_dist_0m6rgog._.js:2441
[  168881ms] [LOG] [DEBUG] Renderizando ArrayCell: {itemsLength: 3, isPrimitiveArray: true, isObjectArray: false, firstItemType: string} @ http://localhost:3000/_next/static/chunks/11hm_next_dist_0m6rgog._.js:2441
[  168881ms] [LOG] [DEBUG] Renderizando celda: {columnId: notas, isReference: undefined, value: Object} @ http://localhost:3000/_next/static/chunks/11hm_next_dist_0m6rgog._.js:2441
[  168881ms] [LOG] [DEBUG] Renderizando celda: {columnId: notas, isReference: undefined, value: Object} @ http://localhost:3000/_next/static/chunks/11hm_next_dist_0m6rgog._.js:2441
[  168881ms] [LOG] [DEBUG] Tipo corregido: objectArray -> string {originalValue: Enfoque en productos naturales y orgánicos. Clientela muy fiel. Han pedido asesoría para expansión., originalType: objectArray, detectedType: string} @ http://localhost:3000/_next/static/chunks/11hm_next_dist_0m6rgog._.js:2441
[  168881ms] [LOG] [DEBUG] Tipo corregido: objectArray -> string {originalValue: Enfoque en productos naturales y orgánicos. Clientela muy fiel. Han pedido asesoría para expansión., originalType: objectArray, detectedType: string} @ http://localhost:3000/_next/static/chunks/11hm_next_dist_0m6rgog._.js:2441
[  168884ms] [LOG] [DEBUG] Renderizando celda: {columnId: id, isReference: undefined, value: Object} @ http://localhost:3000/_next/static/chunks/11hm_next_dist_0m6rgog._.js:2441
[  168884ms] [LOG] [DEBUG] Renderizando celda: {columnId: id, isReference: undefined, value: Object} @ http://localhost:3000/_next/static/chunks/11hm_next_dist_0m6rgog._.js:2441
[  168884ms] [LOG] [DEBUG] Renderizando celda: {columnId: nombre, isReference: undefined, value: Object} @ http://localhost:3000/_next/static/chunks/11hm_next_dist_0m6rgog._.js:2441
[  168885ms] [LOG] [DEBUG] Renderizando celda: {columnId: nombre, isReference: undefined, value: Object} @ http://localhost:3000/_next/static/chunks/11hm_next_dist_0m6rgog._.js:2441
[  168885ms] [LOG] [DEBUG] Renderizando celda: {columnId: email, isReference: undefined, value: Object} @ http://localhost:3000/_next/static/chunks/11hm_next_dist_0m6rgog._.js:2441
[  168885ms] [LOG] [DEBUG] Renderizando celda: {columnId: email, isReference: undefined, value: Object} @ http://localhost:3000/_next/static/chunks/11hm_next_dist_0m6rgog._.js:2441
[  168885ms] [LOG] [DEBUG] Renderizando celda: {columnId: ciudad, isReference: undefined, value: Object} @ http://localhost:3000/_next/static/chunks/11hm_next_dist_0m6rgog._.js:2441
[  168885ms] [LOG] [DEBUG] Renderizando celda: {columnId: ciudad, isReference: undefined, value: Object} @ http://localhost:3000/_next/static/chunks/11hm_next_dist_0m6rgog._.js:2441
[  168885ms] [LOG] [DEBUG] Renderizando celda: {columnId: activo, isReference: undefined, value: Object} @ http://localhost:3000/_next/static/chunks/11hm_next_dist_0m6rgog._.js:2441
[  168885ms] [LOG] [DEBUG] Renderizando celda: {columnId: activo, isReference: undefined, value: Object} @ http://localhost:3000/_next/static/chunks/11hm_next_dist_0m6rgog._.js:2441
[  168885ms] [LOG] [DEBUG] Tipo corregido: boolean -> string {originalValue: false, originalType: boolean, detectedType: string} @ http://localhost:3000/_next/static/chunks/11hm_next_dist_0m6rgog._.js:2441
[  168885ms] [LOG] [DEBUG] Tipo corregido: boolean -> string {originalValue: false, originalType: boolean, detectedType: string} @ http://localhost:3000/_next/static/chunks/11hm_next_dist_0m6rgog._.js:2441
[  168885ms] [LOG] [DEBUG] Renderizando celda: {columnId: propietario, isReference: undefined, value: Object} @ http://localhost:3000/_next/static/chunks/11hm_next_dist_0m6rgog._.js:2441
[  168885ms] [LOG] [DEBUG] Renderizando celda: {columnId: propietario, isReference: undefined, value: Object} @ http://localhost:3000/_next/static/chunks/11hm_next_dist_0m6rgog._.js:2441
[  168885ms] [LOG] [DEBUG] Renderizando celda: {columnId: web, isReference: undefined, value: Object} @ http://localhost:3000/_next/static/chunks/11hm_next_dist_0m6rgog._.js:2441
[  168885ms] [LOG] [DEBUG] Renderizando celda: {columnId: web, isReference: undefined, value: Object} @ http://localhost:3000/_next/static/chunks/11hm_next_dist_0m6rgog._.js:2441
[  168885ms] [LOG] [DEBUG] Renderizando celda: {columnId: logo, isReference: undefined, value: Object} @ http://localhost:3000/_next/static/chunks/11hm_next_dist_0m6rgog._.js:2441
[  168885ms] [LOG] [DEBUG] Renderizando celda: {columnId: logo, isReference: undefined, value: Object} @ http://localhost:3000/_next/static/chunks/11hm_next_dist_0m6rgog._.js:2441
[  168886ms] [LOG] [DEBUG] Renderizando celda: {columnId: direccion.calle, isReference: undefined, value: Object} @ http://localhost:3000/_next/static/chunks/11hm_next_dist_0m6rgog._.js:2441
[  168886ms] [LOG] [DEBUG] Renderizando celda: {columnId: direccion.calle, isReference: undefined, value: Object} @ http://localhost:3000/_next/static/chunks/11hm_next_dist_0m6rgog._.js:2441
[  168886ms] [LOG] [DEBUG] Renderizando celda: {columnId: direccion.codigoPostal, isReference: undefined, value: Object} @ http://localhost:3000/_next/static/chunks/11hm_next_dist_0m6rgog._.js:2441
[  168886ms] [LOG] [DEBUG] Renderizando celda: {columnId: direccion.codigoPostal, isReference: undefined, value: Object} @ http://localhost:3000/_next/static/chunks/11hm_next_dist_0m6rgog._.js:2441
[  168886ms] [LOG] [DEBUG] Renderizando celda: {columnId: direccion.provincia, isReference: undefined, value: Object} @ http://localhost:3000/_next/static/chunks/11hm_next_dist_0m6rgog._.js:2441
[  168886ms] [LOG] [DEBUG] Renderizando celda: {columnId: direccion.provincia, isReference: undefined, value: Object} @ http://localhost:3000/_next/static/chunks/11hm_next_dist_0m6rgog._.js:2441
[  168886ms] [LOG] [DEBUG] Renderizando celda: {columnId: fechaApertura, isReference: undefined, value: Object} @ http://localhost:3000/_next/static/chunks/11hm_next_dist_0m6rgog._.js:2441
[  168886ms] [LOG] [DEBUG] Renderizando celda: {columnId: fechaApertura, isReference: undefined, value: Object} @ http://localhost:3000/_next/static/chunks/11hm_next_dist_0m6rgog._.js:2441
[  168886ms] [LOG] [DEBUG] Renderizando celda: {columnId: facturacionAnual, isReference: undefined, value: Object} @ http://localhost:3000/_next/static/chunks/11hm_next_dist_0m6rgog._.js:2441
[  168886ms] [LOG] [DEBUG] Renderizando celda: {columnId: facturacionAnual, isReference: undefined, value: Object} @ http://localhost:3000/_next/static/chunks/11hm_next_dist_0m6rgog._.js:2441
[  168886ms] [LOG] [DEBUG] Renderizando celda: {columnId: empleados, isReference: undefined, value: Object} @ http://localhost:3000/_next/static/chunks/11hm_next_dist_0m6rgog._.js:2441
[  168886ms] [LOG] [DEBUG] Renderizando celda: {columnId: empleados, isReference: undefined, value: Object} @ http://localhost:3000/_next/static/chunks/11hm_next_dist_0m6rgog._.js:2441
[  168886ms] [LOG] [DEBUG] Renderizando ArrayCell: {itemsLength: 2, isPrimitiveArray: false, isObjectArray: true, firstItemType: object} @ http://localhost:3000/_next/static/chunks/11hm_next_dist_0m6rgog._.js:2441
[  168886ms] [LOG] [DEBUG] Renderizando ArrayCell: {itemsLength: 2, isPrimitiveArray: false, isObjectArray: true, firstItemType: object} @ http://localhost:3000/_next/static/chunks/11hm_next_dist_0m6rgog._.js:2441
[  168887ms] [LOG] [DEBUG] Renderizando celda: {columnId: servicios, isReference: undefined, value: Object} @ http://localhost:3000/_next/static/chunks/11hm_next_dist_0m6rgog._.js:2441
[  168887ms] [LOG] [DEBUG] Renderizando celda: {columnId: servicios, isReference: undefined, value: Object} @ http://localhost:3000/_next/static/chunks/11hm_next_dist_0m6rgog._.js:2441
[  168887ms] [LOG] [DEBUG] Renderizando ArrayCell: {itemsLength: 3, isPrimitiveArray: true, isObjectArray: false, firstItemType: string} @ http://localhost:3000/_next/static/chunks/11hm_next_dist_0m6rgog._.js:2441
[  168887ms] [LOG] [DEBUG] Renderizando ArrayCell: {itemsLength: 3, isPrimitiveArray: true, isObjectArray: false, firstItemType: string} @ http://localhost:3000/_next/static/chunks/11hm_next_dist_0m6rgog._.js:2441
[  168887ms] [LOG] [DEBUG] Renderizando celda: {columnId: membresias, isReference: undefined, value: Object} @ http://localhost:3000/_next/static/chunks/11hm_next_dist_0m6rgog._.js:2441
[  168887ms] [LOG] [DEBUG] Renderizando celda: {columnId: membresias, isReference: undefined, value: Object} @ http://localhost:3000/_next/static/chunks/11hm_next_dist_0m6rgog._.js:2441
[  168887ms] [LOG] [DEBUG] Renderizando ArrayCell: {itemsLength: 1, isPrimitiveArray: false, isObjectArray: true, firstItemType: object} @ http://localhost:3000/_next/static/chunks/11hm_next_dist_0m6rgog._.js:2441
[  168887ms] [LOG] [DEBUG] Renderizando ArrayCell: {itemsLength: 1, isPrimitiveArray: false, isObjectArray: true, firstItemType: object} @ http://localhost:3000/_next/static/chunks/11hm_next_dist_0m6rgog._.js:2441
[  168888ms] [LOG] [DEBUG] Renderizando celda: {columnId: metricas.clientesActivos, isReference: undefined, value: Object} @ http://localhost:3000/_next/static/chunks/11hm_next_dist_0m6rgog._.js:2441
[  168888ms] [LOG] [DEBUG] Renderizando celda: {columnId: metricas.clientesActivos, isReference: undefined, value: Object} @ http://localhost:3000/_next/static/chunks/11hm_next_dist_0m6rgog._.js:2441
[  168888ms] [LOG] [DEBUG] Renderizando celda: {columnId: metricas.satisfaccionMedia, isReference: undefined, value: Object} @ http://localhost:3000/_next/static/chunks/11hm_next_dist_0m6rgog._.js:2441
[  168888ms] [LOG] [DEBUG] Renderizando celda: {columnId: metricas.satisfaccionMedia, isReference: undefined, value: Object} @ http://localhost:3000/_next/static/chunks/11hm_next_dist_0m6rgog._.js:2441
[  168888ms] [LOG] [DEBUG] Renderizando celda: {columnId: metricas.ticketMedio, isReference: undefined, value: Object} @ http://localhost:3000/_next/static/chunks/11hm_next_dist_0m6rgog._.js:2441
[  168888ms] [LOG] [DEBUG] Renderizando celda: {columnId: metricas.ticketMedio, isReference: undefined, value: Object} @ http://localhost:3000/_next/static/chunks/11hm_next_dist_0m6rgog._.js:2441
[  168888ms] [LOG] [DEBUG] Renderizando celda: {columnId: etiquetas, isReference: undefined, value: Object} @ http://localhost:3000/_next/static/chunks/11hm_next_dist_0m6rgog._.js:2441
[  168888ms] [LOG] [DEBUG] Renderizando celda: {columnId: etiquetas, isReference: undefined, value: Object} @ http://localhost:3000/_next/static/chunks/11hm_next_dist_0m6rgog._.js:2441
[  168888ms] [LOG] [DEBUG] Renderizando ArrayCell: {itemsLength: 1, isPrimitiveArray: true, isObjectArray: false, firstItemType: string} @ http://localhost:3000/_next/static/chunks/11hm_next_dist_0m6rgog._.js:2441
[  168888ms] [LOG] [DEBUG] Renderizando ArrayCell: {itemsLength: 1, isPrimitiveArray: true, isObjectArray: false, firstItemType: string} @ http://localhost:3000/_next/static/chunks/11hm_next_dist_0m6rgog._.js:2441
[  168888ms] [LOG] [DEBUG] Renderizando celda: {columnId: notas, isReference: undefined, value: Object} @ http://localhost:3000/_next/static/chunks/11hm_next_dist_0m6rgog._.js:2441
[  168888ms] [LOG] [DEBUG] Renderizando celda: {columnId: notas, isReference: undefined, value: Object} @ http://localhost:3000/_next/static/chunks/11hm_next_dist_0m6rgog._.js:2441
[  168889ms] [LOG] [DEBUG] Tipo corregido: objectArray -> string {originalValue: Salón con trayectoria pero estancado. El propietar… valorando renovar imagen y formación del equipo., originalType: objectArray, detectedType: string} @ http://localhost:3000/_next/static/chunks/11hm_next_dist_0m6rgog._.js:2441
[  168889ms] [LOG] [DEBUG] Tipo corregido: objectArray -> string {originalValue: Salón con trayectoria pero estancado. El propietar… valorando renovar imagen y formación del equipo., originalType: objectArray, detectedType: string} @ http://localhost:3000/_next/static/chunks/11hm_next_dist_0m6rgog._.js:2441
[  168890ms] [LOG] [DEBUG] Renderizando celda: {columnId: id, isReference: undefined, value: Object} @ http://localhost:3000/_next/static/chunks/11hm_next_dist_0m6rgog._.js:2441
[  168890ms] [LOG] [DEBUG] Renderizando celda: {columnId: id, isReference: undefined, value: Object} @ http://localhost:3000/_next/static/chunks/11hm_next_dist_0m6rgog._.js:2441
[  168890ms] [LOG] [DEBUG] Renderizando celda: {columnId: nombre, isReference: undefined, value: Object} @ http://localhost:3000/_next/static/chunks/11hm_next_dist_0m6rgog._.js:2441
[  168890ms] [LOG] [DEBUG] Renderizando celda: {columnId: nombre, isReference: undefined, value: Object} @ http://localhost:3000/_next/static/chunks/11hm_next_dist_0m6rgog._.js:2441
[  168890ms] [LOG] [DEBUG] Renderizando celda: {columnId: email, isReference: undefined, value: Object} @ http://localhost:3000/_next/static/chunks/11hm_next_dist_0m6rgog._.js:2441
[  168890ms] [LOG] [DEBUG] Renderizando celda: {columnId: email, isReference: undefined, value: Object} @ http://localhost:3000/_next/static/chunks/11hm_next_dist_0m6rgog._.js:2441
[  168890ms] [LOG] [DEBUG] Renderizando celda: {columnId: ciudad, isReference: undefined, value: Object} @ http://localhost:3000/_next/static/chunks/11hm_next_dist_0m6rgog._.js:2441
[  168890ms] [LOG] [DEBUG] Renderizando celda: {columnId: ciudad, isReference: undefined, value: Object} @ http://localhost:3000/_next/static/chunks/11hm_next_dist_0m6rgog._.js:2441
[  168890ms] [LOG] [DEBUG] Renderizando celda: {columnId: activo, isReference: undefined, value: Object} @ http://localhost:3000/_next/static/chunks/11hm_next_dist_0m6rgog._.js:2441
[  168890ms] [LOG] [DEBUG] Renderizando celda: {columnId: activo, isReference: undefined, value: Object} @ http://localhost:3000/_next/static/chunks/11hm_next_dist_0m6rgog._.js:2441
[  168890ms] [LOG] [DEBUG] Tipo corregido: boolean -> string {originalValue: true, originalType: boolean, detectedType: string} @ http://localhost:3000/_next/static/chunks/11hm_next_dist_0m6rgog._.js:2441
[  168890ms] [LOG] [DEBUG] Tipo corregido: boolean -> string {originalValue: true, originalType: boolean, detectedType: string} @ http://localhost:3000/_next/static/chunks/11hm_next_dist_0m6rgog._.js:2441
[  168890ms] [LOG] [DEBUG] Renderizando celda: {columnId: propietario, isReference: undefined, value: Object} @ http://localhost:3000/_next/static/chunks/11hm_next_dist_0m6rgog._.js:2441
[  168890ms] [LOG] [DEBUG] Renderizando celda: {columnId: propietario, isReference: undefined, value: Object} @ http://localhost:3000/_next/static/chunks/11hm_next_dist_0m6rgog._.js:2441
[  168890ms] [LOG] [DEBUG] Renderizando celda: {columnId: web, isReference: undefined, value: Object} @ http://localhost:3000/_next/static/chunks/11hm_next_dist_0m6rgog._.js:2441
[  168890ms] [LOG] [DEBUG] Renderizando celda: {columnId: web, isReference: undefined, value: Object} @ http://localhost:3000/_next/static/chunks/11hm_next_dist_0m6rgog._.js:2441
[  168890ms] [LOG] [DEBUG] Renderizando celda: {columnId: logo, isReference: undefined, value: Object} @ http://localhost:3000/_next/static/chunks/11hm_next_dist_0m6rgog._.js:2441
[  168891ms] [LOG] [DEBUG] Renderizando celda: {columnId: logo, isReference: undefined, value: Object} @ http://localhost:3000/_next/static/chunks/11hm_next_dist_0m6rgog._.js:2441
[  168891ms] [LOG] [DEBUG] Renderizando celda: {columnId: direccion.calle, isReference: undefined, value: Object} @ http://localhost:3000/_next/static/chunks/11hm_next_dist_0m6rgog._.js:2441
[  168891ms] [LOG] [DEBUG] Renderizando celda: {columnId: direccion.calle, isReference: undefined, value: Object} @ http://localhost:3000/_next/static/chunks/11hm_next_dist_0m6rgog._.js:2441
[  168891ms] [LOG] [DEBUG] Renderizando celda: {columnId: direccion.codigoPostal, isReference: undefined, value: Object} @ http://localhost:3000/_next/static/chunks/11hm_next_dist_0m6rgog._.js:2441
[  168891ms] [LOG] [DEBUG] Renderizando celda: {columnId: direccion.codigoPostal, isReference: undefined, value: Object} @ http://localhost:3000/_next/static/chunks/11hm_next_dist_0m6rgog._.js:2441
[  168891ms] [LOG] [DEBUG] Renderizando celda: {columnId: direccion.provincia, isReference: undefined, value: Object} @ http://localhost:3000/_next/static/chunks/11hm_next_dist_0m6rgog._.js:2441
[  168891ms] [LOG] [DEBUG] Renderizando celda: {columnId: direccion.provincia, isReference: undefined, value: Object} @ http://localhost:3000/_next/static/chunks/11hm_next_dist_0m6rgog._.js:2441
[  168891ms] [LOG] [DEBUG] Renderizando celda: {columnId: fechaApertura, isReference: undefined, value: Object} @ http://localhost:3000/_next/static/chunks/11hm_next_dist_0m6rgog._.js:2441
[  168891ms] [LOG] [DEBUG] Renderizando celda: {columnId: fechaApertura, isReference: undefined, value: Object} @ http://localhost:3000/_next/static/chunks/11hm_next_dist_0m6rgog._.js:2441
[  168891ms] [LOG] [DEBUG] Renderizando celda: {columnId: facturacionAnual, isReference: undefined, value: Object} @ http://localhost:3000/_next/static/chunks/11hm_next_dist_0m6rgog._.js:2441
[  168891ms] [LOG] [DEBUG] Renderizando celda: {columnId: facturacionAnual, isReference: undefined, value: Object} @ http://localhost:3000/_next/static/chunks/11hm_next_dist_0m6rgog._.js:2441
[  168891ms] [LOG] [DEBUG] Renderizando celda: {columnId: empleados, isReference: undefined, value: Object} @ http://localhost:3000/_next/static/chunks/11hm_next_dist_0m6rgog._.js:2441
[  168891ms] [LOG] [DEBUG] Renderizando celda: {columnId: empleados, isReference: undefined, value: Object} @ http://localhost:3000/_next/static/chunks/11hm_next_dist_0m6rgog._.js:2441
[  168891ms] [LOG] [DEBUG] Renderizando ArrayCell: {itemsLength: 4, isPrimitiveArray: false, isObjectArray: true, firstItemType: object} @ http://localhost:3000/_next/static/chunks/11hm_next_dist_0m6rgog._.js:2441
[  168891ms] [LOG] [DEBUG] Renderizando ArrayCell: {itemsLength: 4, isPrimitiveArray: false, isObjectArray: true, firstItemType: object} @ http://localhost:3000/_next/static/chunks/11hm_next_dist_0m6rgog._.js:2441
[  168892ms] [LOG] [DEBUG] Renderizando celda: {columnId: servicios, isReference: undefined, value: Object} @ http://localhost:3000/_next/static/chunks/11hm_next_dist_0m6rgog._.js:2441
[  168892ms] [LOG] [DEBUG] Renderizando celda: {columnId: servicios, isReference: undefined, value: Object} @ http://localhost:3000/_next/static/chunks/11hm_next_dist_0m6rgog._.js:2441
[  168892ms] [LOG] [DEBUG] Renderizando ArrayCell: {itemsLength: 5, isPrimitiveArray: true, isObjectArray: false, firstItemType: string} @ http://localhost:3000/_next/static/chunks/11hm_next_dist_0m6rgog._.js:2441
[  168892ms] [LOG] [DEBUG] Renderizando ArrayCell: {itemsLength: 5, isPrimitiveArray: true, isObjectArray: false, firstItemType: string} @ http://localhost:3000/_next/static/chunks/11hm_next_dist_0m6rgog._.js:2441
[  168893ms] [LOG] [DEBUG] Renderizando celda: {columnId: membresias, isReference: undefined, value: Object} @ http://localhost:3000/_next/static/chunks/11hm_next_dist_0m6rgog._.js:2441
[  168893ms] [LOG] [DEBUG] Renderizando celda: {columnId: membresias, isReference: undefined, value: Object} @ http://localhost:3000/_next/static/chunks/11hm_next_dist_0m6rgog._.js:2441
[  168893ms] [LOG] [DEBUG] Renderizando ArrayCell: {itemsLength: 3, isPrimitiveArray: false, isObjectArray: true, firstItemType: object} @ http://localhost:3000/_next/static/chunks/11hm_next_dist_0m6rgog._.js:2441
[  168893ms] [LOG] [DEBUG] Renderizando ArrayCell: {itemsLength: 3, isPrimitiveArray: false, isObjectArray: true, firstItemType: object} @ http://localhost:3000/_next/static/chunks/11hm_next_dist_0m6rgog._.js:2441
[  168893ms] [LOG] [DEBUG] Renderizando celda: {columnId: metricas.clientesActivos, isReference: undefined, value: Object} @ http://localhost:3000/_next/static/chunks/11hm_next_dist_0m6rgog._.js:2441
[  168894ms] [LOG] [DEBUG] Renderizando celda: {columnId: metricas.clientesActivos, isReference: undefined, value: Object} @ http://localhost:3000/_next/static/chunks/11hm_next_dist_0m6rgog._.js:2441
[  168894ms] [LOG] [DEBUG] Renderizando celda: {columnId: metricas.satisfaccionMedia, isReference: undefined, value: Object} @ http://localhost:3000/_next/static/chunks/11hm_next_dist_0m6rgog._.js:2441
[  168894ms] [LOG] [DEBUG] Renderizando celda: {columnId: metricas.satisfaccionMedia, isReference: undefined, value: Object} @ http://localhost:3000/_next/static/chunks/11hm_next_dist_0m6rgog._.js:2441
[  168894ms] [LOG] [DEBUG] Renderizando celda: {columnId: metricas.ticketMedio, isReference: undefined, value: Object} @ http://localhost:3000/_next/static/chunks/11hm_next_dist_0m6rgog._.js:2441
[  168894ms] [LOG] [DEBUG] Renderizando celda: {columnId: metricas.ticketMedio, isReference: undefined, value: Object} @ http://localhost:3000/_next/static/chunks/11hm_next_dist_0m6rgog._.js:2441
[  168894ms] [LOG] [DEBUG] Renderizando celda: {columnId: etiquetas, isReference: undefined, value: Object} @ http://localhost:3000/_next/static/chunks/11hm_next_dist_0m6rgog._.js:2441
[  168894ms] [LOG] [DEBUG] Renderizando celda: {columnId: etiquetas, isReference: undefined, value: Object} @ http://localhost:3000/_next/static/chunks/11hm_next_dist_0m6rgog._.js:2441
[  168894ms] [LOG] [DEBUG] Renderizando ArrayCell: {itemsLength: 3, isPrimitiveArray: true, isObjectArray: false, firstItemType: string} @ http://localhost:3000/_next/static/chunks/11hm_next_dist_0m6rgog._.js:2441
[  168894ms] [LOG] [DEBUG] Renderizando ArrayCell: {itemsLength: 3, isPrimitiveArray: true, isObjectArray: false, firstItemType: string} @ http://localhost:3000/_next/static/chunks/11hm_next_dist_0m6rgog._.js:2441
[  168894ms] [LOG] [DEBUG] Renderizando celda: {columnId: notas, isReference: undefined, value: Object} @ http://localhost:3000/_next/static/chunks/11hm_next_dist_0m6rgog._.js:2441
[  168894ms] [LOG] [DEBUG] Renderizando celda: {columnId: notas, isReference: undefined, value: Object} @ http://localhost:3000/_next/static/chunks/11hm_next_dist_0m6rgog._.js:2441
[  168894ms] [LOG] [DEBUG] Tipo corregido: objectArray -> string {originalValue: Propuesta de valor muy diferenciada. Servicios de …ación capilar. Modelo de negocio único en Bilbao., originalType: objectArray, detectedType: string} @ http://localhost:3000/_next/static/chunks/11hm_next_dist_0m6rgog._.js:2441
[  168894ms] [LOG] [DEBUG] Tipo corregido: objectArray -> string {originalValue: Propuesta de valor muy diferenciada. Servicios de …ación capilar. Modelo de negocio único en Bilbao., originalType: objectArray, detectedType: string} @ http://localhost:3000/_next/static/chunks/11hm_next_dist_0m6rgog._.js:2441
[  168896ms] [LOG] [DEBUG] Renderizando celda: {columnId: id, isReference: undefined, value: Object} @ http://localhost:3000/_next/static/chunks/11hm_next_dist_0m6rgog._.js:2441
[  168896ms] [LOG] [DEBUG] Renderizando celda: {columnId: id, isReference: undefined, value: Object} @ http://localhost:3000/_next/static/chunks/11hm_next_dist_0m6rgog._.js:2441
[  168896ms] [LOG] [DEBUG] Renderizando celda: {columnId: nombre, isReference: undefined, value: Object} @ http://localhost:3000/_next/static/chunks/11hm_next_dist_0m6rgog._.js:2441
[  168896ms] [LOG] [DEBUG] Renderizando celda: {columnId: nombre, isReference: undefined, value: Object} @ http://localhost:3000/_next/static/chunks/11hm_next_dist_0m6rgog._.js:2441
[  168896ms] [LOG] [DEBUG] Renderizando celda: {columnId: email, isReference: undefined, value: Object} @ http://localhost:3000/_next/static/chunks/11hm_next_dist_0m6rgog._.js:2441
[  168896ms] [LOG] [DEBUG] Renderizando celda: {columnId: email, isReference: undefined, value: Object} @ http://localhost:3000/_next/static/chunks/11hm_next_dist_0m6rgog._.js:2441
[  168896ms] [LOG] [DEBUG] Renderizando celda: {columnId: ciudad, isReference: undefined, value: Object} @ http://localhost:3000/_next/static/chunks/11hm_next_dist_0m6rgog._.js:2441
[  168896ms] [LOG] [DEBUG] Renderizando celda: {columnId: ciudad, isReference: undefined, value: Object} @ http://localhost:3000/_next/static/chunks/11hm_next_dist_0m6rgog._.js:2441
[  168896ms] [LOG] [DEBUG] Renderizando celda: {columnId: activo, isReference: undefined, value: Object} @ http://localhost:3000/_next/static/chunks/11hm_next_dist_0m6rgog._.js:2441
[  168896ms] [LOG] [DEBUG] Renderizando celda: {columnId: activo, isReference: undefined, value: Object} @ http://localhost:3000/_next/static/chunks/11hm_next_dist_0m6rgog._.js:2441
[  168896ms] [LOG] [DEBUG] Tipo corregido: boolean -> string {originalValue: true, originalType: boolean, detectedType: string} @ http://localhost:3000/_next/static/chunks/11hm_next_dist_0m6rgog._.js:2441
[  168896ms] [LOG] [DEBUG] Tipo corregido: boolean -> string {originalValue: true, originalType: boolean, detectedType: string} @ http://localhost:3000/_next/static/chunks/11hm_next_dist_0m6rgog._.js:2441
[  168896ms] [LOG] [DEBUG] Renderizando celda: {columnId: propietario, isReference: undefined, value: Object} @ http://localhost:3000/_next/static/chunks/11hm_next_dist_0m6rgog._.js:2441
[  168896ms] [LOG] [DEBUG] Renderizando celda: {columnId: propietario, isReference: undefined, value: Object} @ http://localhost:3000/_next/static/chunks/11hm_next_dist_0m6rgog._.js:2441
[  168896ms] [LOG] [DEBUG] Renderizando celda: {columnId: web, isReference: undefined, value: Object} @ http://localhost:3000/_next/static/chunks/11hm_next_dist_0m6rgog._.js:2441
[  168897ms] [LOG] [DEBUG] Renderizando celda: {columnId: web, isReference: undefined, value: Object} @ http://localhost:3000/_next/static/chunks/11hm_next_dist_0m6rgog._.js:2441
[  168897ms] [LOG] [DEBUG] Renderizando celda: {columnId: logo, isReference: undefined, value: Object} @ http://localhost:3000/_next/static/chunks/11hm_next_dist_0m6rgog._.js:2441
[  168897ms] [LOG] [DEBUG] Renderizando celda: {columnId: logo, isReference: undefined, value: Object} @ http://localhost:3000/_next/static/chunks/11hm_next_dist_0m6rgog._.js:2441
[  168897ms] [LOG] [DEBUG] Renderizando celda: {columnId: direccion.calle, isReference: undefined, value: Object} @ http://localhost:3000/_next/static/chunks/11hm_next_dist_0m6rgog._.js:2441
[  168897ms] [LOG] [DEBUG] Renderizando celda: {columnId: direccion.calle, isReference: undefined, value: Object} @ http://localhost:3000/_next/static/chunks/11hm_next_dist_0m6rgog._.js:2441
[  168897ms] [LOG] [DEBUG] Renderizando celda: {columnId: direccion.codigoPostal, isReference: undefined, value: Object} @ http://localhost:3000/_next/static/chunks/11hm_next_dist_0m6rgog._.js:2441
[  168897ms] [LOG] [DEBUG] Renderizando celda: {columnId: direccion.codigoPostal, isReference: undefined, value: Object} @ http://localhost:3000/_next/static/chunks/11hm_next_dist_0m6rgog._.js:2441
[  168897ms] [LOG] [DEBUG] Renderizando celda: {columnId: direccion.provincia, isReference: undefined, value: Object} @ http://localhost:3000/_next/static/chunks/11hm_next_dist_0m6rgog._.js:2441
[  168897ms] [LOG] [DEBUG] Renderizando celda: {columnId: direccion.provincia, isReference: undefined, value: Object} @ http://localhost:3000/_next/static/chunks/11hm_next_dist_0m6rgog._.js:2441
[  168897ms] [LOG] [DEBUG] Renderizando celda: {columnId: fechaApertura, isReference: undefined, value: Object} @ http://localhost:3000/_next/static/chunks/11hm_next_dist_0m6rgog._.js:2441
[  168897ms] [LOG] [DEBUG] Renderizando celda: {columnId: fechaApertura, isReference: undefined, value: Object} @ http://localhost:3000/_next/static/chunks/11hm_next_dist_0m6rgog._.js:2441
[  168897ms] [LOG] [DEBUG] Renderizando celda: {columnId: facturacionAnual, isReference: undefined, value: Object} @ http://localhost:3000/_next/static/chunks/11hm_next_dist_0m6rgog._.js:2441
[  168897ms] [LOG] [DEBUG] Renderizando celda: {columnId: facturacionAnual, isReference: undefined, value: Object} @ http://localhost:3000/_next/static/chunks/11hm_next_dist_0m6rgog._.js:2441
[  168897ms] [LOG] [DEBUG] Renderizando celda: {columnId: empleados, isReference: undefined, value: Object} @ http://localhost:3000/_next/static/chunks/11hm_next_dist_0m6rgog._.js:2441
[  168897ms] [LOG] [DEBUG] Renderizando celda: {columnId: empleados, isReference: undefined, value: Object} @ http://localhost:3000/_next/static/chunks/11hm_next_dist_0m6rgog._.js:2441
[  168897ms] [LOG] [DEBUG] Renderizando ArrayCell: {itemsLength: 4, isPrimitiveArray: false, isObjectArray: true, firstItemType: object} @ http://localhost:3000/_next/static/chunks/11hm_next_dist_0m6rgog._.js:2441
[  168898ms] [LOG] [DEBUG] Renderizando ArrayCell: {itemsLength: 4, isPrimitiveArray: false, isObjectArray: true, firstItemType: object} @ http://localhost:3000/_next/static/chunks/11hm_next_dist_0m6rgog._.js:2441
[  168898ms] [LOG] [DEBUG] Renderizando celda: {columnId: servicios, isReference: undefined, value: Object} @ http://localhost:3000/_next/static/chunks/11hm_next_dist_0m6rgog._.js:2441
[  168899ms] [LOG] [DEBUG] Renderizando celda: {columnId: servicios, isReference: undefined, value: Object} @ http://localhost:3000/_next/static/chunks/11hm_next_dist_0m6rgog._.js:2441
[  168899ms] [LOG] [DEBUG] Renderizando ArrayCell: {itemsLength: 6, isPrimitiveArray: true, isObjectArray: false, firstItemType: string} @ http://localhost:3000/_next/static/chunks/11hm_next_dist_0m6rgog._.js:2441
[  168899ms] [LOG] [DEBUG] Renderizando ArrayCell: {itemsLength: 6, isPrimitiveArray: true, isObjectArray: false, firstItemType: string} @ http://localhost:3000/_next/static/chunks/11hm_next_dist_0m6rgog._.js:2441
[  168899ms] [LOG] [DEBUG] Renderizando celda: {columnId: membresias, isReference: undefined, value: Object} @ http://localhost:3000/_next/static/chunks/11hm_next_dist_0m6rgog._.js:2441
[  168899ms] [LOG] [DEBUG] Renderizando celda: {columnId: membresias, isReference: undefined, value: Object} @ http://localhost:3000/_next/static/chunks/11hm_next_dist_0m6rgog._.js:2441
[  168899ms] [LOG] [DEBUG] Renderizando ArrayCell: {itemsLength: 1, isPrimitiveArray: false, isObjectArray: true, firstItemType: object} @ http://localhost:3000/_next/static/chunks/11hm_next_dist_0m6rgog._.js:2441
[  168899ms] [LOG] [DEBUG] Renderizando ArrayCell: {itemsLength: 1, isPrimitiveArray: false, isObjectArray: true, firstItemType: object} @ http://localhost:3000/_next/static/chunks/11hm_next_dist_0m6rgog._.js:2441
[  168899ms] [LOG] [DEBUG] Renderizando celda: {columnId: metricas.clientesActivos, isReference: undefined, value: Object} @ http://localhost:3000/_next/static/chunks/11hm_next_dist_0m6rgog._.js:2441
[  168899ms] [LOG] [DEBUG] Renderizando celda: {columnId: metricas.clientesActivos, isReference: undefined, value: Object} @ http://localhost:3000/_next/static/chunks/11hm_next_dist_0m6rgog._.js:2441
[  168900ms] [LOG] [DEBUG] Renderizando celda: {columnId: metricas.satisfaccionMedia, isReference: undefined, value: Object} @ http://localhost:3000/_next/static/chunks/11hm_next_dist_0m6rgog._.js:2441
[  168900ms] [LOG] [DEBUG] Renderizando celda: {columnId: metricas.satisfaccionMedia, isReference: undefined, value: Object} @ http://localhost:3000/_next/static/chunks/11hm_next_dist_0m6rgog._.js:2441
[  168900ms] [LOG] [DEBUG] Renderizando celda: {columnId: metricas.ticketMedio, isReference: undefined, value: Object} @ http://localhost:3000/_next/static/chunks/11hm_next_dist_0m6rgog._.js:2441
[  168900ms] [LOG] [DEBUG] Renderizando celda: {columnId: metricas.ticketMedio, isReference: undefined, value: Object} @ http://localhost:3000/_next/static/chunks/11hm_next_dist_0m6rgog._.js:2441
[  168900ms] [LOG] [DEBUG] Renderizando celda: {columnId: etiquetas, isReference: undefined, value: Object} @ http://localhost:3000/_next/static/chunks/11hm_next_dist_0m6rgog._.js:2441
[  168900ms] [LOG] [DEBUG] Renderizando celda: {columnId: etiquetas, isReference: undefined, value: Object} @ http://localhost:3000/_next/static/chunks/11hm_next_dist_0m6rgog._.js:2441
[  168900ms] [LOG] [DEBUG] Renderizando ArrayCell: {itemsLength: 3, isPrimitiveArray: true, isObjectArray: false, firstItemType: string} @ http://localhost:3000/_next/static/chunks/11hm_next_dist_0m6rgog._.js:2441
[  168900ms] [LOG] [DEBUG] Renderizando ArrayCell: {itemsLength: 3, isPrimitiveArray: true, isObjectArray: false, firstItemType: string} @ http://localhost:3000/_next/static/chunks/11hm_next_dist_0m6rgog._.js:2441
[  168900ms] [LOG] [DEBUG] Renderizando celda: {columnId: notas, isReference: undefined, value: Object} @ http://localhost:3000/_next/static/chunks/11hm_next_dist_0m6rgog._.js:2441
[  168900ms] [LOG] [DEBUG] Renderizando celda: {columnId: notas, isReference: undefined, value: Object} @ http://localhost:3000/_next/static/chunks/11hm_next_dist_0m6rgog._.js:2441
[  168900ms] [LOG] [DEBUG] Tipo corregido: objectArray -> string {originalValue: Salón mixto con sección de barbería. Crecimiento s…o los últimos 3 años. Membresía próxima a vencer., originalType: objectArray, detectedType: string} @ http://localhost:3000/_next/static/chunks/11hm_next_dist_0m6rgog._.js:2441
[  168900ms] [LOG] [DEBUG] Tipo corregido: objectArray -> string {originalValue: Salón mixto con sección de barbería. Crecimiento s…o los últimos 3 años. Membresía próxima a vencer., originalType: objectArray, detectedType: string} @ http://localhost:3000/_next/static/chunks/11hm_next_dist_0m6rgog._.js:2441
[  168901ms] [LOG] [DEBUG] Renderizando celda: {columnId: id, isReference: undefined, value: Object} @ http://localhost:3000/_next/static/chunks/11hm_next_dist_0m6rgog._.js:2441
[  168901ms] [LOG] [DEBUG] Renderizando celda: {columnId: id, isReference: undefined, value: Object} @ http://localhost:3000/_next/static/chunks/11hm_next_dist_0m6rgog._.js:2441
[  168901ms] [LOG] [DEBUG] Renderizando celda: {columnId: nombre, isReference: undefined, value: Object} @ http://localhost:3000/_next/static/chunks/11hm_next_dist_0m6rgog._.js:2441
[  168901ms] [LOG] [DEBUG] Renderizando celda: {columnId: nombre, isReference: undefined, value: Object} @ http://localhost:3000/_next/static/chunks/11hm_next_dist_0m6rgog._.js:2441
[  168901ms] [LOG] [DEBUG] Renderizando celda: {columnId: email, isReference: undefined, value: Object} @ http://localhost:3000/_next/static/chunks/11hm_next_dist_0m6rgog._.js:2441
[  168901ms] [LOG] [DEBUG] Renderizando celda: {columnId: email, isReference: undefined, value: Object} @ http://localhost:3000/_next/static/chunks/11hm_next_dist_0m6rgog._.js:2441
[  168901ms] [LOG] [DEBUG] Renderizando celda: {columnId: ciudad, isReference: undefined, value: Object} @ http://localhost:3000/_next/static/chunks/11hm_next_dist_0m6rgog._.js:2441
[  168901ms] [LOG] [DEBUG] Renderizando celda: {columnId: ciudad, isReference: undefined, value: Object} @ http://localhost:3000/_next/static/chunks/11hm_next_dist_0m6rgog._.js:2441
[  168902ms] [LOG] [DEBUG] Renderizando celda: {columnId: activo, isReference: undefined, value: Object} @ http://localhost:3000/_next/static/chunks/11hm_next_dist_0m6rgog._.js:2441
[  168902ms] [LOG] [DEBUG] Renderizando celda: {columnId: activo, isReference: undefined, value: Object} @ http://localhost:3000/_next/static/chunks/11hm_next_dist_0m6rgog._.js:2441
[  168902ms] [LOG] [DEBUG] Tipo corregido: boolean -> string {originalValue: true, originalType: boolean, detectedType: string} @ http://localhost:3000/_next/static/chunks/11hm_next_dist_0m6rgog._.js:2441
[  168902ms] [LOG] [DEBUG] Tipo corregido: boolean -> string {originalValue: true, originalType: boolean, detectedType: string} @ http://localhost:3000/_next/static/chunks/11hm_next_dist_0m6rgog._.js:2441
[  168902ms] [LOG] [DEBUG] Renderizando celda: {columnId: propietario, isReference: undefined, value: Object} @ http://localhost:3000/_next/static/chunks/11hm_next_dist_0m6rgog._.js:2441
[  168902ms] [LOG] [DEBUG] Renderizando celda: {columnId: propietario, isReference: undefined, value: Object} @ http://localhost:3000/_next/static/chunks/11hm_next_dist_0m6rgog._.js:2441
[  168902ms] [LOG] [DEBUG] Renderizando celda: {columnId: web, isReference: undefined, value: Object} @ http://localhost:3000/_next/static/chunks/11hm_next_dist_0m6rgog._.js:2441
[  168902ms] [LOG] [DEBUG] Renderizando celda: {columnId: web, isReference: undefined, value: Object} @ http://localhost:3000/_next/static/chunks/11hm_next_dist_0m6rgog._.js:2441
[  168902ms] [LOG] [DEBUG] Renderizando celda: {columnId: logo, isReference: undefined, value: Object} @ http://localhost:3000/_next/static/chunks/11hm_next_dist_0m6rgog._.js:2441
[  168902ms] [LOG] [DEBUG] Renderizando celda: {columnId: logo, isReference: undefined, value: Object} @ http://localhost:3000/_next/static/chunks/11hm_next_dist_0m6rgog._.js:2441
[  168902ms] [LOG] [DEBUG] Renderizando celda: {columnId: direccion.calle, isReference: undefined, value: Object} @ http://localhost:3000/_next/static/chunks/11hm_next_dist_0m6rgog._.js:2441
[  168902ms] [LOG] [DEBUG] Renderizando celda: {columnId: direccion.calle, isReference: undefined, value: Object} @ http://localhost:3000/_next/static/chunks/11hm_next_dist_0m6rgog._.js:2441
[  168902ms] [LOG] [DEBUG] Renderizando celda: {columnId: direccion.codigoPostal, isReference: undefined, value: Object} @ http://localhost:3000/_next/static/chunks/11hm_next_dist_0m6rgog._.js:2441
[  168902ms] [LOG] [DEBUG] Renderizando celda: {columnId: direccion.codigoPostal, isReference: undefined, value: Object} @ http://localhost:3000/_next/static/chunks/11hm_next_dist_0m6rgog._.js:2441
[  168902ms] [LOG] [DEBUG] Renderizando celda: {columnId: direccion.provincia, isReference: undefined, value: Object} @ http://localhost:3000/_next/static/chunks/11hm_next_dist_0m6rgog._.js:2441
[  168902ms] [LOG] [DEBUG] Renderizando celda: {columnId: direccion.provincia, isReference: undefined, value: Object} @ http://localhost:3000/_next/static/chunks/11hm_next_dist_0m6rgog._.js:2441
[  168902ms] [LOG] [DEBUG] Renderizando celda: {columnId: fechaApertura, isReference: undefined, value: Object} @ http://localhost:3000/_next/static/chunks/11hm_next_dist_0m6rgog._.js:2441
[  168903ms] [LOG] [DEBUG] Renderizando celda: {columnId: fechaApertura, isReference: undefined, value: Object} @ http://localhost:3000/_next/static/chunks/11hm_next_dist_0m6rgog._.js:2441
[  168903ms] [LOG] [DEBUG] Renderizando celda: {columnId: facturacionAnual, isReference: undefined, value: Object} @ http://localhost:3000/_next/static/chunks/11hm_next_dist_0m6rgog._.js:2441
[  168903ms] [LOG] [DEBUG] Renderizando celda: {columnId: facturacionAnual, isReference: undefined, value: Object} @ http://localhost:3000/_next/static/chunks/11hm_next_dist_0m6rgog._.js:2441
[  168903ms] [LOG] [DEBUG] Renderizando celda: {columnId: empleados, isReference: undefined, value: Object} @ http://localhost:3000/_next/static/chunks/11hm_next_dist_0m6rgog._.js:2441
[  168903ms] [LOG] [DEBUG] Renderizando celda: {columnId: empleados, isReference: undefined, value: Object} @ http://localhost:3000/_next/static/chunks/11hm_next_dist_0m6rgog._.js:2441
[  168903ms] [LOG] [DEBUG] Renderizando ArrayCell: {itemsLength: 6, isPrimitiveArray: false, isObjectArray: true, firstItemType: object} @ http://localhost:3000/_next/static/chunks/11hm_next_dist_0m6rgog._.js:2441
[  168903ms] [LOG] [DEBUG] Renderizando ArrayCell: {itemsLength: 6, isPrimitiveArray: false, isObjectArray: true, firstItemType: object} @ http://localhost:3000/_next/static/chunks/11hm_next_dist_0m6rgog._.js:2441
[  168904ms] [LOG] [DEBUG] Renderizando celda: {columnId: servicios, isReference: undefined, value: Object} @ http://localhost:3000/_next/static/chunks/11hm_next_dist_0m6rgog._.js:2441
[  168904ms] [LOG] [DEBUG] Renderizando celda: {columnId: servicios, isReference: undefined, value: Object} @ http://localhost:3000/_next/static/chunks/11hm_next_dist_0m6rgog._.js:2441
[  168904ms] [LOG] [DEBUG] Renderizando ArrayCell: {itemsLength: 5, isPrimitiveArray: true, isObjectArray: false, firstItemType: string} @ http://localhost:3000/_next/static/chunks/11hm_next_dist_0m6rgog._.js:2441
[  168904ms] [LOG] [DEBUG] Renderizando ArrayCell: {itemsLength: 5, isPrimitiveArray: true, isObjectArray: false, firstItemType: string} @ http://localhost:3000/_next/static/chunks/11hm_next_dist_0m6rgog._.js:2441
[  168904ms] [LOG] [DEBUG] Renderizando celda: {columnId: membresias, isReference: undefined, value: Object} @ http://localhost:3000/_next/static/chunks/11hm_next_dist_0m6rgog._.js:2441
[  168904ms] [LOG] [DEBUG] Renderizando celda: {columnId: membresias, isReference: undefined, value: Object} @ http://localhost:3000/_next/static/chunks/11hm_next_dist_0m6rgog._.js:2441
[  168904ms] [LOG] [DEBUG] Renderizando ArrayCell: {itemsLength: 3, isPrimitiveArray: false, isObjectArray: true, firstItemType: object} @ http://localhost:3000/_next/static/chunks/11hm_next_dist_0m6rgog._.js:2441
[  168904ms] [LOG] [DEBUG] Renderizando ArrayCell: {itemsLength: 3, isPrimitiveArray: false, isObjectArray: true, firstItemType: object} @ http://localhost:3000/_next/static/chunks/11hm_next_dist_0m6rgog._.js:2441
[  168905ms] [LOG] [DEBUG] Renderizando celda: {columnId: metricas.clientesActivos, isReference: undefined, value: Object} @ http://localhost:3000/_next/static/chunks/11hm_next_dist_0m6rgog._.js:2441
[  168905ms] [LOG] [DEBUG] Renderizando celda: {columnId: metricas.clientesActivos, isReference: undefined, value: Object} @ http://localhost:3000/_next/static/chunks/11hm_next_dist_0m6rgog._.js:2441
[  168905ms] [LOG] [DEBUG] Renderizando celda: {columnId: metricas.satisfaccionMedia, isReference: undefined, value: Object} @ http://localhost:3000/_next/static/chunks/11hm_next_dist_0m6rgog._.js:2441
[  168905ms] [LOG] [DEBUG] Renderizando celda: {columnId: metricas.satisfaccionMedia, isReference: undefined, value: Object} @ http://localhost:3000/_next/static/chunks/11hm_next_dist_0m6rgog._.js:2441
[  168905ms] [LOG] [DEBUG] Renderizando celda: {columnId: metricas.ticketMedio, isReference: undefined, value: Object} @ http://localhost:3000/_next/static/chunks/11hm_next_dist_0m6rgog._.js:2441
[  168905ms] [LOG] [DEBUG] Renderizando celda: {columnId: metricas.ticketMedio, isReference: undefined, value: Object} @ http://localhost:3000/_next/static/chunks/11hm_next_dist_0m6rgog._.js:2441
[  168905ms] [LOG] [DEBUG] Renderizando celda: {columnId: etiquetas, isReference: undefined, value: Object} @ http://localhost:3000/_next/static/chunks/11hm_next_dist_0m6rgog._.js:2441
[  168906ms] [LOG] [DEBUG] Renderizando celda: {columnId: etiquetas, isReference: undefined, value: Object} @ http://localhost:3000/_next/static/chunks/11hm_next_dist_0m6rgog._.js:2441
[  168906ms] [LOG] [DEBUG] Renderizando ArrayCell: {itemsLength: 4, isPrimitiveArray: true, isObjectArray: false, firstItemType: string} @ http://localhost:3000/_next/static/chunks/11hm_next_dist_0m6rgog._.js:2441
[  168906ms] [LOG] [DEBUG] Renderizando ArrayCell: {itemsLength: 4, isPrimitiveArray: true, isObjectArray: false, firstItemType: string} @ http://localhost:3000/_next/static/chunks/11hm_next_dist_0m6rgog._.js:2441
[  168906ms] [LOG] [DEBUG] Renderizando celda: {columnId: notas, isReference: undefined, value: Object} @ http://localhost:3000/_next/static/chunks/11hm_next_dist_0m6rgog._.js:2441
[  168906ms] [LOG] [DEBUG] Renderizando celda: {columnId: notas, isReference: undefined, value: Object} @ http://localhost:3000/_next/static/chunks/11hm_next_dist_0m6rgog._.js:2441
[  168906ms] [LOG] [DEBUG] Tipo corregido: objectArray -> string {originalValue: Referente en Granada en tendencias. Muy activos en…uidores). Modelo a seguir para marketing digital., originalType: objectArray, detectedType: string} @ http://localhost:3000/_next/static/chunks/11hm_next_dist_0m6rgog._.js:2441
[  168906ms] [LOG] [DEBUG] Tipo corregido: objectArray -> string {originalValue: Referente en Granada en tendencias. Muy activos en…uidores). Modelo a seguir para marketing digital., originalType: objectArray, detectedType: string} @ http://localhost:3000/_next/static/chunks/11hm_next_dist_0m6rgog._.js:2441
[  168907ms] [LOG] [DEBUG] Renderizando celda: {columnId: id, isReference: undefined, value: Object} @ http://localhost:3000/_next/static/chunks/11hm_next_dist_0m6rgog._.js:2441
[  168907ms] [LOG] [DEBUG] Renderizando celda: {columnId: id, isReference: undefined, value: Object} @ http://localhost:3000/_next/static/chunks/11hm_next_dist_0m6rgog._.js:2441
[  168907ms] [LOG] [DEBUG] Renderizando celda: {columnId: nombre, isReference: undefined, value: Object} @ http://localhost:3000/_next/static/chunks/11hm_next_dist_0m6rgog._.js:2441
[  168907ms] [LOG] [DEBUG] Renderizando celda: {columnId: nombre, isReference: undefined, value: Object} @ http://localhost:3000/_next/static/chunks/11hm_next_dist_0m6rgog._.js:2441
[  168907ms] [LOG] [DEBUG] Renderizando celda: {columnId: email, isReference: undefined, value: Object} @ http://localhost:3000/_next/static/chunks/11hm_next_dist_0m6rgog._.js:2441
[  168907ms] [LOG] [DEBUG] Renderizando celda: {columnId: email, isReference: undefined, value: Object} @ http://localhost:3000/_next/static/chunks/11hm_next_dist_0m6rgog._.js:2441
[  168907ms] [LOG] [DEBUG] Renderizando celda: {columnId: ciudad, isReference: undefined, value: Object} @ http://localhost:3000/_next/static/chunks/11hm_next_dist_0m6rgog._.js:2441
[  168907ms] [LOG] [DEBUG] Renderizando celda: {columnId: ciudad, isReference: undefined, value: Object} @ http://localhost:3000/_next/static/chunks/11hm_next_dist_0m6rgog._.js:2441
[  168907ms] [LOG] [DEBUG] Renderizando celda: {columnId: activo, isReference: undefined, value: Object} @ http://localhost:3000/_next/static/chunks/11hm_next_dist_0m6rgog._.js:2441
[  168907ms] [LOG] [DEBUG] Renderizando celda: {columnId: activo, isReference: undefined, value: Object} @ http://localhost:3000/_next/static/chunks/11hm_next_dist_0m6rgog._.js:2441
[  168907ms] [LOG] [DEBUG] Tipo corregido: boolean -> string {originalValue: true, originalType: boolean, detectedType: string} @ http://localhost:3000/_next/static/chunks/11hm_next_dist_0m6rgog._.js:2441
[  168907ms] [LOG] [DEBUG] Tipo corregido: boolean -> string {originalValue: true, originalType: boolean, detectedType: string} @ http://localhost:3000/_next/static/chunks/11hm_next_dist_0m6rgog._.js:2441
[  168907ms] [LOG] [DEBUG] Renderizando celda: {columnId: propietario, isReference: undefined, value: Object} @ http://localhost:3000/_next/static/chunks/11hm_next_dist_0m6rgog._.js:2441
[  168908ms] [LOG] [DEBUG] Renderizando celda: {columnId: propietario, isReference: undefined, value: Object} @ http://localhost:3000/_next/static/chunks/11hm_next_dist_0m6rgog._.js:2441
[  168908ms] [LOG] [DEBUG] Renderizando celda: {columnId: web, isReference: undefined, value: Object} @ http://localhost:3000/_next/static/chunks/11hm_next_dist_0m6rgog._.js:2441
[  168908ms] [LOG] [DEBUG] Renderizando celda: {columnId: web, isReference: undefined, value: Object} @ http://localhost:3000/_next/static/chunks/11hm_next_dist_0m6rgog._.js:2441
[  168908ms] [LOG] [DEBUG] Renderizando celda: {columnId: logo, isReference: undefined, value: Object} @ http://localhost:3000/_next/static/chunks/11hm_next_dist_0m6rgog._.js:2441
[  168908ms] [LOG] [DEBUG] Renderizando celda: {columnId: logo, isReference: undefined, value: Object} @ http://localhost:3000/_next/static/chunks/11hm_next_dist_0m6rgog._.js:2441
[  168908ms] [LOG] [DEBUG] Renderizando celda: {columnId: direccion.calle, isReference: undefined, value: Object} @ http://localhost:3000/_next/static/chunks/11hm_next_dist_0m6rgog._.js:2441
[  168908ms] [LOG] [DEBUG] Renderizando celda: {columnId: direccion.calle, isReference: undefined, value: Object} @ http://localhost:3000/_next/static/chunks/11hm_next_dist_0m6rgog._.js:2441
[  168908ms] [LOG] [DEBUG] Renderizando celda: {columnId: direccion.codigoPostal, isReference: undefined, value: Object} @ http://localhost:3000/_next/static/chunks/11hm_next_dist_0m6rgog._.js:2441
[  168908ms] [LOG] [DEBUG] Renderizando celda: {columnId: direccion.codigoPostal, isReference: undefined, value: Object} @ http://localhost:3000/_next/static/chunks/11hm_next_dist_0m6rgog._.js:2441
[  168908ms] [LOG] [DEBUG] Renderizando celda: {columnId: direccion.provincia, isReference: undefined, value: Object} @ http://localhost:3000/_next/static/chunks/11hm_next_dist_0m6rgog._.js:2441
[  168908ms] [LOG] [DEBUG] Renderizando celda: {columnId: direccion.provincia, isReference: undefined, value: Object} @ http://localhost:3000/_next/static/chunks/11hm_next_dist_0m6rgog._.js:2441
[  168908ms] [LOG] [DEBUG] Renderizando celda: {columnId: fechaApertura, isReference: undefined, value: Object} @ http://localhost:3000/_next/static/chunks/11hm_next_dist_0m6rgog._.js:2441
[  168908ms] [LOG] [DEBUG] Renderizando celda: {columnId: fechaApertura, isReference: undefined, value: Object} @ http://localhost:3000/_next/static/chunks/11hm_next_dist_0m6rgog._.js:2441
[  168908ms] [LOG] [DEBUG] Renderizando celda: {columnId: facturacionAnual, isReference: undefined, value: Object} @ http://localhost:3000/_next/static/chunks/11hm_next_dist_0m6rgog._.js:2441
[  168908ms] [LOG] [DEBUG] Renderizando celda: {columnId: facturacionAnual, isReference: undefined, value: Object} @ http://localhost:3000/_next/static/chunks/11hm_next_dist_0m6rgog._.js:2441
[  168908ms] [LOG] [DEBUG] Renderizando celda: {columnId: empleados, isReference: undefined, value: Object} @ http://localhost:3000/_next/static/chunks/11hm_next_dist_0m6rgog._.js:2441
[  168909ms] [LOG] [DEBUG] Renderizando celda: {columnId: empleados, isReference: undefined, value: Object} @ http://localhost:3000/_next/static/chunks/11hm_next_dist_0m6rgog._.js:2441
[  168909ms] [LOG] [DEBUG] Renderizando ArrayCell: {itemsLength: 3, isPrimitiveArray: false, isObjectArray: true, firstItemType: object} @ http://localhost:3000/_next/static/chunks/11hm_next_dist_0m6rgog._.js:2441
[  168909ms] [LOG] [DEBUG] Renderizando ArrayCell: {itemsLength: 3, isPrimitiveArray: false, isObjectArray: true, firstItemType: object} @ http://localhost:3000/_next/static/chunks/11hm_next_dist_0m6rgog._.js:2441
[  168909ms] [LOG] [DEBUG] Renderizando celda: {columnId: servicios, isReference: undefined, value: Object} @ http://localhost:3000/_next/static/chunks/11hm_next_dist_0m6rgog._.js:2441
[  168909ms] [LOG] [DEBUG] Renderizando celda: {columnId: servicios, isReference: undefined, value: Object} @ http://localhost:3000/_next/static/chunks/11hm_next_dist_0m6rgog._.js:2441
[  168909ms] [LOG] [DEBUG] Renderizando ArrayCell: {itemsLength: 4, isPrimitiveArray: true, isObjectArray: false, firstItemType: string} @ http://localhost:3000/_next/static/chunks/11hm_next_dist_0m6rgog._.js:2441
[  168909ms] [LOG] [DEBUG] Renderizando ArrayCell: {itemsLength: 4, isPrimitiveArray: true, isObjectArray: false, firstItemType: string} @ http://localhost:3000/_next/static/chunks/11hm_next_dist_0m6rgog._.js:2441
[  168910ms] [LOG] [DEBUG] Renderizando celda: {columnId: membresias, isReference: undefined, value: Object} @ http://localhost:3000/_next/static/chunks/11hm_next_dist_0m6rgog._.js:2441
[  168910ms] [LOG] [DEBUG] Renderizando celda: {columnId: membresias, isReference: undefined, value: Object} @ http://localhost:3000/_next/static/chunks/11hm_next_dist_0m6rgog._.js:2441
[  168910ms] [LOG] [DEBUG] Renderizando ArrayCell: {itemsLength: 1, isPrimitiveArray: false, isObjectArray: true, firstItemType: object} @ http://localhost:3000/_next/static/chunks/11hm_next_dist_0m6rgog._.js:2441
[  168910ms] [LOG] [DEBUG] Renderizando ArrayCell: {itemsLength: 1, isPrimitiveArray: false, isObjectArray: true, firstItemType: object} @ http://localhost:3000/_next/static/chunks/11hm_next_dist_0m6rgog._.js:2441
[  168910ms] [LOG] [DEBUG] Renderizando celda: {columnId: metricas.clientesActivos, isReference: undefined, value: Object} @ http://localhost:3000/_next/static/chunks/11hm_next_dist_0m6rgog._.js:2441
[  168910ms] [LOG] [DEBUG] Renderizando celda: {columnId: metricas.clientesActivos, isReference: undefined, value: Object} @ http://localhost:3000/_next/static/chunks/11hm_next_dist_0m6rgog._.js:2441
[  168910ms] [LOG] [DEBUG] Renderizando celda: {columnId: metricas.satisfaccionMedia, isReference: undefined, value: Object} @ http://localhost:3000/_next/static/chunks/11hm_next_dist_0m6rgog._.js:2441
[  168910ms] [LOG] [DEBUG] Renderizando celda: {columnId: metricas.satisfaccionMedia, isReference: undefined, value: Object} @ http://localhost:3000/_next/static/chunks/11hm_next_dist_0m6rgog._.js:2441
[  168910ms] [LOG] [DEBUG] Renderizando celda: {columnId: metricas.ticketMedio, isReference: undefined, value: Object} @ http://localhost:3000/_next/static/chunks/11hm_next_dist_0m6rgog._.js:2441
[  168910ms] [LOG] [DEBUG] Renderizando celda: {columnId: metricas.ticketMedio, isReference: undefined, value: Object} @ http://localhost:3000/_next/static/chunks/11hm_next_dist_0m6rgog._.js:2441
[  168910ms] [LOG] [DEBUG] Renderizando celda: {columnId: etiquetas, isReference: undefined, value: Object} @ http://localhost:3000/_next/static/chunks/11hm_next_dist_0m6rgog._.js:2441
[  168911ms] [LOG] [DEBUG] Renderizando celda: {columnId: etiquetas, isReference: undefined, value: Object} @ http://localhost:3000/_next/static/chunks/11hm_next_dist_0m6rgog._.js:2441
[  168911ms] [LOG] [DEBUG] Renderizando ArrayCell: {itemsLength: 3, isPrimitiveArray: true, isObjectArray: false, firstItemType: string} @ http://localhost:3000/_next/static/chunks/11hm_next_dist_0m6rgog._.js:2441
[  168911ms] [LOG] [DEBUG] Renderizando ArrayCell: {itemsLength: 3, isPrimitiveArray: true, isObjectArray: false, firstItemType: string} @ http://localhost:3000/_next/static/chunks/11hm_next_dist_0m6rgog._.js:2441
[  168911ms] [LOG] [DEBUG] Renderizando celda: {columnId: notas, isReference: undefined, value: Object} @ http://localhost:3000/_next/static/chunks/11hm_next_dist_0m6rgog._.js:2441
[  168911ms] [LOG] [DEBUG] Renderizando celda: {columnId: notas, isReference: undefined, value: Object} @ http://localhost:3000/_next/static/chunks/11hm_next_dist_0m6rgog._.js:2441
[  168911ms] [LOG] [DEBUG] Tipo corregido: objectArray -> string {originalValue: Salón con mucha historia. Clientela fiel y envejec…enovación de imagen y captación de público joven., originalType: objectArray, detectedType: string} @ http://localhost:3000/_next/static/chunks/11hm_next_dist_0m6rgog._.js:2441
[  168911ms] [LOG] [DEBUG] Tipo corregido: objectArray -> string {originalValue: Salón con mucha historia. Clientela fiel y envejec…enovación de imagen y captación de público joven., originalType: objectArray, detectedType: string} @ http://localhost:3000/_next/static/chunks/11hm_next_dist_0m6rgog._.js:2441
[  168912ms] [LOG] [DEBUG] Renderizando celda: {columnId: id, isReference: undefined, value: Object} @ http://localhost:3000/_next/static/chunks/11hm_next_dist_0m6rgog._.js:2441
[  168912ms] [LOG] [DEBUG] Renderizando celda: {columnId: id, isReference: undefined, value: Object} @ http://localhost:3000/_next/static/chunks/11hm_next_dist_0m6rgog._.js:2441
[  168912ms] [LOG] [DEBUG] Renderizando celda: {columnId: nombre, isReference: undefined, value: Object} @ http://localhost:3000/_next/static/chunks/11hm_next_dist_0m6rgog._.js:2441
[  168912ms] [LOG] [DEBUG] Renderizando celda: {columnId: nombre, isReference: undefined, value: Object} @ http://localhost:3000/_next/static/chunks/11hm_next_dist_0m6rgog._.js:2441
[  168912ms] [LOG] [DEBUG] Renderizando celda: {columnId: email, isReference: undefined, value: Object} @ http://localhost:3000/_next/static/chunks/11hm_next_dist_0m6rgog._.js:2441
[  168912ms] [LOG] [DEBUG] Renderizando celda: {columnId: email, isReference: undefined, value: Object} @ http://localhost:3000/_next/static/chunks/11hm_next_dist_0m6rgog._.js:2441
[  168912ms] [LOG] [DEBUG] Renderizando celda: {columnId: ciudad, isReference: undefined, value: Object} @ http://localhost:3000/_next/static/chunks/11hm_next_dist_0m6rgog._.js:2441
[  168912ms] [LOG] [DEBUG] Renderizando celda: {columnId: ciudad, isReference: undefined, value: Object} @ http://localhost:3000/_next/static/chunks/11hm_next_dist_0m6rgog._.js:2441
[  168912ms] [LOG] [DEBUG] Renderizando celda: {columnId: activo, isReference: undefined, value: Object} @ http://localhost:3000/_next/static/chunks/11hm_next_dist_0m6rgog._.js:2441
[  168912ms] [LOG] [DEBUG] Renderizando celda: {columnId: activo, isReference: undefined, value: Object} @ http://localhost:3000/_next/static/chunks/11hm_next_dist_0m6rgog._.js:2441
[  168912ms] [LOG] [DEBUG] Tipo corregido: boolean -> string {originalValue: true, originalType: boolean, detectedType: string} @ http://localhost:3000/_next/static/chunks/11hm_next_dist_0m6rgog._.js:2441
[  168912ms] [LOG] [DEBUG] Tipo corregido: boolean -> string {originalValue: true, originalType: boolean, detectedType: string} @ http://localhost:3000/_next/static/chunks/11hm_next_dist_0m6rgog._.js:2441
[  168913ms] [LOG] [DEBUG] Renderizando celda: {columnId: propietario, isReference: undefined, value: Object} @ http://localhost:3000/_next/static/chunks/11hm_next_dist_0m6rgog._.js:2441
[  168913ms] [LOG] [DEBUG] Renderizando celda: {columnId: propietario, isReference: undefined, value: Object} @ http://localhost:3000/_next/static/chunks/11hm_next_dist_0m6rgog._.js:2441
[  168913ms] [LOG] [DEBUG] Renderizando celda: {columnId: web, isReference: undefined, value: Object} @ http://localhost:3000/_next/static/chunks/11hm_next_dist_0m6rgog._.js:2441
[  168913ms] [LOG] [DEBUG] Renderizando celda: {columnId: web, isReference: undefined, value: Object} @ http://localhost:3000/_next/static/chunks/11hm_next_dist_0m6rgog._.js:2441
[  168913ms] [LOG] [DEBUG] Renderizando celda: {columnId: logo, isReference: undefined, value: Object} @ http://localhost:3000/_next/static/chunks/11hm_next_dist_0m6rgog._.js:2441
[  168913ms] [LOG] [DEBUG] Renderizando celda: {columnId: logo, isReference: undefined, value: Object} @ http://localhost:3000/_next/static/chunks/11hm_next_dist_0m6rgog._.js:2441
[  168913ms] [LOG] [DEBUG] Renderizando celda: {columnId: direccion.calle, isReference: undefined, value: Object} @ http://localhost:3000/_next/static/chunks/11hm_next_dist_0m6rgog._.js:2441
[  168913ms] [LOG] [DEBUG] Renderizando celda: {columnId: direccion.calle, isReference: undefined, value: Object} @ http://localhost:3000/_next/static/chunks/11hm_next_dist_0m6rgog._.js:2441
[  168913ms] [LOG] [DEBUG] Renderizando celda: {columnId: direccion.codigoPostal, isReference: undefined, value: Object} @ http://localhost:3000/_next/static/chunks/11hm_next_dist_0m6rgog._.js:2441
[  168913ms] [LOG] [DEBUG] Renderizando celda: {columnId: direccion.codigoPostal, isReference: undefined, value: Object} @ http://localhost:3000/_next/static/chunks/11hm_next_dist_0m6rgog._.js:2441
[  168913ms] [LOG] [DEBUG] Renderizando celda: {columnId: direccion.provincia, isReference: undefined, value: Object} @ http://localhost:3000/_next/static/chunks/11hm_next_dist_0m6rgog._.js:2441
[  168913ms] [LOG] [DEBUG] Renderizando celda: {columnId: direccion.provincia, isReference: undefined, value: Object} @ http://localhost:3000/_next/static/chunks/11hm_next_dist_0m6rgog._.js:2441
[  168913ms] [LOG] [DEBUG] Renderizando celda: {columnId: fechaApertura, isReference: undefined, value: Object} @ http://localhost:3000/_next/static/chunks/11hm_next_dist_0m6rgog._.js:2441
[  168913ms] [LOG] [DEBUG] Renderizando celda: {columnId: fechaApertura, isReference: undefined, value: Object} @ http://localhost:3000/_next/static/chunks/11hm_next_dist_0m6rgog._.js:2441
[  168913ms] [LOG] [DEBUG] Renderizando celda: {columnId: facturacionAnual, isReference: undefined, value: Object} @ http://localhost:3000/_next/static/chunks/11hm_next_dist_0m6rgog._.js:2441
[  168913ms] [LOG] [DEBUG] Renderizando celda: {columnId: facturacionAnual, isReference: undefined, value: Object} @ http://localhost:3000/_next/static/chunks/11hm_next_dist_0m6rgog._.js:2441
[  168913ms] [LOG] [DEBUG] Renderizando celda: {columnId: empleados, isReference: undefined, value: Object} @ http://localhost:3000/_next/static/chunks/11hm_next_dist_0m6rgog._.js:2441
[  168914ms] [LOG] [DEBUG] Renderizando celda: {columnId: empleados, isReference: undefined, value: Object} @ http://localhost:3000/_next/static/chunks/11hm_next_dist_0m6rgog._.js:2441
[  168914ms] [LOG] [DEBUG] Renderizando ArrayCell: {itemsLength: 3, isPrimitiveArray: false, isObjectArray: true, firstItemType: object} @ http://localhost:3000/_next/static/chunks/11hm_next_dist_0m6rgog._.js:2441
[  168914ms] [LOG] [DEBUG] Renderizando ArrayCell: {itemsLength: 3, isPrimitiveArray: false, isObjectArray: true, firstItemType: object} @ http://localhost:3000/_next/static/chunks/11hm_next_dist_0m6rgog._.js:2441
[  168914ms] [LOG] [DEBUG] Renderizando celda: {columnId: servicios, isReference: undefined, value: Object} @ http://localhost:3000/_next/static/chunks/11hm_next_dist_0m6rgog._.js:2441
[  168914ms] [LOG] [DEBUG] Renderizando celda: {columnId: servicios, isReference: undefined, value: Object} @ http://localhost:3000/_next/static/chunks/11hm_next_dist_0m6rgog._.js:2441
[  168914ms] [LOG] [DEBUG] Renderizando ArrayCell: {itemsLength: 5, isPrimitiveArray: true, isObjectArray: false, firstItemType: string} @ http://localhost:3000/_next/static/chunks/11hm_next_dist_0m6rgog._.js:2441
[  168914ms] [LOG] [DEBUG] Renderizando ArrayCell: {itemsLength: 5, isPrimitiveArray: true, isObjectArray: false, firstItemType: string} @ http://localhost:3000/_next/static/chunks/11hm_next_dist_0m6rgog._.js:2441
[  168915ms] [LOG] [DEBUG] Renderizando celda: {columnId: membresias, isReference: undefined, value: Object} @ http://localhost:3000/_next/static/chunks/11hm_next_dist_0m6rgog._.js:2441
[  168915ms] [LOG] [DEBUG] Renderizando celda: {columnId: membresias, isReference: undefined, value: Object} @ http://localhost:3000/_next/static/chunks/11hm_next_dist_0m6rgog._.js:2441
[  168915ms] [LOG] [DEBUG] Renderizando ArrayCell: {itemsLength: 2, isPrimitiveArray: false, isObjectArray: true, firstItemType: object} @ http://localhost:3000/_next/static/chunks/11hm_next_dist_0m6rgog._.js:2441
[  168915ms] [LOG] [DEBUG] Renderizando ArrayCell: {itemsLength: 2, isPrimitiveArray: false, isObjectArray: true, firstItemType: object} @ http://localhost:3000/_next/static/chunks/11hm_next_dist_0m6rgog._.js:2441
[  168915ms] [LOG] [DEBUG] Renderizando celda: {columnId: metricas.clientesActivos, isReference: undefined, value: Object} @ http://localhost:3000/_next/static/chunks/11hm_next_dist_0m6rgog._.js:2441
[  168915ms] [LOG] [DEBUG] Renderizando celda: {columnId: metricas.clientesActivos, isReference: undefined, value: Object} @ http://localhost:3000/_next/static/chunks/11hm_next_dist_0m6rgog._.js:2441
[  168915ms] [LOG] [DEBUG] Renderizando celda: {columnId: metricas.satisfaccionMedia, isReference: undefined, value: Object} @ http://localhost:3000/_next/static/chunks/11hm_next_dist_0m6rgog._.js:2441
[  168915ms] [LOG] [DEBUG] Renderizando celda: {columnId: metricas.satisfaccionMedia, isReference: undefined, value: Object} @ http://localhost:3000/_next/static/chunks/11hm_next_dist_0m6rgog._.js:2441
[  168916ms] [LOG] [DEBUG] Renderizando celda: {columnId: metricas.ticketMedio, isReference: undefined, value: Object} @ http://localhost:3000/_next/static/chunks/11hm_next_dist_0m6rgog._.js:2441
[  168916ms] [LOG] [DEBUG] Renderizando celda: {columnId: metricas.ticketMedio, isReference: undefined, value: Object} @ http://localhost:3000/_next/static/chunks/11hm_next_dist_0m6rgog._.js:2441
[  168916ms] [LOG] [DEBUG] Renderizando celda: {columnId: etiquetas, isReference: undefined, value: Object} @ http://localhost:3000/_next/static/chunks/11hm_next_dist_0m6rgog._.js:2441
[  168916ms] [LOG] [DEBUG] Renderizando celda: {columnId: etiquetas, isReference: undefined, value: Object} @ http://localhost:3000/_next/static/chunks/11hm_next_dist_0m6rgog._.js:2441
[  168916ms] [LOG] [DEBUG] Renderizando ArrayCell: {itemsLength: 4, isPrimitiveArray: true, isObjectArray: false, firstItemType: string} @ http://localhost:3000/_next/static/chunks/11hm_next_dist_0m6rgog._.js:2441
[  168916ms] [LOG] [DEBUG] Renderizando ArrayCell: {itemsLength: 4, isPrimitiveArray: true, isObjectArray: false, firstItemType: string} @ http://localhost:3000/_next/static/chunks/11hm_next_dist_0m6rgog._.js:2441
[  168916ms] [LOG] [DEBUG] Renderizando celda: {columnId: notas, isReference: undefined, value: Object} @ http://localhost:3000/_next/static/chunks/11hm_next_dist_0m6rgog._.js:2441
[  168916ms] [LOG] [DEBUG] Renderizando celda: {columnId: notas, isReference: undefined, value: Object} @ http://localhost:3000/_next/static/chunks/11hm_next_dist_0m6rgog._.js:2441
[  168916ms] [LOG] [DEBUG] Tipo corregido: objectArray -> string {originalValue: Barbería premium enfocada en hombre. Muchos client…istas en verano. Upselling muy alto en productos., originalType: objectArray, detectedType: string} @ http://localhost:3000/_next/static/chunks/11hm_next_dist_0m6rgog._.js:2441
[  168916ms] [LOG] [DEBUG] Tipo corregido: objectArray -> string {originalValue: Barbería premium enfocada en hombre. Muchos client…istas en verano. Upselling muy alto en productos., originalType: objectArray, detectedType: string} @ http://localhost:3000/_next/static/chunks/11hm_next_dist_0m6rgog._.js:2441
[  168917ms] [LOG] [DEBUG] Renderizando celda: {columnId: id, isReference: undefined, value: Object} @ http://localhost:3000/_next/static/chunks/11hm_next_dist_0m6rgog._.js:2441
[  168917ms] [LOG] [DEBUG] Renderizando celda: {columnId: id, isReference: undefined, value: Object} @ http://localhost:3000/_next/static/chunks/11hm_next_dist_0m6rgog._.js:2441
[  168917ms] [LOG] [DEBUG] Renderizando celda: {columnId: nombre, isReference: undefined, value: Object} @ http://localhost:3000/_next/static/chunks/11hm_next_dist_0m6rgog._.js:2441
[  168917ms] [LOG] [DEBUG] Renderizando celda: {columnId: nombre, isReference: undefined, value: Object} @ http://localhost:3000/_next/static/chunks/11hm_next_dist_0m6rgog._.js:2441
[  168917ms] [LOG] [DEBUG] Renderizando celda: {columnId: email, isReference: undefined, value: Object} @ http://localhost:3000/_next/static/chunks/11hm_next_dist_0m6rgog._.js:2441
[  168917ms] [LOG] [DEBUG] Renderizando celda: {columnId: email, isReference: undefined, value: Object} @ http://localhost:3000/_next/static/chunks/11hm_next_dist_0m6rgog._.js:2441
[  168917ms] [LOG] [DEBUG] Renderizando celda: {columnId: ciudad, isReference: undefined, value: Object} @ http://localhost:3000/_next/static/chunks/11hm_next_dist_0m6rgog._.js:2441
[  168917ms] [LOG] [DEBUG] Renderizando celda: {columnId: ciudad, isReference: undefined, value: Object} @ http://localhost:3000/_next/static/chunks/11hm_next_dist_0m6rgog._.js:2441
[  168917ms] [LOG] [DEBUG] Renderizando celda: {columnId: activo, isReference: undefined, value: Object} @ http://localhost:3000/_next/static/chunks/11hm_next_dist_0m6rgog._.js:2441
[  168917ms] [LOG] [DEBUG] Renderizando celda: {columnId: activo, isReference: undefined, value: Object} @ http://localhost:3000/_next/static/chunks/11hm_next_dist_0m6rgog._.js:2441
[  168918ms] [LOG] [DEBUG] Tipo corregido: boolean -> string {originalValue: true, originalType: boolean, detectedType: string} @ http://localhost:3000/_next/static/chunks/11hm_next_dist_0m6rgog._.js:2441
[  168918ms] [LOG] [DEBUG] Tipo corregido: boolean -> string {originalValue: true, originalType: boolean, detectedType: string} @ http://localhost:3000/_next/static/chunks/11hm_next_dist_0m6rgog._.js:2441
[  168918ms] [LOG] [DEBUG] Renderizando celda: {columnId: propietario, isReference: undefined, value: Object} @ http://localhost:3000/_next/static/chunks/11hm_next_dist_0m6rgog._.js:2441
[  168918ms] [LOG] [DEBUG] Renderizando celda: {columnId: propietario, isReference: undefined, value: Object} @ http://localhost:3000/_next/static/chunks/11hm_next_dist_0m6rgog._.js:2441
[  168918ms] [LOG] [DEBUG] Renderizando celda: {columnId: web, isReference: undefined, value: Object} @ http://localhost:3000/_next/static/chunks/11hm_next_dist_0m6rgog._.js:2441
[  168918ms] [LOG] [DEBUG] Renderizando celda: {columnId: web, isReference: undefined, value: Object} @ http://localhost:3000/_next/static/chunks/11hm_next_dist_0m6rgog._.js:2441
[  168918ms] [LOG] [DEBUG] Renderizando celda: {columnId: logo, isReference: undefined, value: Object} @ http://localhost:3000/_next/static/chunks/11hm_next_dist_0m6rgog._.js:2441
[  168918ms] [LOG] [DEBUG] Renderizando celda: {columnId: logo, isReference: undefined, value: Object} @ http://localhost:3000/_next/static/chunks/11hm_next_dist_0m6rgog._.js:2441
[  168918ms] [LOG] [DEBUG] Renderizando celda: {columnId: direccion.calle, isReference: undefined, value: Object} @ http://localhost:3000/_next/static/chunks/11hm_next_dist_0m6rgog._.js:2441
[  168918ms] [LOG] [DEBUG] Renderizando celda: {columnId: direccion.calle, isReference: undefined, value: Object} @ http://localhost:3000/_next/static/chunks/11hm_next_dist_0m6rgog._.js:2441
[  168918ms] [LOG] [DEBUG] Renderizando celda: {columnId: direccion.codigoPostal, isReference: undefined, value: Object} @ http://localhost:3000/_next/static/chunks/11hm_next_dist_0m6rgog._.js:2441
[  168918ms] [LOG] [DEBUG] Renderizando celda: {columnId: direccion.codigoPostal, isReference: undefined, value: Object} @ http://localhost:3000/_next/static/chunks/11hm_next_dist_0m6rgog._.js:2441
[  168918ms] [LOG] [DEBUG] Renderizando celda: {columnId: direccion.provincia, isReference: undefined, value: Object} @ http://localhost:3000/_next/static/chunks/11hm_next_dist_0m6rgog._.js:2441
[  168918ms] [LOG] [DEBUG] Renderizando celda: {columnId: direccion.provincia, isReference: undefined, value: Object} @ http://localhost:3000/_next/static/chunks/11hm_next_dist_0m6rgog._.js:2441
[  168918ms] [LOG] [DEBUG] Renderizando celda: {columnId: fechaApertura, isReference: undefined, value: Object} @ http://localhost:3000/_next/static/chunks/11hm_next_dist_0m6rgog._.js:2441
[  168918ms] [LOG] [DEBUG] Renderizando celda: {columnId: fechaApertura, isReference: undefined, value: Object} @ http://localhost:3000/_next/static/chunks/11hm_next_dist_0m6rgog._.js:2441
[  168918ms] [LOG] [DEBUG] Renderizando celda: {columnId: facturacionAnual, isReference: undefined, value: Object} @ http://localhost:3000/_next/static/chunks/11hm_next_dist_0m6rgog._.js:2441
[  168919ms] [LOG] [DEBUG] Renderizando celda: {columnId: facturacionAnual, isReference: undefined, value: Object} @ http://localhost:3000/_next/static/chunks/11hm_next_dist_0m6rgog._.js:2441
[  168919ms] [LOG] [DEBUG] Renderizando celda: {columnId: empleados, isReference: undefined, value: Object} @ http://localhost:3000/_next/static/chunks/11hm_next_dist_0m6rgog._.js:2441
[  168919ms] [LOG] [DEBUG] Renderizando celda: {columnId: empleados, isReference: undefined, value: Object} @ http://localhost:3000/_next/static/chunks/11hm_next_dist_0m6rgog._.js:2441
[  168919ms] [LOG] [DEBUG] Renderizando ArrayCell: {itemsLength: 2, isPrimitiveArray: false, isObjectArray: true, firstItemType: object} @ http://localhost:3000/_next/static/chunks/11hm_next_dist_0m6rgog._.js:2441
[  168919ms] [LOG] [DEBUG] Renderizando ArrayCell: {itemsLength: 2, isPrimitiveArray: false, isObjectArray: true, firstItemType: object} @ http://localhost:3000/_next/static/chunks/11hm_next_dist_0m6rgog._.js:2441
[  168919ms] [LOG] [DEBUG] Renderizando celda: {columnId: servicios, isReference: undefined, value: Object} @ http://localhost:3000/_next/static/chunks/11hm_next_dist_0m6rgog._.js:2441
[  168919ms] [LOG] [DEBUG] Renderizando celda: {columnId: servicios, isReference: undefined, value: Object} @ http://localhost:3000/_next/static/chunks/11hm_next_dist_0m6rgog._.js:2441
[  168919ms] [LOG] [DEBUG] Renderizando ArrayCell: {itemsLength: 4, isPrimitiveArray: true, isObjectArray: false, firstItemType: string} @ http://localhost:3000/_next/static/chunks/11hm_next_dist_0m6rgog._.js:2441
[  168919ms] [LOG] [DEBUG] Renderizando ArrayCell: {itemsLength: 4, isPrimitiveArray: true, isObjectArray: false, firstItemType: string} @ http://localhost:3000/_next/static/chunks/11hm_next_dist_0m6rgog._.js:2441
[  168920ms] [LOG] [DEBUG] Renderizando celda: {columnId: membresias, isReference: undefined, value: Object} @ http://localhost:3000/_next/static/chunks/11hm_next_dist_0m6rgog._.js:2441
[  168920ms] [LOG] [DEBUG] Renderizando celda: {columnId: membresias, isReference: undefined, value: Object} @ http://localhost:3000/_next/static/chunks/11hm_next_dist_0m6rgog._.js:2441
[  168920ms] [LOG] [DEBUG] Renderizando ArrayCell: {itemsLength: 2, isPrimitiveArray: false, isObjectArray: true, firstItemType: object} @ http://localhost:3000/_next/static/chunks/11hm_next_dist_0m6rgog._.js:2441
[  168920ms] [LOG] [DEBUG] Renderizando ArrayCell: {itemsLength: 2, isPrimitiveArray: false, isObjectArray: true, firstItemType: object} @ http://localhost:3000/_next/static/chunks/11hm_next_dist_0m6rgog._.js:2441
[  168920ms] [LOG] [DEBUG] Renderizando celda: {columnId: metricas.clientesActivos, isReference: undefined, value: Object} @ http://localhost:3000/_next/static/chunks/11hm_next_dist_0m6rgog._.js:2441
[  168920ms] [LOG] [DEBUG] Renderizando celda: {columnId: metricas.clientesActivos, isReference: undefined, value: Object} @ http://localhost:3000/_next/static/chunks/11hm_next_dist_0m6rgog._.js:2441
[  168920ms] [LOG] [DEBUG] Renderizando celda: {columnId: metricas.satisfaccionMedia, isReference: undefined, value: Object} @ http://localhost:3000/_next/static/chunks/11hm_next_dist_0m6rgog._.js:2441
[  168920ms] [LOG] [DEBUG] Renderizando celda: {columnId: metricas.satisfaccionMedia, isReference: undefined, value: Object} @ http://localhost:3000/_next/static/chunks/11hm_next_dist_0m6rgog._.js:2441
[  168920ms] [LOG] [DEBUG] Renderizando celda: {columnId: metricas.ticketMedio, isReference: undefined, value: Object} @ http://localhost:3000/_next/static/chunks/11hm_next_dist_0m6rgog._.js:2441
[  168920ms] [LOG] [DEBUG] Renderizando celda: {columnId: metricas.ticketMedio, isReference: undefined, value: Object} @ http://localhost:3000/_next/static/chunks/11hm_next_dist_0m6rgog._.js:2441
[  168921ms] [LOG] [DEBUG] Renderizando celda: {columnId: etiquetas, isReference: undefined, value: Object} @ http://localhost:3000/_next/static/chunks/11hm_next_dist_0m6rgog._.js:2441
[  168921ms] [LOG] [DEBUG] Renderizando celda: {columnId: etiquetas, isReference: undefined, value: Object} @ http://localhost:3000/_next/static/chunks/11hm_next_dist_0m6rgog._.js:2441
[  168921ms] [LOG] [DEBUG] Renderizando ArrayCell: {itemsLength: 4, isPrimitiveArray: true, isObjectArray: false, firstItemType: string} @ http://localhost:3000/_next/static/chunks/11hm_next_dist_0m6rgog._.js:2441
[  168921ms] [LOG] [DEBUG] Renderizando ArrayCell: {itemsLength: 4, isPrimitiveArray: true, isObjectArray: false, firstItemType: string} @ http://localhost:3000/_next/static/chunks/11hm_next_dist_0m6rgog._.js:2441
[  168921ms] [LOG] [DEBUG] Renderizando celda: {columnId: notas, isReference: undefined, value: Object} @ http://localhost:3000/_next/static/chunks/11hm_next_dist_0m6rgog._.js:2441
[  168921ms] [LOG] [DEBUG] Renderizando celda: {columnId: notas, isReference: undefined, value: Object} @ http://localhost:3000/_next/static/chunks/11hm_next_dist_0m6rgog._.js:2441
[  168921ms] [LOG] [DEBUG] Tipo corregido: objectArray -> string {originalValue: Salón joven con fuerte identidad de marca. Enfoque…idad. Crecimiento acelerado en los últimos meses., originalType: objectArray, detectedType: string} @ http://localhost:3000/_next/static/chunks/11hm_next_dist_0m6rgog._.js:2441
[  168921ms] [LOG] [DEBUG] Tipo corregido: objectArray -> string {originalValue: Salón joven con fuerte identidad de marca. Enfoque…idad. Crecimiento acelerado en los últimos meses., originalType: objectArray, detectedType: string} @ http://localhost:3000/_next/static/chunks/11hm_next_dist_0m6rgog._.js:2441
[  168922ms] [LOG] [DEBUG] Renderizando SecondaryTables: {level: 0, parentId: undefined, isLoading: false, arrayColumnsCount: 0, arrayColumns: Array(0)} @ http://localhost:3000/_next/static/chunks/11hm_next_dist_0m6rgog._.js:2441
[  168922ms] [LOG] [DEBUG] Renderizando SecondaryTables: {level: 0, parentId: undefined, isLoading: false, arrayColumnsCount: 0, arrayColumns: Array(0)} @ http://localhost:3000/_next/static/chunks/11hm_next_dist_0m6rgog._.js:2441
[  168941ms] [LOG] [DEBUG] Array columns procesadas: {count: 0, totalRegistros: 0, columns: Array(0)} @ http://localhost:3000/_next/static/chunks/11hm_next_dist_0m6rgog._.js:2441
[  168963ms] [LOG] [DEBUG] Renderizando SecondaryTables: {level: 0, parentId: undefined, isLoading: false, arrayColumnsCount: 0, arrayColumns: Array(0)} @ http://localhost:3000/_next/static/chunks/11hm_next_dist_0m6rgog._.js:2441
[  168963ms] [LOG] [DEBUG] Renderizando SecondaryTables: {level: 0, parentId: undefined, isLoading: false, arrayColumnsCount: 0, arrayColumns: Array(0)} @ http://localhost:3000/_next/static/chunks/11hm_next_dist_0m6rgog._.js:2441
[  168974ms] [LOG] [DEBUG] Effective column order: {baseOrder: Array(14), pinnedColumnId: index, otherColumns: Array(13), hasActions: true, result: Array(15)} @ http://localhost:3000/_next/static/chunks/11hm_next_dist_0m6rgog._.js:2441
[  168974ms] [LOG] [DEBUG] Effective column order: {baseOrder: Array(14), pinnedColumnId: index, otherColumns: Array(13), hasActions: true, result: Array(15)} @ http://localhost:3000/_next/static/chunks/11hm_next_dist_0m6rgog._.js:2441
[  168975ms] [LOG] [DEBUG] Effective column order: {baseOrder: Array(14), pinnedColumnId: index, otherColumns: Array(13), hasActions: true, result: Array(15)} @ http://localhost:3000/_next/static/chunks/11hm_next_dist_0m6rgog._.js:2441
[  168975ms] [LOG] [DEBUG] Effective column order: {baseOrder: Array(14), pinnedColumnId: index, otherColumns: Array(13), hasActions: true, result: Array(15)} @ http://localhost:3000/_next/static/chunks/11hm_next_dist_0m6rgog._.js:2441
[  168986ms] [LOG] [DEBUG] Renderizando celda: {columnId: id, isReference: undefined, value: Object} @ http://localhost:3000/_next/static/chunks/11hm_next_dist_0m6rgog._.js:2441
[  168986ms] [LOG] [DEBUG] Renderizando celda: {columnId: id, isReference: undefined, value: Object} @ http://localhost:3000/_next/static/chunks/11hm_next_dist_0m6rgog._.js:2441
[  168986ms] [LOG] [DEBUG] Renderizando celda: {columnId: nombre, isReference: undefined, value: Object} @ http://localhost:3000/_next/static/chunks/11hm_next_dist_0m6rgog._.js:2441
[  168986ms] [LOG] [DEBUG] Renderizando celda: {columnId: nombre, isReference: undefined, value: Object} @ http://localhost:3000/_next/static/chunks/11hm_next_dist_0m6rgog._.js:2441
[  168986ms] [LOG] [DEBUG] Renderizando celda: {columnId: email, isReference: undefined, value: Object} @ http://localhost:3000/_next/static/chunks/11hm_next_dist_0m6rgog._.js:2441
[  168989ms] [LOG] [DEBUG] Renderizando celda: {columnId: email, isReference: undefined, value: Object} @ http://localhost:3000/_next/static/chunks/11hm_next_dist_0m6rgog._.js:2441
[  168990ms] [LOG] [DEBUG] Renderizando celda: {columnId: ciudad, isReference: undefined, value: Object} @ http://localhost:3000/_next/static/chunks/11hm_next_dist_0m6rgog._.js:2441
[  168990ms] [LOG] [DEBUG] Renderizando celda: {columnId: ciudad, isReference: undefined, value: Object} @ http://localhost:3000/_next/static/chunks/11hm_next_dist_0m6rgog._.js:2441
[  168990ms] [LOG] [DEBUG] Renderizando celda: {columnId: activo, isReference: undefined, value: Object} @ http://localhost:3000/_next/static/chunks/11hm_next_dist_0m6rgog._.js:2441
[  168990ms] [LOG] [DEBUG] Renderizando celda: {columnId: activo, isReference: undefined, value: Object} @ http://localhost:3000/_next/static/chunks/11hm_next_dist_0m6rgog._.js:2441
[  168990ms] [LOG] [DEBUG] Renderizando celda: {columnId: propietario, isReference: undefined, value: Object} @ http://localhost:3000/_next/static/chunks/11hm_next_dist_0m6rgog._.js:2441
[  168990ms] [LOG] [DEBUG] Renderizando celda: {columnId: propietario, isReference: undefined, value: Object} @ http://localhost:3000/_next/static/chunks/11hm_next_dist_0m6rgog._.js:2441
[  168990ms] [LOG] [DEBUG] Renderizando celda: {columnId: web, isReference: undefined, value: Object} @ http://localhost:3000/_next/static/chunks/11hm_next_dist_0m6rgog._.js:2441
[  168990ms] [LOG] [DEBUG] Renderizando celda: {columnId: web, isReference: undefined, value: Object} @ http://localhost:3000/_next/static/chunks/11hm_next_dist_0m6rgog._.js:2441
[  168990ms] [LOG] [DEBUG] Renderizando celda: {columnId: logo, isReference: undefined, value: Object} @ http://localhost:3000/_next/static/chunks/11hm_next_dist_0m6rgog._.js:2441
[  168990ms] [LOG] [DEBUG] Renderizando celda: {columnId: logo, isReference: undefined, value: Object} @ http://localhost:3000/_next/static/chunks/11hm_next_dist_0m6rgog._.js:2441
[  168991ms] [LOG] [DEBUG] Renderizando celda: {columnId: direccion.calle, isReference: undefined, value: Object} @ http://localhost:3000/_next/static/chunks/11hm_next_dist_0m6rgog._.js:2441
[  168991ms] [LOG] [DEBUG] Renderizando celda: {columnId: direccion.calle, isReference: undefined, value: Object} @ http://localhost:3000/_next/static/chunks/11hm_next_dist_0m6rgog._.js:2441
[  168991ms] [LOG] [DEBUG] Renderizando celda: {columnId: direccion.codigoPostal, isReference: undefined, value: Object} @ http://localhost:3000/_next/static/chunks/11hm_next_dist_0m6rgog._.js:2441
[  168991ms] [LOG] [DEBUG] Renderizando celda: {columnId: direccion.codigoPostal, isReference: undefined, value: Object} @ http://localhost:3000/_next/static/chunks/11hm_next_dist_0m6rgog._.js:2441
[  168991ms] [LOG] [DEBUG] Renderizando celda: {columnId: direccion.provincia, isReference: undefined, value: Object} @ http://localhost:3000/_next/static/chunks/11hm_next_dist_0m6rgog._.js:2441
[  168991ms] [LOG] [DEBUG] Renderizando celda: {columnId: direccion.provincia, isReference: undefined, value: Object} @ http://localhost:3000/_next/static/chunks/11hm_next_dist_0m6rgog._.js:2441
[  168991ms] [LOG] [DEBUG] Renderizando celda: {columnId: fechaApertura, isReference: undefined, value: Object} @ http://localhost:3000/_next/static/chunks/11hm_next_dist_0m6rgog._.js:2441
[  168991ms] [LOG] [DEBUG] Renderizando celda: {columnId: fechaApertura, isReference: undefined, value: Object} @ http://localhost:3000/_next/static/chunks/11hm_next_dist_0m6rgog._.js:2441
[  168991ms] [LOG] [DEBUG] Renderizando celda: {columnId: facturacionAnual, isReference: undefined, value: Object} @ http://localhost:3000/_next/static/chunks/11hm_next_dist_0m6rgog._.js:2441
[  168991ms] [LOG] [DEBUG] Renderizando celda: {columnId: facturacionAnual, isReference: undefined, value: Object} @ http://localhost:3000/_next/static/chunks/11hm_next_dist_0m6rgog._.js:2441
[  168991ms] [LOG] [DEBUG] Renderizando celda: {columnId: empleados, isReference: undefined, value: Object} @ http://localhost:3000/_next/static/chunks/11hm_next_dist_0m6rgog._.js:2441
[  168991ms] [LOG] [DEBUG] Renderizando celda: {columnId: empleados, isReference: undefined, value: Object} @ http://localhost:3000/_next/static/chunks/11hm_next_dist_0m6rgog._.js:2441
[  168992ms] [LOG] [DEBUG] Renderizando celda: {columnId: servicios, isReference: undefined, value: Object} @ http://localhost:3000/_next/static/chunks/11hm_next_dist_0m6rgog._.js:2441
[  168992ms] [LOG] [DEBUG] Renderizando celda: {columnId: servicios, isReference: undefined, value: Object} @ http://localhost:3000/_next/static/chunks/11hm_next_dist_0m6rgog._.js:2441
[  168992ms] [LOG] [DEBUG] Renderizando celda: {columnId: membresias, isReference: undefined, value: Object} @ http://localhost:3000/_next/static/chunks/11hm_next_dist_0m6rgog._.js:2441
[  168992ms] [LOG] [DEBUG] Renderizando celda: {columnId: membresias, isReference: undefined, value: Object} @ http://localhost:3000/_next/static/chunks/11hm_next_dist_0m6rgog._.js:2441
[  168992ms] [LOG] [DEBUG] Renderizando celda: {columnId: metricas.clientesActivos, isReference: undefined, value: Object} @ http://localhost:3000/_next/static/chunks/11hm_next_dist_0m6rgog._.js:2441
[  168992ms] [LOG] [DEBUG] Renderizando celda: {columnId: metricas.clientesActivos, isReference: undefined, value: Object} @ http://localhost:3000/_next/static/chunks/11hm_next_dist_0m6rgog._.js:2441
[  168992ms] [LOG] [DEBUG] Renderizando celda: {columnId: metricas.satisfaccionMedia, isReference: undefined, value: Object} @ http://localhost:3000/_next/static/chunks/11hm_next_dist_0m6rgog._.js:2441
[  168992ms] [LOG] [DEBUG] Renderizando celda: {columnId: metricas.satisfaccionMedia, isReference: undefined, value: Object} @ http://localhost:3000/_next/static/chunks/11hm_next_dist_0m6rgog._.js:2441
[  168992ms] [LOG] [DEBUG] Renderizando celda: {columnId: metricas.ticketMedio, isReference: undefined, value: Object} @ http://localhost:3000/_next/static/chunks/11hm_next_dist_0m6rgog._.js:2441
[  168992ms] [LOG] [DEBUG] Renderizando celda: {columnId: metricas.ticketMedio, isReference: undefined, value: Object} @ http://localhost:3000/_next/static/chunks/11hm_next_dist_0m6rgog._.js:2441
[  168992ms] [LOG] [DEBUG] Renderizando celda: {columnId: etiquetas, isReference: undefined, value: Object} @ http://localhost:3000/_next/static/chunks/11hm_next_dist_0m6rgog._.js:2441
[  168992ms] [LOG] [DEBUG] Renderizando celda: {columnId: etiquetas, isReference: undefined, value: Object} @ http://localhost:3000/_next/static/chunks/11hm_next_dist_0m6rgog._.js:2441
[  168992ms] [LOG] [DEBUG] Renderizando celda: {columnId: notas, isReference: undefined, value: Object} @ http://localhost:3000/_next/static/chunks/11hm_next_dist_0m6rgog._.js:2441
[  168992ms] [LOG] [DEBUG] Renderizando celda: {columnId: notas, isReference: undefined, value: Object} @ http://localhost:3000/_next/static/chunks/11hm_next_dist_0m6rgog._.js:2441
[  168993ms] [LOG] [DEBUG] Renderizando celda: {columnId: id, isReference: undefined, value: Object} @ http://localhost:3000/_next/static/chunks/11hm_next_dist_0m6rgog._.js:2441
[  168993ms] [LOG] [DEBUG] Renderizando celda: {columnId: id, isReference: undefined, value: Object} @ http://localhost:3000/_next/static/chunks/11hm_next_dist_0m6rgog._.js:2441
[  168994ms] [LOG] [DEBUG] Renderizando celda: {columnId: nombre, isReference: undefined, value: Object} @ http://localhost:3000/_next/static/chunks/11hm_next_dist_0m6rgog._.js:2441
[  168994ms] [LOG] [DEBUG] Renderizando celda: {columnId: nombre, isReference: undefined, value: Object} @ http://localhost:3000/_next/static/chunks/11hm_next_dist_0m6rgog._.js:2441
[  168994ms] [LOG] [DEBUG] Renderizando celda: {columnId: email, isReference: undefined, value: Object} @ http://localhost:3000/_next/static/chunks/11hm_next_dist_0m6rgog._.js:2441
[  168994ms] [LOG] [DEBUG] Renderizando celda: {columnId: email, isReference: undefined, value: Object} @ http://localhost:3000/_next/static/chunks/11hm_next_dist_0m6rgog._.js:2441
[  168994ms] [LOG] [DEBUG] Renderizando celda: {columnId: ciudad, isReference: undefined, value: Object} @ http://localhost:3000/_next/static/chunks/11hm_next_dist_0m6rgog._.js:2441
[  168994ms] [LOG] [DEBUG] Renderizando celda: {columnId: ciudad, isReference: undefined, value: Object} @ http://localhost:3000/_next/static/chunks/11hm_next_dist_0m6rgog._.js:2441
[  168994ms] [LOG] [DEBUG] Renderizando celda: {columnId: activo, isReference: undefined, value: Object} @ http://localhost:3000/_next/static/chunks/11hm_next_dist_0m6rgog._.js:2441
[  168994ms] [LOG] [DEBUG] Renderizando celda: {columnId: activo, isReference: undefined, value: Object} @ http://localhost:3000/_next/static/chunks/11hm_next_dist_0m6rgog._.js:2441
[  168994ms] [LOG] [DEBUG] Renderizando celda: {columnId: propietario, isReference: undefined, value: Object} @ http://localhost:3000/_next/static/chunks/11hm_next_dist_0m6rgog._.js:2441
[  168994ms] [LOG] [DEBUG] Renderizando celda: {columnId: propietario, isReference: undefined, value: Object} @ http://localhost:3000/_next/static/chunks/11hm_next_dist_0m6rgog._.js:2441
[  168994ms] [LOG] [DEBUG] Renderizando celda: {columnId: web, isReference: undefined, value: Object} @ http://localhost:3000/_next/static/chunks/11hm_next_dist_0m6rgog._.js:2441
[  168994ms] [LOG] [DEBUG] Renderizando celda: {columnId: web, isReference: undefined, value: Object} @ http://localhost:3000/_next/static/chunks/11hm_next_dist_0m6rgog._.js:2441
[  168994ms] [LOG] [DEBUG] Renderizando celda: {columnId: logo, isReference: undefined, value: Object} @ http://localhost:3000/_next/static/chunks/11hm_next_dist_0m6rgog._.js:2441
[  168994ms] [LOG] [DEBUG] Renderizando celda: {columnId: logo, isReference: undefined, value: Object} @ http://localhost:3000/_next/static/chunks/11hm_next_dist_0m6rgog._.js:2441
[  168994ms] [LOG] [DEBUG] Renderizando celda: {columnId: direccion.calle, isReference: undefined, value: Object} @ http://localhost:3000/_next/static/chunks/11hm_next_dist_0m6rgog._.js:2441
[  168994ms] [LOG] [DEBUG] Renderizando celda: {columnId: direccion.calle, isReference: undefined, value: Object} @ http://localhost:3000/_next/static/chunks/11hm_next_dist_0m6rgog._.js:2441
[  168995ms] [LOG] [DEBUG] Renderizando celda: {columnId: direccion.codigoPostal, isReference: undefined, value: Object} @ http://localhost:3000/_next/static/chunks/11hm_next_dist_0m6rgog._.js:2441
[  168995ms] [LOG] [DEBUG] Renderizando celda: {columnId: direccion.codigoPostal, isReference: undefined, value: Object} @ http://localhost:3000/_next/static/chunks/11hm_next_dist_0m6rgog._.js:2441
[  168995ms] [LOG] [DEBUG] Renderizando celda: {columnId: direccion.provincia, isReference: undefined, value: Object} @ http://localhost:3000/_next/static/chunks/11hm_next_dist_0m6rgog._.js:2441
[  168995ms] [LOG] [DEBUG] Renderizando celda: {columnId: direccion.provincia, isReference: undefined, value: Object} @ http://localhost:3000/_next/static/chunks/11hm_next_dist_0m6rgog._.js:2441
[  168995ms] [LOG] [DEBUG] Renderizando celda: {columnId: fechaApertura, isReference: undefined, value: Object} @ http://localhost:3000/_next/static/chunks/11hm_next_dist_0m6rgog._.js:2441
[  168995ms] [LOG] [DEBUG] Renderizando celda: {columnId: fechaApertura, isReference: undefined, value: Object} @ http://localhost:3000/_next/static/chunks/11hm_next_dist_0m6rgog._.js:2441
[  168995ms] [LOG] [DEBUG] Renderizando celda: {columnId: facturacionAnual, isReference: undefined, value: Object} @ http://localhost:3000/_next/static/chunks/11hm_next_dist_0m6rgog._.js:2441
[  168995ms] [LOG] [DEBUG] Renderizando celda: {columnId: facturacionAnual, isReference: undefined, value: Object} @ http://localhost:3000/_next/static/chunks/11hm_next_dist_0m6rgog._.js:2441
[  168995ms] [LOG] [DEBUG] Renderizando celda: {columnId: empleados, isReference: undefined, value: Object} @ http://localhost:3000/_next/static/chunks/11hm_next_dist_0m6rgog._.js:2441
[  168995ms] [LOG] [DEBUG] Renderizando celda: {columnId: empleados, isReference: undefined, value: Object} @ http://localhost:3000/_next/static/chunks/11hm_next_dist_0m6rgog._.js:2441
[  168995ms] [LOG] [DEBUG] Renderizando celda: {columnId: servicios, isReference: undefined, value: Object} @ http://localhost:3000/_next/static/chunks/11hm_next_dist_0m6rgog._.js:2441
[  168995ms] [LOG] [DEBUG] Renderizando celda: {columnId: servicios, isReference: undefined, value: Object} @ http://localhost:3000/_next/static/chunks/11hm_next_dist_0m6rgog._.js:2441
[  168995ms] [LOG] [DEBUG] Renderizando celda: {columnId: membresias, isReference: undefined, value: Object} @ http://localhost:3000/_next/static/chunks/11hm_next_dist_0m6rgog._.js:2441
[  168995ms] [LOG] [DEBUG] Renderizando celda: {columnId: membresias, isReference: undefined, value: Object} @ http://localhost:3000/_next/static/chunks/11hm_next_dist_0m6rgog._.js:2441
[  168995ms] [LOG] [DEBUG] Renderizando celda: {columnId: metricas.clientesActivos, isReference: undefined, value: Object} @ http://localhost:3000/_next/static/chunks/11hm_next_dist_0m6rgog._.js:2441
[  168995ms] [LOG] [DEBUG] Renderizando celda: {columnId: metricas.clientesActivos, isReference: undefined, value: Object} @ http://localhost:3000/_next/static/chunks/11hm_next_dist_0m6rgog._.js:2441
[  168996ms] [LOG] [DEBUG] Renderizando celda: {columnId: metricas.satisfaccionMedia, isReference: undefined, value: Object} @ http://localhost:3000/_next/static/chunks/11hm_next_dist_0m6rgog._.js:2441
[  168996ms] [LOG] [DEBUG] Renderizando celda: {columnId: metricas.satisfaccionMedia, isReference: undefined, value: Object} @ http://localhost:3000/_next/static/chunks/11hm_next_dist_0m6rgog._.js:2441
[  168996ms] [LOG] [DEBUG] Renderizando celda: {columnId: metricas.ticketMedio, isReference: undefined, value: Object} @ http://localhost:3000/_next/static/chunks/11hm_next_dist_0m6rgog._.js:2441
[  168996ms] [LOG] [DEBUG] Renderizando celda: {columnId: metricas.ticketMedio, isReference: undefined, value: Object} @ http://localhost:3000/_next/static/chunks/11hm_next_dist_0m6rgog._.js:2441
[  168996ms] [LOG] [DEBUG] Renderizando celda: {columnId: etiquetas, isReference: undefined, value: Object} @ http://localhost:3000/_next/static/chunks/11hm_next_dist_0m6rgog._.js:2441
[  168996ms] [LOG] [DEBUG] Renderizando celda: {columnId: etiquetas, isReference: undefined, value: Object} @ http://localhost:3000/_next/static/chunks/11hm_next_dist_0m6rgog._.js:2441
[  168996ms] [LOG] [DEBUG] Renderizando celda: {columnId: notas, isReference: undefined, value: Object} @ http://localhost:3000/_next/static/chunks/11hm_next_dist_0m6rgog._.js:2441
[  168996ms] [LOG] [DEBUG] Renderizando celda: {columnId: notas, isReference: undefined, value: Object} @ http://localhost:3000/_next/static/chunks/11hm_next_dist_0m6rgog._.js:2441
[  168997ms] [LOG] [DEBUG] Renderizando celda: {columnId: id, isReference: undefined, value: Object} @ http://localhost:3000/_next/static/chunks/11hm_next_dist_0m6rgog._.js:2441
[  168997ms] [LOG] [DEBUG] Renderizando celda: {columnId: id, isReference: undefined, value: Object} @ http://localhost:3000/_next/static/chunks/11hm_next_dist_0m6rgog._.js:2441
[  168997ms] [LOG] [DEBUG] Renderizando celda: {columnId: nombre, isReference: undefined, value: Object} @ http://localhost:3000/_next/static/chunks/11hm_next_dist_0m6rgog._.js:2441
[  168997ms] [LOG] [DEBUG] Renderizando celda: {columnId: nombre, isReference: undefined, value: Object} @ http://localhost:3000/_next/static/chunks/11hm_next_dist_0m6rgog._.js:2441
[  168997ms] [LOG] [DEBUG] Renderizando celda: {columnId: email, isReference: undefined, value: Object} @ http://localhost:3000/_next/static/chunks/11hm_next_dist_0m6rgog._.js:2441
[  168997ms] [LOG] [DEBUG] Renderizando celda: {columnId: email, isReference: undefined, value: Object} @ http://localhost:3000/_next/static/chunks/11hm_next_dist_0m6rgog._.js:2441
[  168997ms] [LOG] [DEBUG] Renderizando celda: {columnId: ciudad, isReference: undefined, value: Object} @ http://localhost:3000/_next/static/chunks/11hm_next_dist_0m6rgog._.js:2441
[  168997ms] [LOG] [DEBUG] Renderizando celda: {columnId: ciudad, isReference: undefined, value: Object} @ http://localhost:3000/_next/static/chunks/11hm_next_dist_0m6rgog._.js:2441
[  168997ms] [LOG] [DEBUG] Renderizando celda: {columnId: activo, isReference: undefined, value: Object} @ http://localhost:3000/_next/static/chunks/11hm_next_dist_0m6rgog._.js:2441
[  168997ms] [LOG] [DEBUG] Renderizando celda: {columnId: activo, isReference: undefined, value: Object} @ http://localhost:3000/_next/static/chunks/11hm_next_dist_0m6rgog._.js:2441
[  168997ms] [LOG] [DEBUG] Renderizando celda: {columnId: propietario, isReference: undefined, value: Object} @ http://localhost:3000/_next/static/chunks/11hm_next_dist_0m6rgog._.js:2441
[  168998ms] [LOG] [DEBUG] Renderizando celda: {columnId: propietario, isReference: undefined, value: Object} @ http://localhost:3000/_next/static/chunks/11hm_next_dist_0m6rgog._.js:2441
[  168998ms] [LOG] [DEBUG] Renderizando celda: {columnId: web, isReference: undefined, value: Object} @ http://localhost:3000/_next/static/chunks/11hm_next_dist_0m6rgog._.js:2441
[  168998ms] [LOG] [DEBUG] Renderizando celda: {columnId: web, isReference: undefined, value: Object} @ http://localhost:3000/_next/static/chunks/11hm_next_dist_0m6rgog._.js:2441
[  168998ms] [LOG] [DEBUG] Renderizando celda: {columnId: logo, isReference: undefined, value: Object} @ http://localhost:3000/_next/static/chunks/11hm_next_dist_0m6rgog._.js:2441
[  168998ms] [LOG] [DEBUG] Renderizando celda: {columnId: logo, isReference: undefined, value: Object} @ http://localhost:3000/_next/static/chunks/11hm_next_dist_0m6rgog._.js:2441
[  168998ms] [LOG] [DEBUG] Renderizando celda: {columnId: direccion.calle, isReference: undefined, value: Object} @ http://localhost:3000/_next/static/chunks/11hm_next_dist_0m6rgog._.js:2441
[  168998ms] [LOG] [DEBUG] Renderizando celda: {columnId: direccion.calle, isReference: undefined, value: Object} @ http://localhost:3000/_next/static/chunks/11hm_next_dist_0m6rgog._.js:2441
[  168998ms] [LOG] [DEBUG] Renderizando celda: {columnId: direccion.codigoPostal, isReference: undefined, value: Object} @ http://localhost:3000/_next/static/chunks/11hm_next_dist_0m6rgog._.js:2441
[  168998ms] [LOG] [DEBUG] Renderizando celda: {columnId: direccion.codigoPostal, isReference: undefined, value: Object} @ http://localhost:3000/_next/static/chunks/11hm_next_dist_0m6rgog._.js:2441
[  168998ms] [LOG] [DEBUG] Renderizando celda: {columnId: direccion.provincia, isReference: undefined, value: Object} @ http://localhost:3000/_next/static/chunks/11hm_next_dist_0m6rgog._.js:2441
[  168998ms] [LOG] [DEBUG] Renderizando celda: {columnId: direccion.provincia, isReference: undefined, value: Object} @ http://localhost:3000/_next/static/chunks/11hm_next_dist_0m6rgog._.js:2441
[  168998ms] [LOG] [DEBUG] Renderizando celda: {columnId: fechaApertura, isReference: undefined, value: Object} @ http://localhost:3000/_next/static/chunks/11hm_next_dist_0m6rgog._.js:2441
[  168998ms] [LOG] [DEBUG] Renderizando celda: {columnId: fechaApertura, isReference: undefined, value: Object} @ http://localhost:3000/_next/static/chunks/11hm_next_dist_0m6rgog._.js:2441
[  168998ms] [LOG] [DEBUG] Renderizando celda: {columnId: facturacionAnual, isReference: undefined, value: Object} @ http://localhost:3000/_next/static/chunks/11hm_next_dist_0m6rgog._.js:2441
[  168998ms] [LOG] [DEBUG] Renderizando celda: {columnId: facturacionAnual, isReference: undefined, value: Object} @ http://localhost:3000/_next/static/chunks/11hm_next_dist_0m6rgog._.js:2441
[  168998ms] [LOG] [DEBUG] Renderizando celda: {columnId: empleados, isReference: undefined, value: Object} @ http://localhost:3000/_next/static/chunks/11hm_next_dist_0m6rgog._.js:2441
[  168999ms] [LOG] [DEBUG] Renderizando celda: {columnId: empleados, isReference: undefined, value: Object} @ http://localhost:3000/_next/static/chunks/11hm_next_dist_0m6rgog._.js:2441
[  168999ms] [LOG] [DEBUG] Renderizando celda: {columnId: servicios, isReference: undefined, value: Object} @ http://localhost:3000/_next/static/chunks/11hm_next_dist_0m6rgog._.js:2441
[  168999ms] [LOG] [DEBUG] Renderizando celda: {columnId: servicios, isReference: undefined, value: Object} @ http://localhost:3000/_next/static/chunks/11hm_next_dist_0m6rgog._.js:2441
[  168999ms] [LOG] [DEBUG] Renderizando celda: {columnId: membresias, isReference: undefined, value: Object} @ http://localhost:3000/_next/static/chunks/11hm_next_dist_0m6rgog._.js:2441
[  168999ms] [LOG] [DEBUG] Renderizando celda: {columnId: membresias, isReference: undefined, value: Object} @ http://localhost:3000/_next/static/chunks/11hm_next_dist_0m6rgog._.js:2441
[  168999ms] [LOG] [DEBUG] Renderizando celda: {columnId: metricas.clientesActivos, isReference: undefined, value: Object} @ http://localhost:3000/_next/static/chunks/11hm_next_dist_0m6rgog._.js:2441
[  168999ms] [LOG] [DEBUG] Renderizando celda: {columnId: metricas.clientesActivos, isReference: undefined, value: Object} @ http://localhost:3000/_next/static/chunks/11hm_next_dist_0m6rgog._.js:2441
[  168999ms] [LOG] [DEBUG] Renderizando celda: {columnId: metricas.satisfaccionMedia, isReference: undefined, value: Object} @ http://localhost:3000/_next/static/chunks/11hm_next_dist_0m6rgog._.js:2441
[  168999ms] [LOG] [DEBUG] Renderizando celda: {columnId: metricas.satisfaccionMedia, isReference: undefined, value: Object} @ http://localhost:3000/_next/static/chunks/11hm_next_dist_0m6rgog._.js:2441
[  168999ms] [LOG] [DEBUG] Renderizando celda: {columnId: metricas.ticketMedio, isReference: undefined, value: Object} @ http://localhost:3000/_next/static/chunks/11hm_next_dist_0m6rgog._.js:2441
[  168999ms] [LOG] [DEBUG] Renderizando celda: {columnId: metricas.ticketMedio, isReference: undefined, value: Object} @ http://localhost:3000/_next/static/chunks/11hm_next_dist_0m6rgog._.js:2441
[  168999ms] [LOG] [DEBUG] Renderizando celda: {columnId: etiquetas, isReference: undefined, value: Object} @ http://localhost:3000/_next/static/chunks/11hm_next_dist_0m6rgog._.js:2441
[  168999ms] [LOG] [DEBUG] Renderizando celda: {columnId: etiquetas, isReference: undefined, value: Object} @ http://localhost:3000/_next/static/chunks/11hm_next_dist_0m6rgog._.js:2441
[  168999ms] [LOG] [DEBUG] Renderizando celda: {columnId: notas, isReference: undefined, value: Object} @ http://localhost:3000/_next/static/chunks/11hm_next_dist_0m6rgog._.js:2441
[  168999ms] [LOG] [DEBUG] Renderizando celda: {columnId: notas, isReference: undefined, value: Object} @ http://localhost:3000/_next/static/chunks/11hm_next_dist_0m6rgog._.js:2441
[  169005ms] [LOG] [DEBUG] Renderizando celda: {columnId: id, isReference: undefined, value: Object} @ http://localhost:3000/_next/static/chunks/11hm_next_dist_0m6rgog._.js:2441
[  169006ms] [LOG] [DEBUG] Renderizando celda: {columnId: id, isReference: undefined, value: Object} @ http://localhost:3000/_next/static/chunks/11hm_next_dist_0m6rgog._.js:2441
[  169006ms] [LOG] [DEBUG] Renderizando celda: {columnId: nombre, isReference: undefined, value: Object} @ http://localhost:3000/_next/static/chunks/11hm_next_dist_0m6rgog._.js:2441
[  169006ms] [LOG] [DEBUG] Renderizando celda: {columnId: nombre, isReference: undefined, value: Object} @ http://localhost:3000/_next/static/chunks/11hm_next_dist_0m6rgog._.js:2441
[  169006ms] [LOG] [DEBUG] Renderizando celda: {columnId: email, isReference: undefined, value: Object} @ http://localhost:3000/_next/static/chunks/11hm_next_dist_0m6rgog._.js:2441
[  169006ms] [LOG] [DEBUG] Renderizando celda: {columnId: email, isReference: undefined, value: Object} @ http://localhost:3000/_next/static/chunks/11hm_next_dist_0m6rgog._.js:2441
[  169006ms] [LOG] [DEBUG] Renderizando celda: {columnId: ciudad, isReference: undefined, value: Object} @ http://localhost:3000/_next/static/chunks/11hm_next_dist_0m6rgog._.js:2441
[  169006ms] [LOG] [DEBUG] Renderizando celda: {columnId: ciudad, isReference: undefined, value: Object} @ http://localhost:3000/_next/static/chunks/11hm_next_dist_0m6rgog._.js:2441
[  169006ms] [LOG] [DEBUG] Renderizando celda: {columnId: activo, isReference: undefined, value: Object} @ http://localhost:3000/_next/static/chunks/11hm_next_dist_0m6rgog._.js:2441
[  169006ms] [LOG] [DEBUG] Renderizando celda: {columnId: activo, isReference: undefined, value: Object} @ http://localhost:3000/_next/static/chunks/11hm_next_dist_0m6rgog._.js:2441
[  169006ms] [LOG] [DEBUG] Renderizando celda: {columnId: propietario, isReference: undefined, value: Object} @ http://localhost:3000/_next/static/chunks/11hm_next_dist_0m6rgog._.js:2441
[  169006ms] [LOG] [DEBUG] Renderizando celda: {columnId: propietario, isReference: undefined, value: Object} @ http://localhost:3000/_next/static/chunks/11hm_next_dist_0m6rgog._.js:2441
[  169006ms] [LOG] [DEBUG] Renderizando celda: {columnId: web, isReference: undefined, value: Object} @ http://localhost:3000/_next/static/chunks/11hm_next_dist_0m6rgog._.js:2441
[  169006ms] [LOG] [DEBUG] Renderizando celda: {columnId: web, isReference: undefined, value: Object} @ http://localhost:3000/_next/static/chunks/11hm_next_dist_0m6rgog._.js:2441
[  169006ms] [LOG] [DEBUG] Renderizando celda: {columnId: logo, isReference: undefined, value: Object} @ http://localhost:3000/_next/static/chunks/11hm_next_dist_0m6rgog._.js:2441
[  169006ms] [LOG] [DEBUG] Renderizando celda: {columnId: logo, isReference: undefined, value: Object} @ http://localhost:3000/_next/static/chunks/11hm_next_dist_0m6rgog._.js:2441
[  169006ms] [LOG] [DEBUG] Renderizando celda: {columnId: direccion.calle, isReference: undefined, value: Object} @ http://localhost:3000/_next/static/chunks/11hm_next_dist_0m6rgog._.js:2441
[  169007ms] [LOG] [DEBUG] Renderizando celda: {columnId: direccion.calle, isReference: undefined, value: Object} @ http://localhost:3000/_next/static/chunks/11hm_next_dist_0m6rgog._.js:2441
[  169007ms] [LOG] [DEBUG] Renderizando celda: {columnId: direccion.codigoPostal, isReference: undefined, value: Object} @ http://localhost:3000/_next/static/chunks/11hm_next_dist_0m6rgog._.js:2441
[  169007ms] [LOG] [DEBUG] Renderizando celda: {columnId: direccion.codigoPostal, isReference: undefined, value: Object} @ http://localhost:3000/_next/static/chunks/11hm_next_dist_0m6rgog._.js:2441
[  169007ms] [LOG] [DEBUG] Renderizando celda: {columnId: direccion.provincia, isReference: undefined, value: Object} @ http://localhost:3000/_next/static/chunks/11hm_next_dist_0m6rgog._.js:2441
[  169007ms] [LOG] [DEBUG] Renderizando celda: {columnId: direccion.provincia, isReference: undefined, value: Object} @ http://localhost:3000/_next/static/chunks/11hm_next_dist_0m6rgog._.js:2441
[  169007ms] [LOG] [DEBUG] Renderizando celda: {columnId: fechaApertura, isReference: undefined, value: Object} @ http://localhost:3000/_next/static/chunks/11hm_next_dist_0m6rgog._.js:2441
[  169007ms] [LOG] [DEBUG] Renderizando celda: {columnId: fechaApertura, isReference: undefined, value: Object} @ http://localhost:3000/_next/static/chunks/11hm_next_dist_0m6rgog._.js:2441
[  169007ms] [LOG] [DEBUG] Renderizando celda: {columnId: facturacionAnual, isReference: undefined, value: Object} @ http://localhost:3000/_next/static/chunks/11hm_next_dist_0m6rgog._.js:2441
[  169007ms] [LOG] [DEBUG] Renderizando celda: {columnId: facturacionAnual, isReference: undefined, value: Object} @ http://localhost:3000/_next/static/chunks/11hm_next_dist_0m6rgog._.js:2441
[  169007ms] [LOG] [DEBUG] Renderizando celda: {columnId: empleados, isReference: undefined, value: Object} @ http://localhost:3000/_next/static/chunks/11hm_next_dist_0m6rgog._.js:2441
[  169007ms] [LOG] [DEBUG] Renderizando celda: {columnId: empleados, isReference: undefined, value: Object} @ http://localhost:3000/_next/static/chunks/11hm_next_dist_0m6rgog._.js:2441
[  169007ms] [LOG] [DEBUG] Renderizando celda: {columnId: servicios, isReference: undefined, value: Object} @ http://localhost:3000/_next/static/chunks/11hm_next_dist_0m6rgog._.js:2441
[  169007ms] [LOG] [DEBUG] Renderizando celda: {columnId: servicios, isReference: undefined, value: Object} @ http://localhost:3000/_next/static/chunks/11hm_next_dist_0m6rgog._.js:2441
[  169007ms] [LOG] [DEBUG] Renderizando celda: {columnId: membresias, isReference: undefined, value: Object} @ http://localhost:3000/_next/static/chunks/11hm_next_dist_0m6rgog._.js:2441
[  169007ms] [LOG] [DEBUG] Renderizando celda: {columnId: membresias, isReference: undefined, value: Object} @ http://localhost:3000/_next/static/chunks/11hm_next_dist_0m6rgog._.js:2441
[  169007ms] [LOG] [DEBUG] Renderizando celda: {columnId: metricas.clientesActivos, isReference: undefined, value: Object} @ http://localhost:3000/_next/static/chunks/11hm_next_dist_0m6rgog._.js:2441
[  169007ms] [LOG] [DEBUG] Renderizando celda: {columnId: metricas.clientesActivos, isReference: undefined, value: Object} @ http://localhost:3000/_next/static/chunks/11hm_next_dist_0m6rgog._.js:2441
[  169007ms] [LOG] [DEBUG] Renderizando celda: {columnId: metricas.satisfaccionMedia, isReference: undefined, value: Object} @ http://localhost:3000/_next/static/chunks/11hm_next_dist_0m6rgog._.js:2441
[  169008ms] [LOG] [DEBUG] Renderizando celda: {columnId: metricas.satisfaccionMedia, isReference: undefined, value: Object} @ http://localhost:3000/_next/static/chunks/11hm_next_dist_0m6rgog._.js:2441
[  169008ms] [LOG] [DEBUG] Renderizando celda: {columnId: metricas.ticketMedio, isReference: undefined, value: Object} @ http://localhost:3000/_next/static/chunks/11hm_next_dist_0m6rgog._.js:2441
[  169008ms] [LOG] [DEBUG] Renderizando celda: {columnId: metricas.ticketMedio, isReference: undefined, value: Object} @ http://localhost:3000/_next/static/chunks/11hm_next_dist_0m6rgog._.js:2441
[  169008ms] [LOG] [DEBUG] Renderizando celda: {columnId: etiquetas, isReference: undefined, value: Object} @ http://localhost:3000/_next/static/chunks/11hm_next_dist_0m6rgog._.js:2441
[  169008ms] [LOG] [DEBUG] Renderizando celda: {columnId: etiquetas, isReference: undefined, value: Object} @ http://localhost:3000/_next/static/chunks/11hm_next_dist_0m6rgog._.js:2441
[  169008ms] [LOG] [DEBUG] Renderizando celda: {columnId: notas, isReference: undefined, value: Object} @ http://localhost:3000/_next/static/chunks/11hm_next_dist_0m6rgog._.js:2441
[  169008ms] [LOG] [DEBUG] Renderizando celda: {columnId: notas, isReference: undefined, value: Object} @ http://localhost:3000/_next/static/chunks/11hm_next_dist_0m6rgog._.js:2441
[  169009ms] [LOG] [DEBUG] Renderizando celda: {columnId: id, isReference: undefined, value: Object} @ http://localhost:3000/_next/static/chunks/11hm_next_dist_0m6rgog._.js:2441
[  169009ms] [LOG] [DEBUG] Renderizando celda: {columnId: id, isReference: undefined, value: Object} @ http://localhost:3000/_next/static/chunks/11hm_next_dist_0m6rgog._.js:2441
[  169009ms] [LOG] [DEBUG] Renderizando celda: {columnId: nombre, isReference: undefined, value: Object} @ http://localhost:3000/_next/static/chunks/11hm_next_dist_0m6rgog._.js:2441
[  169009ms] [LOG] [DEBUG] Renderizando celda: {columnId: nombre, isReference: undefined, value: Object} @ http://localhost:3000/_next/static/chunks/11hm_next_dist_0m6rgog._.js:2441
[  169009ms] [LOG] [DEBUG] Renderizando celda: {columnId: email, isReference: undefined, value: Object} @ http://localhost:3000/_next/static/chunks/11hm_next_dist_0m6rgog._.js:2441
[  169009ms] [LOG] [DEBUG] Renderizando celda: {columnId: email, isReference: undefined, value: Object} @ http://localhost:3000/_next/static/chunks/11hm_next_dist_0m6rgog._.js:2441
[  169009ms] [LOG] [DEBUG] Renderizando celda: {columnId: ciudad, isReference: undefined, value: Object} @ http://localhost:3000/_next/static/chunks/11hm_next_dist_0m6rgog._.js:2441
[  169009ms] [LOG] [DEBUG] Renderizando celda: {columnId: ciudad, isReference: undefined, value: Object} @ http://localhost:3000/_next/static/chunks/11hm_next_dist_0m6rgog._.js:2441
[  169009ms] [LOG] [DEBUG] Renderizando celda: {columnId: activo, isReference: undefined, value: Object} @ http://localhost:3000/_next/static/chunks/11hm_next_dist_0m6rgog._.js:2441
[  169009ms] [LOG] [DEBUG] Renderizando celda: {columnId: activo, isReference: undefined, value: Object} @ http://localhost:3000/_next/static/chunks/11hm_next_dist_0m6rgog._.js:2441
[  169009ms] [LOG] [DEBUG] Renderizando celda: {columnId: propietario, isReference: undefined, value: Object} @ http://localhost:3000/_next/static/chunks/11hm_next_dist_0m6rgog._.js:2441
[  169009ms] [LOG] [DEBUG] Renderizando celda: {columnId: propietario, isReference: undefined, value: Object} @ http://localhost:3000/_next/static/chunks/11hm_next_dist_0m6rgog._.js:2441
[  169009ms] [LOG] [DEBUG] Renderizando celda: {columnId: web, isReference: undefined, value: Object} @ http://localhost:3000/_next/static/chunks/11hm_next_dist_0m6rgog._.js:2441
[  169009ms] [LOG] [DEBUG] Renderizando celda: {columnId: web, isReference: undefined, value: Object} @ http://localhost:3000/_next/static/chunks/11hm_next_dist_0m6rgog._.js:2441
[  169010ms] [LOG] [DEBUG] Renderizando celda: {columnId: logo, isReference: undefined, value: Object} @ http://localhost:3000/_next/static/chunks/11hm_next_dist_0m6rgog._.js:2441
[  169010ms] [LOG] [DEBUG] Renderizando celda: {columnId: logo, isReference: undefined, value: Object} @ http://localhost:3000/_next/static/chunks/11hm_next_dist_0m6rgog._.js:2441
[  169010ms] [LOG] [DEBUG] Renderizando celda: {columnId: direccion.calle, isReference: undefined, value: Object} @ http://localhost:3000/_next/static/chunks/11hm_next_dist_0m6rgog._.js:2441
[  169010ms] [LOG] [DEBUG] Renderizando celda: {columnId: direccion.calle, isReference: undefined, value: Object} @ http://localhost:3000/_next/static/chunks/11hm_next_dist_0m6rgog._.js:2441
[  169010ms] [LOG] [DEBUG] Renderizando celda: {columnId: direccion.codigoPostal, isReference: undefined, value: Object} @ http://localhost:3000/_next/static/chunks/11hm_next_dist_0m6rgog._.js:2441
[  169010ms] [LOG] [DEBUG] Renderizando celda: {columnId: direccion.codigoPostal, isReference: undefined, value: Object} @ http://localhost:3000/_next/static/chunks/11hm_next_dist_0m6rgog._.js:2441
[  169010ms] [LOG] [DEBUG] Renderizando celda: {columnId: direccion.provincia, isReference: undefined, value: Object} @ http://localhost:3000/_next/static/chunks/11hm_next_dist_0m6rgog._.js:2441
[  169010ms] [LOG] [DEBUG] Renderizando celda: {columnId: direccion.provincia, isReference: undefined, value: Object} @ http://localhost:3000/_next/static/chunks/11hm_next_dist_0m6rgog._.js:2441
[  169010ms] [LOG] [DEBUG] Renderizando celda: {columnId: fechaApertura, isReference: undefined, value: Object} @ http://localhost:3000/_next/static/chunks/11hm_next_dist_0m6rgog._.js:2441
[  169010ms] [LOG] [DEBUG] Renderizando celda: {columnId: fechaApertura, isReference: undefined, value: Object} @ http://localhost:3000/_next/static/chunks/11hm_next_dist_0m6rgog._.js:2441
[  169010ms] [LOG] [DEBUG] Renderizando celda: {columnId: facturacionAnual, isReference: undefined, value: Object} @ http://localhost:3000/_next/static/chunks/11hm_next_dist_0m6rgog._.js:2441
[  169010ms] [LOG] [DEBUG] Renderizando celda: {columnId: facturacionAnual, isReference: undefined, value: Object} @ http://localhost:3000/_next/static/chunks/11hm_next_dist_0m6rgog._.js:2441
[  169010ms] [LOG] [DEBUG] Renderizando celda: {columnId: empleados, isReference: undefined, value: Object} @ http://localhost:3000/_next/static/chunks/11hm_next_dist_0m6rgog._.js:2441
[  169010ms] [LOG] [DEBUG] Renderizando celda: {columnId: empleados, isReference: undefined, value: Object} @ http://localhost:3000/_next/static/chunks/11hm_next_dist_0m6rgog._.js:2441
[  169010ms] [LOG] [DEBUG] Renderizando celda: {columnId: servicios, isReference: undefined, value: Object} @ http://localhost:3000/_next/static/chunks/11hm_next_dist_0m6rgog._.js:2441
[  169010ms] [LOG] [DEBUG] Renderizando celda: {columnId: servicios, isReference: undefined, value: Object} @ http://localhost:3000/_next/static/chunks/11hm_next_dist_0m6rgog._.js:2441
[  169011ms] [LOG] [DEBUG] Renderizando celda: {columnId: membresias, isReference: undefined, value: Object} @ http://localhost:3000/_next/static/chunks/11hm_next_dist_0m6rgog._.js:2441
[  169011ms] [LOG] [DEBUG] Renderizando celda: {columnId: membresias, isReference: undefined, value: Object} @ http://localhost:3000/_next/static/chunks/11hm_next_dist_0m6rgog._.js:2441
[  169011ms] [LOG] [DEBUG] Renderizando celda: {columnId: metricas.clientesActivos, isReference: undefined, value: Object} @ http://localhost:3000/_next/static/chunks/11hm_next_dist_0m6rgog._.js:2441
[  169011ms] [LOG] [DEBUG] Renderizando celda: {columnId: metricas.clientesActivos, isReference: undefined, value: Object} @ http://localhost:3000/_next/static/chunks/11hm_next_dist_0m6rgog._.js:2441
[  169011ms] [LOG] [DEBUG] Renderizando celda: {columnId: metricas.satisfaccionMedia, isReference: undefined, value: Object} @ http://localhost:3000/_next/static/chunks/11hm_next_dist_0m6rgog._.js:2441
[  169011ms] [LOG] [DEBUG] Renderizando celda: {columnId: metricas.satisfaccionMedia, isReference: undefined, value: Object} @ http://localhost:3000/_next/static/chunks/11hm_next_dist_0m6rgog._.js:2441
[  169011ms] [LOG] [DEBUG] Renderizando celda: {columnId: metricas.ticketMedio, isReference: undefined, value: Object} @ http://localhost:3000/_next/static/chunks/11hm_next_dist_0m6rgog._.js:2441
[  169011ms] [LOG] [DEBUG] Renderizando celda: {columnId: metricas.ticketMedio, isReference: undefined, value: Object} @ http://localhost:3000/_next/static/chunks/11hm_next_dist_0m6rgog._.js:2441
[  169011ms] [LOG] [DEBUG] Renderizando celda: {columnId: etiquetas, isReference: undefined, value: Object} @ http://localhost:3000/_next/static/chunks/11hm_next_dist_0m6rgog._.js:2441
[  169011ms] [LOG] [DEBUG] Renderizando celda: {columnId: etiquetas, isReference: undefined, value: Object} @ http://localhost:3000/_next/static/chunks/11hm_next_dist_0m6rgog._.js:2441
[  169011ms] [LOG] [DEBUG] Renderizando celda: {columnId: notas, isReference: undefined, value: Object} @ http://localhost:3000/_next/static/chunks/11hm_next_dist_0m6rgog._.js:2441
[  169011ms] [LOG] [DEBUG] Renderizando celda: {columnId: notas, isReference: undefined, value: Object} @ http://localhost:3000/_next/static/chunks/11hm_next_dist_0m6rgog._.js:2441
[  169012ms] [LOG] [DEBUG] Renderizando celda: {columnId: id, isReference: undefined, value: Object} @ http://localhost:3000/_next/static/chunks/11hm_next_dist_0m6rgog._.js:2441
[  169012ms] [LOG] [DEBUG] Renderizando celda: {columnId: id, isReference: undefined, value: Object} @ http://localhost:3000/_next/static/chunks/11hm_next_dist_0m6rgog._.js:2441
[  169012ms] [LOG] [DEBUG] Renderizando celda: {columnId: nombre, isReference: undefined, value: Object} @ http://localhost:3000/_next/static/chunks/11hm_next_dist_0m6rgog._.js:2441
[  169012ms] [LOG] [DEBUG] Renderizando celda: {columnId: nombre, isReference: undefined, value: Object} @ http://localhost:3000/_next/static/chunks/11hm_next_dist_0m6rgog._.js:2441
[  169012ms] [LOG] [DEBUG] Renderizando celda: {columnId: email, isReference: undefined, value: Object} @ http://localhost:3000/_next/static/chunks/11hm_next_dist_0m6rgog._.js:2441
[  169012ms] [LOG] [DEBUG] Renderizando celda: {columnId: email, isReference: undefined, value: Object} @ http://localhost:3000/_next/static/chunks/11hm_next_dist_0m6rgog._.js:2441
[  169012ms] [LOG] [DEBUG] Renderizando celda: {columnId: ciudad, isReference: undefined, value: Object} @ http://localhost:3000/_next/static/chunks/11hm_next_dist_0m6rgog._.js:2441
[  169012ms] [LOG] [DEBUG] Renderizando celda: {columnId: ciudad, isReference: undefined, value: Object} @ http://localhost:3000/_next/static/chunks/11hm_next_dist_0m6rgog._.js:2441
[  169012ms] [LOG] [DEBUG] Renderizando celda: {columnId: activo, isReference: undefined, value: Object} @ http://localhost:3000/_next/static/chunks/11hm_next_dist_0m6rgog._.js:2441
[  169012ms] [LOG] [DEBUG] Renderizando celda: {columnId: activo, isReference: undefined, value: Object} @ http://localhost:3000/_next/static/chunks/11hm_next_dist_0m6rgog._.js:2441
[  169012ms] [LOG] [DEBUG] Renderizando celda: {columnId: propietario, isReference: undefined, value: Object} @ http://localhost:3000/_next/static/chunks/11hm_next_dist_0m6rgog._.js:2441
[  169012ms] [LOG] [DEBUG] Renderizando celda: {columnId: propietario, isReference: undefined, value: Object} @ http://localhost:3000/_next/static/chunks/11hm_next_dist_0m6rgog._.js:2441
[  169012ms] [LOG] [DEBUG] Renderizando celda: {columnId: web, isReference: undefined, value: Object} @ http://localhost:3000/_next/static/chunks/11hm_next_dist_0m6rgog._.js:2441
[  169013ms] [LOG] [DEBUG] Renderizando celda: {columnId: web, isReference: undefined, value: Object} @ http://localhost:3000/_next/static/chunks/11hm_next_dist_0m6rgog._.js:2441
[  169013ms] [LOG] [DEBUG] Renderizando celda: {columnId: logo, isReference: undefined, value: Object} @ http://localhost:3000/_next/static/chunks/11hm_next_dist_0m6rgog._.js:2441
[  169013ms] [LOG] [DEBUG] Renderizando celda: {columnId: logo, isReference: undefined, value: Object} @ http://localhost:3000/_next/static/chunks/11hm_next_dist_0m6rgog._.js:2441
[  169013ms] [LOG] [DEBUG] Renderizando celda: {columnId: direccion.calle, isReference: undefined, value: Object} @ http://localhost:3000/_next/static/chunks/11hm_next_dist_0m6rgog._.js:2441
[  169013ms] [LOG] [DEBUG] Renderizando celda: {columnId: direccion.calle, isReference: undefined, value: Object} @ http://localhost:3000/_next/static/chunks/11hm_next_dist_0m6rgog._.js:2441
[  169013ms] [LOG] [DEBUG] Renderizando celda: {columnId: direccion.codigoPostal, isReference: undefined, value: Object} @ http://localhost:3000/_next/static/chunks/11hm_next_dist_0m6rgog._.js:2441
[  169013ms] [LOG] [DEBUG] Renderizando celda: {columnId: direccion.codigoPostal, isReference: undefined, value: Object} @ http://localhost:3000/_next/static/chunks/11hm_next_dist_0m6rgog._.js:2441
[  169013ms] [LOG] [DEBUG] Renderizando celda: {columnId: direccion.provincia, isReference: undefined, value: Object} @ http://localhost:3000/_next/static/chunks/11hm_next_dist_0m6rgog._.js:2441
[  169013ms] [LOG] [DEBUG] Renderizando celda: {columnId: direccion.provincia, isReference: undefined, value: Object} @ http://localhost:3000/_next/static/chunks/11hm_next_dist_0m6rgog._.js:2441
[  169013ms] [LOG] [DEBUG] Renderizando celda: {columnId: fechaApertura, isReference: undefined, value: Object} @ http://localhost:3000/_next/static/chunks/11hm_next_dist_0m6rgog._.js:2441
[  169013ms] [LOG] [DEBUG] Renderizando celda: {columnId: fechaApertura, isReference: undefined, value: Object} @ http://localhost:3000/_next/static/chunks/11hm_next_dist_0m6rgog._.js:2441
[  169013ms] [LOG] [DEBUG] Renderizando celda: {columnId: facturacionAnual, isReference: undefined, value: Object} @ http://localhost:3000/_next/static/chunks/11hm_next_dist_0m6rgog._.js:2441
[  169013ms] [LOG] [DEBUG] Renderizando celda: {columnId: facturacionAnual, isReference: undefined, value: Object} @ http://localhost:3000/_next/static/chunks/11hm_next_dist_0m6rgog._.js:2441
[  169013ms] [LOG] [DEBUG] Renderizando celda: {columnId: empleados, isReference: undefined, value: Object} @ http://localhost:3000/_next/static/chunks/11hm_next_dist_0m6rgog._.js:2441
[  169013ms] [LOG] [DEBUG] Renderizando celda: {columnId: empleados, isReference: undefined, value: Object} @ http://localhost:3000/_next/static/chunks/11hm_next_dist_0m6rgog._.js:2441
[  169013ms] [LOG] [DEBUG] Renderizando celda: {columnId: servicios, isReference: undefined, value: Object} @ http://localhost:3000/_next/static/chunks/11hm_next_dist_0m6rgog._.js:2441
[  169013ms] [LOG] [DEBUG] Renderizando celda: {columnId: servicios, isReference: undefined, value: Object} @ http://localhost:3000/_next/static/chunks/11hm_next_dist_0m6rgog._.js:2441
[  169013ms] [LOG] [DEBUG] Renderizando celda: {columnId: membresias, isReference: undefined, value: Object} @ http://localhost:3000/_next/static/chunks/11hm_next_dist_0m6rgog._.js:2441
[  169014ms] [LOG] [DEBUG] Renderizando celda: {columnId: membresias, isReference: undefined, value: Object} @ http://localhost:3000/_next/static/chunks/11hm_next_dist_0m6rgog._.js:2441
[  169014ms] [LOG] [DEBUG] Renderizando celda: {columnId: metricas.clientesActivos, isReference: undefined, value: Object} @ http://localhost:3000/_next/static/chunks/11hm_next_dist_0m6rgog._.js:2441
[  169014ms] [LOG] [DEBUG] Renderizando celda: {columnId: metricas.clientesActivos, isReference: undefined, value: Object} @ http://localhost:3000/_next/static/chunks/11hm_next_dist_0m6rgog._.js:2441
[  169014ms] [LOG] [DEBUG] Renderizando celda: {columnId: metricas.satisfaccionMedia, isReference: undefined, value: Object} @ http://localhost:3000/_next/static/chunks/11hm_next_dist_0m6rgog._.js:2441
[  169014ms] [LOG] [DEBUG] Renderizando celda: {columnId: metricas.satisfaccionMedia, isReference: undefined, value: Object} @ http://localhost:3000/_next/static/chunks/11hm_next_dist_0m6rgog._.js:2441
[  169014ms] [LOG] [DEBUG] Renderizando celda: {columnId: metricas.ticketMedio, isReference: undefined, value: Object} @ http://localhost:3000/_next/static/chunks/11hm_next_dist_0m6rgog._.js:2441
[  169014ms] [LOG] [DEBUG] Renderizando celda: {columnId: metricas.ticketMedio, isReference: undefined, value: Object} @ http://localhost:3000/_next/static/chunks/11hm_next_dist_0m6rgog._.js:2441
[  169014ms] [LOG] [DEBUG] Renderizando celda: {columnId: etiquetas, isReference: undefined, value: Object} @ http://localhost:3000/_next/static/chunks/11hm_next_dist_0m6rgog._.js:2441
[  169014ms] [LOG] [DEBUG] Renderizando celda: {columnId: etiquetas, isReference: undefined, value: Object} @ http://localhost:3000/_next/static/chunks/11hm_next_dist_0m6rgog._.js:2441
[  169014ms] [LOG] [DEBUG] Renderizando celda: {columnId: notas, isReference: undefined, value: Object} @ http://localhost:3000/_next/static/chunks/11hm_next_dist_0m6rgog._.js:2441
[  169014ms] [LOG] [DEBUG] Renderizando celda: {columnId: notas, isReference: undefined, value: Object} @ http://localhost:3000/_next/static/chunks/11hm_next_dist_0m6rgog._.js:2441
[  169015ms] [LOG] [DEBUG] Renderizando celda: {columnId: id, isReference: undefined, value: Object} @ http://localhost:3000/_next/static/chunks/11hm_next_dist_0m6rgog._.js:2441
[  169015ms] [LOG] [DEBUG] Renderizando celda: {columnId: id, isReference: undefined, value: Object} @ http://localhost:3000/_next/static/chunks/11hm_next_dist_0m6rgog._.js:2441
[  169015ms] [LOG] [DEBUG] Renderizando celda: {columnId: nombre, isReference: undefined, value: Object} @ http://localhost:3000/_next/static/chunks/11hm_next_dist_0m6rgog._.js:2441
[  169015ms] [LOG] [DEBUG] Renderizando celda: {columnId: nombre, isReference: undefined, value: Object} @ http://localhost:3000/_next/static/chunks/11hm_next_dist_0m6rgog._.js:2441
[  169015ms] [LOG] [DEBUG] Renderizando celda: {columnId: email, isReference: undefined, value: Object} @ http://localhost:3000/_next/static/chunks/11hm_next_dist_0m6rgog._.js:2441
[  169015ms] [LOG] [DEBUG] Renderizando celda: {columnId: email, isReference: undefined, value: Object} @ http://localhost:3000/_next/static/chunks/11hm_next_dist_0m6rgog._.js:2441
[  169015ms] [LOG] [DEBUG] Renderizando celda: {columnId: ciudad, isReference: undefined, value: Object} @ http://localhost:3000/_next/static/chunks/11hm_next_dist_0m6rgog._.js:2441
[  169015ms] [LOG] [DEBUG] Renderizando celda: {columnId: ciudad, isReference: undefined, value: Object} @ http://localhost:3000/_next/static/chunks/11hm_next_dist_0m6rgog._.js:2441
[  169015ms] [LOG] [DEBUG] Renderizando celda: {columnId: activo, isReference: undefined, value: Object} @ http://localhost:3000/_next/static/chunks/11hm_next_dist_0m6rgog._.js:2441
[  169015ms] [LOG] [DEBUG] Renderizando celda: {columnId: activo, isReference: undefined, value: Object} @ http://localhost:3000/_next/static/chunks/11hm_next_dist_0m6rgog._.js:2441
[  169015ms] [LOG] [DEBUG] Renderizando celda: {columnId: propietario, isReference: undefined, value: Object} @ http://localhost:3000/_next/static/chunks/11hm_next_dist_0m6rgog._.js:2441
[  169015ms] [LOG] [DEBUG] Renderizando celda: {columnId: propietario, isReference: undefined, value: Object} @ http://localhost:3000/_next/static/chunks/11hm_next_dist_0m6rgog._.js:2441
[  169015ms] [LOG] [DEBUG] Renderizando celda: {columnId: web, isReference: undefined, value: Object} @ http://localhost:3000/_next/static/chunks/11hm_next_dist_0m6rgog._.js:2441
[  169016ms] [LOG] [DEBUG] Renderizando celda: {columnId: web, isReference: undefined, value: Object} @ http://localhost:3000/_next/static/chunks/11hm_next_dist_0m6rgog._.js:2441
[  169016ms] [LOG] [DEBUG] Renderizando celda: {columnId: logo, isReference: undefined, value: Object} @ http://localhost:3000/_next/static/chunks/11hm_next_dist_0m6rgog._.js:2441
[  169016ms] [LOG] [DEBUG] Renderizando celda: {columnId: logo, isReference: undefined, value: Object} @ http://localhost:3000/_next/static/chunks/11hm_next_dist_0m6rgog._.js:2441
[  169016ms] [LOG] [DEBUG] Renderizando celda: {columnId: direccion.calle, isReference: undefined, value: Object} @ http://localhost:3000/_next/static/chunks/11hm_next_dist_0m6rgog._.js:2441
[  169016ms] [LOG] [DEBUG] Renderizando celda: {columnId: direccion.calle, isReference: undefined, value: Object} @ http://localhost:3000/_next/static/chunks/11hm_next_dist_0m6rgog._.js:2441
[  169016ms] [LOG] [DEBUG] Renderizando celda: {columnId: direccion.codigoPostal, isReference: undefined, value: Object} @ http://localhost:3000/_next/static/chunks/11hm_next_dist_0m6rgog._.js:2441
[  169016ms] [LOG] [DEBUG] Renderizando celda: {columnId: direccion.codigoPostal, isReference: undefined, value: Object} @ http://localhost:3000/_next/static/chunks/11hm_next_dist_0m6rgog._.js:2441
[  169016ms] [LOG] [DEBUG] Renderizando celda: {columnId: direccion.provincia, isReference: undefined, value: Object} @ http://localhost:3000/_next/static/chunks/11hm_next_dist_0m6rgog._.js:2441
[  169016ms] [LOG] [DEBUG] Renderizando celda: {columnId: direccion.provincia, isReference: undefined, value: Object} @ http://localhost:3000/_next/static/chunks/11hm_next_dist_0m6rgog._.js:2441
[  169016ms] [LOG] [DEBUG] Renderizando celda: {columnId: fechaApertura, isReference: undefined, value: Object} @ http://localhost:3000/_next/static/chunks/11hm_next_dist_0m6rgog._.js:2441
[  169016ms] [LOG] [DEBUG] Renderizando celda: {columnId: fechaApertura, isReference: undefined, value: Object} @ http://localhost:3000/_next/static/chunks/11hm_next_dist_0m6rgog._.js:2441
[  169016ms] [LOG] [DEBUG] Renderizando celda: {columnId: facturacionAnual, isReference: undefined, value: Object} @ http://localhost:3000/_next/static/chunks/11hm_next_dist_0m6rgog._.js:2441
[  169016ms] [LOG] [DEBUG] Renderizando celda: {columnId: facturacionAnual, isReference: undefined, value: Object} @ http://localhost:3000/_next/static/chunks/11hm_next_dist_0m6rgog._.js:2441
[  169016ms] [LOG] [DEBUG] Renderizando celda: {columnId: empleados, isReference: undefined, value: Object} @ http://localhost:3000/_next/static/chunks/11hm_next_dist_0m6rgog._.js:2441
[  169016ms] [LOG] [DEBUG] Renderizando celda: {columnId: empleados, isReference: undefined, value: Object} @ http://localhost:3000/_next/static/chunks/11hm_next_dist_0m6rgog._.js:2441
[  169016ms] [LOG] [DEBUG] Renderizando celda: {columnId: servicios, isReference: undefined, value: Object} @ http://localhost:3000/_next/static/chunks/11hm_next_dist_0m6rgog._.js:2441
[  169016ms] [LOG] [DEBUG] Renderizando celda: {columnId: servicios, isReference: undefined, value: Object} @ http://localhost:3000/_next/static/chunks/11hm_next_dist_0m6rgog._.js:2441
[  169017ms] [LOG] [DEBUG] Renderizando celda: {columnId: membresias, isReference: undefined, value: Object} @ http://localhost:3000/_next/static/chunks/11hm_next_dist_0m6rgog._.js:2441
[  169017ms] [LOG] [DEBUG] Renderizando celda: {columnId: membresias, isReference: undefined, value: Object} @ http://localhost:3000/_next/static/chunks/11hm_next_dist_0m6rgog._.js:2441
[  169017ms] [LOG] [DEBUG] Renderizando celda: {columnId: metricas.clientesActivos, isReference: undefined, value: Object} @ http://localhost:3000/_next/static/chunks/11hm_next_dist_0m6rgog._.js:2441
[  169017ms] [LOG] [DEBUG] Renderizando celda: {columnId: metricas.clientesActivos, isReference: undefined, value: Object} @ http://localhost:3000/_next/static/chunks/11hm_next_dist_0m6rgog._.js:2441
[  169017ms] [LOG] [DEBUG] Renderizando celda: {columnId: metricas.satisfaccionMedia, isReference: undefined, value: Object} @ http://localhost:3000/_next/static/chunks/11hm_next_dist_0m6rgog._.js:2441
[  169017ms] [LOG] [DEBUG] Renderizando celda: {columnId: metricas.satisfaccionMedia, isReference: undefined, value: Object} @ http://localhost:3000/_next/static/chunks/11hm_next_dist_0m6rgog._.js:2441
[  169017ms] [LOG] [DEBUG] Renderizando celda: {columnId: metricas.ticketMedio, isReference: undefined, value: Object} @ http://localhost:3000/_next/static/chunks/11hm_next_dist_0m6rgog._.js:2441
[  169017ms] [LOG] [DEBUG] Renderizando celda: {columnId: metricas.ticketMedio, isReference: undefined, value: Object} @ http://localhost:3000/_next/static/chunks/11hm_next_dist_0m6rgog._.js:2441
[  169017ms] [LOG] [DEBUG] Renderizando celda: {columnId: etiquetas, isReference: undefined, value: Object} @ http://localhost:3000/_next/static/chunks/11hm_next_dist_0m6rgog._.js:2441
[  169017ms] [LOG] [DEBUG] Renderizando celda: {columnId: etiquetas, isReference: undefined, value: Object} @ http://localhost:3000/_next/static/chunks/11hm_next_dist_0m6rgog._.js:2441
[  169017ms] [LOG] [DEBUG] Renderizando celda: {columnId: notas, isReference: undefined, value: Object} @ http://localhost:3000/_next/static/chunks/11hm_next_dist_0m6rgog._.js:2441
[  169017ms] [LOG] [DEBUG] Renderizando celda: {columnId: notas, isReference: undefined, value: Object} @ http://localhost:3000/_next/static/chunks/11hm_next_dist_0m6rgog._.js:2441
[  169018ms] [LOG] [DEBUG] Renderizando celda: {columnId: id, isReference: undefined, value: Object} @ http://localhost:3000/_next/static/chunks/11hm_next_dist_0m6rgog._.js:2441
[  169018ms] [LOG] [DEBUG] Renderizando celda: {columnId: id, isReference: undefined, value: Object} @ http://localhost:3000/_next/static/chunks/11hm_next_dist_0m6rgog._.js:2441
[  169018ms] [LOG] [DEBUG] Renderizando celda: {columnId: nombre, isReference: undefined, value: Object} @ http://localhost:3000/_next/static/chunks/11hm_next_dist_0m6rgog._.js:2441
[  169018ms] [LOG] [DEBUG] Renderizando celda: {columnId: nombre, isReference: undefined, value: Object} @ http://localhost:3000/_next/static/chunks/11hm_next_dist_0m6rgog._.js:2441
[  169018ms] [LOG] [DEBUG] Renderizando celda: {columnId: email, isReference: undefined, value: Object} @ http://localhost:3000/_next/static/chunks/11hm_next_dist_0m6rgog._.js:2441
[  169018ms] [LOG] [DEBUG] Renderizando celda: {columnId: email, isReference: undefined, value: Object} @ http://localhost:3000/_next/static/chunks/11hm_next_dist_0m6rgog._.js:2441
[  169018ms] [LOG] [DEBUG] Renderizando celda: {columnId: ciudad, isReference: undefined, value: Object} @ http://localhost:3000/_next/static/chunks/11hm_next_dist_0m6rgog._.js:2441
[  169018ms] [LOG] [DEBUG] Renderizando celda: {columnId: ciudad, isReference: undefined, value: Object} @ http://localhost:3000/_next/static/chunks/11hm_next_dist_0m6rgog._.js:2441
[  169018ms] [LOG] [DEBUG] Renderizando celda: {columnId: activo, isReference: undefined, value: Object} @ http://localhost:3000/_next/static/chunks/11hm_next_dist_0m6rgog._.js:2441
[  169018ms] [LOG] [DEBUG] Renderizando celda: {columnId: activo, isReference: undefined, value: Object} @ http://localhost:3000/_next/static/chunks/11hm_next_dist_0m6rgog._.js:2441
[  169018ms] [LOG] [DEBUG] Renderizando celda: {columnId: propietario, isReference: undefined, value: Object} @ http://localhost:3000/_next/static/chunks/11hm_next_dist_0m6rgog._.js:2441
[  169019ms] [LOG] [DEBUG] Renderizando celda: {columnId: propietario, isReference: undefined, value: Object} @ http://localhost:3000/_next/static/chunks/11hm_next_dist_0m6rgog._.js:2441
[  169019ms] [LOG] [DEBUG] Renderizando celda: {columnId: web, isReference: undefined, value: Object} @ http://localhost:3000/_next/static/chunks/11hm_next_dist_0m6rgog._.js:2441
[  169019ms] [LOG] [DEBUG] Renderizando celda: {columnId: web, isReference: undefined, value: Object} @ http://localhost:3000/_next/static/chunks/11hm_next_dist_0m6rgog._.js:2441
[  169019ms] [LOG] [DEBUG] Renderizando celda: {columnId: logo, isReference: undefined, value: Object} @ http://localhost:3000/_next/static/chunks/11hm_next_dist_0m6rgog._.js:2441
[  169019ms] [LOG] [DEBUG] Renderizando celda: {columnId: logo, isReference: undefined, value: Object} @ http://localhost:3000/_next/static/chunks/11hm_next_dist_0m6rgog._.js:2441
[  169019ms] [LOG] [DEBUG] Renderizando celda: {columnId: direccion.calle, isReference: undefined, value: Object} @ http://localhost:3000/_next/static/chunks/11hm_next_dist_0m6rgog._.js:2441
[  169019ms] [LOG] [DEBUG] Renderizando celda: {columnId: direccion.calle, isReference: undefined, value: Object} @ http://localhost:3000/_next/static/chunks/11hm_next_dist_0m6rgog._.js:2441
[  169019ms] [LOG] [DEBUG] Renderizando celda: {columnId: direccion.codigoPostal, isReference: undefined, value: Object} @ http://localhost:3000/_next/static/chunks/11hm_next_dist_0m6rgog._.js:2441
[  169019ms] [LOG] [DEBUG] Renderizando celda: {columnId: direccion.codigoPostal, isReference: undefined, value: Object} @ http://localhost:3000/_next/static/chunks/11hm_next_dist_0m6rgog._.js:2441
[  169019ms] [LOG] [DEBUG] Renderizando celda: {columnId: direccion.provincia, isReference: undefined, value: Object} @ http://localhost:3000/_next/static/chunks/11hm_next_dist_0m6rgog._.js:2441
[  169019ms] [LOG] [DEBUG] Renderizando celda: {columnId: direccion.provincia, isReference: undefined, value: Object} @ http://localhost:3000/_next/static/chunks/11hm_next_dist_0m6rgog._.js:2441
[  169019ms] [LOG] [DEBUG] Renderizando celda: {columnId: fechaApertura, isReference: undefined, value: Object} @ http://localhost:3000/_next/static/chunks/11hm_next_dist_0m6rgog._.js:2441
[  169019ms] [LOG] [DEBUG] Renderizando celda: {columnId: fechaApertura, isReference: undefined, value: Object} @ http://localhost:3000/_next/static/chunks/11hm_next_dist_0m6rgog._.js:2441
[  169019ms] [LOG] [DEBUG] Renderizando celda: {columnId: facturacionAnual, isReference: undefined, value: Object} @ http://localhost:3000/_next/static/chunks/11hm_next_dist_0m6rgog._.js:2441
[  169019ms] [LOG] [DEBUG] Renderizando celda: {columnId: facturacionAnual, isReference: undefined, value: Object} @ http://localhost:3000/_next/static/chunks/11hm_next_dist_0m6rgog._.js:2441
[  169019ms] [LOG] [DEBUG] Renderizando celda: {columnId: empleados, isReference: undefined, value: Object} @ http://localhost:3000/_next/static/chunks/11hm_next_dist_0m6rgog._.js:2441
[  169019ms] [LOG] [DEBUG] Renderizando celda: {columnId: empleados, isReference: undefined, value: Object} @ http://localhost:3000/_next/static/chunks/11hm_next_dist_0m6rgog._.js:2441
[  169019ms] [LOG] [DEBUG] Renderizando celda: {columnId: servicios, isReference: undefined, value: Object} @ http://localhost:3000/_next/static/chunks/11hm_next_dist_0m6rgog._.js:2441
[  169020ms] [LOG] [DEBUG] Renderizando celda: {columnId: servicios, isReference: undefined, value: Object} @ http://localhost:3000/_next/static/chunks/11hm_next_dist_0m6rgog._.js:2441
[  169020ms] [LOG] [DEBUG] Renderizando celda: {columnId: membresias, isReference: undefined, value: Object} @ http://localhost:3000/_next/static/chunks/11hm_next_dist_0m6rgog._.js:2441
[  169020ms] [LOG] [DEBUG] Renderizando celda: {columnId: membresias, isReference: undefined, value: Object} @ http://localhost:3000/_next/static/chunks/11hm_next_dist_0m6rgog._.js:2441
[  169020ms] [LOG] [DEBUG] Renderizando celda: {columnId: metricas.clientesActivos, isReference: undefined, value: Object} @ http://localhost:3000/_next/static/chunks/11hm_next_dist_0m6rgog._.js:2441
[  169020ms] [LOG] [DEBUG] Renderizando celda: {columnId: metricas.clientesActivos, isReference: undefined, value: Object} @ http://localhost:3000/_next/static/chunks/11hm_next_dist_0m6rgog._.js:2441
[  169020ms] [LOG] [DEBUG] Renderizando celda: {columnId: metricas.satisfaccionMedia, isReference: undefined, value: Object} @ http://localhost:3000/_next/static/chunks/11hm_next_dist_0m6rgog._.js:2441
[  169020ms] [LOG] [DEBUG] Renderizando celda: {columnId: metricas.satisfaccionMedia, isReference: undefined, value: Object} @ http://localhost:3000/_next/static/chunks/11hm_next_dist_0m6rgog._.js:2441
[  169020ms] [LOG] [DEBUG] Renderizando celda: {columnId: metricas.ticketMedio, isReference: undefined, value: Object} @ http://localhost:3000/_next/static/chunks/11hm_next_dist_0m6rgog._.js:2441
[  169020ms] [LOG] [DEBUG] Renderizando celda: {columnId: metricas.ticketMedio, isReference: undefined, value: Object} @ http://localhost:3000/_next/static/chunks/11hm_next_dist_0m6rgog._.js:2441
[  169020ms] [LOG] [DEBUG] Renderizando celda: {columnId: etiquetas, isReference: undefined, value: Object} @ http://localhost:3000/_next/static/chunks/11hm_next_dist_0m6rgog._.js:2441
[  169020ms] [LOG] [DEBUG] Renderizando celda: {columnId: etiquetas, isReference: undefined, value: Object} @ http://localhost:3000/_next/static/chunks/11hm_next_dist_0m6rgog._.js:2441
[  169020ms] [LOG] [DEBUG] Renderizando celda: {columnId: notas, isReference: undefined, value: Object} @ http://localhost:3000/_next/static/chunks/11hm_next_dist_0m6rgog._.js:2441
[  169020ms] [LOG] [DEBUG] Renderizando celda: {columnId: notas, isReference: undefined, value: Object} @ http://localhost:3000/_next/static/chunks/11hm_next_dist_0m6rgog._.js:2441
[  169021ms] [LOG] [DEBUG] Renderizando celda: {columnId: id, isReference: undefined, value: Object} @ http://localhost:3000/_next/static/chunks/11hm_next_dist_0m6rgog._.js:2441
[  169021ms] [LOG] [DEBUG] Renderizando celda: {columnId: id, isReference: undefined, value: Object} @ http://localhost:3000/_next/static/chunks/11hm_next_dist_0m6rgog._.js:2441
[  169021ms] [LOG] [DEBUG] Renderizando celda: {columnId: nombre, isReference: undefined, value: Object} @ http://localhost:3000/_next/static/chunks/11hm_next_dist_0m6rgog._.js:2441
[  169021ms] [LOG] [DEBUG] Renderizando celda: {columnId: nombre, isReference: undefined, value: Object} @ http://localhost:3000/_next/static/chunks/11hm_next_dist_0m6rgog._.js:2441
[  169021ms] [LOG] [DEBUG] Renderizando celda: {columnId: email, isReference: undefined, value: Object} @ http://localhost:3000/_next/static/chunks/11hm_next_dist_0m6rgog._.js:2441
[  169021ms] [LOG] [DEBUG] Renderizando celda: {columnId: email, isReference: undefined, value: Object} @ http://localhost:3000/_next/static/chunks/11hm_next_dist_0m6rgog._.js:2441
[  169021ms] [LOG] [DEBUG] Renderizando celda: {columnId: ciudad, isReference: undefined, value: Object} @ http://localhost:3000/_next/static/chunks/11hm_next_dist_0m6rgog._.js:2441
[  169021ms] [LOG] [DEBUG] Renderizando celda: {columnId: ciudad, isReference: undefined, value: Object} @ http://localhost:3000/_next/static/chunks/11hm_next_dist_0m6rgog._.js:2441
[  169021ms] [LOG] [DEBUG] Renderizando celda: {columnId: activo, isReference: undefined, value: Object} @ http://localhost:3000/_next/static/chunks/11hm_next_dist_0m6rgog._.js:2441
[  169021ms] [LOG] [DEBUG] Renderizando celda: {columnId: activo, isReference: undefined, value: Object} @ http://localhost:3000/_next/static/chunks/11hm_next_dist_0m6rgog._.js:2441
[  169021ms] [LOG] [DEBUG] Renderizando celda: {columnId: propietario, isReference: undefined, value: Object} @ http://localhost:3000/_next/static/chunks/11hm_next_dist_0m6rgog._.js:2441
[  169021ms] [LOG] [DEBUG] Renderizando celda: {columnId: propietario, isReference: undefined, value: Object} @ http://localhost:3000/_next/static/chunks/11hm_next_dist_0m6rgog._.js:2441
[  169022ms] [LOG] [DEBUG] Renderizando celda: {columnId: web, isReference: undefined, value: Object} @ http://localhost:3000/_next/static/chunks/11hm_next_dist_0m6rgog._.js:2441
[  169022ms] [LOG] [DEBUG] Renderizando celda: {columnId: web, isReference: undefined, value: Object} @ http://localhost:3000/_next/static/chunks/11hm_next_dist_0m6rgog._.js:2441
[  169022ms] [LOG] [DEBUG] Renderizando celda: {columnId: logo, isReference: undefined, value: Object} @ http://localhost:3000/_next/static/chunks/11hm_next_dist_0m6rgog._.js:2441
[  169022ms] [LOG] [DEBUG] Renderizando celda: {columnId: logo, isReference: undefined, value: Object} @ http://localhost:3000/_next/static/chunks/11hm_next_dist_0m6rgog._.js:2441
[  169022ms] [LOG] [DEBUG] Renderizando celda: {columnId: direccion.calle, isReference: undefined, value: Object} @ http://localhost:3000/_next/static/chunks/11hm_next_dist_0m6rgog._.js:2441
[  169022ms] [LOG] [DEBUG] Renderizando celda: {columnId: direccion.calle, isReference: undefined, value: Object} @ http://localhost:3000/_next/static/chunks/11hm_next_dist_0m6rgog._.js:2441
[  169022ms] [LOG] [DEBUG] Renderizando celda: {columnId: direccion.codigoPostal, isReference: undefined, value: Object} @ http://localhost:3000/_next/static/chunks/11hm_next_dist_0m6rgog._.js:2441
[  169022ms] [LOG] [DEBUG] Renderizando celda: {columnId: direccion.codigoPostal, isReference: undefined, value: Object} @ http://localhost:3000/_next/static/chunks/11hm_next_dist_0m6rgog._.js:2441
[  169022ms] [LOG] [DEBUG] Renderizando celda: {columnId: direccion.provincia, isReference: undefined, value: Object} @ http://localhost:3000/_next/static/chunks/11hm_next_dist_0m6rgog._.js:2441
[  169022ms] [LOG] [DEBUG] Renderizando celda: {columnId: direccion.provincia, isReference: undefined, value: Object} @ http://localhost:3000/_next/static/chunks/11hm_next_dist_0m6rgog._.js:2441
[  169022ms] [LOG] [DEBUG] Renderizando celda: {columnId: fechaApertura, isReference: undefined, value: Object} @ http://localhost:3000/_next/static/chunks/11hm_next_dist_0m6rgog._.js:2441
[  169022ms] [LOG] [DEBUG] Renderizando celda: {columnId: fechaApertura, isReference: undefined, value: Object} @ http://localhost:3000/_next/static/chunks/11hm_next_dist_0m6rgog._.js:2441
[  169022ms] [LOG] [DEBUG] Renderizando celda: {columnId: facturacionAnual, isReference: undefined, value: Object} @ http://localhost:3000/_next/static/chunks/11hm_next_dist_0m6rgog._.js:2441
[  169022ms] [LOG] [DEBUG] Renderizando celda: {columnId: facturacionAnual, isReference: undefined, value: Object} @ http://localhost:3000/_next/static/chunks/11hm_next_dist_0m6rgog._.js:2441
[  169022ms] [LOG] [DEBUG] Renderizando celda: {columnId: empleados, isReference: undefined, value: Object} @ http://localhost:3000/_next/static/chunks/11hm_next_dist_0m6rgog._.js:2441
[  169022ms] [LOG] [DEBUG] Renderizando celda: {columnId: empleados, isReference: undefined, value: Object} @ http://localhost:3000/_next/static/chunks/11hm_next_dist_0m6rgog._.js:2441
[  169022ms] [LOG] [DEBUG] Renderizando celda: {columnId: servicios, isReference: undefined, value: Object} @ http://localhost:3000/_next/static/chunks/11hm_next_dist_0m6rgog._.js:2441
[  169022ms] [LOG] [DEBUG] Renderizando celda: {columnId: servicios, isReference: undefined, value: Object} @ http://localhost:3000/_next/static/chunks/11hm_next_dist_0m6rgog._.js:2441
[  169023ms] [LOG] [DEBUG] Renderizando celda: {columnId: membresias, isReference: undefined, value: Object} @ http://localhost:3000/_next/static/chunks/11hm_next_dist_0m6rgog._.js:2441
[  169023ms] [LOG] [DEBUG] Renderizando celda: {columnId: membresias, isReference: undefined, value: Object} @ http://localhost:3000/_next/static/chunks/11hm_next_dist_0m6rgog._.js:2441
[  169023ms] [LOG] [DEBUG] Renderizando celda: {columnId: metricas.clientesActivos, isReference: undefined, value: Object} @ http://localhost:3000/_next/static/chunks/11hm_next_dist_0m6rgog._.js:2441
[  169023ms] [LOG] [DEBUG] Renderizando celda: {columnId: metricas.clientesActivos, isReference: undefined, value: Object} @ http://localhost:3000/_next/static/chunks/11hm_next_dist_0m6rgog._.js:2441
[  169023ms] [LOG] [DEBUG] Renderizando celda: {columnId: metricas.satisfaccionMedia, isReference: undefined, value: Object} @ http://localhost:3000/_next/static/chunks/11hm_next_dist_0m6rgog._.js:2441
[  169023ms] [LOG] [DEBUG] Renderizando celda: {columnId: metricas.satisfaccionMedia, isReference: undefined, value: Object} @ http://localhost:3000/_next/static/chunks/11hm_next_dist_0m6rgog._.js:2441
[  169023ms] [LOG] [DEBUG] Renderizando celda: {columnId: metricas.ticketMedio, isReference: undefined, value: Object} @ http://localhost:3000/_next/static/chunks/11hm_next_dist_0m6rgog._.js:2441
[  169023ms] [LOG] [DEBUG] Renderizando celda: {columnId: metricas.ticketMedio, isReference: undefined, value: Object} @ http://localhost:3000/_next/static/chunks/11hm_next_dist_0m6rgog._.js:2441
[  169023ms] [LOG] [DEBUG] Renderizando celda: {columnId: etiquetas, isReference: undefined, value: Object} @ http://localhost:3000/_next/static/chunks/11hm_next_dist_0m6rgog._.js:2441
[  169023ms] [LOG] [DEBUG] Renderizando celda: {columnId: etiquetas, isReference: undefined, value: Object} @ http://localhost:3000/_next/static/chunks/11hm_next_dist_0m6rgog._.js:2441
[  169023ms] [LOG] [DEBUG] Renderizando celda: {columnId: notas, isReference: undefined, value: Object} @ http://localhost:3000/_next/static/chunks/11hm_next_dist_0m6rgog._.js:2441
[  169023ms] [LOG] [DEBUG] Renderizando celda: {columnId: notas, isReference: undefined, value: Object} @ http://localhost:3000/_next/static/chunks/11hm_next_dist_0m6rgog._.js:2441
[  169024ms] [LOG] [DEBUG] Renderizando celda: {columnId: id, isReference: undefined, value: Object} @ http://localhost:3000/_next/static/chunks/11hm_next_dist_0m6rgog._.js:2441
[  169024ms] [LOG] [DEBUG] Renderizando celda: {columnId: id, isReference: undefined, value: Object} @ http://localhost:3000/_next/static/chunks/11hm_next_dist_0m6rgog._.js:2441
[  169024ms] [LOG] [DEBUG] Renderizando celda: {columnId: nombre, isReference: undefined, value: Object} @ http://localhost:3000/_next/static/chunks/11hm_next_dist_0m6rgog._.js:2441
[  169024ms] [LOG] [DEBUG] Renderizando celda: {columnId: nombre, isReference: undefined, value: Object} @ http://localhost:3000/_next/static/chunks/11hm_next_dist_0m6rgog._.js:2441
[  169024ms] [LOG] [DEBUG] Renderizando celda: {columnId: email, isReference: undefined, value: Object} @ http://localhost:3000/_next/static/chunks/11hm_next_dist_0m6rgog._.js:2441
[  169024ms] [LOG] [DEBUG] Renderizando celda: {columnId: email, isReference: undefined, value: Object} @ http://localhost:3000/_next/static/chunks/11hm_next_dist_0m6rgog._.js:2441
[  169024ms] [LOG] [DEBUG] Renderizando celda: {columnId: ciudad, isReference: undefined, value: Object} @ http://localhost:3000/_next/static/chunks/11hm_next_dist_0m6rgog._.js:2441
[  169024ms] [LOG] [DEBUG] Renderizando celda: {columnId: ciudad, isReference: undefined, value: Object} @ http://localhost:3000/_next/static/chunks/11hm_next_dist_0m6rgog._.js:2441
[  169024ms] [LOG] [DEBUG] Renderizando celda: {columnId: activo, isReference: undefined, value: Object} @ http://localhost:3000/_next/static/chunks/11hm_next_dist_0m6rgog._.js:2441
[  169024ms] [LOG] [DEBUG] Renderizando celda: {columnId: activo, isReference: undefined, value: Object} @ http://localhost:3000/_next/static/chunks/11hm_next_dist_0m6rgog._.js:2441
[  169024ms] [LOG] [DEBUG] Renderizando celda: {columnId: propietario, isReference: undefined, value: Object} @ http://localhost:3000/_next/static/chunks/11hm_next_dist_0m6rgog._.js:2441
[  169024ms] [LOG] [DEBUG] Renderizando celda: {columnId: propietario, isReference: undefined, value: Object} @ http://localhost:3000/_next/static/chunks/11hm_next_dist_0m6rgog._.js:2441
[  169025ms] [LOG] [DEBUG] Renderizando celda: {columnId: web, isReference: undefined, value: Object} @ http://localhost:3000/_next/static/chunks/11hm_next_dist_0m6rgog._.js:2441
[  169025ms] [LOG] [DEBUG] Renderizando celda: {columnId: web, isReference: undefined, value: Object} @ http://localhost:3000/_next/static/chunks/11hm_next_dist_0m6rgog._.js:2441
[  169025ms] [LOG] [DEBUG] Renderizando celda: {columnId: logo, isReference: undefined, value: Object} @ http://localhost:3000/_next/static/chunks/11hm_next_dist_0m6rgog._.js:2441
[  169025ms] [LOG] [DEBUG] Renderizando celda: {columnId: logo, isReference: undefined, value: Object} @ http://localhost:3000/_next/static/chunks/11hm_next_dist_0m6rgog._.js:2441
[  169025ms] [LOG] [DEBUG] Renderizando celda: {columnId: direccion.calle, isReference: undefined, value: Object} @ http://localhost:3000/_next/static/chunks/11hm_next_dist_0m6rgog._.js:2441
[  169025ms] [LOG] [DEBUG] Renderizando celda: {columnId: direccion.calle, isReference: undefined, value: Object} @ http://localhost:3000/_next/static/chunks/11hm_next_dist_0m6rgog._.js:2441
[  169025ms] [LOG] [DEBUG] Renderizando celda: {columnId: direccion.codigoPostal, isReference: undefined, value: Object} @ http://localhost:3000/_next/static/chunks/11hm_next_dist_0m6rgog._.js:2441
[  169025ms] [LOG] [DEBUG] Renderizando celda: {columnId: direccion.codigoPostal, isReference: undefined, value: Object} @ http://localhost:3000/_next/static/chunks/11hm_next_dist_0m6rgog._.js:2441
[  169025ms] [LOG] [DEBUG] Renderizando celda: {columnId: direccion.provincia, isReference: undefined, value: Object} @ http://localhost:3000/_next/static/chunks/11hm_next_dist_0m6rgog._.js:2441
[  169025ms] [LOG] [DEBUG] Renderizando celda: {columnId: direccion.provincia, isReference: undefined, value: Object} @ http://localhost:3000/_next/static/chunks/11hm_next_dist_0m6rgog._.js:2441
[  169025ms] [LOG] [DEBUG] Renderizando celda: {columnId: fechaApertura, isReference: undefined, value: Object} @ http://localhost:3000/_next/static/chunks/11hm_next_dist_0m6rgog._.js:2441
[  169025ms] [LOG] [DEBUG] Renderizando celda: {columnId: fechaApertura, isReference: undefined, value: Object} @ http://localhost:3000/_next/static/chunks/11hm_next_dist_0m6rgog._.js:2441
[  169025ms] [LOG] [DEBUG] Renderizando celda: {columnId: facturacionAnual, isReference: undefined, value: Object} @ http://localhost:3000/_next/static/chunks/11hm_next_dist_0m6rgog._.js:2441
[  169025ms] [LOG] [DEBUG] Renderizando celda: {columnId: facturacionAnual, isReference: undefined, value: Object} @ http://localhost:3000/_next/static/chunks/11hm_next_dist_0m6rgog._.js:2441
[  169025ms] [LOG] [DEBUG] Renderizando celda: {columnId: empleados, isReference: undefined, value: Object} @ http://localhost:3000/_next/static/chunks/11hm_next_dist_0m6rgog._.js:2441
[  169025ms] [LOG] [DEBUG] Renderizando celda: {columnId: empleados, isReference: undefined, value: Object} @ http://localhost:3000/_next/static/chunks/11hm_next_dist_0m6rgog._.js:2441
[  169025ms] [LOG] [DEBUG] Renderizando celda: {columnId: servicios, isReference: undefined, value: Object} @ http://localhost:3000/_next/static/chunks/11hm_next_dist_0m6rgog._.js:2441
[  169025ms] [LOG] [DEBUG] Renderizando celda: {columnId: servicios, isReference: undefined, value: Object} @ http://localhost:3000/_next/static/chunks/11hm_next_dist_0m6rgog._.js:2441
[  169026ms] [LOG] [DEBUG] Renderizando celda: {columnId: membresias, isReference: undefined, value: Object} @ http://localhost:3000/_next/static/chunks/11hm_next_dist_0m6rgog._.js:2441
[  169026ms] [LOG] [DEBUG] Renderizando celda: {columnId: membresias, isReference: undefined, value: Object} @ http://localhost:3000/_next/static/chunks/11hm_next_dist_0m6rgog._.js:2441
[  169026ms] [LOG] [DEBUG] Renderizando celda: {columnId: metricas.clientesActivos, isReference: undefined, value: Object} @ http://localhost:3000/_next/static/chunks/11hm_next_dist_0m6rgog._.js:2441
[  169026ms] [LOG] [DEBUG] Renderizando celda: {columnId: metricas.clientesActivos, isReference: undefined, value: Object} @ http://localhost:3000/_next/static/chunks/11hm_next_dist_0m6rgog._.js:2441
[  169026ms] [LOG] [DEBUG] Renderizando celda: {columnId: metricas.satisfaccionMedia, isReference: undefined, value: Object} @ http://localhost:3000/_next/static/chunks/11hm_next_dist_0m6rgog._.js:2441
[  169026ms] [LOG] [DEBUG] Renderizando celda: {columnId: metricas.satisfaccionMedia, isReference: undefined, value: Object} @ http://localhost:3000/_next/static/chunks/11hm_next_dist_0m6rgog._.js:2441
[  169026ms] [LOG] [DEBUG] Renderizando celda: {columnId: metricas.ticketMedio, isReference: undefined, value: Object} @ http://localhost:3000/_next/static/chunks/11hm_next_dist_0m6rgog._.js:2441
[  169026ms] [LOG] [DEBUG] Renderizando celda: {columnId: metricas.ticketMedio, isReference: undefined, value: Object} @ http://localhost:3000/_next/static/chunks/11hm_next_dist_0m6rgog._.js:2441
[  169026ms] [LOG] [DEBUG] Renderizando celda: {columnId: etiquetas, isReference: undefined, value: Object} @ http://localhost:3000/_next/static/chunks/11hm_next_dist_0m6rgog._.js:2441
[  169026ms] [LOG] [DEBUG] Renderizando celda: {columnId: etiquetas, isReference: undefined, value: Object} @ http://localhost:3000/_next/static/chunks/11hm_next_dist_0m6rgog._.js:2441
[  169026ms] [LOG] [DEBUG] Renderizando celda: {columnId: notas, isReference: undefined, value: Object} @ http://localhost:3000/_next/static/chunks/11hm_next_dist_0m6rgog._.js:2441
[  169026ms] [LOG] [DEBUG] Renderizando celda: {columnId: notas, isReference: undefined, value: Object} @ http://localhost:3000/_next/static/chunks/11hm_next_dist_0m6rgog._.js:2441
[  169027ms] [LOG] [DEBUG] Renderizando SecondaryTables: {level: 0, parentId: undefined, isLoading: false, arrayColumnsCount: 0, arrayColumns: Array(0)} @ http://localhost:3000/_next/static/chunks/11hm_next_dist_0m6rgog._.js:2441
[  169027ms] [LOG] [DEBUG] Renderizando SecondaryTables: {level: 0, parentId: undefined, isLoading: false, arrayColumnsCount: 0, arrayColumns: Array(0)} @ http://localhost:3000/_next/static/chunks/11hm_next_dist_0m6rgog._.js:2441
[  169151ms] [LOG] [Fast Refresh] rebuilding @ http://localhost:3000/_next/static/chunks/11hm_next_dist_0m6rgog._.js:2441
[  169308ms] [LOG] [Fast Refresh] done in 260ms @ http://localhost:3000/_next/static/chunks/11hm_next_dist_0m6rgog._.js:2441
[  169908ms] [LOG] [DEBUG] Iniciando procesamiento por lotes: {totalRows: 25, sampleSize: 100} @ http://localhost:3000/_next/static/chunks/11hm_next_dist_0m6rgog._.js:2441
[  169909ms] [LOG] [DEBUG] Iniciando análisis de tipos por columna... @ http://localhost:3000/_next/static/chunks/11hm_next_dist_0m6rgog._.js:2441
[  169909ms] [LOG] [DEBUG] Analizando columna: id {totalValores: 25, sampleSize: 25} @ http://localhost:3000/_next/static/chunks/11hm_next_dist_0m6rgog._.js:2441
[  169909ms] [LOG] [DEBUG] Tipo inferido para id: {type: number, normalizer: } @ http://localhost:3000/_next/static/chunks/11hm_next_dist_0m6rgog._.js:2441
[  169909ms] [LOG] [DEBUG] Analizando columna: nombre {totalValores: 25, sampleSize: 25} @ http://localhost:3000/_next/static/chunks/11hm_next_dist_0m6rgog._.js:2441
[  169910ms] [LOG] [DEBUG] Columna nombre: Tratando como string por defecto @ http://localhost:3000/_next/static/chunks/11hm_next_dist_0m6rgog._.js:2441
[  169910ms] [LOG] [DEBUG] Tipo inferido para nombre: {type: string, normalizer: } @ http://localhost:3000/_next/static/chunks/11hm_next_dist_0m6rgog._.js:2441
[  169910ms] [LOG] [DEBUG] Analizando columna: email {totalValores: 25, sampleSize: 25} @ http://localhost:3000/_next/static/chunks/11hm_next_dist_0m6rgog._.js:2441
[  169910ms] [LOG] [DEBUG] Columna email: Tratando como string por defecto @ http://localhost:3000/_next/static/chunks/11hm_next_dist_0m6rgog._.js:2441
[  169910ms] [LOG] [DEBUG] Tipo inferido para email: {type: string, normalizer: } @ http://localhost:3000/_next/static/chunks/11hm_next_dist_0m6rgog._.js:2441
[  169911ms] [LOG] [DEBUG] Analizando columna: telefono {totalValores: 25, sampleSize: 25} @ http://localhost:3000/_next/static/chunks/11hm_next_dist_0m6rgog._.js:2441
[  169911ms] [LOG] [DEBUG] Columna telefono: Tratando como string por defecto @ http://localhost:3000/_next/static/chunks/11hm_next_dist_0m6rgog._.js:2441
[  169911ms] [LOG] [DEBUG] Tipo inferido para telefono: {type: string, normalizer: } @ http://localhost:3000/_next/static/chunks/11hm_next_dist_0m6rgog._.js:2441
[  169911ms] [LOG] [DEBUG] Analizando columna: ciudad {totalValores: 25, sampleSize: 25} @ http://localhost:3000/_next/static/chunks/11hm_next_dist_0m6rgog._.js:2441
[  169911ms] [LOG] [DEBUG] Tipo inferido para ciudad: {type: string, normalizer: } @ http://localhost:3000/_next/static/chunks/11hm_next_dist_0m6rgog._.js:2441
[  169912ms] [LOG] [DEBUG] Analizando columna: rol {totalValores: 25, sampleSize: 25} @ http://localhost:3000/_next/static/chunks/11hm_next_dist_0m6rgog._.js:2441
[  169912ms] [LOG] [DEBUG] Columna rol: Tratando como string por defecto @ http://localhost:3000/_next/static/chunks/11hm_next_dist_0m6rgog._.js:2441
[  169912ms] [LOG] [DEBUG] Tipo inferido para rol: {type: string, normalizer: } @ http://localhost:3000/_next/static/chunks/11hm_next_dist_0m6rgog._.js:2441
[  169913ms] [LOG] [DEBUG] Analizando columna: estado {totalValores: 25, sampleSize: 25} @ http://localhost:3000/_next/static/chunks/11hm_next_dist_0m6rgog._.js:2441
[  169913ms] [LOG] [DEBUG] Columna estado: Tratando como string por defecto @ http://localhost:3000/_next/static/chunks/11hm_next_dist_0m6rgog._.js:2441
[  169913ms] [LOG] [DEBUG] Tipo inferido para estado: {type: string, normalizer: } @ http://localhost:3000/_next/static/chunks/11hm_next_dist_0m6rgog._.js:2441
[  169913ms] [LOG] [DEBUG] Analizando columna: fechaRegistro {totalValores: 25, sampleSize: 25} @ http://localhost:3000/_next/static/chunks/11hm_next_dist_0m6rgog._.js:2441
[  169913ms] [LOG] [DEBUG] Análisis de fechas para fechaRegistro: {total: 25, compatibles: 25, porcentaje: 100.00%, umbral: 30.00%} @ http://localhost:3000/_next/static/chunks/11hm_next_dist_0m6rgog._.js:2441
[  169914ms] [LOG] [DEBUG] Columna fechaRegistro: Detectado tipo fecha (confidence: 1.00) @ http://localhost:3000/_next/static/chunks/11hm_next_dist_0m6rgog._.js:2441
[  169914ms] [LOG] [DEBUG] Tipo inferido para fechaRegistro: {type: date, normalizer: } @ http://localhost:3000/_next/static/chunks/11hm_next_dist_0m6rgog._.js:2441
[  169914ms] [LOG] [DEBUG] Analizando columna: ultimoContacto {totalValores: 25, sampleSize: 25} @ http://localhost:3000/_next/static/chunks/11hm_next_dist_0m6rgog._.js:2441
[  169914ms] [LOG] [DEBUG] Análisis de fechas para ultimoContacto: {total: 25, compatibles: 25, porcentaje: 100.00%, umbral: 70.00%} @ http://localhost:3000/_next/static/chunks/11hm_next_dist_0m6rgog._.js:2441
[  169914ms] [LOG] [DEBUG] Columna ultimoContacto: Detectado tipo fecha (confidence: 1.00) @ http://localhost:3000/_next/static/chunks/11hm_next_dist_0m6rgog._.js:2441
[  169914ms] [LOG] [DEBUG] Tipo inferido para ultimoContacto: {type: date, normalizer: } @ http://localhost:3000/_next/static/chunks/11hm_next_dist_0m6rgog._.js:2441
[  169915ms] [LOG] [DEBUG] Analizando columna: valorTotal {totalValores: 25, sampleSize: 25} @ http://localhost:3000/_next/static/chunks/11hm_next_dist_0m6rgog._.js:2441
[  169915ms] [LOG] [DEBUG] Columna valorTotal: Tratando como string para valores numéricos específicos @ http://localhost:3000/_next/static/chunks/11hm_next_dist_0m6rgog._.js:2441
[  169915ms] [LOG] [DEBUG] Tipo inferido para valorTotal: {type: string, normalizer: } @ http://localhost:3000/_next/static/chunks/11hm_next_dist_0m6rgog._.js:2441
[  169915ms] [LOG] [DEBUG] Analizando columna: satisfaccion {totalValores: 25, sampleSize: 25} @ http://localhost:3000/_next/static/chunks/11hm_next_dist_0m6rgog._.js:2441
[  169915ms] [LOG] [DEBUG] Tipo inferido para satisfaccion: {type: number, normalizer: } @ http://localhost:3000/_next/static/chunks/11hm_next_dist_0m6rgog._.js:2441
[  169915ms] [LOG] [DEBUG] Analizando columna: activo {totalValores: 25, sampleSize: 25} @ http://localhost:3000/_next/static/chunks/11hm_next_dist_0m6rgog._.js:2441
[  169916ms] [LOG] [DEBUG] Tipo inferido para activo: {type: boolean, normalizer: } @ http://localhost:3000/_next/static/chunks/11hm_next_dist_0m6rgog._.js:2441
[  169916ms] [LOG] [DEBUG] Procesando fila 0/25 @ http://localhost:3000/_next/static/chunks/11hm_next_dist_0m6rgog._.js:2441
[  169920ms] [LOG] [DEBUG] Iniciando procesamiento por lotes: {totalRows: 25, sampleSize: 100} @ http://localhost:3000/_next/static/chunks/11hm_next_dist_0m6rgog._.js:2441
[  169920ms] [LOG] [DEBUG] Iniciando análisis de tipos por columna... @ http://localhost:3000/_next/static/chunks/11hm_next_dist_0m6rgog._.js:2441
[  169920ms] [LOG] [DEBUG] Analizando columna: id {totalValores: 25, sampleSize: 25} @ http://localhost:3000/_next/static/chunks/11hm_next_dist_0m6rgog._.js:2441
[  169920ms] [LOG] [DEBUG] Tipo inferido para id: {type: number, normalizer: } @ http://localhost:3000/_next/static/chunks/11hm_next_dist_0m6rgog._.js:2441
[  169920ms] [LOG] [DEBUG] Analizando columna: nombre {totalValores: 25, sampleSize: 25} @ http://localhost:3000/_next/static/chunks/11hm_next_dist_0m6rgog._.js:2441
[  169920ms] [LOG] [DEBUG] Tipo inferido para nombre: {type: string, normalizer: } @ http://localhost:3000/_next/static/chunks/11hm_next_dist_0m6rgog._.js:2441
[  169920ms] [LOG] [DEBUG] Analizando columna: email {totalValores: 25, sampleSize: 25} @ http://localhost:3000/_next/static/chunks/11hm_next_dist_0m6rgog._.js:2441
[  169921ms] [LOG] [DEBUG] Tipo inferido para email: {type: string, normalizer: } @ http://localhost:3000/_next/static/chunks/11hm_next_dist_0m6rgog._.js:2441
[  169921ms] [LOG] [DEBUG] Analizando columna: telefono {totalValores: 25, sampleSize: 25} @ http://localhost:3000/_next/static/chunks/11hm_next_dist_0m6rgog._.js:2441
[  169921ms] [LOG] [DEBUG] Tipo inferido para telefono: {type: string, normalizer: } @ http://localhost:3000/_next/static/chunks/11hm_next_dist_0m6rgog._.js:2441
[  169921ms] [LOG] [DEBUG] Analizando columna: ciudad {totalValores: 25, sampleSize: 25} @ http://localhost:3000/_next/static/chunks/11hm_next_dist_0m6rgog._.js:2441
[  169921ms] [LOG] [DEBUG] Tipo inferido para ciudad: {type: string, normalizer: } @ http://localhost:3000/_next/static/chunks/11hm_next_dist_0m6rgog._.js:2441
[  169921ms] [LOG] [DEBUG] Analizando columna: rol {totalValores: 25, sampleSize: 25} @ http://localhost:3000/_next/static/chunks/11hm_next_dist_0m6rgog._.js:2441
[  169921ms] [LOG] [DEBUG] Tipo inferido para rol: {type: string, normalizer: } @ http://localhost:3000/_next/static/chunks/11hm_next_dist_0m6rgog._.js:2441
[  169921ms] [LOG] [DEBUG] Analizando columna: estado {totalValores: 25, sampleSize: 25} @ http://localhost:3000/_next/static/chunks/11hm_next_dist_0m6rgog._.js:2441
[  169921ms] [LOG] [DEBUG] Tipo inferido para estado: {type: string, normalizer: } @ http://localhost:3000/_next/static/chunks/11hm_next_dist_0m6rgog._.js:2441
[  169922ms] [LOG] [DEBUG] Analizando columna: fechaRegistro {totalValores: 25, sampleSize: 25} @ http://localhost:3000/_next/static/chunks/11hm_next_dist_0m6rgog._.js:2441
[  169922ms] [LOG] [DEBUG] Tipo inferido para fechaRegistro: {type: date, normalizer: } @ http://localhost:3000/_next/static/chunks/11hm_next_dist_0m6rgog._.js:2441
[  169922ms] [LOG] [DEBUG] Analizando columna: ultimoContacto {totalValores: 25, sampleSize: 25} @ http://localhost:3000/_next/static/chunks/11hm_next_dist_0m6rgog._.js:2441
[  169922ms] [LOG] [DEBUG] Tipo inferido para ultimoContacto: {type: date, normalizer: } @ http://localhost:3000/_next/static/chunks/11hm_next_dist_0m6rgog._.js:2441
[  169922ms] [LOG] [DEBUG] Analizando columna: valorTotal {totalValores: 25, sampleSize: 25} @ http://localhost:3000/_next/static/chunks/11hm_next_dist_0m6rgog._.js:2441
[  169922ms] [LOG] [DEBUG] Tipo inferido para valorTotal: {type: string, normalizer: } @ http://localhost:3000/_next/static/chunks/11hm_next_dist_0m6rgog._.js:2441
[  169922ms] [LOG] [DEBUG] Analizando columna: satisfaccion {totalValores: 25, sampleSize: 25} @ http://localhost:3000/_next/static/chunks/11hm_next_dist_0m6rgog._.js:2441
[  169922ms] [LOG] [DEBUG] Tipo inferido para satisfaccion: {type: number, normalizer: } @ http://localhost:3000/_next/static/chunks/11hm_next_dist_0m6rgog._.js:2441
[  169922ms] [LOG] [DEBUG] Analizando columna: activo {totalValores: 25, sampleSize: 25} @ http://localhost:3000/_next/static/chunks/11hm_next_dist_0m6rgog._.js:2441
[  169923ms] [LOG] [DEBUG] Tipo inferido para activo: {type: boolean, normalizer: } @ http://localhost:3000/_next/static/chunks/11hm_next_dist_0m6rgog._.js:2441
[  169923ms] [LOG] [DEBUG] Procesando fila 0/25 @ http://localhost:3000/_next/static/chunks/11hm_next_dist_0m6rgog._.js:2441
[  169926ms] [LOG] [DEBUG] Creando definicion de columna: {columnId: id, isReference: false, type: number, path: Array(1)} @ http://localhost:3000/_next/static/chunks/11hm_next_dist_0m6rgog._.js:2441
[  169926ms] [LOG] [DEBUG] Creando definicion de columna: {columnId: nombre, isReference: false, type: string, path: Array(1)} @ http://localhost:3000/_next/static/chunks/11hm_next_dist_0m6rgog._.js:2441
[  169926ms] [LOG] [DEBUG] Creando definicion de columna: {columnId: email, isReference: false, type: string, path: Array(1)} @ http://localhost:3000/_next/static/chunks/11hm_next_dist_0m6rgog._.js:2441
[  169926ms] [LOG] [DEBUG] Creando definicion de columna: {columnId: telefono, isReference: false, type: string, path: Array(1)} @ http://localhost:3000/_next/static/chunks/11hm_next_dist_0m6rgog._.js:2441
[  169926ms] [LOG] [DEBUG] Creando definicion de columna: {columnId: ciudad, isReference: false, type: string, path: Array(1)} @ http://localhost:3000/_next/static/chunks/11hm_next_dist_0m6rgog._.js:2441
[  169926ms] [LOG] [DEBUG] Creando definicion de columna: {columnId: rol, isReference: false, type: string, path: Array(1)} @ http://localhost:3000/_next/static/chunks/11hm_next_dist_0m6rgog._.js:2441
[  169926ms] [LOG] [DEBUG] Creando definicion de columna: {columnId: estado, isReference: false, type: string, path: Array(1)} @ http://localhost:3000/_next/static/chunks/11hm_next_dist_0m6rgog._.js:2441
[  169926ms] [LOG] [DEBUG] Creando definicion de columna: {columnId: fechaRegistro, isReference: false, type: date, path: Array(1)} @ http://localhost:3000/_next/static/chunks/11hm_next_dist_0m6rgog._.js:2441
[  169927ms] [LOG] [DEBUG] Creando definicion de columna: {columnId: ultimoContacto, isReference: false, type: date, path: Array(1)} @ http://localhost:3000/_next/static/chunks/11hm_next_dist_0m6rgog._.js:2441
[  169927ms] [LOG] [DEBUG] Creando definicion de columna: {columnId: valorTotal, isReference: false, type: string, path: Array(1)} @ http://localhost:3000/_next/static/chunks/11hm_next_dist_0m6rgog._.js:2441
[  169927ms] [LOG] [DEBUG] Creando definicion de columna: {columnId: satisfaccion, isReference: false, type: number, path: Array(1)} @ http://localhost:3000/_next/static/chunks/11hm_next_dist_0m6rgog._.js:2441
[  169927ms] [LOG] [DEBUG] Creando definicion de columna: {columnId: activo, isReference: false, type: boolean, path: Array(1)} @ http://localhost:3000/_next/static/chunks/11hm_next_dist_0m6rgog._.js:2441
[  169927ms] [LOG] [DEBUG] Creando definicion de columna: {columnId: id, isReference: false, type: number, path: Array(1)} @ http://localhost:3000/_next/static/chunks/11hm_next_dist_0m6rgog._.js:2441
[  169927ms] [LOG] [DEBUG] Creando definicion de columna: {columnId: nombre, isReference: false, type: string, path: Array(1)} @ http://localhost:3000/_next/static/chunks/11hm_next_dist_0m6rgog._.js:2441
[  169927ms] [LOG] [DEBUG] Creando definicion de columna: {columnId: email, isReference: false, type: string, path: Array(1)} @ http://localhost:3000/_next/static/chunks/11hm_next_dist_0m6rgog._.js:2441
[  169927ms] [LOG] [DEBUG] Creando definicion de columna: {columnId: telefono, isReference: false, type: string, path: Array(1)} @ http://localhost:3000/_next/static/chunks/11hm_next_dist_0m6rgog._.js:2441
[  169927ms] [LOG] [DEBUG] Creando definicion de columna: {columnId: ciudad, isReference: false, type: string, path: Array(1)} @ http://localhost:3000/_next/static/chunks/11hm_next_dist_0m6rgog._.js:2441
[  169927ms] [LOG] [DEBUG] Creando definicion de columna: {columnId: rol, isReference: false, type: string, path: Array(1)} @ http://localhost:3000/_next/static/chunks/11hm_next_dist_0m6rgog._.js:2441
[  169928ms] [LOG] [DEBUG] Creando definicion de columna: {columnId: estado, isReference: false, type: string, path: Array(1)} @ http://localhost:3000/_next/static/chunks/11hm_next_dist_0m6rgog._.js:2441
[  169928ms] [LOG] [DEBUG] Creando definicion de columna: {columnId: fechaRegistro, isReference: false, type: date, path: Array(1)} @ http://localhost:3000/_next/static/chunks/11hm_next_dist_0m6rgog._.js:2441
[  169928ms] [LOG] [DEBUG] Creando definicion de columna: {columnId: ultimoContacto, isReference: false, type: date, path: Array(1)} @ http://localhost:3000/_next/static/chunks/11hm_next_dist_0m6rgog._.js:2441
[  169928ms] [LOG] [DEBUG] Creando definicion de columna: {columnId: valorTotal, isReference: false, type: string, path: Array(1)} @ http://localhost:3000/_next/static/chunks/11hm_next_dist_0m6rgog._.js:2441
[  169928ms] [LOG] [DEBUG] Creando definicion de columna: {columnId: satisfaccion, isReference: false, type: number, path: Array(1)} @ http://localhost:3000/_next/static/chunks/11hm_next_dist_0m6rgog._.js:2441
[  169928ms] [LOG] [DEBUG] Creando definicion de columna: {columnId: activo, isReference: false, type: boolean, path: Array(1)} @ http://localhost:3000/_next/static/chunks/11hm_next_dist_0m6rgog._.js:2441
[  169928ms] [LOG] [DEBUG] Effective column order: {baseOrder: Array(14), pinnedColumnId: index, otherColumns: Array(13), hasActions: true, result: Array(15)} @ http://localhost:3000/_next/static/chunks/11hm_next_dist_0m6rgog._.js:2441
[  169928ms] [LOG] [DEBUG] Effective column order: {baseOrder: Array(14), pinnedColumnId: index, otherColumns: Array(13), hasActions: true, result: Array(15)} @ http://localhost:3000/_next/static/chunks/11hm_next_dist_0m6rgog._.js:2441
[  169929ms] [LOG] [DEBUG] Comparando fecha: 02/10/2026 con filtros: [05/03/2026, 08/03/2026, 10/03/2026, 12/03/2026, 15/03/2026, 18/03/2026, 20/03/2026, 22/03/2026, 25/03/2026, 27/03/2026, 28/03/2026, 29/03/2026, 30/03/2026] @ http://localhost:3000/_next/static/chunks/11hm_next_dist_0m6rgog._.js:2441
[  169929ms] [LOG] [DEBUG] - Comparando con 05/03/2026: no coincide @ http://localhost:3000/_next/static/chunks/11hm_next_dist_0m6rgog._.js:2441
[  169929ms] [LOG] [DEBUG] - Comparando con 08/03/2026: no coincide @ http://localhost:3000/_next/static/chunks/11hm_next_dist_0m6rgog._.js:2441
[  169929ms] [LOG] [DEBUG] - Comparando con 10/03/2026: no coincide @ http://localhost:3000/_next/static/chunks/11hm_next_dist_0m6rgog._.js:2441
[  169929ms] [LOG] [DEBUG] - Comparando con 12/03/2026: no coincide @ http://localhost:3000/_next/static/chunks/11hm_next_dist_0m6rgog._.js:2441
[  169929ms] [LOG] [DEBUG] - Comparando con 15/03/2026: no coincide @ http://localhost:3000/_next/static/chunks/11hm_next_dist_0m6rgog._.js:2441
[  169929ms] [LOG] [DEBUG] - Comparando con 18/03/2026: no coincide @ http://localhost:3000/_next/static/chunks/11hm_next_dist_0m6rgog._.js:2441
[  169930ms] [LOG] [DEBUG] - Comparando con 20/03/2026: no coincide @ http://localhost:3000/_next/static/chunks/11hm_next_dist_0m6rgog._.js:2441
[  169930ms] [LOG] [DEBUG] - Comparando con 22/03/2026: no coincide @ http://localhost:3000/_next/static/chunks/11hm_next_dist_0m6rgog._.js:2441
[  169930ms] [LOG] [DEBUG] - Comparando con 25/03/2026: no coincide @ http://localhost:3000/_next/static/chunks/11hm_next_dist_0m6rgog._.js:2441
[  169930ms] [LOG] [DEBUG] - Comparando con 27/03/2026: no coincide @ http://localhost:3000/_next/static/chunks/11hm_next_dist_0m6rgog._.js:2441
[  169930ms] [LOG] [DEBUG] - Comparando con 28/03/2026: no coincide @ http://localhost:3000/_next/static/chunks/11hm_next_dist_0m6rgog._.js:2441
[  169930ms] [LOG] [DEBUG] - Comparando con 29/03/2026: no coincide @ http://localhost:3000/_next/static/chunks/11hm_next_dist_0m6rgog._.js:2441
[  169930ms] [LOG] [DEBUG] - Comparando con 30/03/2026: no coincide @ http://localhost:3000/_next/static/chunks/11hm_next_dist_0m6rgog._.js:2441
[  169930ms] [LOG] [DEBUG] Resultado final para 02/10/2026: NO INCLUIDO @ http://localhost:3000/_next/static/chunks/11hm_next_dist_0m6rgog._.js:2441
[  169930ms] [LOG] [DEBUG] Comparando fecha:  con filtros: [05/03/2026, 08/03/2026, 10/03/2026, 12/03/2026, 15/03/2026, 18/03/2026, 20/03/2026, 22/03/2026, 25/03/2026, 27/03/2026, 28/03/2026, 29/03/2026, 30/03/2026] @ http://localhost:3000/_next/static/chunks/11hm_next_dist_0m6rgog._.js:2441
[  169930ms] [LOG] [DEBUG] - Comparando con 05/03/2026: no coincide @ http://localhost:3000/_next/static/chunks/11hm_next_dist_0m6rgog._.js:2441
[  169931ms] [LOG] [DEBUG] - Comparando con 08/03/2026: no coincide @ http://localhost:3000/_next/static/chunks/11hm_next_dist_0m6rgog._.js:2441
[  169931ms] [LOG] [DEBUG] - Comparando con 10/03/2026: no coincide @ http://localhost:3000/_next/static/chunks/11hm_next_dist_0m6rgog._.js:2441
[  169931ms] [LOG] [DEBUG] - Comparando con 12/03/2026: no coincide @ http://localhost:3000/_next/static/chunks/11hm_next_dist_0m6rgog._.js:2441
[  169931ms] [LOG] [DEBUG] - Comparando con 15/03/2026: no coincide @ http://localhost:3000/_next/static/chunks/11hm_next_dist_0m6rgog._.js:2441
[  169931ms] [LOG] [DEBUG] - Comparando con 18/03/2026: no coincide @ http://localhost:3000/_next/static/chunks/11hm_next_dist_0m6rgog._.js:2441
[  169931ms] [LOG] [DEBUG] - Comparando con 20/03/2026: no coincide @ http://localhost:3000/_next/static/chunks/11hm_next_dist_0m6rgog._.js:2441
[  169931ms] [LOG] [DEBUG] - Comparando con 22/03/2026: no coincide @ http://localhost:3000/_next/static/chunks/11hm_next_dist_0m6rgog._.js:2441
[  169931ms] [LOG] [DEBUG] - Comparando con 25/03/2026: no coincide @ http://localhost:3000/_next/static/chunks/11hm_next_dist_0m6rgog._.js:2441
[  169931ms] [LOG] [DEBUG] - Comparando con 27/03/2026: no coincide @ http://localhost:3000/_next/static/chunks/11hm_next_dist_0m6rgog._.js:2441
[  169931ms] [LOG] [DEBUG] - Comparando con 28/03/2026: no coincide @ http://localhost:3000/_next/static/chunks/11hm_next_dist_0m6rgog._.js:2441
[  169931ms] [LOG] [DEBUG] - Comparando con 29/03/2026: no coincide @ http://localhost:3000/_next/static/chunks/11hm_next_dist_0m6rgog._.js:2441
[  169932ms] [LOG] [DEBUG] - Comparando con 30/03/2026: no coincide @ http://localhost:3000/_next/static/chunks/11hm_next_dist_0m6rgog._.js:2441
[  169932ms] [LOG] [DEBUG] Resultado final para : NO INCLUIDO @ http://localhost:3000/_next/static/chunks/11hm_next_dist_0m6rgog._.js:2441
[  169932ms] [LOG] [DEBUG] Comparando fecha:  con filtros: [05/03/2026, 08/03/2026, 10/03/2026, 12/03/2026, 15/03/2026, 18/03/2026, 20/03/2026, 22/03/2026, 25/03/2026, 27/03/2026, 28/03/2026, 29/03/2026, 30/03/2026] @ http://localhost:3000/_next/static/chunks/11hm_next_dist_0m6rgog._.js:2441
[  169932ms] [LOG] [DEBUG] - Comparando con 05/03/2026: no coincide @ http://localhost:3000/_next/static/chunks/11hm_next_dist_0m6rgog._.js:2441
[  169932ms] [LOG] [DEBUG] - Comparando con 08/03/2026: no coincide @ http://localhost:3000/_next/static/chunks/11hm_next_dist_0m6rgog._.js:2441
[  169932ms] [LOG] [DEBUG] - Comparando con 10/03/2026: no coincide @ http://localhost:3000/_next/static/chunks/11hm_next_dist_0m6rgog._.js:2441
[  169932ms] [LOG] [DEBUG] - Comparando con 12/03/2026: no coincide @ http://localhost:3000/_next/static/chunks/11hm_next_dist_0m6rgog._.js:2441
[  169932ms] [LOG] [DEBUG] - Comparando con 15/03/2026: no coincide @ http://localhost:3000/_next/static/chunks/11hm_next_dist_0m6rgog._.js:2441
[  169932ms] [LOG] [DEBUG] - Comparando con 18/03/2026: no coincide @ http://localhost:3000/_next/static/chunks/11hm_next_dist_0m6rgog._.js:2441
[  169932ms] [LOG] [DEBUG] - Comparando con 20/03/2026: no coincide @ http://localhost:3000/_next/static/chunks/11hm_next_dist_0m6rgog._.js:2441
[  169932ms] [LOG] [DEBUG] - Comparando con 22/03/2026: no coincide @ http://localhost:3000/_next/static/chunks/11hm_next_dist_0m6rgog._.js:2441
[  169933ms] [LOG] [DEBUG] - Comparando con 25/03/2026: no coincide @ http://localhost:3000/_next/static/chunks/11hm_next_dist_0m6rgog._.js:2441
[  169933ms] [LOG] [DEBUG] - Comparando con 27/03/2026: no coincide @ http://localhost:3000/_next/static/chunks/11hm_next_dist_0m6rgog._.js:2441
[  169933ms] [LOG] [DEBUG] - Comparando con 28/03/2026: no coincide @ http://localhost:3000/_next/static/chunks/11hm_next_dist_0m6rgog._.js:2441
[  169933ms] [LOG] [DEBUG] - Comparando con 29/03/2026: no coincide @ http://localhost:3000/_next/static/chunks/11hm_next_dist_0m6rgog._.js:2441
[  169933ms] [LOG] [DEBUG] - Comparando con 30/03/2026: no coincide @ http://localhost:3000/_next/static/chunks/11hm_next_dist_0m6rgog._.js:2441
[  169933ms] [LOG] [DEBUG] Resultado final para : NO INCLUIDO @ http://localhost:3000/_next/static/chunks/11hm_next_dist_0m6rgog._.js:2441
[  169933ms] [LOG] [DEBUG] Comparando fecha: 08/05/2025 con filtros: [05/03/2026, 08/03/2026, 10/03/2026, 12/03/2026, 15/03/2026, 18/03/2026, 20/03/2026, 22/03/2026, 25/03/2026, 27/03/2026, 28/03/2026, 29/03/2026, 30/03/2026] @ http://localhost:3000/_next/static/chunks/11hm_next_dist_0m6rgog._.js:2441
[  169933ms] [LOG] [DEBUG] - Comparando con 05/03/2026: no coincide @ http://localhost:3000/_next/static/chunks/11hm_next_dist_0m6rgog._.js:2441
[  169933ms] [LOG] [DEBUG] - Comparando con 08/03/2026: no coincide @ http://localhost:3000/_next/static/chunks/11hm_next_dist_0m6rgog._.js:2441
[  169933ms] [LOG] [DEBUG] - Comparando con 10/03/2026: no coincide @ http://localhost:3000/_next/static/chunks/11hm_next_dist_0m6rgog._.js:2441
[  169933ms] [LOG] [DEBUG] - Comparando con 12/03/2026: no coincide @ http://localhost:3000/_next/static/chunks/11hm_next_dist_0m6rgog._.js:2441
[  169934ms] [LOG] [DEBUG] - Comparando con 15/03/2026: no coincide @ http://localhost:3000/_next/static/chunks/11hm_next_dist_0m6rgog._.js:2441
[  169934ms] [LOG] [DEBUG] - Comparando con 18/03/2026: no coincide @ http://localhost:3000/_next/static/chunks/11hm_next_dist_0m6rgog._.js:2441
[  169934ms] [LOG] [DEBUG] - Comparando con 20/03/2026: no coincide @ http://localhost:3000/_next/static/chunks/11hm_next_dist_0m6rgog._.js:2441
[  169934ms] [LOG] [DEBUG] - Comparando con 22/03/2026: no coincide @ http://localhost:3000/_next/static/chunks/11hm_next_dist_0m6rgog._.js:2441
[  169934ms] [LOG] [DEBUG] - Comparando con 25/03/2026: no coincide @ http://localhost:3000/_next/static/chunks/11hm_next_dist_0m6rgog._.js:2441
[  169934ms] [LOG] [DEBUG] - Comparando con 27/03/2026: no coincide @ http://localhost:3000/_next/static/chunks/11hm_next_dist_0m6rgog._.js:2441
[  169934ms] [LOG] [DEBUG] - Comparando con 28/03/2026: no coincide @ http://localhost:3000/_next/static/chunks/11hm_next_dist_0m6rgog._.js:2441
[  169934ms] [LOG] [DEBUG] - Comparando con 29/03/2026: no coincide @ http://localhost:3000/_next/static/chunks/11hm_next_dist_0m6rgog._.js:2441
[  169934ms] [LOG] [DEBUG] - Comparando con 30/03/2026: no coincide @ http://localhost:3000/_next/static/chunks/11hm_next_dist_0m6rgog._.js:2441
[  169934ms] [LOG] [DEBUG] Resultado final para 08/05/2025: NO INCLUIDO @ http://localhost:3000/_next/static/chunks/11hm_next_dist_0m6rgog._.js:2441
[  169934ms] [LOG] [DEBUG] Comparando fecha:  con filtros: [05/03/2026, 08/03/2026, 10/03/2026, 12/03/2026, 15/03/2026, 18/03/2026, 20/03/2026, 22/03/2026, 25/03/2026, 27/03/2026, 28/03/2026, 29/03/2026, 30/03/2026] @ http://localhost:3000/_next/static/chunks/11hm_next_dist_0m6rgog._.js:2441
[  169935ms] [LOG] [DEBUG] - Comparando con 05/03/2026: no coincide @ http://localhost:3000/_next/static/chunks/11hm_next_dist_0m6rgog._.js:2441
[  169935ms] [LOG] [DEBUG] - Comparando con 08/03/2026: no coincide @ http://localhost:3000/_next/static/chunks/11hm_next_dist_0m6rgog._.js:2441
[  169935ms] [LOG] [DEBUG] - Comparando con 10/03/2026: no coincide @ http://localhost:3000/_next/static/chunks/11hm_next_dist_0m6rgog._.js:2441
[  169935ms] [LOG] [DEBUG] - Comparando con 12/03/2026: no coincide @ http://localhost:3000/_next/static/chunks/11hm_next_dist_0m6rgog._.js:2441
[  169935ms] [LOG] [DEBUG] - Comparando con 15/03/2026: no coincide @ http://localhost:3000/_next/static/chunks/11hm_next_dist_0m6rgog._.js:2441
[  169935ms] [LOG] [DEBUG] - Comparando con 18/03/2026: no coincide @ http://localhost:3000/_next/static/chunks/11hm_next_dist_0m6rgog._.js:2441
[  169935ms] [LOG] [DEBUG] - Comparando con 20/03/2026: no coincide @ http://localhost:3000/_next/static/chunks/11hm_next_dist_0m6rgog._.js:2441
[  169935ms] [LOG] [DEBUG] - Comparando con 22/03/2026: no coincide @ http://localhost:3000/_next/static/chunks/11hm_next_dist_0m6rgog._.js:2441
[  169935ms] [LOG] [DEBUG] - Comparando con 25/03/2026: no coincide @ http://localhost:3000/_next/static/chunks/11hm_next_dist_0m6rgog._.js:2441
[  169935ms] [LOG] [DEBUG] - Comparando con 27/03/2026: no coincide @ http://localhost:3000/_next/static/chunks/11hm_next_dist_0m6rgog._.js:2441
[  169935ms] [LOG] [DEBUG] - Comparando con 28/03/2026: no coincide @ http://localhost:3000/_next/static/chunks/11hm_next_dist_0m6rgog._.js:2441
[  169936ms] [LOG] [DEBUG] - Comparando con 29/03/2026: no coincide @ http://localhost:3000/_next/static/chunks/11hm_next_dist_0m6rgog._.js:2441
[  169936ms] [LOG] [DEBUG] - Comparando con 30/03/2026: no coincide @ http://localhost:3000/_next/static/chunks/11hm_next_dist_0m6rgog._.js:2441
[  169936ms] [LOG] [DEBUG] Resultado final para : NO INCLUIDO @ http://localhost:3000/_next/static/chunks/11hm_next_dist_0m6rgog._.js:2441
[  169936ms] [LOG] [DEBUG] Comparando fecha: 02/01/2026 con filtros: [05/03/2026, 08/03/2026, 10/03/2026, 12/03/2026, 15/03/2026, 18/03/2026, 20/03/2026, 22/03/2026, 25/03/2026, 27/03/2026, 28/03/2026, 29/03/2026, 30/03/2026] @ http://localhost:3000/_next/static/chunks/11hm_next_dist_0m6rgog._.js:2441
[  169936ms] [LOG] [DEBUG] - Comparando con 05/03/2026: no coincide @ http://localhost:3000/_next/static/chunks/11hm_next_dist_0m6rgog._.js:2441
[  169936ms] [LOG] [DEBUG] - Comparando con 08/03/2026: no coincide @ http://localhost:3000/_next/static/chunks/11hm_next_dist_0m6rgog._.js:2441
[  169936ms] [LOG] [DEBUG] - Comparando con 10/03/2026: no coincide @ http://localhost:3000/_next/static/chunks/11hm_next_dist_0m6rgog._.js:2441
[  169936ms] [LOG] [DEBUG] - Comparando con 12/03/2026: no coincide @ http://localhost:3000/_next/static/chunks/11hm_next_dist_0m6rgog._.js:2441
[  169936ms] [LOG] [DEBUG] - Comparando con 15/03/2026: no coincide @ http://localhost:3000/_next/static/chunks/11hm_next_dist_0m6rgog._.js:2441
[  169936ms] [LOG] [DEBUG] - Comparando con 18/03/2026: no coincide @ http://localhost:3000/_next/static/chunks/11hm_next_dist_0m6rgog._.js:2441
[  169936ms] [LOG] [DEBUG] - Comparando con 20/03/2026: no coincide @ http://localhost:3000/_next/static/chunks/11hm_next_dist_0m6rgog._.js:2441
[  169937ms] [LOG] [DEBUG] - Comparando con 22/03/2026: no coincide @ http://localhost:3000/_next/static/chunks/11hm_next_dist_0m6rgog._.js:2441
[  169937ms] [LOG] [DEBUG] - Comparando con 25/03/2026: no coincide @ http://localhost:3000/_next/static/chunks/11hm_next_dist_0m6rgog._.js:2441
[  169937ms] [LOG] [DEBUG] - Comparando con 27/03/2026: no coincide @ http://localhost:3000/_next/static/chunks/11hm_next_dist_0m6rgog._.js:2441
[  169937ms] [LOG] [DEBUG] - Comparando con 28/03/2026: no coincide @ http://localhost:3000/_next/static/chunks/11hm_next_dist_0m6rgog._.js:2441
[  169937ms] [LOG] [DEBUG] - Comparando con 29/03/2026: no coincide @ http://localhost:3000/_next/static/chunks/11hm_next_dist_0m6rgog._.js:2441
[  169937ms] [LOG] [DEBUG] - Comparando con 30/03/2026: no coincide @ http://localhost:3000/_next/static/chunks/11hm_next_dist_0m6rgog._.js:2441
[  169937ms] [LOG] [DEBUG] Resultado final para 02/01/2026: NO INCLUIDO @ http://localhost:3000/_next/static/chunks/11hm_next_dist_0m6rgog._.js:2441
[  169937ms] [LOG] [DEBUG] Comparando fecha:  con filtros: [05/03/2026, 08/03/2026, 10/03/2026, 12/03/2026, 15/03/2026, 18/03/2026, 20/03/2026, 22/03/2026, 25/03/2026, 27/03/2026, 28/03/2026, 29/03/2026, 30/03/2026] @ http://localhost:3000/_next/static/chunks/11hm_next_dist_0m6rgog._.js:2441
[  169937ms] [LOG] [DEBUG] - Comparando con 05/03/2026: no coincide @ http://localhost:3000/_next/static/chunks/11hm_next_dist_0m6rgog._.js:2441
[  169937ms] [LOG] [DEBUG] - Comparando con 08/03/2026: no coincide @ http://localhost:3000/_next/static/chunks/11hm_next_dist_0m6rgog._.js:2441
[  169937ms] [LOG] [DEBUG] - Comparando con 10/03/2026: no coincide @ http://localhost:3000/_next/static/chunks/11hm_next_dist_0m6rgog._.js:2441
[  169938ms] [LOG] [DEBUG] - Comparando con 12/03/2026: no coincide @ http://localhost:3000/_next/static/chunks/11hm_next_dist_0m6rgog._.js:2441
[  169938ms] [LOG] [DEBUG] - Comparando con 15/03/2026: no coincide @ http://localhost:3000/_next/static/chunks/11hm_next_dist_0m6rgog._.js:2441
[  169938ms] [LOG] [DEBUG] - Comparando con 18/03/2026: no coincide @ http://localhost:3000/_next/static/chunks/11hm_next_dist_0m6rgog._.js:2441
[  169938ms] [LOG] [DEBUG] - Comparando con 20/03/2026: no coincide @ http://localhost:3000/_next/static/chunks/11hm_next_dist_0m6rgog._.js:2441
[  169938ms] [LOG] [DEBUG] - Comparando con 22/03/2026: no coincide @ http://localhost:3000/_next/static/chunks/11hm_next_dist_0m6rgog._.js:2441
[  169938ms] [LOG] [DEBUG] - Comparando con 25/03/2026: no coincide @ http://localhost:3000/_next/static/chunks/11hm_next_dist_0m6rgog._.js:2441
[  169938ms] [LOG] [DEBUG] - Comparando con 27/03/2026: no coincide @ http://localhost:3000/_next/static/chunks/11hm_next_dist_0m6rgog._.js:2441
[  169938ms] [LOG] [DEBUG] - Comparando con 28/03/2026: no coincide @ http://localhost:3000/_next/static/chunks/11hm_next_dist_0m6rgog._.js:2441
[  169938ms] [LOG] [DEBUG] - Comparando con 29/03/2026: no coincide @ http://localhost:3000/_next/static/chunks/11hm_next_dist_0m6rgog._.js:2441
[  169938ms] [LOG] [DEBUG] - Comparando con 30/03/2026: no coincide @ http://localhost:3000/_next/static/chunks/11hm_next_dist_0m6rgog._.js:2441
[  169938ms] [LOG] [DEBUG] Resultado final para : NO INCLUIDO @ http://localhost:3000/_next/static/chunks/11hm_next_dist_0m6rgog._.js:2441
[  169938ms] [LOG] [DEBUG] Comparando fecha: 02/12/2026 con filtros: [05/03/2026, 08/03/2026, 10/03/2026, 12/03/2026, 15/03/2026, 18/03/2026, 20/03/2026, 22/03/2026, 25/03/2026, 27/03/2026, 28/03/2026, 29/03/2026, 30/03/2026] @ http://localhost:3000/_next/static/chunks/11hm_next_dist_0m6rgog._.js:2441
[  169939ms] [LOG] [DEBUG] - Comparando con 05/03/2026: no coincide @ http://localhost:3000/_next/static/chunks/11hm_next_dist_0m6rgog._.js:2441
[  169939ms] [LOG] [DEBUG] - Comparando con 08/03/2026: no coincide @ http://localhost:3000/_next/static/chunks/11hm_next_dist_0m6rgog._.js:2441
[  169939ms] [LOG] [DEBUG] - Comparando con 10/03/2026: no coincide @ http://localhost:3000/_next/static/chunks/11hm_next_dist_0m6rgog._.js:2441
[  169939ms] [LOG] [DEBUG] - Comparando con 12/03/2026: no coincide @ http://localhost:3000/_next/static/chunks/11hm_next_dist_0m6rgog._.js:2441
[  169939ms] [LOG] [DEBUG] - Comparando con 15/03/2026: no coincide @ http://localhost:3000/_next/static/chunks/11hm_next_dist_0m6rgog._.js:2441
[  169939ms] [LOG] [DEBUG] - Comparando con 18/03/2026: no coincide @ http://localhost:3000/_next/static/chunks/11hm_next_dist_0m6rgog._.js:2441
[  169939ms] [LOG] [DEBUG] - Comparando con 20/03/2026: no coincide @ http://localhost:3000/_next/static/chunks/11hm_next_dist_0m6rgog._.js:2441
[  169939ms] [LOG] [DEBUG] - Comparando con 22/03/2026: no coincide @ http://localhost:3000/_next/static/chunks/11hm_next_dist_0m6rgog._.js:2441
[  169939ms] [LOG] [DEBUG] - Comparando con 25/03/2026: no coincide @ http://localhost:3000/_next/static/chunks/11hm_next_dist_0m6rgog._.js:2441
[  169939ms] [LOG] [DEBUG] - Comparando con 27/03/2026: no coincide @ http://localhost:3000/_next/static/chunks/11hm_next_dist_0m6rgog._.js:2441
[  169939ms] [LOG] [DEBUG] - Comparando con 28/03/2026: no coincide @ http://localhost:3000/_next/static/chunks/11hm_next_dist_0m6rgog._.js:2441
[  169940ms] [LOG] [DEBUG] - Comparando con 29/03/2026: no coincide @ http://localhost:3000/_next/static/chunks/11hm_next_dist_0m6rgog._.js:2441
[  169940ms] [LOG] [DEBUG] - Comparando con 30/03/2026: no coincide @ http://localhost:3000/_next/static/chunks/11hm_next_dist_0m6rgog._.js:2441
[  169940ms] [LOG] [DEBUG] Resultado final para 02/12/2026: NO INCLUIDO @ http://localhost:3000/_next/static/chunks/11hm_next_dist_0m6rgog._.js:2441
[  169940ms] [LOG] [DEBUG] Comparando fecha:  con filtros: [05/03/2026, 08/03/2026, 10/03/2026, 12/03/2026, 15/03/2026, 18/03/2026, 20/03/2026, 22/03/2026, 25/03/2026, 27/03/2026, 28/03/2026, 29/03/2026, 30/03/2026] @ http://localhost:3000/_next/static/chunks/11hm_next_dist_0m6rgog._.js:2441
[  169940ms] [LOG] [DEBUG] - Comparando con 05/03/2026: no coincide @ http://localhost:3000/_next/static/chunks/11hm_next_dist_0m6rgog._.js:2441
[  169940ms] [LOG] [DEBUG] - Comparando con 08/03/2026: no coincide @ http://localhost:3000/_next/static/chunks/11hm_next_dist_0m6rgog._.js:2441
[  169940ms] [LOG] [DEBUG] - Comparando con 10/03/2026: no coincide @ http://localhost:3000/_next/static/chunks/11hm_next_dist_0m6rgog._.js:2441
[  169940ms] [LOG] [DEBUG] - Comparando con 12/03/2026: no coincide @ http://localhost:3000/_next/static/chunks/11hm_next_dist_0m6rgog._.js:2441
[  169940ms] [LOG] [DEBUG] - Comparando con 15/03/2026: no coincide @ http://localhost:3000/_next/static/chunks/11hm_next_dist_0m6rgog._.js:2441
[  169940ms] [LOG] [DEBUG] - Comparando con 18/03/2026: no coincide @ http://localhost:3000/_next/static/chunks/11hm_next_dist_0m6rgog._.js:2441
[  169940ms] [LOG] [DEBUG] - Comparando con 20/03/2026: no coincide @ http://localhost:3000/_next/static/chunks/11hm_next_dist_0m6rgog._.js:2441
[  169940ms] [LOG] [DEBUG] - Comparando con 22/03/2026: no coincide @ http://localhost:3000/_next/static/chunks/11hm_next_dist_0m6rgog._.js:2441
[  169941ms] [LOG] [DEBUG] - Comparando con 25/03/2026: no coincide @ http://localhost:3000/_next/static/chunks/11hm_next_dist_0m6rgog._.js:2441
[  169941ms] [LOG] [DEBUG] - Comparando con 27/03/2026: no coincide @ http://localhost:3000/_next/static/chunks/11hm_next_dist_0m6rgog._.js:2441
[  169941ms] [LOG] [DEBUG] - Comparando con 28/03/2026: no coincide @ http://localhost:3000/_next/static/chunks/11hm_next_dist_0m6rgog._.js:2441
[  169941ms] [LOG] [DEBUG] - Comparando con 29/03/2026: no coincide @ http://localhost:3000/_next/static/chunks/11hm_next_dist_0m6rgog._.js:2441
[  169941ms] [LOG] [DEBUG] - Comparando con 30/03/2026: no coincide @ http://localhost:3000/_next/static/chunks/11hm_next_dist_0m6rgog._.js:2441
[  169941ms] [LOG] [DEBUG] Resultado final para : NO INCLUIDO @ http://localhost:3000/_next/static/chunks/11hm_next_dist_0m6rgog._.js:2441
[  169941ms] [LOG] [DEBUG] Comparando fecha:  con filtros: [05/03/2026, 08/03/2026, 10/03/2026, 12/03/2026, 15/03/2026, 18/03/2026, 20/03/2026, 22/03/2026, 25/03/2026, 27/03/2026, 28/03/2026, 29/03/2026, 30/03/2026] @ http://localhost:3000/_next/static/chunks/11hm_next_dist_0m6rgog._.js:2441
[  169941ms] [LOG] [DEBUG] - Comparando con 05/03/2026: no coincide @ http://localhost:3000/_next/static/chunks/11hm_next_dist_0m6rgog._.js:2441
[  169941ms] [LOG] [DEBUG] - Comparando con 08/03/2026: no coincide @ http://localhost:3000/_next/static/chunks/11hm_next_dist_0m6rgog._.js:2441
[  169941ms] [LOG] [DEBUG] - Comparando con 10/03/2026: no coincide @ http://localhost:3000/_next/static/chunks/11hm_next_dist_0m6rgog._.js:2441
[  169941ms] [LOG] [DEBUG] - Comparando con 12/03/2026: no coincide @ http://localhost:3000/_next/static/chunks/11hm_next_dist_0m6rgog._.js:2441
[  169941ms] [LOG] [DEBUG] - Comparando con 15/03/2026: no coincide @ http://localhost:3000/_next/static/chunks/11hm_next_dist_0m6rgog._.js:2441
[  169941ms] [LOG] [DEBUG] - Comparando con 18/03/2026: no coincide @ http://localhost:3000/_next/static/chunks/11hm_next_dist_0m6rgog._.js:2441
[  169942ms] [LOG] [DEBUG] - Comparando con 20/03/2026: no coincide @ http://localhost:3000/_next/static/chunks/11hm_next_dist_0m6rgog._.js:2441
[  169942ms] [LOG] [DEBUG] - Comparando con 22/03/2026: no coincide @ http://localhost:3000/_next/static/chunks/11hm_next_dist_0m6rgog._.js:2441
[  169942ms] [LOG] [DEBUG] - Comparando con 25/03/2026: no coincide @ http://localhost:3000/_next/static/chunks/11hm_next_dist_0m6rgog._.js:2441
[  169942ms] [LOG] [DEBUG] - Comparando con 27/03/2026: no coincide @ http://localhost:3000/_next/static/chunks/11hm_next_dist_0m6rgog._.js:2441
[  169942ms] [LOG] [DEBUG] - Comparando con 28/03/2026: no coincide @ http://localhost:3000/_next/static/chunks/11hm_next_dist_0m6rgog._.js:2441
[  169942ms] [LOG] [DEBUG] - Comparando con 29/03/2026: no coincide @ http://localhost:3000/_next/static/chunks/11hm_next_dist_0m6rgog._.js:2441
[  169942ms] [LOG] [DEBUG] - Comparando con 30/03/2026: no coincide @ http://localhost:3000/_next/static/chunks/11hm_next_dist_0m6rgog._.js:2441
[  169942ms] [LOG] [DEBUG] Resultado final para : NO INCLUIDO @ http://localhost:3000/_next/static/chunks/11hm_next_dist_0m6rgog._.js:2441
[  169942ms] [LOG] [DEBUG] Comparando fecha:  con filtros: [05/03/2026, 08/03/2026, 10/03/2026, 12/03/2026, 15/03/2026, 18/03/2026, 20/03/2026, 22/03/2026, 25/03/2026, 27/03/2026, 28/03/2026, 29/03/2026, 30/03/2026] @ http://localhost:3000/_next/static/chunks/11hm_next_dist_0m6rgog._.js:2441
[  169942ms] [LOG] [DEBUG] - Comparando con 05/03/2026: no coincide @ http://localhost:3000/_next/static/chunks/11hm_next_dist_0m6rgog._.js:2441
[  169942ms] [LOG] [DEBUG] - Comparando con 08/03/2026: no coincide @ http://localhost:3000/_next/static/chunks/11hm_next_dist_0m6rgog._.js:2441
[  169942ms] [LOG] [DEBUG] - Comparando con 10/03/2026: no coincide @ http://localhost:3000/_next/static/chunks/11hm_next_dist_0m6rgog._.js:2441
[  169943ms] [LOG] [DEBUG] - Comparando con 12/03/2026: no coincide @ http://localhost:3000/_next/static/chunks/11hm_next_dist_0m6rgog._.js:2441
[  169943ms] [LOG] [DEBUG] - Comparando con 15/03/2026: no coincide @ http://localhost:3000/_next/static/chunks/11hm_next_dist_0m6rgog._.js:2441
[  169943ms] [LOG] [DEBUG] - Comparando con 18/03/2026: no coincide @ http://localhost:3000/_next/static/chunks/11hm_next_dist_0m6rgog._.js:2441
[  169943ms] [LOG] [DEBUG] - Comparando con 20/03/2026: no coincide @ http://localhost:3000/_next/static/chunks/11hm_next_dist_0m6rgog._.js:2441
[  169943ms] [LOG] [DEBUG] - Comparando con 22/03/2026: no coincide @ http://localhost:3000/_next/static/chunks/11hm_next_dist_0m6rgog._.js:2441
[  169943ms] [LOG] [DEBUG] - Comparando con 25/03/2026: no coincide @ http://localhost:3000/_next/static/chunks/11hm_next_dist_0m6rgog._.js:2441
[  169943ms] [LOG] [DEBUG] - Comparando con 27/03/2026: no coincide @ http://localhost:3000/_next/static/chunks/11hm_next_dist_0m6rgog._.js:2441
[  169943ms] [LOG] [DEBUG] - Comparando con 28/03/2026: no coincide @ http://localhost:3000/_next/static/chunks/11hm_next_dist_0m6rgog._.js:2441
[  169943ms] [LOG] [DEBUG] - Comparando con 29/03/2026: no coincide @ http://localhost:3000/_next/static/chunks/11hm_next_dist_0m6rgog._.js:2441
[  169943ms] [LOG] [DEBUG] - Comparando con 30/03/2026: no coincide @ http://localhost:3000/_next/static/chunks/11hm_next_dist_0m6rgog._.js:2441
[  169943ms] [LOG] [DEBUG] Resultado final para : NO INCLUIDO @ http://localhost:3000/_next/static/chunks/11hm_next_dist_0m6rgog._.js:2441
[  169943ms] [LOG] [DEBUG] Comparando fecha:  con filtros: [05/03/2026, 08/03/2026, 10/03/2026, 12/03/2026, 15/03/2026, 18/03/2026, 20/03/2026, 22/03/2026, 25/03/2026, 27/03/2026, 28/03/2026, 29/03/2026, 30/03/2026] @ http://localhost:3000/_next/static/chunks/11hm_next_dist_0m6rgog._.js:2441
[  169944ms] [LOG] [DEBUG] - Comparando con 05/03/2026: no coincide @ http://localhost:3000/_next/static/chunks/11hm_next_dist_0m6rgog._.js:2441
[  169944ms] [LOG] [DEBUG] - Comparando con 08/03/2026: no coincide @ http://localhost:3000/_next/static/chunks/11hm_next_dist_0m6rgog._.js:2441
[  169944ms] [LOG] [DEBUG] - Comparando con 10/03/2026: no coincide @ http://localhost:3000/_next/static/chunks/11hm_next_dist_0m6rgog._.js:2441
[  169944ms] [LOG] [DEBUG] - Comparando con 12/03/2026: no coincide @ http://localhost:3000/_next/static/chunks/11hm_next_dist_0m6rgog._.js:2441
[  169944ms] [LOG] [DEBUG] - Comparando con 15/03/2026: no coincide @ http://localhost:3000/_next/static/chunks/11hm_next_dist_0m6rgog._.js:2441
[  169944ms] [LOG] [DEBUG] - Comparando con 18/03/2026: no coincide @ http://localhost:3000/_next/static/chunks/11hm_next_dist_0m6rgog._.js:2441
[  169944ms] [LOG] [DEBUG] - Comparando con 20/03/2026: no coincide @ http://localhost:3000/_next/static/chunks/11hm_next_dist_0m6rgog._.js:2441
[  169944ms] [LOG] [DEBUG] - Comparando con 22/03/2026: no coincide @ http://localhost:3000/_next/static/chunks/11hm_next_dist_0m6rgog._.js:2441
[  169944ms] [LOG] [DEBUG] - Comparando con 25/03/2026: no coincide @ http://localhost:3000/_next/static/chunks/11hm_next_dist_0m6rgog._.js:2441
[  169944ms] [LOG] [DEBUG] - Comparando con 27/03/2026: no coincide @ http://localhost:3000/_next/static/chunks/11hm_next_dist_0m6rgog._.js:2441
[  169944ms] [LOG] [DEBUG] - Comparando con 28/03/2026: no coincide @ http://localhost:3000/_next/static/chunks/11hm_next_dist_0m6rgog._.js:2441
[  169944ms] [LOG] [DEBUG] - Comparando con 29/03/2026: no coincide @ http://localhost:3000/_next/static/chunks/11hm_next_dist_0m6rgog._.js:2441
[  169945ms] [LOG] [DEBUG] - Comparando con 30/03/2026: no coincide @ http://localhost:3000/_next/static/chunks/11hm_next_dist_0m6rgog._.js:2441
[  169945ms] [LOG] [DEBUG] Resultado final para : NO INCLUIDO @ http://localhost:3000/_next/static/chunks/11hm_next_dist_0m6rgog._.js:2441
[  169945ms] [LOG] [DEBUG] Comparando fecha:  con filtros: [05/03/2026, 08/03/2026, 10/03/2026, 12/03/2026, 15/03/2026, 18/03/2026, 20/03/2026, 22/03/2026, 25/03/2026, 27/03/2026, 28/03/2026, 29/03/2026, 30/03/2026] @ http://localhost:3000/_next/static/chunks/11hm_next_dist_0m6rgog._.js:2441
[  169945ms] [LOG] [DEBUG] - Comparando con 05/03/2026: no coincide @ http://localhost:3000/_next/static/chunks/11hm_next_dist_0m6rgog._.js:2441
[  169945ms] [LOG] [DEBUG] - Comparando con 08/03/2026: no coincide @ http://localhost:3000/_next/static/chunks/11hm_next_dist_0m6rgog._.js:2441
[  169945ms] [LOG] [DEBUG] - Comparando con 10/03/2026: no coincide @ http://localhost:3000/_next/static/chunks/11hm_next_dist_0m6rgog._.js:2441
[  169945ms] [LOG] [DEBUG] - Comparando con 12/03/2026: no coincide @ http://localhost:3000/_next/static/chunks/11hm_next_dist_0m6rgog._.js:2441
[  169945ms] [LOG] [DEBUG] - Comparando con 15/03/2026: no coincide @ http://localhost:3000/_next/static/chunks/11hm_next_dist_0m6rgog._.js:2441
[  169945ms] [LOG] [DEBUG] - Comparando con 18/03/2026: no coincide @ http://localhost:3000/_next/static/chunks/11hm_next_dist_0m6rgog._.js:2441
[  169945ms] [LOG] [DEBUG] - Comparando con 20/03/2026: no coincide @ http://localhost:3000/_next/static/chunks/11hm_next_dist_0m6rgog._.js:2441
[  169945ms] [LOG] [DEBUG] - Comparando con 22/03/2026: no coincide @ http://localhost:3000/_next/static/chunks/11hm_next_dist_0m6rgog._.js:2441
[  169945ms] [LOG] [DEBUG] - Comparando con 25/03/2026: no coincide @ http://localhost:3000/_next/static/chunks/11hm_next_dist_0m6rgog._.js:2441
[  169945ms] [LOG] [DEBUG] - Comparando con 27/03/2026: no coincide @ http://localhost:3000/_next/static/chunks/11hm_next_dist_0m6rgog._.js:2441
[  169946ms] [LOG] [DEBUG] - Comparando con 28/03/2026: no coincide @ http://localhost:3000/_next/static/chunks/11hm_next_dist_0m6rgog._.js:2441
[  169946ms] [LOG] [DEBUG] - Comparando con 29/03/2026: no coincide @ http://localhost:3000/_next/static/chunks/11hm_next_dist_0m6rgog._.js:2441
[  169946ms] [LOG] [DEBUG] - Comparando con 30/03/2026: no coincide @ http://localhost:3000/_next/static/chunks/11hm_next_dist_0m6rgog._.js:2441
[  169946ms] [LOG] [DEBUG] Resultado final para : NO INCLUIDO @ http://localhost:3000/_next/static/chunks/11hm_next_dist_0m6rgog._.js:2441
[  169946ms] [LOG] [DEBUG] Comparando fecha:  con filtros: [05/03/2026, 08/03/2026, 10/03/2026, 12/03/2026, 15/03/2026, 18/03/2026, 20/03/2026, 22/03/2026, 25/03/2026, 27/03/2026, 28/03/2026, 29/03/2026, 30/03/2026] @ http://localhost:3000/_next/static/chunks/11hm_next_dist_0m6rgog._.js:2441
[  169946ms] [LOG] [DEBUG] - Comparando con 05/03/2026: no coincide @ http://localhost:3000/_next/static/chunks/11hm_next_dist_0m6rgog._.js:2441
[  169946ms] [LOG] [DEBUG] - Comparando con 08/03/2026: no coincide @ http://localhost:3000/_next/static/chunks/11hm_next_dist_0m6rgog._.js:2441
[  169946ms] [LOG] [DEBUG] - Comparando con 10/03/2026: no coincide @ http://localhost:3000/_next/static/chunks/11hm_next_dist_0m6rgog._.js:2441
[  169946ms] [LOG] [DEBUG] - Comparando con 12/03/2026: no coincide @ http://localhost:3000/_next/static/chunks/11hm_next_dist_0m6rgog._.js:2441
[  169946ms] [LOG] [DEBUG] - Comparando con 15/03/2026: no coincide @ http://localhost:3000/_next/static/chunks/11hm_next_dist_0m6rgog._.js:2441
[  169946ms] [LOG] [DEBUG] - Comparando con 18/03/2026: no coincide @ http://localhost:3000/_next/static/chunks/11hm_next_dist_0m6rgog._.js:2441
[  169946ms] [LOG] [DEBUG] - Comparando con 20/03/2026: no coincide @ http://localhost:3000/_next/static/chunks/11hm_next_dist_0m6rgog._.js:2441
[  169946ms] [LOG] [DEBUG] - Comparando con 22/03/2026: no coincide @ http://localhost:3000/_next/static/chunks/11hm_next_dist_0m6rgog._.js:2441
[  169947ms] [LOG] [DEBUG] - Comparando con 25/03/2026: no coincide @ http://localhost:3000/_next/static/chunks/11hm_next_dist_0m6rgog._.js:2441
[  169947ms] [LOG] [DEBUG] - Comparando con 27/03/2026: no coincide @ http://localhost:3000/_next/static/chunks/11hm_next_dist_0m6rgog._.js:2441
[  169947ms] [LOG] [DEBUG] - Comparando con 28/03/2026: no coincide @ http://localhost:3000/_next/static/chunks/11hm_next_dist_0m6rgog._.js:2441
[  169947ms] [LOG] [DEBUG] - Comparando con 29/03/2026: no coincide @ http://localhost:3000/_next/static/chunks/11hm_next_dist_0m6rgog._.js:2441
[  169947ms] [LOG] [DEBUG] - Comparando con 30/03/2026: no coincide @ http://localhost:3000/_next/static/chunks/11hm_next_dist_0m6rgog._.js:2441
[  169947ms] [LOG] [DEBUG] Resultado final para : NO INCLUIDO @ http://localhost:3000/_next/static/chunks/11hm_next_dist_0m6rgog._.js:2441
[  169947ms] [LOG] [DEBUG] Comparando fecha:  con filtros: [05/03/2026, 08/03/2026, 10/03/2026, 12/03/2026, 15/03/2026, 18/03/2026, 20/03/2026, 22/03/2026, 25/03/2026, 27/03/2026, 28/03/2026, 29/03/2026, 30/03/2026] @ http://localhost:3000/_next/static/chunks/11hm_next_dist_0m6rgog._.js:2441
[  169947ms] [LOG] [DEBUG] - Comparando con 05/03/2026: no coincide @ http://localhost:3000/_next/static/chunks/11hm_next_dist_0m6rgog._.js:2441
[  169947ms] [LOG] [DEBUG] - Comparando con 08/03/2026: no coincide @ http://localhost:3000/_next/static/chunks/11hm_next_dist_0m6rgog._.js:2441
[  169947ms] [LOG] [DEBUG] - Comparando con 10/03/2026: no coincide @ http://localhost:3000/_next/static/chunks/11hm_next_dist_0m6rgog._.js:2441
[  169947ms] [LOG] [DEBUG] - Comparando con 12/03/2026: no coincide @ http://localhost:3000/_next/static/chunks/11hm_next_dist_0m6rgog._.js:2441
[  169947ms] [LOG] [DEBUG] - Comparando con 15/03/2026: no coincide @ http://localhost:3000/_next/static/chunks/11hm_next_dist_0m6rgog._.js:2441
[  169947ms] [LOG] [DEBUG] - Comparando con 18/03/2026: no coincide @ http://localhost:3000/_next/static/chunks/11hm_next_dist_0m6rgog._.js:2441
[  169948ms] [LOG] [DEBUG] - Comparando con 20/03/2026: no coincide @ http://localhost:3000/_next/static/chunks/11hm_next_dist_0m6rgog._.js:2441
[  169948ms] [LOG] [DEBUG] - Comparando con 22/03/2026: no coincide @ http://localhost:3000/_next/static/chunks/11hm_next_dist_0m6rgog._.js:2441
[  169948ms] [LOG] [DEBUG] - Comparando con 25/03/2026: no coincide @ http://localhost:3000/_next/static/chunks/11hm_next_dist_0m6rgog._.js:2441
[  169948ms] [LOG] [DEBUG] - Comparando con 27/03/2026: no coincide @ http://localhost:3000/_next/static/chunks/11hm_next_dist_0m6rgog._.js:2441
[  169948ms] [LOG] [DEBUG] - Comparando con 28/03/2026: no coincide @ http://localhost:3000/_next/static/chunks/11hm_next_dist_0m6rgog._.js:2441
[  169948ms] [LOG] [DEBUG] - Comparando con 29/03/2026: no coincide @ http://localhost:3000/_next/static/chunks/11hm_next_dist_0m6rgog._.js:2441
[  169948ms] [LOG] [DEBUG] - Comparando con 30/03/2026: no coincide @ http://localhost:3000/_next/static/chunks/11hm_next_dist_0m6rgog._.js:2441
[  169948ms] [LOG] [DEBUG] Resultado final para : NO INCLUIDO @ http://localhost:3000/_next/static/chunks/11hm_next_dist_0m6rgog._.js:2441
[  169948ms] [LOG] [DEBUG] Comparando fecha:  con filtros: [05/03/2026, 08/03/2026, 10/03/2026, 12/03/2026, 15/03/2026, 18/03/2026, 20/03/2026, 22/03/2026, 25/03/2026, 27/03/2026, 28/03/2026, 29/03/2026, 30/03/2026] @ http://localhost:3000/_next/static/chunks/11hm_next_dist_0m6rgog._.js:2441
[  169948ms] [LOG] [DEBUG] - Comparando con 05/03/2026: no coincide @ http://localhost:3000/_next/static/chunks/11hm_next_dist_0m6rgog._.js:2441
[  169948ms] [LOG] [DEBUG] - Comparando con 08/03/2026: no coincide @ http://localhost:3000/_next/static/chunks/11hm_next_dist_0m6rgog._.js:2441
[  169948ms] [LOG] [DEBUG] - Comparando con 10/03/2026: no coincide @ http://localhost:3000/_next/static/chunks/11hm_next_dist_0m6rgog._.js:2441
[  169948ms] [LOG] [DEBUG] - Comparando con 12/03/2026: no coincide @ http://localhost:3000/_next/static/chunks/11hm_next_dist_0m6rgog._.js:2441
[  169949ms] [LOG] [DEBUG] - Comparando con 15/03/2026: no coincide @ http://localhost:3000/_next/static/chunks/11hm_next_dist_0m6rgog._.js:2441
[  169949ms] [LOG] [DEBUG] - Comparando con 18/03/2026: no coincide @ http://localhost:3000/_next/static/chunks/11hm_next_dist_0m6rgog._.js:2441
[  169949ms] [LOG] [DEBUG] - Comparando con 20/03/2026: no coincide @ http://localhost:3000/_next/static/chunks/11hm_next_dist_0m6rgog._.js:2441
[  169949ms] [LOG] [DEBUG] - Comparando con 22/03/2026: no coincide @ http://localhost:3000/_next/static/chunks/11hm_next_dist_0m6rgog._.js:2441
[  169949ms] [LOG] [DEBUG] - Comparando con 25/03/2026: no coincide @ http://localhost:3000/_next/static/chunks/11hm_next_dist_0m6rgog._.js:2441
[  169949ms] [LOG] [DEBUG] - Comparando con 27/03/2026: no coincide @ http://localhost:3000/_next/static/chunks/11hm_next_dist_0m6rgog._.js:2441
[  169949ms] [LOG] [DEBUG] - Comparando con 28/03/2026: no coincide @ http://localhost:3000/_next/static/chunks/11hm_next_dist_0m6rgog._.js:2441
[  169949ms] [LOG] [DEBUG] - Comparando con 29/03/2026: no coincide @ http://localhost:3000/_next/static/chunks/11hm_next_dist_0m6rgog._.js:2441
[  169949ms] [LOG] [DEBUG] - Comparando con 30/03/2026: no coincide @ http://localhost:3000/_next/static/chunks/11hm_next_dist_0m6rgog._.js:2441
[  169949ms] [LOG] [DEBUG] Resultado final para : NO INCLUIDO @ http://localhost:3000/_next/static/chunks/11hm_next_dist_0m6rgog._.js:2441
[  169949ms] [LOG] [DEBUG] Comparando fecha: 02/08/2026 con filtros: [05/03/2026, 08/03/2026, 10/03/2026, 12/03/2026, 15/03/2026, 18/03/2026, 20/03/2026, 22/03/2026, 25/03/2026, 27/03/2026, 28/03/2026, 29/03/2026, 30/03/2026] @ http://localhost:3000/_next/static/chunks/11hm_next_dist_0m6rgog._.js:2441
[  169949ms] [LOG] [DEBUG] - Comparando con 05/03/2026: no coincide @ http://localhost:3000/_next/static/chunks/11hm_next_dist_0m6rgog._.js:2441
[  169949ms] [LOG] [DEBUG] - Comparando con 08/03/2026: no coincide @ http://localhost:3000/_next/static/chunks/11hm_next_dist_0m6rgog._.js:2441
[  169950ms] [LOG] [DEBUG] - Comparando con 10/03/2026: no coincide @ http://localhost:3000/_next/static/chunks/11hm_next_dist_0m6rgog._.js:2441
[  169950ms] [LOG] [DEBUG] - Comparando con 12/03/2026: no coincide @ http://localhost:3000/_next/static/chunks/11hm_next_dist_0m6rgog._.js:2441
[  169950ms] [LOG] [DEBUG] - Comparando con 15/03/2026: no coincide @ http://localhost:3000/_next/static/chunks/11hm_next_dist_0m6rgog._.js:2441
[  169950ms] [LOG] [DEBUG] - Comparando con 18/03/2026: no coincide @ http://localhost:3000/_next/static/chunks/11hm_next_dist_0m6rgog._.js:2441
[  169950ms] [LOG] [DEBUG] - Comparando con 20/03/2026: no coincide @ http://localhost:3000/_next/static/chunks/11hm_next_dist_0m6rgog._.js:2441
[  169950ms] [LOG] [DEBUG] - Comparando con 22/03/2026: no coincide @ http://localhost:3000/_next/static/chunks/11hm_next_dist_0m6rgog._.js:2441
[  169950ms] [LOG] [DEBUG] - Comparando con 25/03/2026: no coincide @ http://localhost:3000/_next/static/chunks/11hm_next_dist_0m6rgog._.js:2441
[  169950ms] [LOG] [DEBUG] - Comparando con 27/03/2026: no coincide @ http://localhost:3000/_next/static/chunks/11hm_next_dist_0m6rgog._.js:2441
[  169950ms] [LOG] [DEBUG] - Comparando con 28/03/2026: no coincide @ http://localhost:3000/_next/static/chunks/11hm_next_dist_0m6rgog._.js:2441
[  169950ms] [LOG] [DEBUG] - Comparando con 29/03/2026: no coincide @ http://localhost:3000/_next/static/chunks/11hm_next_dist_0m6rgog._.js:2441
[  169950ms] [LOG] [DEBUG] - Comparando con 30/03/2026: no coincide @ http://localhost:3000/_next/static/chunks/11hm_next_dist_0m6rgog._.js:2441
[  169950ms] [LOG] [DEBUG] Resultado final para 02/08/2026: NO INCLUIDO @ http://localhost:3000/_next/static/chunks/11hm_next_dist_0m6rgog._.js:2441
[  169950ms] [LOG] [DEBUG] Comparando fecha:  con filtros: [05/03/2026, 08/03/2026, 10/03/2026, 12/03/2026, 15/03/2026, 18/03/2026, 20/03/2026, 22/03/2026, 25/03/2026, 27/03/2026, 28/03/2026, 29/03/2026, 30/03/2026] @ http://localhost:3000/_next/static/chunks/11hm_next_dist_0m6rgog._.js:2441
[  169951ms] [LOG] [DEBUG] - Comparando con 05/03/2026: no coincide @ http://localhost:3000/_next/static/chunks/11hm_next_dist_0m6rgog._.js:2441
[  169951ms] [LOG] [DEBUG] - Comparando con 08/03/2026: no coincide @ http://localhost:3000/_next/static/chunks/11hm_next_dist_0m6rgog._.js:2441
[  169951ms] [LOG] [DEBUG] - Comparando con 10/03/2026: no coincide @ http://localhost:3000/_next/static/chunks/11hm_next_dist_0m6rgog._.js:2441
[  169951ms] [LOG] [DEBUG] - Comparando con 12/03/2026: no coincide @ http://localhost:3000/_next/static/chunks/11hm_next_dist_0m6rgog._.js:2441
[  169951ms] [LOG] [DEBUG] - Comparando con 15/03/2026: no coincide @ http://localhost:3000/_next/static/chunks/11hm_next_dist_0m6rgog._.js:2441
[  169951ms] [LOG] [DEBUG] - Comparando con 18/03/2026: no coincide @ http://localhost:3000/_next/static/chunks/11hm_next_dist_0m6rgog._.js:2441
[  169951ms] [LOG] [DEBUG] - Comparando con 20/03/2026: no coincide @ http://localhost:3000/_next/static/chunks/11hm_next_dist_0m6rgog._.js:2441
[  169951ms] [LOG] [DEBUG] - Comparando con 22/03/2026: no coincide @ http://localhost:3000/_next/static/chunks/11hm_next_dist_0m6rgog._.js:2441
[  169951ms] [LOG] [DEBUG] - Comparando con 25/03/2026: no coincide @ http://localhost:3000/_next/static/chunks/11hm_next_dist_0m6rgog._.js:2441
[  169951ms] [LOG] [DEBUG] - Comparando con 27/03/2026: no coincide @ http://localhost:3000/_next/static/chunks/11hm_next_dist_0m6rgog._.js:2441
[  169951ms] [LOG] [DEBUG] - Comparando con 28/03/2026: no coincide @ http://localhost:3000/_next/static/chunks/11hm_next_dist_0m6rgog._.js:2441
[  169951ms] [LOG] [DEBUG] - Comparando con 29/03/2026: no coincide @ http://localhost:3000/_next/static/chunks/11hm_next_dist_0m6rgog._.js:2441
[  169951ms] [LOG] [DEBUG] - Comparando con 30/03/2026: no coincide @ http://localhost:3000/_next/static/chunks/11hm_next_dist_0m6rgog._.js:2441
[  169951ms] [LOG] [DEBUG] Resultado final para : NO INCLUIDO @ http://localhost:3000/_next/static/chunks/11hm_next_dist_0m6rgog._.js:2441
[  169952ms] [LOG] [DEBUG] Comparando fecha: 30/09/2026 con filtros: [05/03/2026, 08/03/2026, 10/03/2026, 12/03/2026, 15/03/2026, 18/03/2026, 20/03/2026, 22/03/2026, 25/03/2026, 27/03/2026, 28/03/2026, 29/03/2026, 30/03/2026] @ http://localhost:3000/_next/static/chunks/11hm_next_dist_0m6rgog._.js:2441
[  169952ms] [LOG] [DEBUG] - Comparando con 05/03/2026: no coincide @ http://localhost:3000/_next/static/chunks/11hm_next_dist_0m6rgog._.js:2441
[  169952ms] [LOG] [DEBUG] - Comparando con 08/03/2026: no coincide @ http://localhost:3000/_next/static/chunks/11hm_next_dist_0m6rgog._.js:2441
[  169952ms] [LOG] [DEBUG] - Comparando con 10/03/2026: no coincide @ http://localhost:3000/_next/static/chunks/11hm_next_dist_0m6rgog._.js:2441
[  169952ms] [LOG] [DEBUG] - Comparando con 12/03/2026: no coincide @ http://localhost:3000/_next/static/chunks/11hm_next_dist_0m6rgog._.js:2441
[  169952ms] [LOG] [DEBUG] - Comparando con 15/03/2026: no coincide @ http://localhost:3000/_next/static/chunks/11hm_next_dist_0m6rgog._.js:2441
[  169952ms] [LOG] [DEBUG] - Comparando con 18/03/2026: no coincide @ http://localhost:3000/_next/static/chunks/11hm_next_dist_0m6rgog._.js:2441
[  169952ms] [LOG] [DEBUG] - Comparando con 20/03/2026: no coincide @ http://localhost:3000/_next/static/chunks/11hm_next_dist_0m6rgog._.js:2441
[  169952ms] [LOG] [DEBUG] - Comparando con 22/03/2026: no coincide @ http://localhost:3000/_next/static/chunks/11hm_next_dist_0m6rgog._.js:2441
[  169952ms] [LOG] [DEBUG] - Comparando con 25/03/2026: no coincide @ http://localhost:3000/_next/static/chunks/11hm_next_dist_0m6rgog._.js:2441
[  169952ms] [LOG] [DEBUG] - Comparando con 27/03/2026: no coincide @ http://localhost:3000/_next/static/chunks/11hm_next_dist_0m6rgog._.js:2441
[  169952ms] [LOG] [DEBUG] - Comparando con 28/03/2026: no coincide @ http://localhost:3000/_next/static/chunks/11hm_next_dist_0m6rgog._.js:2441
[  169952ms] [LOG] [DEBUG] - Comparando con 29/03/2026: no coincide @ http://localhost:3000/_next/static/chunks/11hm_next_dist_0m6rgog._.js:2441
[  169952ms] [LOG] [DEBUG] - Comparando con 30/03/2026: no coincide @ http://localhost:3000/_next/static/chunks/11hm_next_dist_0m6rgog._.js:2441
[  169953ms] [LOG] [DEBUG] Resultado final para 30/09/2026: NO INCLUIDO @ http://localhost:3000/_next/static/chunks/11hm_next_dist_0m6rgog._.js:2441
[  169953ms] [LOG] [DEBUG] Comparando fecha: 11/01/2025 con filtros: [05/03/2026, 08/03/2026, 10/03/2026, 12/03/2026, 15/03/2026, 18/03/2026, 20/03/2026, 22/03/2026, 25/03/2026, 27/03/2026, 28/03/2026, 29/03/2026, 30/03/2026] @ http://localhost:3000/_next/static/chunks/11hm_next_dist_0m6rgog._.js:2441
[  169953ms] [LOG] [DEBUG] - Comparando con 05/03/2026: no coincide @ http://localhost:3000/_next/static/chunks/11hm_next_dist_0m6rgog._.js:2441
[  169953ms] [LOG] [DEBUG] - Comparando con 08/03/2026: no coincide @ http://localhost:3000/_next/static/chunks/11hm_next_dist_0m6rgog._.js:2441
[  169953ms] [LOG] [DEBUG] - Comparando con 10/03/2026: no coincide @ http://localhost:3000/_next/static/chunks/11hm_next_dist_0m6rgog._.js:2441
[  169953ms] [LOG] [DEBUG] - Comparando con 12/03/2026: no coincide @ http://localhost:3000/_next/static/chunks/11hm_next_dist_0m6rgog._.js:2441
[  169953ms] [LOG] [DEBUG] - Comparando con 15/03/2026: no coincide @ http://localhost:3000/_next/static/chunks/11hm_next_dist_0m6rgog._.js:2441
[  169953ms] [LOG] [DEBUG] - Comparando con 18/03/2026: no coincide @ http://localhost:3000/_next/static/chunks/11hm_next_dist_0m6rgog._.js:2441
[  169953ms] [LOG] [DEBUG] - Comparando con 20/03/2026: no coincide @ http://localhost:3000/_next/static/chunks/11hm_next_dist_0m6rgog._.js:2441
[  169953ms] [LOG] [DEBUG] - Comparando con 22/03/2026: no coincide @ http://localhost:3000/_next/static/chunks/11hm_next_dist_0m6rgog._.js:2441
[  169953ms] [LOG] [DEBUG] - Comparando con 25/03/2026: no coincide @ http://localhost:3000/_next/static/chunks/11hm_next_dist_0m6rgog._.js:2441
[  169953ms] [LOG] [DEBUG] - Comparando con 27/03/2026: no coincide @ http://localhost:3000/_next/static/chunks/11hm_next_dist_0m6rgog._.js:2441
[  169953ms] [LOG] [DEBUG] - Comparando con 28/03/2026: no coincide @ http://localhost:3000/_next/static/chunks/11hm_next_dist_0m6rgog._.js:2441
[  169953ms] [LOG] [DEBUG] - Comparando con 29/03/2026: no coincide @ http://localhost:3000/_next/static/chunks/11hm_next_dist_0m6rgog._.js:2441
[  169954ms] [LOG] [DEBUG] - Comparando con 30/03/2026: no coincide @ http://localhost:3000/_next/static/chunks/11hm_next_dist_0m6rgog._.js:2441
[  169954ms] [LOG] [DEBUG] Resultado final para 11/01/2025: NO INCLUIDO @ http://localhost:3000/_next/static/chunks/11hm_next_dist_0m6rgog._.js:2441
[  169954ms] [LOG] [DEBUG] Comparando fecha:  con filtros: [05/03/2026, 08/03/2026, 10/03/2026, 12/03/2026, 15/03/2026, 18/03/2026, 20/03/2026, 22/03/2026, 25/03/2026, 27/03/2026, 28/03/2026, 29/03/2026, 30/03/2026] @ http://localhost:3000/_next/static/chunks/11hm_next_dist_0m6rgog._.js:2441
[  169954ms] [LOG] [DEBUG] - Comparando con 05/03/2026: no coincide @ http://localhost:3000/_next/static/chunks/11hm_next_dist_0m6rgog._.js:2441
[  169954ms] [LOG] [DEBUG] - Comparando con 08/03/2026: no coincide @ http://localhost:3000/_next/static/chunks/11hm_next_dist_0m6rgog._.js:2441
[  169954ms] [LOG] [DEBUG] - Comparando con 10/03/2026: no coincide @ http://localhost:3000/_next/static/chunks/11hm_next_dist_0m6rgog._.js:2441
[  169954ms] [LOG] [DEBUG] - Comparando con 12/03/2026: no coincide @ http://localhost:3000/_next/static/chunks/11hm_next_dist_0m6rgog._.js:2441
[  169954ms] [LOG] [DEBUG] - Comparando con 15/03/2026: no coincide @ http://localhost:3000/_next/static/chunks/11hm_next_dist_0m6rgog._.js:2441
[  169954ms] [LOG] [DEBUG] - Comparando con 18/03/2026: no coincide @ http://localhost:3000/_next/static/chunks/11hm_next_dist_0m6rgog._.js:2441
[  169954ms] [LOG] [DEBUG] - Comparando con 20/03/2026: no coincide @ http://localhost:3000/_next/static/chunks/11hm_next_dist_0m6rgog._.js:2441
[  169954ms] [LOG] [DEBUG] - Comparando con 22/03/2026: no coincide @ http://localhost:3000/_next/static/chunks/11hm_next_dist_0m6rgog._.js:2441
[  169954ms] [LOG] [DEBUG] - Comparando con 25/03/2026: no coincide @ http://localhost:3000/_next/static/chunks/11hm_next_dist_0m6rgog._.js:2441
[  169954ms] [LOG] [DEBUG] - Comparando con 27/03/2026: no coincide @ http://localhost:3000/_next/static/chunks/11hm_next_dist_0m6rgog._.js:2441
[  169954ms] [LOG] [DEBUG] - Comparando con 28/03/2026: no coincide @ http://localhost:3000/_next/static/chunks/11hm_next_dist_0m6rgog._.js:2441
[  169955ms] [LOG] [DEBUG] - Comparando con 29/03/2026: no coincide @ http://localhost:3000/_next/static/chunks/11hm_next_dist_0m6rgog._.js:2441
[  169955ms] [LOG] [DEBUG] - Comparando con 30/03/2026: no coincide @ http://localhost:3000/_next/static/chunks/11hm_next_dist_0m6rgog._.js:2441
[  169955ms] [LOG] [DEBUG] Resultado final para : NO INCLUIDO @ http://localhost:3000/_next/static/chunks/11hm_next_dist_0m6rgog._.js:2441
[  169955ms] [LOG] [DEBUG] Comparando fecha:  con filtros: [05/03/2026, 08/03/2026, 10/03/2026, 12/03/2026, 15/03/2026, 18/03/2026, 20/03/2026, 22/03/2026, 25/03/2026, 27/03/2026, 28/03/2026, 29/03/2026, 30/03/2026] @ http://localhost:3000/_next/static/chunks/11hm_next_dist_0m6rgog._.js:2441
[  169955ms] [LOG] [DEBUG] - Comparando con 05/03/2026: no coincide @ http://localhost:3000/_next/static/chunks/11hm_next_dist_0m6rgog._.js:2441
[  169955ms] [LOG] [DEBUG] - Comparando con 08/03/2026: no coincide @ http://localhost:3000/_next/static/chunks/11hm_next_dist_0m6rgog._.js:2441
[  169955ms] [LOG] [DEBUG] - Comparando con 10/03/2026: no coincide @ http://localhost:3000/_next/static/chunks/11hm_next_dist_0m6rgog._.js:2441
[  169955ms] [LOG] [DEBUG] - Comparando con 12/03/2026: no coincide @ http://localhost:3000/_next/static/chunks/11hm_next_dist_0m6rgog._.js:2441
[  169955ms] [LOG] [DEBUG] - Comparando con 15/03/2026: no coincide @ http://localhost:3000/_next/static/chunks/11hm_next_dist_0m6rgog._.js:2441
[  169955ms] [LOG] [DEBUG] - Comparando con 18/03/2026: no coincide @ http://localhost:3000/_next/static/chunks/11hm_next_dist_0m6rgog._.js:2441
[  169955ms] [LOG] [DEBUG] - Comparando con 20/03/2026: no coincide @ http://localhost:3000/_next/static/chunks/11hm_next_dist_0m6rgog._.js:2441
[  169955ms] [LOG] [DEBUG] - Comparando con 22/03/2026: no coincide @ http://localhost:3000/_next/static/chunks/11hm_next_dist_0m6rgog._.js:2441
[  169955ms] [LOG] [DEBUG] - Comparando con 25/03/2026: no coincide @ http://localhost:3000/_next/static/chunks/11hm_next_dist_0m6rgog._.js:2441
[  169955ms] [LOG] [DEBUG] - Comparando con 27/03/2026: no coincide @ http://localhost:3000/_next/static/chunks/11hm_next_dist_0m6rgog._.js:2441
[  169956ms] [LOG] [DEBUG] - Comparando con 28/03/2026: no coincide @ http://localhost:3000/_next/static/chunks/11hm_next_dist_0m6rgog._.js:2441
[  169956ms] [LOG] [DEBUG] - Comparando con 29/03/2026: no coincide @ http://localhost:3000/_next/static/chunks/11hm_next_dist_0m6rgog._.js:2441
[  169956ms] [LOG] [DEBUG] - Comparando con 30/03/2026: no coincide @ http://localhost:3000/_next/static/chunks/11hm_next_dist_0m6rgog._.js:2441
[  169956ms] [LOG] [DEBUG] Resultado final para : NO INCLUIDO @ http://localhost:3000/_next/static/chunks/11hm_next_dist_0m6rgog._.js:2441
[  169956ms] [LOG] [DEBUG] Comparando fecha: 02/05/2026 con filtros: [05/03/2026, 08/03/2026, 10/03/2026, 12/03/2026, 15/03/2026, 18/03/2026, 20/03/2026, 22/03/2026, 25/03/2026, 27/03/2026, 28/03/2026, 29/03/2026, 30/03/2026] @ http://localhost:3000/_next/static/chunks/11hm_next_dist_0m6rgog._.js:2441
[  169956ms] [LOG] [DEBUG] - Comparando con 05/03/2026: no coincide @ http://localhost:3000/_next/static/chunks/11hm_next_dist_0m6rgog._.js:2441
[  169956ms] [LOG] [DEBUG] - Comparando con 08/03/2026: no coincide @ http://localhost:3000/_next/static/chunks/11hm_next_dist_0m6rgog._.js:2441
[  169956ms] [LOG] [DEBUG] - Comparando con 10/03/2026: no coincide @ http://localhost:3000/_next/static/chunks/11hm_next_dist_0m6rgog._.js:2441
[  169956ms] [LOG] [DEBUG] - Comparando con 12/03/2026: no coincide @ http://localhost:3000/_next/static/chunks/11hm_next_dist_0m6rgog._.js:2441
[  169956ms] [LOG] [DEBUG] - Comparando con 15/03/2026: no coincide @ http://localhost:3000/_next/static/chunks/11hm_next_dist_0m6rgog._.js:2441
[  169956ms] [LOG] [DEBUG] - Comparando con 18/03/2026: no coincide @ http://localhost:3000/_next/static/chunks/11hm_next_dist_0m6rgog._.js:2441
[  169956ms] [LOG] [DEBUG] - Comparando con 20/03/2026: no coincide @ http://localhost:3000/_next/static/chunks/11hm_next_dist_0m6rgog._.js:2441
[  169956ms] [LOG] [DEBUG] - Comparando con 22/03/2026: no coincide @ http://localhost:3000/_next/static/chunks/11hm_next_dist_0m6rgog._.js:2441
[  169956ms] [LOG] [DEBUG] - Comparando con 25/03/2026: no coincide @ http://localhost:3000/_next/static/chunks/11hm_next_dist_0m6rgog._.js:2441
[  169957ms] [LOG] [DEBUG] - Comparando con 27/03/2026: no coincide @ http://localhost:3000/_next/static/chunks/11hm_next_dist_0m6rgog._.js:2441
[  169957ms] [LOG] [DEBUG] - Comparando con 28/03/2026: no coincide @ http://localhost:3000/_next/static/chunks/11hm_next_dist_0m6rgog._.js:2441
[  169957ms] [LOG] [DEBUG] - Comparando con 29/03/2026: no coincide @ http://localhost:3000/_next/static/chunks/11hm_next_dist_0m6rgog._.js:2441
[  169957ms] [LOG] [DEBUG] - Comparando con 30/03/2026: no coincide @ http://localhost:3000/_next/static/chunks/11hm_next_dist_0m6rgog._.js:2441
[  169957ms] [LOG] [DEBUG] Resultado final para 02/05/2026: NO INCLUIDO @ http://localhost:3000/_next/static/chunks/11hm_next_dist_0m6rgog._.js:2441
[  169957ms] [LOG] [DEBUG] Comparando fecha:  con filtros: [05/03/2026, 08/03/2026, 10/03/2026, 12/03/2026, 15/03/2026, 18/03/2026, 20/03/2026, 22/03/2026, 25/03/2026, 27/03/2026, 28/03/2026, 29/03/2026, 30/03/2026] @ http://localhost:3000/_next/static/chunks/11hm_next_dist_0m6rgog._.js:2441
[  169957ms] [LOG] [DEBUG] - Comparando con 05/03/2026: no coincide @ http://localhost:3000/_next/static/chunks/11hm_next_dist_0m6rgog._.js:2441
[  169957ms] [LOG] [DEBUG] - Comparando con 08/03/2026: no coincide @ http://localhost:3000/_next/static/chunks/11hm_next_dist_0m6rgog._.js:2441
[  169957ms] [LOG] [DEBUG] - Comparando con 10/03/2026: no coincide @ http://localhost:3000/_next/static/chunks/11hm_next_dist_0m6rgog._.js:2441
[  169957ms] [LOG] [DEBUG] - Comparando con 12/03/2026: no coincide @ http://localhost:3000/_next/static/chunks/11hm_next_dist_0m6rgog._.js:2441
[  169957ms] [LOG] [DEBUG] - Comparando con 15/03/2026: no coincide @ http://localhost:3000/_next/static/chunks/11hm_next_dist_0m6rgog._.js:2441
[  169957ms] [LOG] [DEBUG] - Comparando con 18/03/2026: no coincide @ http://localhost:3000/_next/static/chunks/11hm_next_dist_0m6rgog._.js:2441
[  169957ms] [LOG] [DEBUG] - Comparando con 20/03/2026: no coincide @ http://localhost:3000/_next/static/chunks/11hm_next_dist_0m6rgog._.js:2441
[  169957ms] [LOG] [DEBUG] - Comparando con 22/03/2026: no coincide @ http://localhost:3000/_next/static/chunks/11hm_next_dist_0m6rgog._.js:2441
[  169958ms] [LOG] [DEBUG] - Comparando con 25/03/2026: no coincide @ http://localhost:3000/_next/static/chunks/11hm_next_dist_0m6rgog._.js:2441
[  169958ms] [LOG] [DEBUG] - Comparando con 27/03/2026: no coincide @ http://localhost:3000/_next/static/chunks/11hm_next_dist_0m6rgog._.js:2441
[  169958ms] [LOG] [DEBUG] - Comparando con 28/03/2026: no coincide @ http://localhost:3000/_next/static/chunks/11hm_next_dist_0m6rgog._.js:2441
[  169958ms] [LOG] [DEBUG] - Comparando con 29/03/2026: no coincide @ http://localhost:3000/_next/static/chunks/11hm_next_dist_0m6rgog._.js:2441
[  169958ms] [LOG] [DEBUG] - Comparando con 30/03/2026: no coincide @ http://localhost:3000/_next/static/chunks/11hm_next_dist_0m6rgog._.js:2441
[  169958ms] [LOG] [DEBUG] Resultado final para : NO INCLUIDO @ http://localhost:3000/_next/static/chunks/11hm_next_dist_0m6rgog._.js:2441
[  169958ms] [LOG] [DEBUG] Comparando fecha:  con filtros: [05/03/2026, 08/03/2026, 10/03/2026, 12/03/2026, 15/03/2026, 18/03/2026, 20/03/2026, 22/03/2026, 25/03/2026, 27/03/2026, 28/03/2026, 29/03/2026, 30/03/2026] @ http://localhost:3000/_next/static/chunks/11hm_next_dist_0m6rgog._.js:2441
[  169958ms] [LOG] [DEBUG] - Comparando con 05/03/2026: no coincide @ http://localhost:3000/_next/static/chunks/11hm_next_dist_0m6rgog._.js:2441
[  169958ms] [LOG] [DEBUG] - Comparando con 08/03/2026: no coincide @ http://localhost:3000/_next/static/chunks/11hm_next_dist_0m6rgog._.js:2441
[  169958ms] [LOG] [DEBUG] - Comparando con 10/03/2026: no coincide @ http://localhost:3000/_next/static/chunks/11hm_next_dist_0m6rgog._.js:2441
[  169958ms] [LOG] [DEBUG] - Comparando con 12/03/2026: no coincide @ http://localhost:3000/_next/static/chunks/11hm_next_dist_0m6rgog._.js:2441
[  169958ms] [LOG] [DEBUG] - Comparando con 15/03/2026: no coincide @ http://localhost:3000/_next/static/chunks/11hm_next_dist_0m6rgog._.js:2441
[  169958ms] [LOG] [DEBUG] - Comparando con 18/03/2026: no coincide @ http://localhost:3000/_next/static/chunks/11hm_next_dist_0m6rgog._.js:2441
[  169958ms] [LOG] [DEBUG] - Comparando con 20/03/2026: no coincide @ http://localhost:3000/_next/static/chunks/11hm_next_dist_0m6rgog._.js:2441
[  169958ms] [LOG] [DEBUG] - Comparando con 22/03/2026: no coincide @ http://localhost:3000/_next/static/chunks/11hm_next_dist_0m6rgog._.js:2441
[  169959ms] [LOG] [DEBUG] - Comparando con 25/03/2026: no coincide @ http://localhost:3000/_next/static/chunks/11hm_next_dist_0m6rgog._.js:2441
[  169959ms] [LOG] [DEBUG] - Comparando con 27/03/2026: no coincide @ http://localhost:3000/_next/static/chunks/11hm_next_dist_0m6rgog._.js:2441
[  169959ms] [LOG] [DEBUG] - Comparando con 28/03/2026: no coincide @ http://localhost:3000/_next/static/chunks/11hm_next_dist_0m6rgog._.js:2441
[  169959ms] [LOG] [DEBUG] - Comparando con 29/03/2026: no coincide @ http://localhost:3000/_next/static/chunks/11hm_next_dist_0m6rgog._.js:2441
[  169959ms] [LOG] [DEBUG] - Comparando con 30/03/2026: no coincide @ http://localhost:3000/_next/static/chunks/11hm_next_dist_0m6rgog._.js:2441
[  169959ms] [LOG] [DEBUG] Resultado final para : NO INCLUIDO @ http://localhost:3000/_next/static/chunks/11hm_next_dist_0m6rgog._.js:2441
[  169960ms] [LOG] [DEBUG] Effective column order: {baseOrder: Array(14), pinnedColumnId: index, otherColumns: Array(13), hasActions: true, result: Array(15)} @ http://localhost:3000/_next/static/chunks/11hm_next_dist_0m6rgog._.js:2441
[  169960ms] [LOG] [DEBUG] Effective column order: {baseOrder: Array(14), pinnedColumnId: index, otherColumns: Array(13), hasActions: true, result: Array(15)} @ http://localhost:3000/_next/static/chunks/11hm_next_dist_0m6rgog._.js:2441
[  170007ms] [LOG] [DEBUG] Renderizando SecondaryTables: {level: 0, parentId: undefined, isLoading: false, arrayColumnsCount: 0, arrayColumns: Array(0)} @ http://localhost:3000/_next/static/chunks/11hm_next_dist_0m6rgog._.js:2441
[  170007ms] [LOG] [DEBUG] Renderizando SecondaryTables: {level: 0, parentId: undefined, isLoading: false, arrayColumnsCount: 0, arrayColumns: Array(0)} @ http://localhost:3000/_next/static/chunks/11hm_next_dist_0m6rgog._.js:2441
[  170014ms] [LOG] [DEBUG] Array columns procesadas: {count: 0, totalRegistros: 0, columns: Array(0)} @ http://localhost:3000/_next/static/chunks/11hm_next_dist_0m6rgog._.js:2441
[  170034ms] [LOG] [DEBUG] Renderizando SecondaryTables: {level: 0, parentId: undefined, isLoading: false, arrayColumnsCount: 0, arrayColumns: Array(0)} @ http://localhost:3000/_next/static/chunks/11hm_next_dist_0m6rgog._.js:2441
[  170034ms] [LOG] [DEBUG] Renderizando SecondaryTables: {level: 0, parentId: undefined, isLoading: false, arrayColumnsCount: 0, arrayColumns: Array(0)} @ http://localhost:3000/_next/static/chunks/11hm_next_dist_0m6rgog._.js:2441
[  170039ms] [LOG] [DEBUG] Effective column order: {baseOrder: Array(14), pinnedColumnId: index, otherColumns: Array(13), hasActions: true, result: Array(15)} @ http://localhost:3000/_next/static/chunks/11hm_next_dist_0m6rgog._.js:2441
[  170039ms] [LOG] [DEBUG] Effective column order: {baseOrder: Array(14), pinnedColumnId: index, otherColumns: Array(13), hasActions: true, result: Array(15)} @ http://localhost:3000/_next/static/chunks/11hm_next_dist_0m6rgog._.js:2441
[  170041ms] [LOG] [DEBUG] Effective column order: {baseOrder: Array(14), pinnedColumnId: index, otherColumns: Array(13), hasActions: true, result: Array(15)} @ http://localhost:3000/_next/static/chunks/11hm_next_dist_0m6rgog._.js:2441
[  170041ms] [LOG] [DEBUG] Effective column order: {baseOrder: Array(14), pinnedColumnId: index, otherColumns: Array(13), hasActions: true, result: Array(15)} @ http://localhost:3000/_next/static/chunks/11hm_next_dist_0m6rgog._.js:2441
[  170074ms] [LOG] [DEBUG] Renderizando SecondaryTables: {level: 0, parentId: undefined, isLoading: false, arrayColumnsCount: 0, arrayColumns: Array(0)} @ http://localhost:3000/_next/static/chunks/11hm_next_dist_0m6rgog._.js:2441
[  170074ms] [LOG] [DEBUG] Renderizando SecondaryTables: {level: 0, parentId: undefined, isLoading: false, arrayColumnsCount: 0, arrayColumns: Array(0)} @ http://localhost:3000/_next/static/chunks/11hm_next_dist_0m6rgog._.js:2441
[  171305ms] [LOG] %c Console Ninja extension is connected to Next.js browser, background: rgb(30,30,30); color: rgb(255,213,92) see https://tinyurl.com/2vt8jxzw for more info. @ :0
[  171308ms] [INFO] %cDownload the React DevTools for a better development experience: https://react.dev/link/react-devtools font-weight:bold @ http://localhost:3000/_next/static/chunks/11hm_next_dist_0m6rgog._.js:2441
[  171327ms] [LOG] [HMR] connected @ http://localhost:3000/_next/static/chunks/11hm_next_dist_0m6rgog._.js:2441
[  171424ms] [LOG] [DEBUG] Iniciando procesamiento por lotes: {totalRows: 25, sampleSize: 100} @ http://localhost:3000/_next/static/chunks/11hm_next_dist_0m6rgog._.js:2441
[  171424ms] [LOG] [DEBUG] Iniciando análisis de tipos por columna... @ http://localhost:3000/_next/static/chunks/11hm_next_dist_0m6rgog._.js:2441
[  171424ms] [LOG] [DEBUG] Analizando columna: id {totalValores: 25, sampleSize: 25} @ http://localhost:3000/_next/static/chunks/11hm_next_dist_0m6rgog._.js:2441
[  171425ms] [LOG] [DEBUG] Tipo inferido para id: {type: number, normalizer: } @ http://localhost:3000/_next/static/chunks/11hm_next_dist_0m6rgog._.js:2441
[  171425ms] [LOG] [DEBUG] Analizando columna: nombre {totalValores: 25, sampleSize: 25} @ http://localhost:3000/_next/static/chunks/11hm_next_dist_0m6rgog._.js:2441
[  171425ms] [LOG] [DEBUG] Columna nombre: Tratando como string por defecto @ http://localhost:3000/_next/static/chunks/11hm_next_dist_0m6rgog._.js:2441
[  171426ms] [LOG] [DEBUG] Tipo inferido para nombre: {type: string, normalizer: } @ http://localhost:3000/_next/static/chunks/11hm_next_dist_0m6rgog._.js:2441
[  171426ms] [LOG] [DEBUG] Analizando columna: email {totalValores: 25, sampleSize: 25} @ http://localhost:3000/_next/static/chunks/11hm_next_dist_0m6rgog._.js:2441
[  171426ms] [LOG] [DEBUG] Columna email: Tratando como string por defecto @ http://localhost:3000/_next/static/chunks/11hm_next_dist_0m6rgog._.js:2441
[  171426ms] [LOG] [DEBUG] Tipo inferido para email: {type: string, normalizer: } @ http://localhost:3000/_next/static/chunks/11hm_next_dist_0m6rgog._.js:2441
[  171426ms] [LOG] [DEBUG] Analizando columna: telefono {totalValores: 25, sampleSize: 25} @ http://localhost:3000/_next/static/chunks/11hm_next_dist_0m6rgog._.js:2441
[  171426ms] [LOG] [DEBUG] Columna telefono: Tratando como string por defecto @ http://localhost:3000/_next/static/chunks/11hm_next_dist_0m6rgog._.js:2441
[  171426ms] [LOG] [DEBUG] Tipo inferido para telefono: {type: string, normalizer: } @ http://localhost:3000/_next/static/chunks/11hm_next_dist_0m6rgog._.js:2441
[  171426ms] [LOG] [DEBUG] Analizando columna: ciudad {totalValores: 25, sampleSize: 25} @ http://localhost:3000/_next/static/chunks/11hm_next_dist_0m6rgog._.js:2441
[  171426ms] [LOG] [DEBUG] Columna ciudad: Tratando como string por defecto @ http://localhost:3000/_next/static/chunks/11hm_next_dist_0m6rgog._.js:2441
[  171426ms] [LOG] [DEBUG] Tipo inferido para ciudad: {type: string, normalizer: } @ http://localhost:3000/_next/static/chunks/11hm_next_dist_0m6rgog._.js:2441
[  171426ms] [LOG] [DEBUG] Analizando columna: rol {totalValores: 25, sampleSize: 25} @ http://localhost:3000/_next/static/chunks/11hm_next_dist_0m6rgog._.js:2441
[  171426ms] [LOG] [DEBUG] Columna rol: Tratando como string por defecto @ http://localhost:3000/_next/static/chunks/11hm_next_dist_0m6rgog._.js:2441
[  171427ms] [LOG] [DEBUG] Tipo inferido para rol: {type: string, normalizer: } @ http://localhost:3000/_next/static/chunks/11hm_next_dist_0m6rgog._.js:2441
[  171427ms] [LOG] [DEBUG] Analizando columna: estado {totalValores: 25, sampleSize: 25} @ http://localhost:3000/_next/static/chunks/11hm_next_dist_0m6rgog._.js:2441
[  171427ms] [LOG] [DEBUG] Columna estado: Tratando como string por defecto @ http://localhost:3000/_next/static/chunks/11hm_next_dist_0m6rgog._.js:2441
[  171427ms] [LOG] [DEBUG] Tipo inferido para estado: {type: string, normalizer: } @ http://localhost:3000/_next/static/chunks/11hm_next_dist_0m6rgog._.js:2441
[  171427ms] [LOG] [DEBUG] Analizando columna: fechaRegistro {totalValores: 25, sampleSize: 25} @ http://localhost:3000/_next/static/chunks/11hm_next_dist_0m6rgog._.js:2441
[  171427ms] [LOG] [DEBUG] Análisis de fechas para fechaRegistro: {total: 25, compatibles: 25, porcentaje: 100.00%, umbral: 30.00%} @ http://localhost:3000/_next/static/chunks/11hm_next_dist_0m6rgog._.js:2441
[  171434ms] [LOG] [DEBUG] Columna fechaRegistro: Detectado tipo fecha (confidence: 1.00) @ http://localhost:3000/_next/static/chunks/11hm_next_dist_0m6rgog._.js:2441
[  171434ms] [LOG] [DEBUG] Tipo inferido para fechaRegistro: {type: date, normalizer: } @ http://localhost:3000/_next/static/chunks/11hm_next_dist_0m6rgog._.js:2441
[  171434ms] [LOG] [DEBUG] Analizando columna: ultimoContacto {totalValores: 25, sampleSize: 25} @ http://localhost:3000/_next/static/chunks/11hm_next_dist_0m6rgog._.js:2441
[  171434ms] [LOG] [DEBUG] Análisis de fechas para ultimoContacto: {total: 25, compatibles: 25, porcentaje: 100.00%, umbral: 70.00%} @ http://localhost:3000/_next/static/chunks/11hm_next_dist_0m6rgog._.js:2441
[  171434ms] [LOG] [DEBUG] Columna ultimoContacto: Detectado tipo fecha (confidence: 1.00) @ http://localhost:3000/_next/static/chunks/11hm_next_dist_0m6rgog._.js:2441
[  171434ms] [LOG] [DEBUG] Tipo inferido para ultimoContacto: {type: date, normalizer: } @ http://localhost:3000/_next/static/chunks/11hm_next_dist_0m6rgog._.js:2441
[  171434ms] [LOG] [DEBUG] Analizando columna: valorTotal {totalValores: 25, sampleSize: 25} @ http://localhost:3000/_next/static/chunks/11hm_next_dist_0m6rgog._.js:2441
[  171435ms] [LOG] [DEBUG] Columna valorTotal: Tratando como string para valores numéricos específicos @ http://localhost:3000/_next/static/chunks/11hm_next_dist_0m6rgog._.js:2441
[  171435ms] [LOG] [DEBUG] Tipo inferido para valorTotal: {type: string, normalizer: } @ http://localhost:3000/_next/static/chunks/11hm_next_dist_0m6rgog._.js:2441
[  171435ms] [LOG] [DEBUG] Analizando columna: satisfaccion {totalValores: 25, sampleSize: 25} @ http://localhost:3000/_next/static/chunks/11hm_next_dist_0m6rgog._.js:2441
[  171435ms] [LOG] [DEBUG] Tipo inferido para satisfaccion: {type: number, normalizer: } @ http://localhost:3000/_next/static/chunks/11hm_next_dist_0m6rgog._.js:2441
[  171435ms] [LOG] [DEBUG] Analizando columna: activo {totalValores: 25, sampleSize: 25} @ http://localhost:3000/_next/static/chunks/11hm_next_dist_0m6rgog._.js:2441
[  171435ms] [LOG] [DEBUG] Tipo inferido para activo: {type: boolean, normalizer: } @ http://localhost:3000/_next/static/chunks/11hm_next_dist_0m6rgog._.js:2441
[  171435ms] [LOG] [DEBUG] Procesando fila 0/25 @ http://localhost:3000/_next/static/chunks/11hm_next_dist_0m6rgog._.js:2441
[  171438ms] [LOG] [DEBUG] Iniciando procesamiento por lotes: {totalRows: 25, sampleSize: 100} @ http://localhost:3000/_next/static/chunks/11hm_next_dist_0m6rgog._.js:2441
[  171438ms] [LOG] [DEBUG] Iniciando análisis de tipos por columna... @ http://localhost:3000/_next/static/chunks/11hm_next_dist_0m6rgog._.js:2441
[  171438ms] [LOG] [DEBUG] Analizando columna: id {totalValores: 25, sampleSize: 25} @ http://localhost:3000/_next/static/chunks/11hm_next_dist_0m6rgog._.js:2441
[  171438ms] [LOG] [DEBUG] Tipo inferido para id: {type: number, normalizer: } @ http://localhost:3000/_next/static/chunks/11hm_next_dist_0m6rgog._.js:2441
[  171438ms] [LOG] [DEBUG] Analizando columna: nombre {totalValores: 25, sampleSize: 25} @ http://localhost:3000/_next/static/chunks/11hm_next_dist_0m6rgog._.js:2441
[  171438ms] [LOG] [DEBUG] Tipo inferido para nombre: {type: string, normalizer: } @ http://localhost:3000/_next/static/chunks/11hm_next_dist_0m6rgog._.js:2441
[  171438ms] [LOG] [DEBUG] Analizando columna: email {totalValores: 25, sampleSize: 25} @ http://localhost:3000/_next/static/chunks/11hm_next_dist_0m6rgog._.js:2441
[  171438ms] [LOG] [DEBUG] Tipo inferido para email: {type: string, normalizer: } @ http://localhost:3000/_next/static/chunks/11hm_next_dist_0m6rgog._.js:2441
[  171438ms] [LOG] [DEBUG] Analizando columna: telefono {totalValores: 25, sampleSize: 25} @ http://localhost:3000/_next/static/chunks/11hm_next_dist_0m6rgog._.js:2441
[  171438ms] [LOG] [DEBUG] Tipo inferido para telefono: {type: string, normalizer: } @ http://localhost:3000/_next/static/chunks/11hm_next_dist_0m6rgog._.js:2441
[  171438ms] [LOG] [DEBUG] Analizando columna: ciudad {totalValores: 25, sampleSize: 25} @ http://localhost:3000/_next/static/chunks/11hm_next_dist_0m6rgog._.js:2441
[  171438ms] [LOG] [DEBUG] Tipo inferido para ciudad: {type: string, normalizer: } @ http://localhost:3000/_next/static/chunks/11hm_next_dist_0m6rgog._.js:2441
[  171439ms] [LOG] [DEBUG] Analizando columna: rol {totalValores: 25, sampleSize: 25} @ http://localhost:3000/_next/static/chunks/11hm_next_dist_0m6rgog._.js:2441
[  171439ms] [LOG] [DEBUG] Tipo inferido para rol: {type: string, normalizer: } @ http://localhost:3000/_next/static/chunks/11hm_next_dist_0m6rgog._.js:2441
[  171439ms] [LOG] [DEBUG] Analizando columna: estado {totalValores: 25, sampleSize: 25} @ http://localhost:3000/_next/static/chunks/11hm_next_dist_0m6rgog._.js:2441
[  171439ms] [LOG] [DEBUG] Tipo inferido para estado: {type: string, normalizer: } @ http://localhost:3000/_next/static/chunks/11hm_next_dist_0m6rgog._.js:2441
[  171439ms] [LOG] [DEBUG] Analizando columna: fechaRegistro {totalValores: 25, sampleSize: 25} @ http://localhost:3000/_next/static/chunks/11hm_next_dist_0m6rgog._.js:2441
[  171439ms] [LOG] [DEBUG] Tipo inferido para fechaRegistro: {type: date, normalizer: } @ http://localhost:3000/_next/static/chunks/11hm_next_dist_0m6rgog._.js:2441
[  171439ms] [LOG] [DEBUG] Analizando columna: ultimoContacto {totalValores: 25, sampleSize: 25} @ http://localhost:3000/_next/static/chunks/11hm_next_dist_0m6rgog._.js:2441
[  171439ms] [LOG] [DEBUG] Tipo inferido para ultimoContacto: {type: date, normalizer: } @ http://localhost:3000/_next/static/chunks/11hm_next_dist_0m6rgog._.js:2441
[  171439ms] [LOG] [DEBUG] Analizando columna: valorTotal {totalValores: 25, sampleSize: 25} @ http://localhost:3000/_next/static/chunks/11hm_next_dist_0m6rgog._.js:2441
[  171439ms] [LOG] [DEBUG] Tipo inferido para valorTotal: {type: string, normalizer: } @ http://localhost:3000/_next/static/chunks/11hm_next_dist_0m6rgog._.js:2441
[  171439ms] [LOG] [DEBUG] Analizando columna: satisfaccion {totalValores: 25, sampleSize: 25} @ http://localhost:3000/_next/static/chunks/11hm_next_dist_0m6rgog._.js:2441
[  171439ms] [LOG] [DEBUG] Tipo inferido para satisfaccion: {type: number, normalizer: } @ http://localhost:3000/_next/static/chunks/11hm_next_dist_0m6rgog._.js:2441
[  171439ms] [LOG] [DEBUG] Analizando columna: activo {totalValores: 25, sampleSize: 25} @ http://localhost:3000/_next/static/chunks/11hm_next_dist_0m6rgog._.js:2441
[  171439ms] [LOG] [DEBUG] Tipo inferido para activo: {type: boolean, normalizer: } @ http://localhost:3000/_next/static/chunks/11hm_next_dist_0m6rgog._.js:2441
[  171439ms] [LOG] [DEBUG] Procesando fila 0/25 @ http://localhost:3000/_next/static/chunks/11hm_next_dist_0m6rgog._.js:2441
[  171441ms] [LOG] [DEBUG] Creando definicion de columna: {columnId: id, isReference: false, type: number, path: Array(1)} @ http://localhost:3000/_next/static/chunks/11hm_next_dist_0m6rgog._.js:2441
[  171441ms] [LOG] [DEBUG] Creando definicion de columna: {columnId: nombre, isReference: false, type: string, path: Array(1)} @ http://localhost:3000/_next/static/chunks/11hm_next_dist_0m6rgog._.js:2441
[  171442ms] [LOG] [DEBUG] Creando definicion de columna: {columnId: email, isReference: false, type: string, path: Array(1)} @ http://localhost:3000/_next/static/chunks/11hm_next_dist_0m6rgog._.js:2441
[  171442ms] [LOG] [DEBUG] Creando definicion de columna: {columnId: telefono, isReference: false, type: string, path: Array(1)} @ http://localhost:3000/_next/static/chunks/11hm_next_dist_0m6rgog._.js:2441
[  171442ms] [LOG] [DEBUG] Creando definicion de columna: {columnId: ciudad, isReference: false, type: string, path: Array(1)} @ http://localhost:3000/_next/static/chunks/11hm_next_dist_0m6rgog._.js:2441
[  171442ms] [LOG] [DEBUG] Creando definicion de columna: {columnId: rol, isReference: false, type: string, path: Array(1)} @ http://localhost:3000/_next/static/chunks/11hm_next_dist_0m6rgog._.js:2441
[  171442ms] [LOG] [DEBUG] Creando definicion de columna: {columnId: estado, isReference: false, type: string, path: Array(1)} @ http://localhost:3000/_next/static/chunks/11hm_next_dist_0m6rgog._.js:2441
[  171442ms] [LOG] [DEBUG] Creando definicion de columna: {columnId: fechaRegistro, isReference: false, type: date, path: Array(1)} @ http://localhost:3000/_next/static/chunks/11hm_next_dist_0m6rgog._.js:2441
[  171442ms] [LOG] [DEBUG] Creando definicion de columna: {columnId: ultimoContacto, isReference: false, type: date, path: Array(1)} @ http://localhost:3000/_next/static/chunks/11hm_next_dist_0m6rgog._.js:2441
[  171442ms] [LOG] [DEBUG] Creando definicion de columna: {columnId: valorTotal, isReference: false, type: string, path: Array(1)} @ http://localhost:3000/_next/static/chunks/11hm_next_dist_0m6rgog._.js:2441
[  171442ms] [LOG] [DEBUG] Creando definicion de columna: {columnId: satisfaccion, isReference: false, type: number, path: Array(1)} @ http://localhost:3000/_next/static/chunks/11hm_next_dist_0m6rgog._.js:2441
[  171442ms] [LOG] [DEBUG] Creando definicion de columna: {columnId: activo, isReference: false, type: boolean, path: Array(1)} @ http://localhost:3000/_next/static/chunks/11hm_next_dist_0m6rgog._.js:2441
[  171442ms] [LOG] [DEBUG] Creando definicion de columna: {columnId: id, isReference: false, type: number, path: Array(1)} @ http://localhost:3000/_next/static/chunks/11hm_next_dist_0m6rgog._.js:2441
[  171442ms] [LOG] [DEBUG] Creando definicion de columna: {columnId: nombre, isReference: false, type: string, path: Array(1)} @ http://localhost:3000/_next/static/chunks/11hm_next_dist_0m6rgog._.js:2441
[  171442ms] [LOG] [DEBUG] Creando definicion de columna: {columnId: email, isReference: false, type: string, path: Array(1)} @ http://localhost:3000/_next/static/chunks/11hm_next_dist_0m6rgog._.js:2441
[  171442ms] [LOG] [DEBUG] Creando definicion de columna: {columnId: telefono, isReference: false, type: string, path: Array(1)} @ http://localhost:3000/_next/static/chunks/11hm_next_dist_0m6rgog._.js:2441
[  171442ms] [LOG] [DEBUG] Creando definicion de columna: {columnId: ciudad, isReference: false, type: string, path: Array(1)} @ http://localhost:3000/_next/static/chunks/11hm_next_dist_0m6rgog._.js:2441
[  171442ms] [LOG] [DEBUG] Creando definicion de columna: {columnId: rol, isReference: false, type: string, path: Array(1)} @ http://localhost:3000/_next/static/chunks/11hm_next_dist_0m6rgog._.js:2441
[  171443ms] [LOG] [DEBUG] Creando definicion de columna: {columnId: estado, isReference: false, type: string, path: Array(1)} @ http://localhost:3000/_next/static/chunks/11hm_next_dist_0m6rgog._.js:2441
[  171443ms] [LOG] [DEBUG] Creando definicion de columna: {columnId: fechaRegistro, isReference: false, type: date, path: Array(1)} @ http://localhost:3000/_next/static/chunks/11hm_next_dist_0m6rgog._.js:2441
[  171443ms] [LOG] [DEBUG] Creando definicion de columna: {columnId: ultimoContacto, isReference: false, type: date, path: Array(1)} @ http://localhost:3000/_next/static/chunks/11hm_next_dist_0m6rgog._.js:2441
[  171443ms] [LOG] [DEBUG] Creando definicion de columna: {columnId: valorTotal, isReference: false, type: string, path: Array(1)} @ http://localhost:3000/_next/static/chunks/11hm_next_dist_0m6rgog._.js:2441
[  171443ms] [LOG] [DEBUG] Creando definicion de columna: {columnId: satisfaccion, isReference: false, type: number, path: Array(1)} @ http://localhost:3000/_next/static/chunks/11hm_next_dist_0m6rgog._.js:2441
[  171443ms] [LOG] [DEBUG] Creando definicion de columna: {columnId: activo, isReference: false, type: boolean, path: Array(1)} @ http://localhost:3000/_next/static/chunks/11hm_next_dist_0m6rgog._.js:2441
[  171443ms] [LOG] [DEBUG] Pinned column not in base order, adding: {pinnedColumnId: index, baseOrder: Array(0), result: Array(1)} @ http://localhost:3000/_next/static/chunks/11hm_next_dist_0m6rgog._.js:2441
[  171444ms] [LOG] [DEBUG] Pinned column not in base order, adding: {pinnedColumnId: index, baseOrder: Array(0), result: Array(1)} @ http://localhost:3000/_next/static/chunks/11hm_next_dist_0m6rgog._.js:2441
[  171451ms] [LOG] [DEBUG] Pinned column not in base order, adding: {pinnedColumnId: index, baseOrder: Array(0), result: Array(1)} @ http://localhost:3000/_next/static/chunks/11hm_next_dist_0m6rgog._.js:2441
[  171451ms] [LOG] [DEBUG] Pinned column not in base order, adding: {pinnedColumnId: index, baseOrder: Array(0), result: Array(1)} @ http://localhost:3000/_next/static/chunks/11hm_next_dist_0m6rgog._.js:2441
[  171486ms] [ERROR] Encountered a script tag while rendering React component. Scripts inside React components are never executed when rendering on the client. Consider using template tag instead (https://developer.mozilla.org/en-US/docs/Web/HTML/Element/template). @ :0
[  171489ms] [LOG] [DEBUG] Iniciando procesamiento por lotes: {totalRows: 25, sampleSize: 100} @ http://localhost:3000/_next/static/chunks/11hm_next_dist_0m6rgog._.js:2441
[  171489ms] [LOG] [DEBUG] Iniciando análisis de tipos por columna... @ http://localhost:3000/_next/static/chunks/11hm_next_dist_0m6rgog._.js:2441
[  171489ms] [LOG] [DEBUG] Analizando columna: id {totalValores: 25, sampleSize: 25} @ http://localhost:3000/_next/static/chunks/11hm_next_dist_0m6rgog._.js:2441
[  171489ms] [LOG] [DEBUG] Tipo inferido para id: {type: number, normalizer: } @ http://localhost:3000/_next/static/chunks/11hm_next_dist_0m6rgog._.js:2441
[  171489ms] [LOG] [DEBUG] Analizando columna: nombre {totalValores: 25, sampleSize: 25} @ http://localhost:3000/_next/static/chunks/11hm_next_dist_0m6rgog._.js:2441
[  171489ms] [LOG] [DEBUG] Tipo inferido para nombre: {type: string, normalizer: } @ http://localhost:3000/_next/static/chunks/11hm_next_dist_0m6rgog._.js:2441
[  171489ms] [LOG] [DEBUG] Analizando columna: email {totalValores: 25, sampleSize: 25} @ http://localhost:3000/_next/static/chunks/11hm_next_dist_0m6rgog._.js:2441
[  171490ms] [LOG] [DEBUG] Tipo inferido para email: {type: string, normalizer: } @ http://localhost:3000/_next/static/chunks/11hm_next_dist_0m6rgog._.js:2441
[  171490ms] [LOG] [DEBUG] Analizando columna: telefono {totalValores: 25, sampleSize: 25} @ http://localhost:3000/_next/static/chunks/11hm_next_dist_0m6rgog._.js:2441
[  171490ms] [LOG] [DEBUG] Tipo inferido para telefono: {type: string, normalizer: } @ http://localhost:3000/_next/static/chunks/11hm_next_dist_0m6rgog._.js:2441
[  171490ms] [LOG] [DEBUG] Analizando columna: ciudad {totalValores: 25, sampleSize: 25} @ http://localhost:3000/_next/static/chunks/11hm_next_dist_0m6rgog._.js:2441
[  171490ms] [LOG] [DEBUG] Tipo inferido para ciudad: {type: string, normalizer: } @ http://localhost:3000/_next/static/chunks/11hm_next_dist_0m6rgog._.js:2441
[  171490ms] [LOG] [DEBUG] Analizando columna: rol {totalValores: 25, sampleSize: 25} @ http://localhost:3000/_next/static/chunks/11hm_next_dist_0m6rgog._.js:2441
[  171490ms] [LOG] [DEBUG] Tipo inferido para rol: {type: string, normalizer: } @ http://localhost:3000/_next/static/chunks/11hm_next_dist_0m6rgog._.js:2441
[  171490ms] [LOG] [DEBUG] Analizando columna: estado {totalValores: 25, sampleSize: 25} @ http://localhost:3000/_next/static/chunks/11hm_next_dist_0m6rgog._.js:2441
[  171490ms] [LOG] [DEBUG] Tipo inferido para estado: {type: string, normalizer: } @ http://localhost:3000/_next/static/chunks/11hm_next_dist_0m6rgog._.js:2441
[  171490ms] [LOG] [DEBUG] Analizando columna: fechaRegistro {totalValores: 25, sampleSize: 25} @ http://localhost:3000/_next/static/chunks/11hm_next_dist_0m6rgog._.js:2441
[  171490ms] [LOG] [DEBUG] Tipo inferido para fechaRegistro: {type: date, normalizer: } @ http://localhost:3000/_next/static/chunks/11hm_next_dist_0m6rgog._.js:2441
[  171490ms] [LOG] [DEBUG] Analizando columna: ultimoContacto {totalValores: 25, sampleSize: 25} @ http://localhost:3000/_next/static/chunks/11hm_next_dist_0m6rgog._.js:2441
[  171490ms] [LOG] [DEBUG] Tipo inferido para ultimoContacto: {type: date, normalizer: } @ http://localhost:3000/_next/static/chunks/11hm_next_dist_0m6rgog._.js:2441
[  171490ms] [LOG] [DEBUG] Analizando columna: valorTotal {totalValores: 25, sampleSize: 25} @ http://localhost:3000/_next/static/chunks/11hm_next_dist_0m6rgog._.js:2441
[  171490ms] [LOG] [DEBUG] Tipo inferido para valorTotal: {type: string, normalizer: } @ http://localhost:3000/_next/static/chunks/11hm_next_dist_0m6rgog._.js:2441
[  171491ms] [LOG] [DEBUG] Analizando columna: satisfaccion {totalValores: 25, sampleSize: 25} @ http://localhost:3000/_next/static/chunks/11hm_next_dist_0m6rgog._.js:2441
[  171491ms] [LOG] [DEBUG] Tipo inferido para satisfaccion: {type: number, normalizer: } @ http://localhost:3000/_next/static/chunks/11hm_next_dist_0m6rgog._.js:2441
[  171491ms] [LOG] [DEBUG] Analizando columna: activo {totalValores: 25, sampleSize: 25} @ http://localhost:3000/_next/static/chunks/11hm_next_dist_0m6rgog._.js:2441
[  171491ms] [LOG] [DEBUG] Tipo inferido para activo: {type: boolean, normalizer: } @ http://localhost:3000/_next/static/chunks/11hm_next_dist_0m6rgog._.js:2441
[  171491ms] [LOG] [DEBUG] Procesando fila 0/25 @ http://localhost:3000/_next/static/chunks/11hm_next_dist_0m6rgog._.js:2441
[  171493ms] [LOG] [DEBUG] Iniciando procesamiento por lotes: {totalRows: 25, sampleSize: 100} @ http://localhost:3000/_next/static/chunks/11hm_next_dist_0m6rgog._.js:2441
[  171494ms] [LOG] [DEBUG] Iniciando análisis de tipos por columna... @ http://localhost:3000/_next/static/chunks/11hm_next_dist_0m6rgog._.js:2441
[  171494ms] [LOG] [DEBUG] Analizando columna: id {totalValores: 25, sampleSize: 25} @ http://localhost:3000/_next/static/chunks/11hm_next_dist_0m6rgog._.js:2441
[  171494ms] [LOG] [DEBUG] Tipo inferido para id: {type: number, normalizer: } @ http://localhost:3000/_next/static/chunks/11hm_next_dist_0m6rgog._.js:2441
[  171494ms] [LOG] [DEBUG] Analizando columna: nombre {totalValores: 25, sampleSize: 25} @ http://localhost:3000/_next/static/chunks/11hm_next_dist_0m6rgog._.js:2441
[  171494ms] [LOG] [DEBUG] Tipo inferido para nombre: {type: string, normalizer: } @ http://localhost:3000/_next/static/chunks/11hm_next_dist_0m6rgog._.js:2441
[  171494ms] [LOG] [DEBUG] Analizando columna: email {totalValores: 25, sampleSize: 25} @ http://localhost:3000/_next/static/chunks/11hm_next_dist_0m6rgog._.js:2441
[  171494ms] [LOG] [DEBUG] Tipo inferido para email: {type: string, normalizer: } @ http://localhost:3000/_next/static/chunks/11hm_next_dist_0m6rgog._.js:2441
[  171494ms] [LOG] [DEBUG] Analizando columna: telefono {totalValores: 25, sampleSize: 25} @ http://localhost:3000/_next/static/chunks/11hm_next_dist_0m6rgog._.js:2441
[  171494ms] [LOG] [DEBUG] Tipo inferido para telefono: {type: string, normalizer: } @ http://localhost:3000/_next/static/chunks/11hm_next_dist_0m6rgog._.js:2441
[  171494ms] [LOG] [DEBUG] Analizando columna: ciudad {totalValores: 25, sampleSize: 25} @ http://localhost:3000/_next/static/chunks/11hm_next_dist_0m6rgog._.js:2441
[  171494ms] [LOG] [DEBUG] Tipo inferido para ciudad: {type: string, normalizer: } @ http://localhost:3000/_next/static/chunks/11hm_next_dist_0m6rgog._.js:2441
[  171494ms] [LOG] [DEBUG] Analizando columna: rol {totalValores: 25, sampleSize: 25} @ http://localhost:3000/_next/static/chunks/11hm_next_dist_0m6rgog._.js:2441
[  171494ms] [LOG] [DEBUG] Tipo inferido para rol: {type: string, normalizer: } @ http://localhost:3000/_next/static/chunks/11hm_next_dist_0m6rgog._.js:2441
[  171494ms] [LOG] [DEBUG] Analizando columna: estado {totalValores: 25, sampleSize: 25} @ http://localhost:3000/_next/static/chunks/11hm_next_dist_0m6rgog._.js:2441
[  171495ms] [LOG] [DEBUG] Tipo inferido para estado: {type: string, normalizer: } @ http://localhost:3000/_next/static/chunks/11hm_next_dist_0m6rgog._.js:2441
[  171495ms] [LOG] [DEBUG] Analizando columna: fechaRegistro {totalValores: 25, sampleSize: 25} @ http://localhost:3000/_next/static/chunks/11hm_next_dist_0m6rgog._.js:2441
[  171495ms] [LOG] [DEBUG] Tipo inferido para fechaRegistro: {type: date, normalizer: } @ http://localhost:3000/_next/static/chunks/11hm_next_dist_0m6rgog._.js:2441
[  171495ms] [LOG] [DEBUG] Analizando columna: ultimoContacto {totalValores: 25, sampleSize: 25} @ http://localhost:3000/_next/static/chunks/11hm_next_dist_0m6rgog._.js:2441
[  171495ms] [LOG] [DEBUG] Tipo inferido para ultimoContacto: {type: date, normalizer: } @ http://localhost:3000/_next/static/chunks/11hm_next_dist_0m6rgog._.js:2441
[  171495ms] [LOG] [DEBUG] Analizando columna: valorTotal {totalValores: 25, sampleSize: 25} @ http://localhost:3000/_next/static/chunks/11hm_next_dist_0m6rgog._.js:2441
[  171495ms] [LOG] [DEBUG] Tipo inferido para valorTotal: {type: string, normalizer: } @ http://localhost:3000/_next/static/chunks/11hm_next_dist_0m6rgog._.js:2441
[  171495ms] [LOG] [DEBUG] Analizando columna: satisfaccion {totalValores: 25, sampleSize: 25} @ http://localhost:3000/_next/static/chunks/11hm_next_dist_0m6rgog._.js:2441
[  171495ms] [LOG] [DEBUG] Tipo inferido para satisfaccion: {type: number, normalizer: } @ http://localhost:3000/_next/static/chunks/11hm_next_dist_0m6rgog._.js:2441
[  171495ms] [LOG] [DEBUG] Analizando columna: activo {totalValores: 25, sampleSize: 25} @ http://localhost:3000/_next/static/chunks/11hm_next_dist_0m6rgog._.js:2441
[  171495ms] [LOG] [DEBUG] Tipo inferido para activo: {type: boolean, normalizer: } @ http://localhost:3000/_next/static/chunks/11hm_next_dist_0m6rgog._.js:2441
[  171495ms] [LOG] [DEBUG] Procesando fila 0/25 @ http://localhost:3000/_next/static/chunks/11hm_next_dist_0m6rgog._.js:2441
[  171498ms] [LOG] [DEBUG] Creando definicion de columna: {columnId: id, isReference: false, type: number, path: Array(1)} @ http://localhost:3000/_next/static/chunks/11hm_next_dist_0m6rgog._.js:2441
[  171498ms] [LOG] [DEBUG] Creando definicion de columna: {columnId: nombre, isReference: false, type: string, path: Array(1)} @ http://localhost:3000/_next/static/chunks/11hm_next_dist_0m6rgog._.js:2441
[  171498ms] [LOG] [DEBUG] Creando definicion de columna: {columnId: email, isReference: false, type: string, path: Array(1)} @ http://localhost:3000/_next/static/chunks/11hm_next_dist_0m6rgog._.js:2441
[  171498ms] [LOG] [DEBUG] Creando definicion de columna: {columnId: telefono, isReference: false, type: string, path: Array(1)} @ http://localhost:3000/_next/static/chunks/11hm_next_dist_0m6rgog._.js:2441
[  171498ms] [LOG] [DEBUG] Creando definicion de columna: {columnId: ciudad, isReference: false, type: string, path: Array(1)} @ http://localhost:3000/_next/static/chunks/11hm_next_dist_0m6rgog._.js:2441
[  171498ms] [LOG] [DEBUG] Creando definicion de columna: {columnId: rol, isReference: false, type: string, path: Array(1)} @ http://localhost:3000/_next/static/chunks/11hm_next_dist_0m6rgog._.js:2441
[  171498ms] [LOG] [DEBUG] Creando definicion de columna: {columnId: estado, isReference: false, type: string, path: Array(1)} @ http://localhost:3000/_next/static/chunks/11hm_next_dist_0m6rgog._.js:2441
[  171498ms] [LOG] [DEBUG] Creando definicion de columna: {columnId: fechaRegistro, isReference: false, type: date, path: Array(1)} @ http://localhost:3000/_next/static/chunks/11hm_next_dist_0m6rgog._.js:2441
[  171499ms] [LOG] [DEBUG] Creando definicion de columna: {columnId: ultimoContacto, isReference: false, type: date, path: Array(1)} @ http://localhost:3000/_next/static/chunks/11hm_next_dist_0m6rgog._.js:2441
[  171499ms] [LOG] [DEBUG] Creando definicion de columna: {columnId: valorTotal, isReference: false, type: string, path: Array(1)} @ http://localhost:3000/_next/static/chunks/11hm_next_dist_0m6rgog._.js:2441
[  171499ms] [LOG] [DEBUG] Creando definicion de columna: {columnId: satisfaccion, isReference: false, type: number, path: Array(1)} @ http://localhost:3000/_next/static/chunks/11hm_next_dist_0m6rgog._.js:2441
[  171499ms] [LOG] [DEBUG] Creando definicion de columna: {columnId: activo, isReference: false, type: boolean, path: Array(1)} @ http://localhost:3000/_next/static/chunks/11hm_next_dist_0m6rgog._.js:2441
[  171499ms] [LOG] [DEBUG] Creando definicion de columna: {columnId: id, isReference: false, type: number, path: Array(1)} @ http://localhost:3000/_next/static/chunks/11hm_next_dist_0m6rgog._.js:2441
[  171499ms] [LOG] [DEBUG] Creando definicion de columna: {columnId: nombre, isReference: false, type: string, path: Array(1)} @ http://localhost:3000/_next/static/chunks/11hm_next_dist_0m6rgog._.js:2441
[  171499ms] [LOG] [DEBUG] Creando definicion de columna: {columnId: email, isReference: false, type: string, path: Array(1)} @ http://localhost:3000/_next/static/chunks/11hm_next_dist_0m6rgog._.js:2441
[  171499ms] [LOG] [DEBUG] Creando definicion de columna: {columnId: telefono, isReference: false, type: string, path: Array(1)} @ http://localhost:3000/_next/static/chunks/11hm_next_dist_0m6rgog._.js:2441
[  171499ms] [LOG] [DEBUG] Creando definicion de columna: {columnId: ciudad, isReference: false, type: string, path: Array(1)} @ http://localhost:3000/_next/static/chunks/11hm_next_dist_0m6rgog._.js:2441
[  171499ms] [LOG] [DEBUG] Creando definicion de columna: {columnId: rol, isReference: false, type: string, path: Array(1)} @ http://localhost:3000/_next/static/chunks/11hm_next_dist_0m6rgog._.js:2441
[  171499ms] [LOG] [DEBUG] Creando definicion de columna: {columnId: estado, isReference: false, type: string, path: Array(1)} @ http://localhost:3000/_next/static/chunks/11hm_next_dist_0m6rgog._.js:2441
[  171499ms] [LOG] [DEBUG] Creando definicion de columna: {columnId: fechaRegistro, isReference: false, type: date, path: Array(1)} @ http://localhost:3000/_next/static/chunks/11hm_next_dist_0m6rgog._.js:2441
[  171499ms] [LOG] [DEBUG] Creando definicion de columna: {columnId: ultimoContacto, isReference: false, type: date, path: Array(1)} @ http://localhost:3000/_next/static/chunks/11hm_next_dist_0m6rgog._.js:2441
[  171499ms] [LOG] [DEBUG] Creando definicion de columna: {columnId: valorTotal, isReference: false, type: string, path: Array(1)} @ http://localhost:3000/_next/static/chunks/11hm_next_dist_0m6rgog._.js:2441
[  171499ms] [LOG] [DEBUG] Creando definicion de columna: {columnId: satisfaccion, isReference: false, type: number, path: Array(1)} @ http://localhost:3000/_next/static/chunks/11hm_next_dist_0m6rgog._.js:2441
[  171500ms] [LOG] [DEBUG] Creando definicion de columna: {columnId: activo, isReference: false, type: boolean, path: Array(1)} @ http://localhost:3000/_next/static/chunks/11hm_next_dist_0m6rgog._.js:2441
[  171500ms] [LOG] [DEBUG] Pinned column not in base order, adding: {pinnedColumnId: index, baseOrder: Array(0), result: Array(1)} @ http://localhost:3000/_next/static/chunks/11hm_next_dist_0m6rgog._.js:2441
[  171500ms] [LOG] [DEBUG] Pinned column not in base order, adding: {pinnedColumnId: index, baseOrder: Array(0), result: Array(1)} @ http://localhost:3000/_next/static/chunks/11hm_next_dist_0m6rgog._.js:2441
[  171507ms] [LOG] [DEBUG] Pinned column not in base order, adding: {pinnedColumnId: index, baseOrder: Array(0), result: Array(1)} @ http://localhost:3000/_next/static/chunks/11hm_next_dist_0m6rgog._.js:2441
[  171507ms] [LOG] [DEBUG] Pinned column not in base order, adding: {pinnedColumnId: index, baseOrder: Array(0), result: Array(1)} @ http://localhost:3000/_next/static/chunks/11hm_next_dist_0m6rgog._.js:2441
[  171576ms] [LOG] [DEBUG] Renderizando celda: {columnId: id, isReference: undefined, value: Object} @ http://localhost:3000/_next/static/chunks/11hm_next_dist_0m6rgog._.js:2441
[  171576ms] [LOG] [DEBUG] Renderizando celda: {columnId: id, isReference: undefined, value: Object} @ http://localhost:3000/_next/static/chunks/11hm_next_dist_0m6rgog._.js:2441
[  171576ms] [LOG] [DEBUG] Renderizando celda: {columnId: nombre, isReference: undefined, value: Object} @ http://localhost:3000/_next/static/chunks/11hm_next_dist_0m6rgog._.js:2441
[  171576ms] [LOG] [DEBUG] Renderizando celda: {columnId: nombre, isReference: undefined, value: Object} @ http://localhost:3000/_next/static/chunks/11hm_next_dist_0m6rgog._.js:2441
[  171577ms] [LOG] [DEBUG] Renderizando celda: {columnId: email, isReference: undefined, value: Object} @ http://localhost:3000/_next/static/chunks/11hm_next_dist_0m6rgog._.js:2441
[  171577ms] [LOG] [DEBUG] Renderizando celda: {columnId: email, isReference: undefined, value: Object} @ http://localhost:3000/_next/static/chunks/11hm_next_dist_0m6rgog._.js:2441
[  171577ms] [LOG] [DEBUG] Renderizando celda: {columnId: telefono, isReference: undefined, value: Object} @ http://localhost:3000/_next/static/chunks/11hm_next_dist_0m6rgog._.js:2441
[  171577ms] [LOG] [DEBUG] Renderizando celda: {columnId: telefono, isReference: undefined, value: Object} @ http://localhost:3000/_next/static/chunks/11hm_next_dist_0m6rgog._.js:2441
[  171577ms] [LOG] [DEBUG] Renderizando celda: {columnId: ciudad, isReference: undefined, value: Object} @ http://localhost:3000/_next/static/chunks/11hm_next_dist_0m6rgog._.js:2441
[  171577ms] [LOG] [DEBUG] Renderizando celda: {columnId: ciudad, isReference: undefined, value: Object} @ http://localhost:3000/_next/static/chunks/11hm_next_dist_0m6rgog._.js:2441
[  171577ms] [LOG] [DEBUG] Renderizando celda: {columnId: rol, isReference: undefined, value: Object} @ http://localhost:3000/_next/static/chunks/11hm_next_dist_0m6rgog._.js:2441
[  171577ms] [LOG] [DEBUG] Renderizando celda: {columnId: rol, isReference: undefined, value: Object} @ http://localhost:3000/_next/static/chunks/11hm_next_dist_0m6rgog._.js:2441
[  171577ms] [LOG] [DEBUG] Renderizando celda: {columnId: estado, isReference: undefined, value: Object} @ http://localhost:3000/_next/static/chunks/11hm_next_dist_0m6rgog._.js:2441
[  171577ms] [LOG] [DEBUG] Renderizando celda: {columnId: estado, isReference: undefined, value: Object} @ http://localhost:3000/_next/static/chunks/11hm_next_dist_0m6rgog._.js:2441
[  171578ms] [LOG] [DEBUG] Renderizando celda: {columnId: fechaRegistro, isReference: undefined, value: Object} @ http://localhost:3000/_next/static/chunks/11hm_next_dist_0m6rgog._.js:2441
[  171578ms] [LOG] [DEBUG] Renderizando celda: {columnId: fechaRegistro, isReference: undefined, value: Object} @ http://localhost:3000/_next/static/chunks/11hm_next_dist_0m6rgog._.js:2441
[  171578ms] [LOG] [DEBUG] Renderizando celda: {columnId: ultimoContacto, isReference: undefined, value: Object} @ http://localhost:3000/_next/static/chunks/11hm_next_dist_0m6rgog._.js:2441
[  171578ms] [LOG] [DEBUG] Renderizando celda: {columnId: ultimoContacto, isReference: undefined, value: Object} @ http://localhost:3000/_next/static/chunks/11hm_next_dist_0m6rgog._.js:2441
[  171578ms] [LOG] [DEBUG] Renderizando celda: {columnId: valorTotal, isReference: undefined, value: Object} @ http://localhost:3000/_next/static/chunks/11hm_next_dist_0m6rgog._.js:2441
[  171578ms] [LOG] [DEBUG] Renderizando celda: {columnId: valorTotal, isReference: undefined, value: Object} @ http://localhost:3000/_next/static/chunks/11hm_next_dist_0m6rgog._.js:2441
[  171578ms] [LOG] [DEBUG] Tipo corregido: string -> number {originalValue: 3840, originalType: string, detectedType: number} @ http://localhost:3000/_next/static/chunks/11hm_next_dist_0m6rgog._.js:2441
[  171578ms] [LOG] [DEBUG] Tipo corregido: string -> number {originalValue: 3840, originalType: string, detectedType: number} @ http://localhost:3000/_next/static/chunks/11hm_next_dist_0m6rgog._.js:2441
[  171578ms] [LOG] [DEBUG] Renderizando celda: {columnId: satisfaccion, isReference: undefined, value: Object} @ http://localhost:3000/_next/static/chunks/11hm_next_dist_0m6rgog._.js:2441
[  171578ms] [LOG] [DEBUG] Renderizando celda: {columnId: satisfaccion, isReference: undefined, value: Object} @ http://localhost:3000/_next/static/chunks/11hm_next_dist_0m6rgog._.js:2441
[  171579ms] [LOG] [DEBUG] Renderizando celda: {columnId: activo, isReference: undefined, value: Object} @ http://localhost:3000/_next/static/chunks/11hm_next_dist_0m6rgog._.js:2441
[  171579ms] [LOG] [DEBUG] Renderizando celda: {columnId: activo, isReference: undefined, value: Object} @ http://localhost:3000/_next/static/chunks/11hm_next_dist_0m6rgog._.js:2441
[  171579ms] [LOG] [DEBUG] Tipo corregido: boolean -> string {originalValue: true, originalType: boolean, detectedType: string} @ http://localhost:3000/_next/static/chunks/11hm_next_dist_0m6rgog._.js:2441
[  171579ms] [LOG] [DEBUG] Tipo corregido: boolean -> string {originalValue: true, originalType: boolean, detectedType: string} @ http://localhost:3000/_next/static/chunks/11hm_next_dist_0m6rgog._.js:2441
[  171585ms] [LOG] [DEBUG] Renderizando celda: {columnId: id, isReference: undefined, value: Object} @ http://localhost:3000/_next/static/chunks/11hm_next_dist_0m6rgog._.js:2441
[  171585ms] [LOG] [DEBUG] Renderizando celda: {columnId: id, isReference: undefined, value: Object} @ http://localhost:3000/_next/static/chunks/11hm_next_dist_0m6rgog._.js:2441
[  171585ms] [LOG] [DEBUG] Renderizando celda: {columnId: nombre, isReference: undefined, value: Object} @ http://localhost:3000/_next/static/chunks/11hm_next_dist_0m6rgog._.js:2441
[  171585ms] [LOG] [DEBUG] Renderizando celda: {columnId: nombre, isReference: undefined, value: Object} @ http://localhost:3000/_next/static/chunks/11hm_next_dist_0m6rgog._.js:2441
[  171585ms] [LOG] [DEBUG] Renderizando celda: {columnId: email, isReference: undefined, value: Object} @ http://localhost:3000/_next/static/chunks/11hm_next_dist_0m6rgog._.js:2441
[  171585ms] [LOG] [DEBUG] Renderizando celda: {columnId: email, isReference: undefined, value: Object} @ http://localhost:3000/_next/static/chunks/11hm_next_dist_0m6rgog._.js:2441
[  171586ms] [LOG] [DEBUG] Renderizando celda: {columnId: telefono, isReference: undefined, value: Object} @ http://localhost:3000/_next/static/chunks/11hm_next_dist_0m6rgog._.js:2441
[  171586ms] [LOG] [DEBUG] Renderizando celda: {columnId: telefono, isReference: undefined, value: Object} @ http://localhost:3000/_next/static/chunks/11hm_next_dist_0m6rgog._.js:2441
[  171586ms] [LOG] [DEBUG] Renderizando celda: {columnId: ciudad, isReference: undefined, value: Object} @ http://localhost:3000/_next/static/chunks/11hm_next_dist_0m6rgog._.js:2441
[  171586ms] [LOG] [DEBUG] Renderizando celda: {columnId: ciudad, isReference: undefined, value: Object} @ http://localhost:3000/_next/static/chunks/11hm_next_dist_0m6rgog._.js:2441
[  171586ms] [LOG] [DEBUG] Renderizando celda: {columnId: rol, isReference: undefined, value: Object} @ http://localhost:3000/_next/static/chunks/11hm_next_dist_0m6rgog._.js:2441
[  171586ms] [LOG] [DEBUG] Renderizando celda: {columnId: rol, isReference: undefined, value: Object} @ http://localhost:3000/_next/static/chunks/11hm_next_dist_0m6rgog._.js:2441
[  171586ms] [LOG] [DEBUG] Renderizando celda: {columnId: estado, isReference: undefined, value: Object} @ http://localhost:3000/_next/static/chunks/11hm_next_dist_0m6rgog._.js:2441
[  171586ms] [LOG] [DEBUG] Renderizando celda: {columnId: estado, isReference: undefined, value: Object} @ http://localhost:3000/_next/static/chunks/11hm_next_dist_0m6rgog._.js:2441
[  171586ms] [LOG] [DEBUG] Renderizando celda: {columnId: fechaRegistro, isReference: undefined, value: Object} @ http://localhost:3000/_next/static/chunks/11hm_next_dist_0m6rgog._.js:2441
[  171586ms] [LOG] [DEBUG] Renderizando celda: {columnId: fechaRegistro, isReference: undefined, value: Object} @ http://localhost:3000/_next/static/chunks/11hm_next_dist_0m6rgog._.js:2441
[  171587ms] [LOG] [DEBUG] Renderizando celda: {columnId: ultimoContacto, isReference: undefined, value: Object} @ http://localhost:3000/_next/static/chunks/11hm_next_dist_0m6rgog._.js:2441
[  171587ms] [LOG] [DEBUG] Renderizando celda: {columnId: ultimoContacto, isReference: undefined, value: Object} @ http://localhost:3000/_next/static/chunks/11hm_next_dist_0m6rgog._.js:2441
[  171587ms] [LOG] [DEBUG] Renderizando celda: {columnId: valorTotal, isReference: undefined, value: Object} @ http://localhost:3000/_next/static/chunks/11hm_next_dist_0m6rgog._.js:2441
[  171587ms] [LOG] [DEBUG] Renderizando celda: {columnId: valorTotal, isReference: undefined, value: Object} @ http://localhost:3000/_next/static/chunks/11hm_next_dist_0m6rgog._.js:2441
[  171587ms] [LOG] [DEBUG] Tipo corregido: string -> number {originalValue: 6120, originalType: string, detectedType: number} @ http://localhost:3000/_next/static/chunks/11hm_next_dist_0m6rgog._.js:2441
[  171587ms] [LOG] [DEBUG] Tipo corregido: string -> number {originalValue: 6120, originalType: string, detectedType: number} @ http://localhost:3000/_next/static/chunks/11hm_next_dist_0m6rgog._.js:2441
[  171587ms] [LOG] [DEBUG] Renderizando celda: {columnId: satisfaccion, isReference: undefined, value: Object} @ http://localhost:3000/_next/static/chunks/11hm_next_dist_0m6rgog._.js:2441
[  171587ms] [LOG] [DEBUG] Renderizando celda: {columnId: satisfaccion, isReference: undefined, value: Object} @ http://localhost:3000/_next/static/chunks/11hm_next_dist_0m6rgog._.js:2441
[  171587ms] [LOG] [DEBUG] Renderizando celda: {columnId: activo, isReference: undefined, value: Object} @ http://localhost:3000/_next/static/chunks/11hm_next_dist_0m6rgog._.js:2441
[  171587ms] [LOG] [DEBUG] Renderizando celda: {columnId: activo, isReference: undefined, value: Object} @ http://localhost:3000/_next/static/chunks/11hm_next_dist_0m6rgog._.js:2441
[  171587ms] [LOG] [DEBUG] Tipo corregido: boolean -> string {originalValue: true, originalType: boolean, detectedType: string} @ http://localhost:3000/_next/static/chunks/11hm_next_dist_0m6rgog._.js:2441
[  171587ms] [LOG] [DEBUG] Tipo corregido: boolean -> string {originalValue: true, originalType: boolean, detectedType: string} @ http://localhost:3000/_next/static/chunks/11hm_next_dist_0m6rgog._.js:2441
[  171593ms] [LOG] [DEBUG] Renderizando celda: {columnId: id, isReference: undefined, value: Object} @ http://localhost:3000/_next/static/chunks/11hm_next_dist_0m6rgog._.js:2441
[  171593ms] [LOG] [DEBUG] Renderizando celda: {columnId: id, isReference: undefined, value: Object} @ http://localhost:3000/_next/static/chunks/11hm_next_dist_0m6rgog._.js:2441
[  171593ms] [LOG] [DEBUG] Renderizando celda: {columnId: nombre, isReference: undefined, value: Object} @ http://localhost:3000/_next/static/chunks/11hm_next_dist_0m6rgog._.js:2441
[  171593ms] [LOG] [DEBUG] Renderizando celda: {columnId: nombre, isReference: undefined, value: Object} @ http://localhost:3000/_next/static/chunks/11hm_next_dist_0m6rgog._.js:2441
[  171593ms] [LOG] [DEBUG] Renderizando celda: {columnId: email, isReference: undefined, value: Object} @ http://localhost:3000/_next/static/chunks/11hm_next_dist_0m6rgog._.js:2441
[  171593ms] [LOG] [DEBUG] Renderizando celda: {columnId: email, isReference: undefined, value: Object} @ http://localhost:3000/_next/static/chunks/11hm_next_dist_0m6rgog._.js:2441
[  171593ms] [LOG] [DEBUG] Renderizando celda: {columnId: telefono, isReference: undefined, value: Object} @ http://localhost:3000/_next/static/chunks/11hm_next_dist_0m6rgog._.js:2441
[  171593ms] [LOG] [DEBUG] Renderizando celda: {columnId: telefono, isReference: undefined, value: Object} @ http://localhost:3000/_next/static/chunks/11hm_next_dist_0m6rgog._.js:2441
[  171594ms] [LOG] [DEBUG] Renderizando celda: {columnId: ciudad, isReference: undefined, value: Object} @ http://localhost:3000/_next/static/chunks/11hm_next_dist_0m6rgog._.js:2441
[  171594ms] [LOG] [DEBUG] Renderizando celda: {columnId: ciudad, isReference: undefined, value: Object} @ http://localhost:3000/_next/static/chunks/11hm_next_dist_0m6rgog._.js:2441
[  171594ms] [LOG] [DEBUG] Renderizando celda: {columnId: rol, isReference: undefined, value: Object} @ http://localhost:3000/_next/static/chunks/11hm_next_dist_0m6rgog._.js:2441
[  171594ms] [LOG] [DEBUG] Renderizando celda: {columnId: rol, isReference: undefined, value: Object} @ http://localhost:3000/_next/static/chunks/11hm_next_dist_0m6rgog._.js:2441
[  171594ms] [LOG] [DEBUG] Renderizando celda: {columnId: estado, isReference: undefined, value: Object} @ http://localhost:3000/_next/static/chunks/11hm_next_dist_0m6rgog._.js:2441
[  171594ms] [LOG] [DEBUG] Renderizando celda: {columnId: estado, isReference: undefined, value: Object} @ http://localhost:3000/_next/static/chunks/11hm_next_dist_0m6rgog._.js:2441
[  171594ms] [LOG] [DEBUG] Renderizando celda: {columnId: fechaRegistro, isReference: undefined, value: Object} @ http://localhost:3000/_next/static/chunks/11hm_next_dist_0m6rgog._.js:2441
[  171594ms] [LOG] [DEBUG] Renderizando celda: {columnId: fechaRegistro, isReference: undefined, value: Object} @ http://localhost:3000/_next/static/chunks/11hm_next_dist_0m6rgog._.js:2441
[  171594ms] [LOG] [DEBUG] Renderizando celda: {columnId: ultimoContacto, isReference: undefined, value: Object} @ http://localhost:3000/_next/static/chunks/11hm_next_dist_0m6rgog._.js:2441
[  171594ms] [LOG] [DEBUG] Renderizando celda: {columnId: ultimoContacto, isReference: undefined, value: Object} @ http://localhost:3000/_next/static/chunks/11hm_next_dist_0m6rgog._.js:2441
[  171594ms] [LOG] [DEBUG] Renderizando celda: {columnId: valorTotal, isReference: undefined, value: Object} @ http://localhost:3000/_next/static/chunks/11hm_next_dist_0m6rgog._.js:2441
[  171595ms] [LOG] [DEBUG] Renderizando celda: {columnId: valorTotal, isReference: undefined, value: Object} @ http://localhost:3000/_next/static/chunks/11hm_next_dist_0m6rgog._.js:2441
[  171595ms] [LOG] [DEBUG] Tipo corregido: string -> number {originalValue: 0, originalType: string, detectedType: number} @ http://localhost:3000/_next/static/chunks/11hm_next_dist_0m6rgog._.js:2441
[  171595ms] [LOG] [DEBUG] Tipo corregido: string -> number {originalValue: 0, originalType: string, detectedType: number} @ http://localhost:3000/_next/static/chunks/11hm_next_dist_0m6rgog._.js:2441
[  171595ms] [LOG] [DEBUG] Renderizando celda: {columnId: satisfaccion, isReference: undefined, value: Object} @ http://localhost:3000/_next/static/chunks/11hm_next_dist_0m6rgog._.js:2441
[  171595ms] [LOG] [DEBUG] Renderizando celda: {columnId: satisfaccion, isReference: undefined, value: Object} @ http://localhost:3000/_next/static/chunks/11hm_next_dist_0m6rgog._.js:2441
[  171595ms] [LOG] [DEBUG] Renderizando celda: {columnId: activo, isReference: undefined, value: Object} @ http://localhost:3000/_next/static/chunks/11hm_next_dist_0m6rgog._.js:2441
[  171595ms] [LOG] [DEBUG] Renderizando celda: {columnId: activo, isReference: undefined, value: Object} @ http://localhost:3000/_next/static/chunks/11hm_next_dist_0m6rgog._.js:2441
[  171595ms] [LOG] [DEBUG] Tipo corregido: boolean -> string {originalValue: false, originalType: boolean, detectedType: string} @ http://localhost:3000/_next/static/chunks/11hm_next_dist_0m6rgog._.js:2441
[  171595ms] [LOG] [DEBUG] Tipo corregido: boolean -> string {originalValue: false, originalType: boolean, detectedType: string} @ http://localhost:3000/_next/static/chunks/11hm_next_dist_0m6rgog._.js:2441
[  171606ms] [LOG] [DEBUG] Renderizando celda: {columnId: id, isReference: undefined, value: Object} @ http://localhost:3000/_next/static/chunks/11hm_next_dist_0m6rgog._.js:2441
[  171606ms] [LOG] [DEBUG] Renderizando celda: {columnId: id, isReference: undefined, value: Object} @ http://localhost:3000/_next/static/chunks/11hm_next_dist_0m6rgog._.js:2441
[  171607ms] [LOG] [DEBUG] Renderizando celda: {columnId: nombre, isReference: undefined, value: Object} @ http://localhost:3000/_next/static/chunks/11hm_next_dist_0m6rgog._.js:2441
[  171607ms] [LOG] [DEBUG] Renderizando celda: {columnId: nombre, isReference: undefined, value: Object} @ http://localhost:3000/_next/static/chunks/11hm_next_dist_0m6rgog._.js:2441
[  171607ms] [LOG] [DEBUG] Renderizando celda: {columnId: email, isReference: undefined, value: Object} @ http://localhost:3000/_next/static/chunks/11hm_next_dist_0m6rgog._.js:2441
[  171607ms] [LOG] [DEBUG] Renderizando celda: {columnId: email, isReference: undefined, value: Object} @ http://localhost:3000/_next/static/chunks/11hm_next_dist_0m6rgog._.js:2441
[  171607ms] [LOG] [DEBUG] Renderizando celda: {columnId: telefono, isReference: undefined, value: Object} @ http://localhost:3000/_next/static/chunks/11hm_next_dist_0m6rgog._.js:2441
[  171607ms] [LOG] [DEBUG] Renderizando celda: {columnId: telefono, isReference: undefined, value: Object} @ http://localhost:3000/_next/static/chunks/11hm_next_dist_0m6rgog._.js:2441
[  171607ms] [LOG] [DEBUG] Renderizando celda: {columnId: ciudad, isReference: undefined, value: Object} @ http://localhost:3000/_next/static/chunks/11hm_next_dist_0m6rgog._.js:2441
[  171607ms] [LOG] [DEBUG] Renderizando celda: {columnId: ciudad, isReference: undefined, value: Object} @ http://localhost:3000/_next/static/chunks/11hm_next_dist_0m6rgog._.js:2441
[  171607ms] [LOG] [DEBUG] Renderizando celda: {columnId: rol, isReference: undefined, value: Object} @ http://localhost:3000/_next/static/chunks/11hm_next_dist_0m6rgog._.js:2441
[  171607ms] [LOG] [DEBUG] Renderizando celda: {columnId: rol, isReference: undefined, value: Object} @ http://localhost:3000/_next/static/chunks/11hm_next_dist_0m6rgog._.js:2441
[  171607ms] [LOG] [DEBUG] Renderizando celda: {columnId: estado, isReference: undefined, value: Object} @ http://localhost:3000/_next/static/chunks/11hm_next_dist_0m6rgog._.js:2441
[  171607ms] [LOG] [DEBUG] Renderizando celda: {columnId: estado, isReference: undefined, value: Object} @ http://localhost:3000/_next/static/chunks/11hm_next_dist_0m6rgog._.js:2441
[  171607ms] [LOG] [DEBUG] Renderizando celda: {columnId: fechaRegistro, isReference: undefined, value: Object} @ http://localhost:3000/_next/static/chunks/11hm_next_dist_0m6rgog._.js:2441
[  171607ms] [LOG] [DEBUG] Renderizando celda: {columnId: fechaRegistro, isReference: undefined, value: Object} @ http://localhost:3000/_next/static/chunks/11hm_next_dist_0m6rgog._.js:2441
[  171608ms] [LOG] [DEBUG] Renderizando celda: {columnId: ultimoContacto, isReference: undefined, value: Object} @ http://localhost:3000/_next/static/chunks/11hm_next_dist_0m6rgog._.js:2441
[  171608ms] [LOG] [DEBUG] Renderizando celda: {columnId: ultimoContacto, isReference: undefined, value: Object} @ http://localhost:3000/_next/static/chunks/11hm_next_dist_0m6rgog._.js:2441
[  171608ms] [LOG] [DEBUG] Renderizando celda: {columnId: valorTotal, isReference: undefined, value: Object} @ http://localhost:3000/_next/static/chunks/11hm_next_dist_0m6rgog._.js:2441
[  171608ms] [LOG] [DEBUG] Renderizando celda: {columnId: valorTotal, isReference: undefined, value: Object} @ http://localhost:3000/_next/static/chunks/11hm_next_dist_0m6rgog._.js:2441
[  171608ms] [LOG] [DEBUG] Tipo corregido: string -> number {originalValue: 2280, originalType: string, detectedType: number} @ http://localhost:3000/_next/static/chunks/11hm_next_dist_0m6rgog._.js:2441
[  171608ms] [LOG] [DEBUG] Tipo corregido: string -> number {originalValue: 2280, originalType: string, detectedType: number} @ http://localhost:3000/_next/static/chunks/11hm_next_dist_0m6rgog._.js:2441
[  171608ms] [LOG] [DEBUG] Renderizando celda: {columnId: satisfaccion, isReference: undefined, value: Object} @ http://localhost:3000/_next/static/chunks/11hm_next_dist_0m6rgog._.js:2441
[  171608ms] [LOG] [DEBUG] Renderizando celda: {columnId: satisfaccion, isReference: undefined, value: Object} @ http://localhost:3000/_next/static/chunks/11hm_next_dist_0m6rgog._.js:2441
[  171608ms] [LOG] [DEBUG] Renderizando celda: {columnId: activo, isReference: undefined, value: Object} @ http://localhost:3000/_next/static/chunks/11hm_next_dist_0m6rgog._.js:2441
[  171608ms] [LOG] [DEBUG] Renderizando celda: {columnId: activo, isReference: undefined, value: Object} @ http://localhost:3000/_next/static/chunks/11hm_next_dist_0m6rgog._.js:2441
[  171608ms] [LOG] [DEBUG] Tipo corregido: boolean -> string {originalValue: false, originalType: boolean, detectedType: string} @ http://localhost:3000/_next/static/chunks/11hm_next_dist_0m6rgog._.js:2441
[  171608ms] [LOG] [DEBUG] Tipo corregido: boolean -> string {originalValue: false, originalType: boolean, detectedType: string} @ http://localhost:3000/_next/static/chunks/11hm_next_dist_0m6rgog._.js:2441
[  171609ms] [LOG] [DEBUG] Renderizando celda: {columnId: id, isReference: undefined, value: Object} @ http://localhost:3000/_next/static/chunks/11hm_next_dist_0m6rgog._.js:2441
[  171609ms] [LOG] [DEBUG] Renderizando celda: {columnId: id, isReference: undefined, value: Object} @ http://localhost:3000/_next/static/chunks/11hm_next_dist_0m6rgog._.js:2441
[  171609ms] [LOG] [DEBUG] Renderizando celda: {columnId: nombre, isReference: undefined, value: Object} @ http://localhost:3000/_next/static/chunks/11hm_next_dist_0m6rgog._.js:2441
[  171609ms] [LOG] [DEBUG] Renderizando celda: {columnId: nombre, isReference: undefined, value: Object} @ http://localhost:3000/_next/static/chunks/11hm_next_dist_0m6rgog._.js:2441
[  171609ms] [LOG] [DEBUG] Renderizando celda: {columnId: email, isReference: undefined, value: Object} @ http://localhost:3000/_next/static/chunks/11hm_next_dist_0m6rgog._.js:2441
[  171609ms] [LOG] [DEBUG] Renderizando celda: {columnId: email, isReference: undefined, value: Object} @ http://localhost:3000/_next/static/chunks/11hm_next_dist_0m6rgog._.js:2441
[  171610ms] [LOG] [DEBUG] Renderizando celda: {columnId: telefono, isReference: undefined, value: Object} @ http://localhost:3000/_next/static/chunks/11hm_next_dist_0m6rgog._.js:2441
[  171610ms] [LOG] [DEBUG] Renderizando celda: {columnId: telefono, isReference: undefined, value: Object} @ http://localhost:3000/_next/static/chunks/11hm_next_dist_0m6rgog._.js:2441
[  171610ms] [LOG] [DEBUG] Renderizando celda: {columnId: ciudad, isReference: undefined, value: Object} @ http://localhost:3000/_next/static/chunks/11hm_next_dist_0m6rgog._.js:2441
[  171610ms] [LOG] [DEBUG] Renderizando celda: {columnId: ciudad, isReference: undefined, value: Object} @ http://localhost:3000/_next/static/chunks/11hm_next_dist_0m6rgog._.js:2441
[  171610ms] [LOG] [DEBUG] Renderizando celda: {columnId: rol, isReference: undefined, value: Object} @ http://localhost:3000/_next/static/chunks/11hm_next_dist_0m6rgog._.js:2441
[  171610ms] [LOG] [DEBUG] Renderizando celda: {columnId: rol, isReference: undefined, value: Object} @ http://localhost:3000/_next/static/chunks/11hm_next_dist_0m6rgog._.js:2441
[  171610ms] [LOG] [DEBUG] Renderizando celda: {columnId: estado, isReference: undefined, value: Object} @ http://localhost:3000/_next/static/chunks/11hm_next_dist_0m6rgog._.js:2441
[  171610ms] [LOG] [DEBUG] Renderizando celda: {columnId: estado, isReference: undefined, value: Object} @ http://localhost:3000/_next/static/chunks/11hm_next_dist_0m6rgog._.js:2441
[  171610ms] [LOG] [DEBUG] Renderizando celda: {columnId: fechaRegistro, isReference: undefined, value: Object} @ http://localhost:3000/_next/static/chunks/11hm_next_dist_0m6rgog._.js:2441
[  171610ms] [LOG] [DEBUG] Renderizando celda: {columnId: fechaRegistro, isReference: undefined, value: Object} @ http://localhost:3000/_next/static/chunks/11hm_next_dist_0m6rgog._.js:2441
[  171610ms] [LOG] [DEBUG] Renderizando celda: {columnId: ultimoContacto, isReference: undefined, value: Object} @ http://localhost:3000/_next/static/chunks/11hm_next_dist_0m6rgog._.js:2441
[  171610ms] [LOG] [DEBUG] Renderizando celda: {columnId: ultimoContacto, isReference: undefined, value: Object} @ http://localhost:3000/_next/static/chunks/11hm_next_dist_0m6rgog._.js:2441
[  171610ms] [LOG] [DEBUG] Renderizando celda: {columnId: valorTotal, isReference: undefined, value: Object} @ http://localhost:3000/_next/static/chunks/11hm_next_dist_0m6rgog._.js:2441
[  171610ms] [LOG] [DEBUG] Renderizando celda: {columnId: valorTotal, isReference: undefined, value: Object} @ http://localhost:3000/_next/static/chunks/11hm_next_dist_0m6rgog._.js:2441
[  171610ms] [LOG] [DEBUG] Tipo corregido: string -> number {originalValue: 4560, originalType: string, detectedType: number} @ http://localhost:3000/_next/static/chunks/11hm_next_dist_0m6rgog._.js:2441
[  171610ms] [LOG] [DEBUG] Tipo corregido: string -> number {originalValue: 4560, originalType: string, detectedType: number} @ http://localhost:3000/_next/static/chunks/11hm_next_dist_0m6rgog._.js:2441
[  171611ms] [LOG] [DEBUG] Renderizando celda: {columnId: satisfaccion, isReference: undefined, value: Object} @ http://localhost:3000/_next/static/chunks/11hm_next_dist_0m6rgog._.js:2441
[  171611ms] [LOG] [DEBUG] Renderizando celda: {columnId: satisfaccion, isReference: undefined, value: Object} @ http://localhost:3000/_next/static/chunks/11hm_next_dist_0m6rgog._.js:2441
[  171611ms] [LOG] [DEBUG] Renderizando celda: {columnId: activo, isReference: undefined, value: Object} @ http://localhost:3000/_next/static/chunks/11hm_next_dist_0m6rgog._.js:2441
[  171611ms] [LOG] [DEBUG] Renderizando celda: {columnId: activo, isReference: undefined, value: Object} @ http://localhost:3000/_next/static/chunks/11hm_next_dist_0m6rgog._.js:2441
[  171611ms] [LOG] [DEBUG] Tipo corregido: boolean -> string {originalValue: true, originalType: boolean, detectedType: string} @ http://localhost:3000/_next/static/chunks/11hm_next_dist_0m6rgog._.js:2441
[  171611ms] [LOG] [DEBUG] Tipo corregido: boolean -> string {originalValue: true, originalType: boolean, detectedType: string} @ http://localhost:3000/_next/static/chunks/11hm_next_dist_0m6rgog._.js:2441
[  171612ms] [LOG] [DEBUG] Renderizando celda: {columnId: id, isReference: undefined, value: Object} @ http://localhost:3000/_next/static/chunks/11hm_next_dist_0m6rgog._.js:2441
[  171612ms] [LOG] [DEBUG] Renderizando celda: {columnId: id, isReference: undefined, value: Object} @ http://localhost:3000/_next/static/chunks/11hm_next_dist_0m6rgog._.js:2441
[  171612ms] [LOG] [DEBUG] Renderizando celda: {columnId: nombre, isReference: undefined, value: Object} @ http://localhost:3000/_next/static/chunks/11hm_next_dist_0m6rgog._.js:2441
[  171612ms] [LOG] [DEBUG] Renderizando celda: {columnId: nombre, isReference: undefined, value: Object} @ http://localhost:3000/_next/static/chunks/11hm_next_dist_0m6rgog._.js:2441
[  171612ms] [LOG] [DEBUG] Renderizando celda: {columnId: email, isReference: undefined, value: Object} @ http://localhost:3000/_next/static/chunks/11hm_next_dist_0m6rgog._.js:2441
[  171612ms] [LOG] [DEBUG] Renderizando celda: {columnId: email, isReference: undefined, value: Object} @ http://localhost:3000/_next/static/chunks/11hm_next_dist_0m6rgog._.js:2441
[  171612ms] [LOG] [DEBUG] Renderizando celda: {columnId: telefono, isReference: undefined, value: Object} @ http://localhost:3000/_next/static/chunks/11hm_next_dist_0m6rgog._.js:2441
[  171612ms] [LOG] [DEBUG] Renderizando celda: {columnId: telefono, isReference: undefined, value: Object} @ http://localhost:3000/_next/static/chunks/11hm_next_dist_0m6rgog._.js:2441
[  171612ms] [LOG] [DEBUG] Renderizando celda: {columnId: ciudad, isReference: undefined, value: Object} @ http://localhost:3000/_next/static/chunks/11hm_next_dist_0m6rgog._.js:2441
[  171612ms] [LOG] [DEBUG] Renderizando celda: {columnId: ciudad, isReference: undefined, value: Object} @ http://localhost:3000/_next/static/chunks/11hm_next_dist_0m6rgog._.js:2441
[  171612ms] [LOG] [DEBUG] Renderizando celda: {columnId: rol, isReference: undefined, value: Object} @ http://localhost:3000/_next/static/chunks/11hm_next_dist_0m6rgog._.js:2441
[  171612ms] [LOG] [DEBUG] Renderizando celda: {columnId: rol, isReference: undefined, value: Object} @ http://localhost:3000/_next/static/chunks/11hm_next_dist_0m6rgog._.js:2441
[  171612ms] [LOG] [DEBUG] Renderizando celda: {columnId: estado, isReference: undefined, value: Object} @ http://localhost:3000/_next/static/chunks/11hm_next_dist_0m6rgog._.js:2441
[  171612ms] [LOG] [DEBUG] Renderizando celda: {columnId: estado, isReference: undefined, value: Object} @ http://localhost:3000/_next/static/chunks/11hm_next_dist_0m6rgog._.js:2441
[  171613ms] [LOG] [DEBUG] Renderizando celda: {columnId: fechaRegistro, isReference: undefined, value: Object} @ http://localhost:3000/_next/static/chunks/11hm_next_dist_0m6rgog._.js:2441
[  171613ms] [LOG] [DEBUG] Renderizando celda: {columnId: fechaRegistro, isReference: undefined, value: Object} @ http://localhost:3000/_next/static/chunks/11hm_next_dist_0m6rgog._.js:2441
[  171613ms] [LOG] [DEBUG] Renderizando celda: {columnId: ultimoContacto, isReference: undefined, value: Object} @ http://localhost:3000/_next/static/chunks/11hm_next_dist_0m6rgog._.js:2441
[  171613ms] [LOG] [DEBUG] Renderizando celda: {columnId: ultimoContacto, isReference: undefined, value: Object} @ http://localhost:3000/_next/static/chunks/11hm_next_dist_0m6rgog._.js:2441
[  171613ms] [LOG] [DEBUG] Renderizando celda: {columnId: valorTotal, isReference: undefined, value: Object} @ http://localhost:3000/_next/static/chunks/11hm_next_dist_0m6rgog._.js:2441
[  171613ms] [LOG] [DEBUG] Renderizando celda: {columnId: valorTotal, isReference: undefined, value: Object} @ http://localhost:3000/_next/static/chunks/11hm_next_dist_0m6rgog._.js:2441
[  171613ms] [LOG] [DEBUG] Renderizando celda: {columnId: satisfaccion, isReference: undefined, value: Object} @ http://localhost:3000/_next/static/chunks/11hm_next_dist_0m6rgog._.js:2441
[  171613ms] [LOG] [DEBUG] Renderizando celda: {columnId: satisfaccion, isReference: undefined, value: Object} @ http://localhost:3000/_next/static/chunks/11hm_next_dist_0m6rgog._.js:2441
[  171613ms] [LOG] [DEBUG] Renderizando celda: {columnId: activo, isReference: undefined, value: Object} @ http://localhost:3000/_next/static/chunks/11hm_next_dist_0m6rgog._.js:2441
[  171613ms] [LOG] [DEBUG] Renderizando celda: {columnId: activo, isReference: undefined, value: Object} @ http://localhost:3000/_next/static/chunks/11hm_next_dist_0m6rgog._.js:2441
[  171613ms] [LOG] [DEBUG] Tipo corregido: boolean -> string {originalValue: true, originalType: boolean, detectedType: string} @ http://localhost:3000/_next/static/chunks/11hm_next_dist_0m6rgog._.js:2441
[  171613ms] [LOG] [DEBUG] Tipo corregido: boolean -> string {originalValue: true, originalType: boolean, detectedType: string} @ http://localhost:3000/_next/static/chunks/11hm_next_dist_0m6rgog._.js:2441
[  171614ms] [LOG] [DEBUG] Renderizando celda: {columnId: id, isReference: undefined, value: Object} @ http://localhost:3000/_next/static/chunks/11hm_next_dist_0m6rgog._.js:2441
[  171614ms] [LOG] [DEBUG] Renderizando celda: {columnId: id, isReference: undefined, value: Object} @ http://localhost:3000/_next/static/chunks/11hm_next_dist_0m6rgog._.js:2441
[  171614ms] [LOG] [DEBUG] Renderizando celda: {columnId: nombre, isReference: undefined, value: Object} @ http://localhost:3000/_next/static/chunks/11hm_next_dist_0m6rgog._.js:2441
[  171614ms] [LOG] [DEBUG] Renderizando celda: {columnId: nombre, isReference: undefined, value: Object} @ http://localhost:3000/_next/static/chunks/11hm_next_dist_0m6rgog._.js:2441
[  171614ms] [LOG] [DEBUG] Renderizando celda: {columnId: email, isReference: undefined, value: Object} @ http://localhost:3000/_next/static/chunks/11hm_next_dist_0m6rgog._.js:2441
[  171614ms] [LOG] [DEBUG] Renderizando celda: {columnId: email, isReference: undefined, value: Object} @ http://localhost:3000/_next/static/chunks/11hm_next_dist_0m6rgog._.js:2441
[  171615ms] [LOG] [DEBUG] Renderizando celda: {columnId: telefono, isReference: undefined, value: Object} @ http://localhost:3000/_next/static/chunks/11hm_next_dist_0m6rgog._.js:2441
[  171615ms] [LOG] [DEBUG] Renderizando celda: {columnId: telefono, isReference: undefined, value: Object} @ http://localhost:3000/_next/static/chunks/11hm_next_dist_0m6rgog._.js:2441
[  171615ms] [LOG] [DEBUG] Renderizando celda: {columnId: ciudad, isReference: undefined, value: Object} @ http://localhost:3000/_next/static/chunks/11hm_next_dist_0m6rgog._.js:2441
[  171615ms] [LOG] [DEBUG] Renderizando celda: {columnId: ciudad, isReference: undefined, value: Object} @ http://localhost:3000/_next/static/chunks/11hm_next_dist_0m6rgog._.js:2441
[  171615ms] [LOG] [DEBUG] Renderizando celda: {columnId: rol, isReference: undefined, value: Object} @ http://localhost:3000/_next/static/chunks/11hm_next_dist_0m6rgog._.js:2441
[  171615ms] [LOG] [DEBUG] Renderizando celda: {columnId: rol, isReference: undefined, value: Object} @ http://localhost:3000/_next/static/chunks/11hm_next_dist_0m6rgog._.js:2441
[  171615ms] [LOG] [DEBUG] Renderizando celda: {columnId: estado, isReference: undefined, value: Object} @ http://localhost:3000/_next/static/chunks/11hm_next_dist_0m6rgog._.js:2441
[  171615ms] [LOG] [DEBUG] Renderizando celda: {columnId: estado, isReference: undefined, value: Object} @ http://localhost:3000/_next/static/chunks/11hm_next_dist_0m6rgog._.js:2441
[  171615ms] [LOG] [DEBUG] Renderizando celda: {columnId: fechaRegistro, isReference: undefined, value: Object} @ http://localhost:3000/_next/static/chunks/11hm_next_dist_0m6rgog._.js:2441
[  171615ms] [LOG] [DEBUG] Renderizando celda: {columnId: fechaRegistro, isReference: undefined, value: Object} @ http://localhost:3000/_next/static/chunks/11hm_next_dist_0m6rgog._.js:2441
[  171615ms] [LOG] [DEBUG] Renderizando celda: {columnId: ultimoContacto, isReference: undefined, value: Object} @ http://localhost:3000/_next/static/chunks/11hm_next_dist_0m6rgog._.js:2441
[  171615ms] [LOG] [DEBUG] Renderizando celda: {columnId: ultimoContacto, isReference: undefined, value: Object} @ http://localhost:3000/_next/static/chunks/11hm_next_dist_0m6rgog._.js:2441
[  171615ms] [LOG] [DEBUG] Renderizando celda: {columnId: valorTotal, isReference: undefined, value: Object} @ http://localhost:3000/_next/static/chunks/11hm_next_dist_0m6rgog._.js:2441
[  171615ms] [LOG] [DEBUG] Renderizando celda: {columnId: valorTotal, isReference: undefined, value: Object} @ http://localhost:3000/_next/static/chunks/11hm_next_dist_0m6rgog._.js:2441
[  171615ms] [LOG] [DEBUG] Tipo corregido: string -> number {originalValue: 0, originalType: string, detectedType: number} @ http://localhost:3000/_next/static/chunks/11hm_next_dist_0m6rgog._.js:2441
[  171615ms] [LOG] [DEBUG] Tipo corregido: string -> number {originalValue: 0, originalType: string, detectedType: number} @ http://localhost:3000/_next/static/chunks/11hm_next_dist_0m6rgog._.js:2441
[  171616ms] [LOG] [DEBUG] Renderizando celda: {columnId: satisfaccion, isReference: undefined, value: Object} @ http://localhost:3000/_next/static/chunks/11hm_next_dist_0m6rgog._.js:2441
[  171616ms] [LOG] [DEBUG] Renderizando celda: {columnId: satisfaccion, isReference: undefined, value: Object} @ http://localhost:3000/_next/static/chunks/11hm_next_dist_0m6rgog._.js:2441
[  171616ms] [LOG] [DEBUG] Renderizando celda: {columnId: activo, isReference: undefined, value: Object} @ http://localhost:3000/_next/static/chunks/11hm_next_dist_0m6rgog._.js:2441
[  171616ms] [LOG] [DEBUG] Renderizando celda: {columnId: activo, isReference: undefined, value: Object} @ http://localhost:3000/_next/static/chunks/11hm_next_dist_0m6rgog._.js:2441
[  171616ms] [LOG] [DEBUG] Tipo corregido: boolean -> string {originalValue: false, originalType: boolean, detectedType: string} @ http://localhost:3000/_next/static/chunks/11hm_next_dist_0m6rgog._.js:2441
[  171616ms] [LOG] [DEBUG] Tipo corregido: boolean -> string {originalValue: false, originalType: boolean, detectedType: string} @ http://localhost:3000/_next/static/chunks/11hm_next_dist_0m6rgog._.js:2441
[  171617ms] [LOG] [DEBUG] Renderizando celda: {columnId: id, isReference: undefined, value: Object} @ http://localhost:3000/_next/static/chunks/11hm_next_dist_0m6rgog._.js:2441
[  171617ms] [LOG] [DEBUG] Renderizando celda: {columnId: id, isReference: undefined, value: Object} @ http://localhost:3000/_next/static/chunks/11hm_next_dist_0m6rgog._.js:2441
[  171617ms] [LOG] [DEBUG] Renderizando celda: {columnId: nombre, isReference: undefined, value: Object} @ http://localhost:3000/_next/static/chunks/11hm_next_dist_0m6rgog._.js:2441
[  171617ms] [LOG] [DEBUG] Renderizando celda: {columnId: nombre, isReference: undefined, value: Object} @ http://localhost:3000/_next/static/chunks/11hm_next_dist_0m6rgog._.js:2441
[  171617ms] [LOG] [DEBUG] Renderizando celda: {columnId: email, isReference: undefined, value: Object} @ http://localhost:3000/_next/static/chunks/11hm_next_dist_0m6rgog._.js:2441
[  171617ms] [LOG] [DEBUG] Renderizando celda: {columnId: email, isReference: undefined, value: Object} @ http://localhost:3000/_next/static/chunks/11hm_next_dist_0m6rgog._.js:2441
[  171617ms] [LOG] [DEBUG] Renderizando celda: {columnId: telefono, isReference: undefined, value: Object} @ http://localhost:3000/_next/static/chunks/11hm_next_dist_0m6rgog._.js:2441
[  171617ms] [LOG] [DEBUG] Renderizando celda: {columnId: telefono, isReference: undefined, value: Object} @ http://localhost:3000/_next/static/chunks/11hm_next_dist_0m6rgog._.js:2441
[  171617ms] [LOG] [DEBUG] Renderizando celda: {columnId: ciudad, isReference: undefined, value: Object} @ http://localhost:3000/_next/static/chunks/11hm_next_dist_0m6rgog._.js:2441
[  171617ms] [LOG] [DEBUG] Renderizando celda: {columnId: ciudad, isReference: undefined, value: Object} @ http://localhost:3000/_next/static/chunks/11hm_next_dist_0m6rgog._.js:2441
[  171617ms] [LOG] [DEBUG] Renderizando celda: {columnId: rol, isReference: undefined, value: Object} @ http://localhost:3000/_next/static/chunks/11hm_next_dist_0m6rgog._.js:2441
[  171617ms] [LOG] [DEBUG] Renderizando celda: {columnId: rol, isReference: undefined, value: Object} @ http://localhost:3000/_next/static/chunks/11hm_next_dist_0m6rgog._.js:2441
[  171617ms] [LOG] [DEBUG] Renderizando celda: {columnId: estado, isReference: undefined, value: Object} @ http://localhost:3000/_next/static/chunks/11hm_next_dist_0m6rgog._.js:2441
[  171617ms] [LOG] [DEBUG] Renderizando celda: {columnId: estado, isReference: undefined, value: Object} @ http://localhost:3000/_next/static/chunks/11hm_next_dist_0m6rgog._.js:2441
[  171617ms] [LOG] [DEBUG] Renderizando celda: {columnId: fechaRegistro, isReference: undefined, value: Object} @ http://localhost:3000/_next/static/chunks/11hm_next_dist_0m6rgog._.js:2441
[  171617ms] [LOG] [DEBUG] Renderizando celda: {columnId: fechaRegistro, isReference: undefined, value: Object} @ http://localhost:3000/_next/static/chunks/11hm_next_dist_0m6rgog._.js:2441
[  171617ms] [LOG] [DEBUG] Renderizando celda: {columnId: ultimoContacto, isReference: undefined, value: Object} @ http://localhost:3000/_next/static/chunks/11hm_next_dist_0m6rgog._.js:2441
[  171618ms] [LOG] [DEBUG] Renderizando celda: {columnId: ultimoContacto, isReference: undefined, value: Object} @ http://localhost:3000/_next/static/chunks/11hm_next_dist_0m6rgog._.js:2441
[  171618ms] [LOG] [DEBUG] Renderizando celda: {columnId: valorTotal, isReference: undefined, value: Object} @ http://localhost:3000/_next/static/chunks/11hm_next_dist_0m6rgog._.js:2441
[  171618ms] [LOG] [DEBUG] Renderizando celda: {columnId: valorTotal, isReference: undefined, value: Object} @ http://localhost:3000/_next/static/chunks/11hm_next_dist_0m6rgog._.js:2441
[  171618ms] [LOG] [DEBUG] Tipo corregido: string -> number {originalValue: 3120, originalType: string, detectedType: number} @ http://localhost:3000/_next/static/chunks/11hm_next_dist_0m6rgog._.js:2441
[  171618ms] [LOG] [DEBUG] Tipo corregido: string -> number {originalValue: 3120, originalType: string, detectedType: number} @ http://localhost:3000/_next/static/chunks/11hm_next_dist_0m6rgog._.js:2441
[  171618ms] [LOG] [DEBUG] Renderizando celda: {columnId: satisfaccion, isReference: undefined, value: Object} @ http://localhost:3000/_next/static/chunks/11hm_next_dist_0m6rgog._.js:2441
[  171618ms] [LOG] [DEBUG] Renderizando celda: {columnId: satisfaccion, isReference: undefined, value: Object} @ http://localhost:3000/_next/static/chunks/11hm_next_dist_0m6rgog._.js:2441
[  171618ms] [LOG] [DEBUG] Renderizando celda: {columnId: activo, isReference: undefined, value: Object} @ http://localhost:3000/_next/static/chunks/11hm_next_dist_0m6rgog._.js:2441
[  171618ms] [LOG] [DEBUG] Renderizando celda: {columnId: activo, isReference: undefined, value: Object} @ http://localhost:3000/_next/static/chunks/11hm_next_dist_0m6rgog._.js:2441
[  171618ms] [LOG] [DEBUG] Tipo corregido: boolean -> string {originalValue: true, originalType: boolean, detectedType: string} @ http://localhost:3000/_next/static/chunks/11hm_next_dist_0m6rgog._.js:2441
[  171618ms] [LOG] [DEBUG] Tipo corregido: boolean -> string {originalValue: true, originalType: boolean, detectedType: string} @ http://localhost:3000/_next/static/chunks/11hm_next_dist_0m6rgog._.js:2441
[  171619ms] [LOG] [DEBUG] Renderizando celda: {columnId: id, isReference: undefined, value: Object} @ http://localhost:3000/_next/static/chunks/11hm_next_dist_0m6rgog._.js:2441
[  171619ms] [LOG] [DEBUG] Renderizando celda: {columnId: id, isReference: undefined, value: Object} @ http://localhost:3000/_next/static/chunks/11hm_next_dist_0m6rgog._.js:2441
[  171619ms] [LOG] [DEBUG] Renderizando celda: {columnId: nombre, isReference: undefined, value: Object} @ http://localhost:3000/_next/static/chunks/11hm_next_dist_0m6rgog._.js:2441
[  171619ms] [LOG] [DEBUG] Renderizando celda: {columnId: nombre, isReference: undefined, value: Object} @ http://localhost:3000/_next/static/chunks/11hm_next_dist_0m6rgog._.js:2441
[  171619ms] [LOG] [DEBUG] Renderizando celda: {columnId: email, isReference: undefined, value: Object} @ http://localhost:3000/_next/static/chunks/11hm_next_dist_0m6rgog._.js:2441
[  171619ms] [LOG] [DEBUG] Renderizando celda: {columnId: email, isReference: undefined, value: Object} @ http://localhost:3000/_next/static/chunks/11hm_next_dist_0m6rgog._.js:2441
[  171619ms] [LOG] [DEBUG] Renderizando celda: {columnId: telefono, isReference: undefined, value: Object} @ http://localhost:3000/_next/static/chunks/11hm_next_dist_0m6rgog._.js:2441
[  171619ms] [LOG] [DEBUG] Renderizando celda: {columnId: telefono, isReference: undefined, value: Object} @ http://localhost:3000/_next/static/chunks/11hm_next_dist_0m6rgog._.js:2441
[  171619ms] [LOG] [DEBUG] Renderizando celda: {columnId: ciudad, isReference: undefined, value: Object} @ http://localhost:3000/_next/static/chunks/11hm_next_dist_0m6rgog._.js:2441
[  171619ms] [LOG] [DEBUG] Renderizando celda: {columnId: ciudad, isReference: undefined, value: Object} @ http://localhost:3000/_next/static/chunks/11hm_next_dist_0m6rgog._.js:2441
[  171619ms] [LOG] [DEBUG] Renderizando celda: {columnId: rol, isReference: undefined, value: Object} @ http://localhost:3000/_next/static/chunks/11hm_next_dist_0m6rgog._.js:2441
[  171619ms] [LOG] [DEBUG] Renderizando celda: {columnId: rol, isReference: undefined, value: Object} @ http://localhost:3000/_next/static/chunks/11hm_next_dist_0m6rgog._.js:2441
[  171620ms] [LOG] [DEBUG] Renderizando celda: {columnId: estado, isReference: undefined, value: Object} @ http://localhost:3000/_next/static/chunks/11hm_next_dist_0m6rgog._.js:2441
[  171620ms] [LOG] [DEBUG] Renderizando celda: {columnId: estado, isReference: undefined, value: Object} @ http://localhost:3000/_next/static/chunks/11hm_next_dist_0m6rgog._.js:2441
[  171620ms] [LOG] [DEBUG] Renderizando celda: {columnId: fechaRegistro, isReference: undefined, value: Object} @ http://localhost:3000/_next/static/chunks/11hm_next_dist_0m6rgog._.js:2441
[  171620ms] [LOG] [DEBUG] Renderizando celda: {columnId: fechaRegistro, isReference: undefined, value: Object} @ http://localhost:3000/_next/static/chunks/11hm_next_dist_0m6rgog._.js:2441
[  171620ms] [LOG] [DEBUG] Renderizando celda: {columnId: ultimoContacto, isReference: undefined, value: Object} @ http://localhost:3000/_next/static/chunks/11hm_next_dist_0m6rgog._.js:2441
[  171620ms] [LOG] [DEBUG] Renderizando celda: {columnId: ultimoContacto, isReference: undefined, value: Object} @ http://localhost:3000/_next/static/chunks/11hm_next_dist_0m6rgog._.js:2441
[  171620ms] [LOG] [DEBUG] Renderizando celda: {columnId: valorTotal, isReference: undefined, value: Object} @ http://localhost:3000/_next/static/chunks/11hm_next_dist_0m6rgog._.js:2441
[  171620ms] [LOG] [DEBUG] Renderizando celda: {columnId: valorTotal, isReference: undefined, value: Object} @ http://localhost:3000/_next/static/chunks/11hm_next_dist_0m6rgog._.js:2441
[  171620ms] [LOG] [DEBUG] Tipo corregido: string -> number {originalValue: 1680, originalType: string, detectedType: number} @ http://localhost:3000/_next/static/chunks/11hm_next_dist_0m6rgog._.js:2441
[  171620ms] [LOG] [DEBUG] Tipo corregido: string -> number {originalValue: 1680, originalType: string, detectedType: number} @ http://localhost:3000/_next/static/chunks/11hm_next_dist_0m6rgog._.js:2441
[  171620ms] [LOG] [DEBUG] Renderizando celda: {columnId: satisfaccion, isReference: undefined, value: Object} @ http://localhost:3000/_next/static/chunks/11hm_next_dist_0m6rgog._.js:2441
[  171620ms] [LOG] [DEBUG] Renderizando celda: {columnId: satisfaccion, isReference: undefined, value: Object} @ http://localhost:3000/_next/static/chunks/11hm_next_dist_0m6rgog._.js:2441
[  171620ms] [LOG] [DEBUG] Renderizando celda: {columnId: activo, isReference: undefined, value: Object} @ http://localhost:3000/_next/static/chunks/11hm_next_dist_0m6rgog._.js:2441
[  171620ms] [LOG] [DEBUG] Renderizando celda: {columnId: activo, isReference: undefined, value: Object} @ http://localhost:3000/_next/static/chunks/11hm_next_dist_0m6rgog._.js:2441
[  171620ms] [LOG] [DEBUG] Tipo corregido: boolean -> string {originalValue: false, originalType: boolean, detectedType: string} @ http://localhost:3000/_next/static/chunks/11hm_next_dist_0m6rgog._.js:2441
[  171620ms] [LOG] [DEBUG] Tipo corregido: boolean -> string {originalValue: false, originalType: boolean, detectedType: string} @ http://localhost:3000/_next/static/chunks/11hm_next_dist_0m6rgog._.js:2441
[  171621ms] [LOG] [DEBUG] Renderizando celda: {columnId: id, isReference: undefined, value: Object} @ http://localhost:3000/_next/static/chunks/11hm_next_dist_0m6rgog._.js:2441
[  171621ms] [LOG] [DEBUG] Renderizando celda: {columnId: id, isReference: undefined, value: Object} @ http://localhost:3000/_next/static/chunks/11hm_next_dist_0m6rgog._.js:2441
[  171621ms] [LOG] [DEBUG] Renderizando celda: {columnId: nombre, isReference: undefined, value: Object} @ http://localhost:3000/_next/static/chunks/11hm_next_dist_0m6rgog._.js:2441
[  171621ms] [LOG] [DEBUG] Renderizando celda: {columnId: nombre, isReference: undefined, value: Object} @ http://localhost:3000/_next/static/chunks/11hm_next_dist_0m6rgog._.js:2441
[  171621ms] [LOG] [DEBUG] Renderizando celda: {columnId: email, isReference: undefined, value: Object} @ http://localhost:3000/_next/static/chunks/11hm_next_dist_0m6rgog._.js:2441
[  171621ms] [LOG] [DEBUG] Renderizando celda: {columnId: email, isReference: undefined, value: Object} @ http://localhost:3000/_next/static/chunks/11hm_next_dist_0m6rgog._.js:2441
[  171622ms] [LOG] [DEBUG] Renderizando celda: {columnId: telefono, isReference: undefined, value: Object} @ http://localhost:3000/_next/static/chunks/11hm_next_dist_0m6rgog._.js:2441
[  171622ms] [LOG] [DEBUG] Renderizando celda: {columnId: telefono, isReference: undefined, value: Object} @ http://localhost:3000/_next/static/chunks/11hm_next_dist_0m6rgog._.js:2441
[  171622ms] [LOG] [DEBUG] Renderizando celda: {columnId: ciudad, isReference: undefined, value: Object} @ http://localhost:3000/_next/static/chunks/11hm_next_dist_0m6rgog._.js:2441
[  171622ms] [LOG] [DEBUG] Renderizando celda: {columnId: ciudad, isReference: undefined, value: Object} @ http://localhost:3000/_next/static/chunks/11hm_next_dist_0m6rgog._.js:2441
[  171622ms] [LOG] [DEBUG] Renderizando celda: {columnId: rol, isReference: undefined, value: Object} @ http://localhost:3000/_next/static/chunks/11hm_next_dist_0m6rgog._.js:2441
[  171622ms] [LOG] [DEBUG] Renderizando celda: {columnId: rol, isReference: undefined, value: Object} @ http://localhost:3000/_next/static/chunks/11hm_next_dist_0m6rgog._.js:2441
[  171622ms] [LOG] [DEBUG] Renderizando celda: {columnId: estado, isReference: undefined, value: Object} @ http://localhost:3000/_next/static/chunks/11hm_next_dist_0m6rgog._.js:2441
[  171622ms] [LOG] [DEBUG] Renderizando celda: {columnId: estado, isReference: undefined, value: Object} @ http://localhost:3000/_next/static/chunks/11hm_next_dist_0m6rgog._.js:2441
[  171622ms] [LOG] [DEBUG] Renderizando celda: {columnId: fechaRegistro, isReference: undefined, value: Object} @ http://localhost:3000/_next/static/chunks/11hm_next_dist_0m6rgog._.js:2441
[  171622ms] [LOG] [DEBUG] Renderizando celda: {columnId: fechaRegistro, isReference: undefined, value: Object} @ http://localhost:3000/_next/static/chunks/11hm_next_dist_0m6rgog._.js:2441
[  171622ms] [LOG] [DEBUG] Renderizando celda: {columnId: ultimoContacto, isReference: undefined, value: Object} @ http://localhost:3000/_next/static/chunks/11hm_next_dist_0m6rgog._.js:2441
[  171622ms] [LOG] [DEBUG] Renderizando celda: {columnId: ultimoContacto, isReference: undefined, value: Object} @ http://localhost:3000/_next/static/chunks/11hm_next_dist_0m6rgog._.js:2441
[  171622ms] [LOG] [DEBUG] Renderizando celda: {columnId: valorTotal, isReference: undefined, value: Object} @ http://localhost:3000/_next/static/chunks/11hm_next_dist_0m6rgog._.js:2441
[  171622ms] [LOG] [DEBUG] Renderizando celda: {columnId: valorTotal, isReference: undefined, value: Object} @ http://localhost:3000/_next/static/chunks/11hm_next_dist_0m6rgog._.js:2441
[  171622ms] [LOG] [DEBUG] Tipo corregido: string -> number {originalValue: 480, originalType: string, detectedType: number} @ http://localhost:3000/_next/static/chunks/11hm_next_dist_0m6rgog._.js:2441
[  171622ms] [LOG] [DEBUG] Tipo corregido: string -> number {originalValue: 480, originalType: string, detectedType: number} @ http://localhost:3000/_next/static/chunks/11hm_next_dist_0m6rgog._.js:2441
[  171623ms] [LOG] [DEBUG] Renderizando celda: {columnId: satisfaccion, isReference: undefined, value: Object} @ http://localhost:3000/_next/static/chunks/11hm_next_dist_0m6rgog._.js:2441
[  171623ms] [LOG] [DEBUG] Renderizando celda: {columnId: satisfaccion, isReference: undefined, value: Object} @ http://localhost:3000/_next/static/chunks/11hm_next_dist_0m6rgog._.js:2441
[  171623ms] [LOG] [DEBUG] Renderizando celda: {columnId: activo, isReference: undefined, value: Object} @ http://localhost:3000/_next/static/chunks/11hm_next_dist_0m6rgog._.js:2441
[  171623ms] [LOG] [DEBUG] Renderizando celda: {columnId: activo, isReference: undefined, value: Object} @ http://localhost:3000/_next/static/chunks/11hm_next_dist_0m6rgog._.js:2441
[  171623ms] [LOG] [DEBUG] Tipo corregido: boolean -> string {originalValue: true, originalType: boolean, detectedType: string} @ http://localhost:3000/_next/static/chunks/11hm_next_dist_0m6rgog._.js:2441
[  171623ms] [LOG] [DEBUG] Tipo corregido: boolean -> string {originalValue: true, originalType: boolean, detectedType: string} @ http://localhost:3000/_next/static/chunks/11hm_next_dist_0m6rgog._.js:2441
[  171626ms] [LOG] [DEBUG] Renderizando SecondaryTables: {level: 0, parentId: undefined, isLoading: false, arrayColumnsCount: 0, arrayColumns: Array(0)} @ http://localhost:3000/_next/static/chunks/11hm_next_dist_0m6rgog._.js:2441
[  171626ms] [LOG] [DEBUG] Renderizando SecondaryTables: {level: 0, parentId: undefined, isLoading: false, arrayColumnsCount: 0, arrayColumns: Array(0)} @ http://localhost:3000/_next/static/chunks/11hm_next_dist_0m6rgog._.js:2441
[  171682ms] Error: Hydration failed because the server rendered HTML didn't match the client. As a result this tree will be regenerated on the client. This can happen if a SSR-ed Client Component used:

- A server/client branch `if (typeof window !== 'undefined')`.
- Variable input such as `Date.now()` or `Math.random()` which changes each time it's called.
- Date formatting in a user's locale which doesn't match the server.
- External changing data without sending a snapshot of it along with the HTML.
- Invalid HTML tag nesting.

It can also happen if the client has a browser extension installed which messes with the HTML before React loaded.

https://react.dev/link/hydration-mismatch

  ...
    <RedirectBoundary>
      <RedirectErrorBoundary router={{...}}>
        <InnerLayoutRouter url="/es/demo/t..." tree={[...]} params={{lang:"es"}} cacheNode={{rsc:{...}, ...}} ...>
          <SegmentViewNode type="page" pagePath="[lang]/(pu...">
            <SegmentTrieNode>
            <ClientPageRoot Component={function DemoTablePage} serverProvidedParams={{...}}>
              <DemoTablePage params={Promise} searchParams={Promise}>
                <div className="container ...">
                  <div>
                  <div>
                  <JsonTable data={[...]}>
                    <TableErrorBoundary>
                      <CardContent className="relative">
                        <div ref={undefined} data-slot="card-content" className="pb-6 relative" style={{...}}>
                          <div>
                          <TableToolbar>
                          <div>
                          <div className="rounded-md...">
                            <div
+                             className="alkitu-table-scroll overflow-auto"
-                             className="overflow-auto"
                              style={{height:"calc(100vh...",minHeight:"300px",maxHeight:"800px"}}
                            >
+                             <style>
-                             <div data-slot="table-container" className="relative w-full overflow-x-auto">
                              ...
                          ...
          ...
        ...

    at throwOnHydrationMismatch (http://localhost:3000/_next/static/chunks/11hm_next_dist_compiled_react-dom_003uc._._.js:3318:56)
    at beginWork (http://localhost:3000/_next/static/chunks/11hm_next_dist_compiled_react-dom_003uc._._.js:6758:918)
    at runWithFiberInDEV (http://localhost:3000/_next/static/chunks/11hm_next_dist_compiled_react-dom_003uc._._.js:965:74)
    at performUnitOfWork (http://localhost:3000/_next/static/chunks/11hm_next_dist_compiled_react-dom_003uc._._.js:9555:97)
    at workLoopConcurrentByScheduler (http://localhost:3000/_next/static/chunks/11hm_next_dist_compiled_react-dom_003uc._._.js:9551:58)
    at renderRootConcurrent (http://localhost:3000/_next/static/chunks/11hm_next_dist_compiled_react-dom_003uc._._.js:9534:71)
    at performWorkOnRoot (http://localhost:3000/_next/static/chunks/11hm_next_dist_compiled_react-dom_003uc._._.js:9061:150)
    at performWorkOnRootViaSchedulerTask (http://localhost:3000/_next/static/chunks/11hm_next_dist_compiled_react-dom_003uc._._.js:10255:9)
    at MessagePort.performWorkUntilDeadline (http://localhost:3000/_next/static/chunks/11hm_next_dist_compiled_0fu2kq5._.js:2647:64)
[  171634ms] [LOG] Service Worker registration skipped in development mode for better debugging experience @ http://localhost:3000/_next/static/chunks/11hm_next_dist_0m6rgog._.js:2441
[  171634ms] [LOG] Run in production mode to test service worker functionality @ http://localhost:3000/_next/static/chunks/11hm_next_dist_0m6rgog._.js:2441
[  171635ms] [LOG] [DEBUG] Valor de busqueda:  @ http://localhost:3000/_next/static/chunks/11hm_next_dist_0m6rgog._.js:2441
[  171637ms] [LOG] [DEBUG] Array columns procesadas: {count: 0, totalRegistros: 0, columns: Array(0)} @ http://localhost:3000/_next/static/chunks/11hm_next_dist_0m6rgog._.js:2441
[  171638ms] [LOG] 🎨 [ThemeContext] Using hardcoded default theme @ http://localhost:3000/_next/static/chunks/11hm_next_dist_0m6rgog._.js:2441
[  171643ms] [LOG] Service Worker registration skipped in development mode for better debugging experience @ http://localhost:3000/_next/static/chunks/11hm_next_dist_0m6rgog._.js:2441
[  171643ms] [LOG] Run in production mode to test service worker functionality @ http://localhost:3000/_next/static/chunks/11hm_next_dist_0m6rgog._.js:2441
[  171644ms] [LOG] [DEBUG] Valor de busqueda:  @ http://localhost:3000/_next/static/chunks/11hm_next_dist_0m6rgog._.js:2441
[  171645ms] [LOG] [DEBUG] Array columns procesadas: {count: 0, totalRegistros: 0, columns: Array(0)} @ http://localhost:3000/_next/static/chunks/11hm_next_dist_0m6rgog._.js:2441
[  171646ms] [LOG] 🎨 [ThemeContext] Using hardcoded default theme @ http://localhost:3000/_next/static/chunks/11hm_next_dist_0m6rgog._.js:2441
[  171647ms] [LOG] [DEBUG] Effective column order: {baseOrder: Array(14), pinnedColumnId: index, otherColumns: Array(13), hasActions: true, result: Array(15)} @ http://localhost:3000/_next/static/chunks/11hm_next_dist_0m6rgog._.js:2441
[  171647ms] [LOG] [DEBUG] Effective column order: {baseOrder: Array(14), pinnedColumnId: index, otherColumns: Array(13), hasActions: true, result: Array(15)} @ http://localhost:3000/_next/static/chunks/11hm_next_dist_0m6rgog._.js:2441
[  171648ms] [LOG] [DEBUG] Effective column order: {baseOrder: Array(14), pinnedColumnId: index, otherColumns: Array(13), hasActions: true, result: Array(15)} @ http://localhost:3000/_next/static/chunks/11hm_next_dist_0m6rgog._.js:2441
[  171648ms] [LOG] [DEBUG] Effective column order: {baseOrder: Array(14), pinnedColumnId: index, otherColumns: Array(13), hasActions: true, result: Array(15)} @ http://localhost:3000/_next/static/chunks/11hm_next_dist_0m6rgog._.js:2441
[  171657ms] [LOG] [DEBUG] Renderizando celda: {columnId: id, isReference: undefined, value: Object} @ http://localhost:3000/_next/static/chunks/11hm_next_dist_0m6rgog._.js:2441
[  171657ms] [LOG] [DEBUG] Renderizando celda: {columnId: id, isReference: undefined, value: Object} @ http://localhost:3000/_next/static/chunks/11hm_next_dist_0m6rgog._.js:2441
[  171657ms] [LOG] [DEBUG] Renderizando celda: {columnId: nombre, isReference: undefined, value: Object} @ http://localhost:3000/_next/static/chunks/11hm_next_dist_0m6rgog._.js:2441
[  171657ms] [LOG] [DEBUG] Renderizando celda: {columnId: nombre, isReference: undefined, value: Object} @ http://localhost:3000/_next/static/chunks/11hm_next_dist_0m6rgog._.js:2441
[  171657ms] [LOG] [DEBUG] Renderizando celda: {columnId: email, isReference: undefined, value: Object} @ http://localhost:3000/_next/static/chunks/11hm_next_dist_0m6rgog._.js:2441
[  171657ms] [LOG] [DEBUG] Renderizando celda: {columnId: email, isReference: undefined, value: Object} @ http://localhost:3000/_next/static/chunks/11hm_next_dist_0m6rgog._.js:2441
[  171657ms] [LOG] [DEBUG] Renderizando celda: {columnId: telefono, isReference: undefined, value: Object} @ http://localhost:3000/_next/static/chunks/11hm_next_dist_0m6rgog._.js:2441
[  171658ms] [LOG] [DEBUG] Renderizando celda: {columnId: telefono, isReference: undefined, value: Object} @ http://localhost:3000/_next/static/chunks/11hm_next_dist_0m6rgog._.js:2441
[  171658ms] [LOG] [DEBUG] Renderizando celda: {columnId: ciudad, isReference: undefined, value: Object} @ http://localhost:3000/_next/static/chunks/11hm_next_dist_0m6rgog._.js:2441
[  171658ms] [LOG] [DEBUG] Renderizando celda: {columnId: ciudad, isReference: undefined, value: Object} @ http://localhost:3000/_next/static/chunks/11hm_next_dist_0m6rgog._.js:2441
[  171658ms] [LOG] [DEBUG] Renderizando celda: {columnId: rol, isReference: undefined, value: Object} @ http://localhost:3000/_next/static/chunks/11hm_next_dist_0m6rgog._.js:2441
[  171658ms] [LOG] [DEBUG] Renderizando celda: {columnId: rol, isReference: undefined, value: Object} @ http://localhost:3000/_next/static/chunks/11hm_next_dist_0m6rgog._.js:2441
[  171658ms] [LOG] [DEBUG] Renderizando celda: {columnId: estado, isReference: undefined, value: Object} @ http://localhost:3000/_next/static/chunks/11hm_next_dist_0m6rgog._.js:2441
[  171658ms] [LOG] [DEBUG] Renderizando celda: {columnId: estado, isReference: undefined, value: Object} @ http://localhost:3000/_next/static/chunks/11hm_next_dist_0m6rgog._.js:2441
[  171658ms] [LOG] [DEBUG] Renderizando celda: {columnId: fechaRegistro, isReference: undefined, value: Object} @ http://localhost:3000/_next/static/chunks/11hm_next_dist_0m6rgog._.js:2441
[  171658ms] [LOG] [DEBUG] Renderizando celda: {columnId: fechaRegistro, isReference: undefined, value: Object} @ http://localhost:3000/_next/static/chunks/11hm_next_dist_0m6rgog._.js:2441
[  171658ms] [LOG] [DEBUG] Renderizando celda: {columnId: ultimoContacto, isReference: undefined, value: Object} @ http://localhost:3000/_next/static/chunks/11hm_next_dist_0m6rgog._.js:2441
[  171658ms] [LOG] [DEBUG] Renderizando celda: {columnId: ultimoContacto, isReference: undefined, value: Object} @ http://localhost:3000/_next/static/chunks/11hm_next_dist_0m6rgog._.js:2441
[  171658ms] [LOG] [DEBUG] Renderizando celda: {columnId: valorTotal, isReference: undefined, value: Object} @ http://localhost:3000/_next/static/chunks/11hm_next_dist_0m6rgog._.js:2441
[  171658ms] [LOG] [DEBUG] Renderizando celda: {columnId: valorTotal, isReference: undefined, value: Object} @ http://localhost:3000/_next/static/chunks/11hm_next_dist_0m6rgog._.js:2441
[  171659ms] [LOG] [DEBUG] Renderizando celda: {columnId: satisfaccion, isReference: undefined, value: Object} @ http://localhost:3000/_next/static/chunks/11hm_next_dist_0m6rgog._.js:2441
[  171659ms] [LOG] [DEBUG] Renderizando celda: {columnId: satisfaccion, isReference: undefined, value: Object} @ http://localhost:3000/_next/static/chunks/11hm_next_dist_0m6rgog._.js:2441
[  171659ms] [LOG] [DEBUG] Renderizando celda: {columnId: activo, isReference: undefined, value: Object} @ http://localhost:3000/_next/static/chunks/11hm_next_dist_0m6rgog._.js:2441
[  171659ms] [LOG] [DEBUG] Renderizando celda: {columnId: activo, isReference: undefined, value: Object} @ http://localhost:3000/_next/static/chunks/11hm_next_dist_0m6rgog._.js:2441
[  171659ms] [LOG] [DEBUG] Renderizando celda: {columnId: id, isReference: undefined, value: Object} @ http://localhost:3000/_next/static/chunks/11hm_next_dist_0m6rgog._.js:2441
[  171659ms] [LOG] [DEBUG] Renderizando celda: {columnId: id, isReference: undefined, value: Object} @ http://localhost:3000/_next/static/chunks/11hm_next_dist_0m6rgog._.js:2441
[  171660ms] [LOG] [DEBUG] Renderizando celda: {columnId: nombre, isReference: undefined, value: Object} @ http://localhost:3000/_next/static/chunks/11hm_next_dist_0m6rgog._.js:2441
[  171660ms] [LOG] [DEBUG] Renderizando celda: {columnId: nombre, isReference: undefined, value: Object} @ http://localhost:3000/_next/static/chunks/11hm_next_dist_0m6rgog._.js:2441
[  171660ms] [LOG] [DEBUG] Renderizando celda: {columnId: email, isReference: undefined, value: Object} @ http://localhost:3000/_next/static/chunks/11hm_next_dist_0m6rgog._.js:2441
[  171660ms] [LOG] [DEBUG] Renderizando celda: {columnId: email, isReference: undefined, value: Object} @ http://localhost:3000/_next/static/chunks/11hm_next_dist_0m6rgog._.js:2441
[  171660ms] [LOG] [DEBUG] Renderizando celda: {columnId: telefono, isReference: undefined, value: Object} @ http://localhost:3000/_next/static/chunks/11hm_next_dist_0m6rgog._.js:2441
[  171660ms] [LOG] [DEBUG] Renderizando celda: {columnId: telefono, isReference: undefined, value: Object} @ http://localhost:3000/_next/static/chunks/11hm_next_dist_0m6rgog._.js:2441
[  171660ms] [LOG] [DEBUG] Renderizando celda: {columnId: ciudad, isReference: undefined, value: Object} @ http://localhost:3000/_next/static/chunks/11hm_next_dist_0m6rgog._.js:2441
[  171660ms] [LOG] [DEBUG] Renderizando celda: {columnId: ciudad, isReference: undefined, value: Object} @ http://localhost:3000/_next/static/chunks/11hm_next_dist_0m6rgog._.js:2441
[  171660ms] [LOG] [DEBUG] Renderizando celda: {columnId: rol, isReference: undefined, value: Object} @ http://localhost:3000/_next/static/chunks/11hm_next_dist_0m6rgog._.js:2441
[  171660ms] [LOG] [DEBUG] Renderizando celda: {columnId: rol, isReference: undefined, value: Object} @ http://localhost:3000/_next/static/chunks/11hm_next_dist_0m6rgog._.js:2441
[  171660ms] [LOG] [DEBUG] Renderizando celda: {columnId: estado, isReference: undefined, value: Object} @ http://localhost:3000/_next/static/chunks/11hm_next_dist_0m6rgog._.js:2441
[  171660ms] [LOG] [DEBUG] Renderizando celda: {columnId: estado, isReference: undefined, value: Object} @ http://localhost:3000/_next/static/chunks/11hm_next_dist_0m6rgog._.js:2441
[  171660ms] [LOG] [DEBUG] Renderizando celda: {columnId: fechaRegistro, isReference: undefined, value: Object} @ http://localhost:3000/_next/static/chunks/11hm_next_dist_0m6rgog._.js:2441
[  171661ms] [LOG] [DEBUG] Renderizando celda: {columnId: fechaRegistro, isReference: undefined, value: Object} @ http://localhost:3000/_next/static/chunks/11hm_next_dist_0m6rgog._.js:2441
[  171661ms] [LOG] [DEBUG] Renderizando celda: {columnId: ultimoContacto, isReference: undefined, value: Object} @ http://localhost:3000/_next/static/chunks/11hm_next_dist_0m6rgog._.js:2441
[  171661ms] [LOG] [DEBUG] Renderizando celda: {columnId: ultimoContacto, isReference: undefined, value: Object} @ http://localhost:3000/_next/static/chunks/11hm_next_dist_0m6rgog._.js:2441
[  171661ms] [LOG] [DEBUG] Renderizando celda: {columnId: valorTotal, isReference: undefined, value: Object} @ http://localhost:3000/_next/static/chunks/11hm_next_dist_0m6rgog._.js:2441
[  171661ms] [LOG] [DEBUG] Renderizando celda: {columnId: valorTotal, isReference: undefined, value: Object} @ http://localhost:3000/_next/static/chunks/11hm_next_dist_0m6rgog._.js:2441
[  171661ms] [LOG] [DEBUG] Renderizando celda: {columnId: satisfaccion, isReference: undefined, value: Object} @ http://localhost:3000/_next/static/chunks/11hm_next_dist_0m6rgog._.js:2441
[  171661ms] [LOG] [DEBUG] Renderizando celda: {columnId: satisfaccion, isReference: undefined, value: Object} @ http://localhost:3000/_next/static/chunks/11hm_next_dist_0m6rgog._.js:2441
[  171661ms] [LOG] [DEBUG] Renderizando celda: {columnId: activo, isReference: undefined, value: Object} @ http://localhost:3000/_next/static/chunks/11hm_next_dist_0m6rgog._.js:2441
[  171661ms] [LOG] [DEBUG] Renderizando celda: {columnId: activo, isReference: undefined, value: Object} @ http://localhost:3000/_next/static/chunks/11hm_next_dist_0m6rgog._.js:2441
[  171662ms] [LOG] [DEBUG] Renderizando celda: {columnId: id, isReference: undefined, value: Object} @ http://localhost:3000/_next/static/chunks/11hm_next_dist_0m6rgog._.js:2441
[  171662ms] [LOG] [DEBUG] Renderizando celda: {columnId: id, isReference: undefined, value: Object} @ http://localhost:3000/_next/static/chunks/11hm_next_dist_0m6rgog._.js:2441
[  171662ms] [LOG] [DEBUG] Renderizando celda: {columnId: nombre, isReference: undefined, value: Object} @ http://localhost:3000/_next/static/chunks/11hm_next_dist_0m6rgog._.js:2441
[  171662ms] [LOG] [DEBUG] Renderizando celda: {columnId: nombre, isReference: undefined, value: Object} @ http://localhost:3000/_next/static/chunks/11hm_next_dist_0m6rgog._.js:2441
[  171662ms] [LOG] [DEBUG] Renderizando celda: {columnId: email, isReference: undefined, value: Object} @ http://localhost:3000/_next/static/chunks/11hm_next_dist_0m6rgog._.js:2441
[  171662ms] [LOG] [DEBUG] Renderizando celda: {columnId: email, isReference: undefined, value: Object} @ http://localhost:3000/_next/static/chunks/11hm_next_dist_0m6rgog._.js:2441
[  171662ms] [LOG] [DEBUG] Renderizando celda: {columnId: telefono, isReference: undefined, value: Object} @ http://localhost:3000/_next/static/chunks/11hm_next_dist_0m6rgog._.js:2441
[  171662ms] [LOG] [DEBUG] Renderizando celda: {columnId: telefono, isReference: undefined, value: Object} @ http://localhost:3000/_next/static/chunks/11hm_next_dist_0m6rgog._.js:2441
[  171662ms] [LOG] [DEBUG] Renderizando celda: {columnId: ciudad, isReference: undefined, value: Object} @ http://localhost:3000/_next/static/chunks/11hm_next_dist_0m6rgog._.js:2441
[  171662ms] [LOG] [DEBUG] Renderizando celda: {columnId: ciudad, isReference: undefined, value: Object} @ http://localhost:3000/_next/static/chunks/11hm_next_dist_0m6rgog._.js:2441
[  171662ms] [LOG] [DEBUG] Renderizando celda: {columnId: rol, isReference: undefined, value: Object} @ http://localhost:3000/_next/static/chunks/11hm_next_dist_0m6rgog._.js:2441
[  171663ms] [LOG] [DEBUG] Renderizando celda: {columnId: rol, isReference: undefined, value: Object} @ http://localhost:3000/_next/static/chunks/11hm_next_dist_0m6rgog._.js:2441
[  171663ms] [LOG] [DEBUG] Renderizando celda: {columnId: estado, isReference: undefined, value: Object} @ http://localhost:3000/_next/static/chunks/11hm_next_dist_0m6rgog._.js:2441
[  171663ms] [LOG] [DEBUG] Renderizando celda: {columnId: estado, isReference: undefined, value: Object} @ http://localhost:3000/_next/static/chunks/11hm_next_dist_0m6rgog._.js:2441
[  171663ms] [LOG] [DEBUG] Renderizando celda: {columnId: fechaRegistro, isReference: undefined, value: Object} @ http://localhost:3000/_next/static/chunks/11hm_next_dist_0m6rgog._.js:2441
[  171663ms] [LOG] [DEBUG] Renderizando celda: {columnId: fechaRegistro, isReference: undefined, value: Object} @ http://localhost:3000/_next/static/chunks/11hm_next_dist_0m6rgog._.js:2441
[  171663ms] [LOG] [DEBUG] Renderizando celda: {columnId: ultimoContacto, isReference: undefined, value: Object} @ http://localhost:3000/_next/static/chunks/11hm_next_dist_0m6rgog._.js:2441
[  171663ms] [LOG] [DEBUG] Renderizando celda: {columnId: ultimoContacto, isReference: undefined, value: Object} @ http://localhost:3000/_next/static/chunks/11hm_next_dist_0m6rgog._.js:2441
[  171663ms] [LOG] [DEBUG] Renderizando celda: {columnId: valorTotal, isReference: undefined, value: Object} @ http://localhost:3000/_next/static/chunks/11hm_next_dist_0m6rgog._.js:2441
[  171663ms] [LOG] [DEBUG] Renderizando celda: {columnId: valorTotal, isReference: undefined, value: Object} @ http://localhost:3000/_next/static/chunks/11hm_next_dist_0m6rgog._.js:2441
[  171663ms] [LOG] [DEBUG] Renderizando celda: {columnId: satisfaccion, isReference: undefined, value: Object} @ http://localhost:3000/_next/static/chunks/11hm_next_dist_0m6rgog._.js:2441
[  171663ms] [LOG] [DEBUG] Renderizando celda: {columnId: satisfaccion, isReference: undefined, value: Object} @ http://localhost:3000/_next/static/chunks/11hm_next_dist_0m6rgog._.js:2441
[  171663ms] [LOG] [DEBUG] Renderizando celda: {columnId: activo, isReference: undefined, value: Object} @ http://localhost:3000/_next/static/chunks/11hm_next_dist_0m6rgog._.js:2441
[  171663ms] [LOG] [DEBUG] Renderizando celda: {columnId: activo, isReference: undefined, value: Object} @ http://localhost:3000/_next/static/chunks/11hm_next_dist_0m6rgog._.js:2441
[  171664ms] [LOG] [DEBUG] Renderizando celda: {columnId: id, isReference: undefined, value: Object} @ http://localhost:3000/_next/static/chunks/11hm_next_dist_0m6rgog._.js:2441
[  171664ms] [LOG] [DEBUG] Renderizando celda: {columnId: id, isReference: undefined, value: Object} @ http://localhost:3000/_next/static/chunks/11hm_next_dist_0m6rgog._.js:2441
[  171664ms] [LOG] [DEBUG] Renderizando celda: {columnId: nombre, isReference: undefined, value: Object} @ http://localhost:3000/_next/static/chunks/11hm_next_dist_0m6rgog._.js:2441
[  171664ms] [LOG] [DEBUG] Renderizando celda: {columnId: nombre, isReference: undefined, value: Object} @ http://localhost:3000/_next/static/chunks/11hm_next_dist_0m6rgog._.js:2441
[  171664ms] [LOG] [DEBUG] Renderizando celda: {columnId: email, isReference: undefined, value: Object} @ http://localhost:3000/_next/static/chunks/11hm_next_dist_0m6rgog._.js:2441
[  171664ms] [LOG] [DEBUG] Renderizando celda: {columnId: email, isReference: undefined, value: Object} @ http://localhost:3000/_next/static/chunks/11hm_next_dist_0m6rgog._.js:2441
[  171665ms] [LOG] [DEBUG] Renderizando celda: {columnId: telefono, isReference: undefined, value: Object} @ http://localhost:3000/_next/static/chunks/11hm_next_dist_0m6rgog._.js:2441
[  171665ms] [LOG] [DEBUG] Renderizando celda: {columnId: telefono, isReference: undefined, value: Object} @ http://localhost:3000/_next/static/chunks/11hm_next_dist_0m6rgog._.js:2441
[  171665ms] [LOG] [DEBUG] Renderizando celda: {columnId: ciudad, isReference: undefined, value: Object} @ http://localhost:3000/_next/static/chunks/11hm_next_dist_0m6rgog._.js:2441
[  171665ms] [LOG] [DEBUG] Renderizando celda: {columnId: ciudad, isReference: undefined, value: Object} @ http://localhost:3000/_next/static/chunks/11hm_next_dist_0m6rgog._.js:2441
[  171665ms] [LOG] [DEBUG] Renderizando celda: {columnId: rol, isReference: undefined, value: Object} @ http://localhost:3000/_next/static/chunks/11hm_next_dist_0m6rgog._.js:2441
[  171665ms] [LOG] [DEBUG] Renderizando celda: {columnId: rol, isReference: undefined, value: Object} @ http://localhost:3000/_next/static/chunks/11hm_next_dist_0m6rgog._.js:2441
[  171665ms] [LOG] [DEBUG] Renderizando celda: {columnId: estado, isReference: undefined, value: Object} @ http://localhost:3000/_next/static/chunks/11hm_next_dist_0m6rgog._.js:2441
[  171665ms] [LOG] [DEBUG] Renderizando celda: {columnId: estado, isReference: undefined, value: Object} @ http://localhost:3000/_next/static/chunks/11hm_next_dist_0m6rgog._.js:2441
[  171665ms] [LOG] [DEBUG] Renderizando celda: {columnId: fechaRegistro, isReference: undefined, value: Object} @ http://localhost:3000/_next/static/chunks/11hm_next_dist_0m6rgog._.js:2441
[  171665ms] [LOG] [DEBUG] Renderizando celda: {columnId: fechaRegistro, isReference: undefined, value: Object} @ http://localhost:3000/_next/static/chunks/11hm_next_dist_0m6rgog._.js:2441
[  171665ms] [LOG] [DEBUG] Renderizando celda: {columnId: ultimoContacto, isReference: undefined, value: Object} @ http://localhost:3000/_next/static/chunks/11hm_next_dist_0m6rgog._.js:2441
[  171665ms] [LOG] [DEBUG] Renderizando celda: {columnId: ultimoContacto, isReference: undefined, value: Object} @ http://localhost:3000/_next/static/chunks/11hm_next_dist_0m6rgog._.js:2441
[  171665ms] [LOG] [DEBUG] Renderizando celda: {columnId: valorTotal, isReference: undefined, value: Object} @ http://localhost:3000/_next/static/chunks/11hm_next_dist_0m6rgog._.js:2441
[  171666ms] [LOG] [DEBUG] Renderizando celda: {columnId: valorTotal, isReference: undefined, value: Object} @ http://localhost:3000/_next/static/chunks/11hm_next_dist_0m6rgog._.js:2441
[  171666ms] [LOG] [DEBUG] Renderizando celda: {columnId: satisfaccion, isReference: undefined, value: Object} @ http://localhost:3000/_next/static/chunks/11hm_next_dist_0m6rgog._.js:2441
[  171666ms] [LOG] [DEBUG] Renderizando celda: {columnId: satisfaccion, isReference: undefined, value: Object} @ http://localhost:3000/_next/static/chunks/11hm_next_dist_0m6rgog._.js:2441
[  171666ms] [LOG] [DEBUG] Renderizando celda: {columnId: activo, isReference: undefined, value: Object} @ http://localhost:3000/_next/static/chunks/11hm_next_dist_0m6rgog._.js:2441
[  171666ms] [LOG] [DEBUG] Renderizando celda: {columnId: activo, isReference: undefined, value: Object} @ http://localhost:3000/_next/static/chunks/11hm_next_dist_0m6rgog._.js:2441
[  171666ms] [LOG] [DEBUG] Renderizando celda: {columnId: id, isReference: undefined, value: Object} @ http://localhost:3000/_next/static/chunks/11hm_next_dist_0m6rgog._.js:2441
[  171666ms] [LOG] [DEBUG] Renderizando celda: {columnId: id, isReference: undefined, value: Object} @ http://localhost:3000/_next/static/chunks/11hm_next_dist_0m6rgog._.js:2441
[  171667ms] [LOG] [DEBUG] Renderizando celda: {columnId: nombre, isReference: undefined, value: Object} @ http://localhost:3000/_next/static/chunks/11hm_next_dist_0m6rgog._.js:2441
[  171667ms] [LOG] [DEBUG] Renderizando celda: {columnId: nombre, isReference: undefined, value: Object} @ http://localhost:3000/_next/static/chunks/11hm_next_dist_0m6rgog._.js:2441
[  171667ms] [LOG] [DEBUG] Renderizando celda: {columnId: email, isReference: undefined, value: Object} @ http://localhost:3000/_next/static/chunks/11hm_next_dist_0m6rgog._.js:2441
[  171667ms] [LOG] [DEBUG] Renderizando celda: {columnId: email, isReference: undefined, value: Object} @ http://localhost:3000/_next/static/chunks/11hm_next_dist_0m6rgog._.js:2441
[  171667ms] [LOG] [DEBUG] Renderizando celda: {columnId: telefono, isReference: undefined, value: Object} @ http://localhost:3000/_next/static/chunks/11hm_next_dist_0m6rgog._.js:2441
[  171667ms] [LOG] [DEBUG] Renderizando celda: {columnId: telefono, isReference: undefined, value: Object} @ http://localhost:3000/_next/static/chunks/11hm_next_dist_0m6rgog._.js:2441
[  171667ms] [LOG] [DEBUG] Renderizando celda: {columnId: ciudad, isReference: undefined, value: Object} @ http://localhost:3000/_next/static/chunks/11hm_next_dist_0m6rgog._.js:2441
[  171667ms] [LOG] [DEBUG] Renderizando celda: {columnId: ciudad, isReference: undefined, value: Object} @ http://localhost:3000/_next/static/chunks/11hm_next_dist_0m6rgog._.js:2441
[  171667ms] [LOG] [DEBUG] Renderizando celda: {columnId: rol, isReference: undefined, value: Object} @ http://localhost:3000/_next/static/chunks/11hm_next_dist_0m6rgog._.js:2441
[  171667ms] [LOG] [DEBUG] Renderizando celda: {columnId: rol, isReference: undefined, value: Object} @ http://localhost:3000/_next/static/chunks/11hm_next_dist_0m6rgog._.js:2441
[  171667ms] [LOG] [DEBUG] Renderizando celda: {columnId: estado, isReference: undefined, value: Object} @ http://localhost:3000/_next/static/chunks/11hm_next_dist_0m6rgog._.js:2441
[  171667ms] [LOG] [DEBUG] Renderizando celda: {columnId: estado, isReference: undefined, value: Object} @ http://localhost:3000/_next/static/chunks/11hm_next_dist_0m6rgog._.js:2441
[  171667ms] [LOG] [DEBUG] Renderizando celda: {columnId: fechaRegistro, isReference: undefined, value: Object} @ http://localhost:3000/_next/static/chunks/11hm_next_dist_0m6rgog._.js:2441
[  171667ms] [LOG] [DEBUG] Renderizando celda: {columnId: fechaRegistro, isReference: undefined, value: Object} @ http://localhost:3000/_next/static/chunks/11hm_next_dist_0m6rgog._.js:2441
[  171668ms] [LOG] [DEBUG] Renderizando celda: {columnId: ultimoContacto, isReference: undefined, value: Object} @ http://localhost:3000/_next/static/chunks/11hm_next_dist_0m6rgog._.js:2441
[  171668ms] [LOG] [DEBUG] Renderizando celda: {columnId: ultimoContacto, isReference: undefined, value: Object} @ http://localhost:3000/_next/static/chunks/11hm_next_dist_0m6rgog._.js:2441
[  171668ms] [LOG] [DEBUG] Renderizando celda: {columnId: valorTotal, isReference: undefined, value: Object} @ http://localhost:3000/_next/static/chunks/11hm_next_dist_0m6rgog._.js:2441
[  171668ms] [LOG] [DEBUG] Renderizando celda: {columnId: valorTotal, isReference: undefined, value: Object} @ http://localhost:3000/_next/static/chunks/11hm_next_dist_0m6rgog._.js:2441
[  171668ms] [LOG] [DEBUG] Renderizando celda: {columnId: satisfaccion, isReference: undefined, value: Object} @ http://localhost:3000/_next/static/chunks/11hm_next_dist_0m6rgog._.js:2441
[  171668ms] [LOG] [DEBUG] Renderizando celda: {columnId: satisfaccion, isReference: undefined, value: Object} @ http://localhost:3000/_next/static/chunks/11hm_next_dist_0m6rgog._.js:2441
[  171668ms] [LOG] [DEBUG] Renderizando celda: {columnId: activo, isReference: undefined, value: Object} @ http://localhost:3000/_next/static/chunks/11hm_next_dist_0m6rgog._.js:2441
[  171668ms] [LOG] [DEBUG] Renderizando celda: {columnId: activo, isReference: undefined, value: Object} @ http://localhost:3000/_next/static/chunks/11hm_next_dist_0m6rgog._.js:2441
[  171669ms] [LOG] [DEBUG] Renderizando celda: {columnId: id, isReference: undefined, value: Object} @ http://localhost:3000/_next/static/chunks/11hm_next_dist_0m6rgog._.js:2441
[  171669ms] [LOG] [DEBUG] Renderizando celda: {columnId: id, isReference: undefined, value: Object} @ http://localhost:3000/_next/static/chunks/11hm_next_dist_0m6rgog._.js:2441
[  171669ms] [LOG] [DEBUG] Renderizando celda: {columnId: nombre, isReference: undefined, value: Object} @ http://localhost:3000/_next/static/chunks/11hm_next_dist_0m6rgog._.js:2441
[  171669ms] [LOG] [DEBUG] Renderizando celda: {columnId: nombre, isReference: undefined, value: Object} @ http://localhost:3000/_next/static/chunks/11hm_next_dist_0m6rgog._.js:2441
[  171669ms] [LOG] [DEBUG] Renderizando celda: {columnId: email, isReference: undefined, value: Object} @ http://localhost:3000/_next/static/chunks/11hm_next_dist_0m6rgog._.js:2441
[  171669ms] [LOG] [DEBUG] Renderizando celda: {columnId: email, isReference: undefined, value: Object} @ http://localhost:3000/_next/static/chunks/11hm_next_dist_0m6rgog._.js:2441
[  171669ms] [LOG] [DEBUG] Renderizando celda: {columnId: telefono, isReference: undefined, value: Object} @ http://localhost:3000/_next/static/chunks/11hm_next_dist_0m6rgog._.js:2441
[  171669ms] [LOG] [DEBUG] Renderizando celda: {columnId: telefono, isReference: undefined, value: Object} @ http://localhost:3000/_next/static/chunks/11hm_next_dist_0m6rgog._.js:2441
[  171669ms] [LOG] [DEBUG] Renderizando celda: {columnId: ciudad, isReference: undefined, value: Object} @ http://localhost:3000/_next/static/chunks/11hm_next_dist_0m6rgog._.js:2441
[  171669ms] [LOG] [DEBUG] Renderizando celda: {columnId: ciudad, isReference: undefined, value: Object} @ http://localhost:3000/_next/static/chunks/11hm_next_dist_0m6rgog._.js:2441
[  171669ms] [LOG] [DEBUG] Renderizando celda: {columnId: rol, isReference: undefined, value: Object} @ http://localhost:3000/_next/static/chunks/11hm_next_dist_0m6rgog._.js:2441
[  171669ms] [LOG] [DEBUG] Renderizando celda: {columnId: rol, isReference: undefined, value: Object} @ http://localhost:3000/_next/static/chunks/11hm_next_dist_0m6rgog._.js:2441
[  171669ms] [LOG] [DEBUG] Renderizando celda: {columnId: estado, isReference: undefined, value: Object} @ http://localhost:3000/_next/static/chunks/11hm_next_dist_0m6rgog._.js:2441
[  171670ms] [LOG] [DEBUG] Renderizando celda: {columnId: estado, isReference: undefined, value: Object} @ http://localhost:3000/_next/static/chunks/11hm_next_dist_0m6rgog._.js:2441
[  171670ms] [LOG] [DEBUG] Renderizando celda: {columnId: fechaRegistro, isReference: undefined, value: Object} @ http://localhost:3000/_next/static/chunks/11hm_next_dist_0m6rgog._.js:2441
[  171670ms] [LOG] [DEBUG] Renderizando celda: {columnId: fechaRegistro, isReference: undefined, value: Object} @ http://localhost:3000/_next/static/chunks/11hm_next_dist_0m6rgog._.js:2441
[  171670ms] [LOG] [DEBUG] Renderizando celda: {columnId: ultimoContacto, isReference: undefined, value: Object} @ http://localhost:3000/_next/static/chunks/11hm_next_dist_0m6rgog._.js:2441
[  171670ms] [LOG] [DEBUG] Renderizando celda: {columnId: ultimoContacto, isReference: undefined, value: Object} @ http://localhost:3000/_next/static/chunks/11hm_next_dist_0m6rgog._.js:2441
[  171670ms] [LOG] [DEBUG] Renderizando celda: {columnId: valorTotal, isReference: undefined, value: Object} @ http://localhost:3000/_next/static/chunks/11hm_next_dist_0m6rgog._.js:2441
[  171670ms] [LOG] [DEBUG] Renderizando celda: {columnId: valorTotal, isReference: undefined, value: Object} @ http://localhost:3000/_next/static/chunks/11hm_next_dist_0m6rgog._.js:2441
[  171670ms] [LOG] [DEBUG] Renderizando celda: {columnId: satisfaccion, isReference: undefined, value: Object} @ http://localhost:3000/_next/static/chunks/11hm_next_dist_0m6rgog._.js:2441
[  171670ms] [LOG] [DEBUG] Renderizando celda: {columnId: satisfaccion, isReference: undefined, value: Object} @ http://localhost:3000/_next/static/chunks/11hm_next_dist_0m6rgog._.js:2441
[  171670ms] [LOG] [DEBUG] Renderizando celda: {columnId: activo, isReference: undefined, value: Object} @ http://localhost:3000/_next/static/chunks/11hm_next_dist_0m6rgog._.js:2441
[  171670ms] [LOG] [DEBUG] Renderizando celda: {columnId: activo, isReference: undefined, value: Object} @ http://localhost:3000/_next/static/chunks/11hm_next_dist_0m6rgog._.js:2441
[  171671ms] [LOG] [DEBUG] Renderizando celda: {columnId: id, isReference: undefined, value: Object} @ http://localhost:3000/_next/static/chunks/11hm_next_dist_0m6rgog._.js:2441
[  171671ms] [LOG] [DEBUG] Renderizando celda: {columnId: id, isReference: undefined, value: Object} @ http://localhost:3000/_next/static/chunks/11hm_next_dist_0m6rgog._.js:2441
[  171671ms] [LOG] [DEBUG] Renderizando celda: {columnId: nombre, isReference: undefined, value: Object} @ http://localhost:3000/_next/static/chunks/11hm_next_dist_0m6rgog._.js:2441
[  171671ms] [LOG] [DEBUG] Renderizando celda: {columnId: nombre, isReference: undefined, value: Object} @ http://localhost:3000/_next/static/chunks/11hm_next_dist_0m6rgog._.js:2441
[  171671ms] [LOG] [DEBUG] Renderizando celda: {columnId: email, isReference: undefined, value: Object} @ http://localhost:3000/_next/static/chunks/11hm_next_dist_0m6rgog._.js:2441
[  171671ms] [LOG] [DEBUG] Renderizando celda: {columnId: email, isReference: undefined, value: Object} @ http://localhost:3000/_next/static/chunks/11hm_next_dist_0m6rgog._.js:2441
[  171671ms] [LOG] [DEBUG] Renderizando celda: {columnId: telefono, isReference: undefined, value: Object} @ http://localhost:3000/_next/static/chunks/11hm_next_dist_0m6rgog._.js:2441
[  171671ms] [LOG] [DEBUG] Renderizando celda: {columnId: telefono, isReference: undefined, value: Object} @ http://localhost:3000/_next/static/chunks/11hm_next_dist_0m6rgog._.js:2441
[  171671ms] [LOG] [DEBUG] Renderizando celda: {columnId: ciudad, isReference: undefined, value: Object} @ http://localhost:3000/_next/static/chunks/11hm_next_dist_0m6rgog._.js:2441
[  171671ms] [LOG] [DEBUG] Renderizando celda: {columnId: ciudad, isReference: undefined, value: Object} @ http://localhost:3000/_next/static/chunks/11hm_next_dist_0m6rgog._.js:2441
[  171672ms] [LOG] [DEBUG] Renderizando celda: {columnId: rol, isReference: undefined, value: Object} @ http://localhost:3000/_next/static/chunks/11hm_next_dist_0m6rgog._.js:2441
[  171672ms] [LOG] [DEBUG] Renderizando celda: {columnId: rol, isReference: undefined, value: Object} @ http://localhost:3000/_next/static/chunks/11hm_next_dist_0m6rgog._.js:2441
[  171672ms] [LOG] [DEBUG] Renderizando celda: {columnId: estado, isReference: undefined, value: Object} @ http://localhost:3000/_next/static/chunks/11hm_next_dist_0m6rgog._.js:2441
[  171672ms] [LOG] [DEBUG] Renderizando celda: {columnId: estado, isReference: undefined, value: Object} @ http://localhost:3000/_next/static/chunks/11hm_next_dist_0m6rgog._.js:2441
[  171672ms] [LOG] [DEBUG] Renderizando celda: {columnId: fechaRegistro, isReference: undefined, value: Object} @ http://localhost:3000/_next/static/chunks/11hm_next_dist_0m6rgog._.js:2441
[  171672ms] [LOG] [DEBUG] Renderizando celda: {columnId: fechaRegistro, isReference: undefined, value: Object} @ http://localhost:3000/_next/static/chunks/11hm_next_dist_0m6rgog._.js:2441
[  171672ms] [LOG] [DEBUG] Renderizando celda: {columnId: ultimoContacto, isReference: undefined, value: Object} @ http://localhost:3000/_next/static/chunks/11hm_next_dist_0m6rgog._.js:2441
[  171672ms] [LOG] [DEBUG] Renderizando celda: {columnId: ultimoContacto, isReference: undefined, value: Object} @ http://localhost:3000/_next/static/chunks/11hm_next_dist_0m6rgog._.js:2441
[  171672ms] [LOG] [DEBUG] Renderizando celda: {columnId: valorTotal, isReference: undefined, value: Object} @ http://localhost:3000/_next/static/chunks/11hm_next_dist_0m6rgog._.js:2441
[  171672ms] [LOG] [DEBUG] Renderizando celda: {columnId: valorTotal, isReference: undefined, value: Object} @ http://localhost:3000/_next/static/chunks/11hm_next_dist_0m6rgog._.js:2441
[  171672ms] [LOG] [DEBUG] Renderizando celda: {columnId: satisfaccion, isReference: undefined, value: Object} @ http://localhost:3000/_next/static/chunks/11hm_next_dist_0m6rgog._.js:2441
[  171672ms] [LOG] [DEBUG] Renderizando celda: {columnId: satisfaccion, isReference: undefined, value: Object} @ http://localhost:3000/_next/static/chunks/11hm_next_dist_0m6rgog._.js:2441
[  171672ms] [LOG] [DEBUG] Renderizando celda: {columnId: activo, isReference: undefined, value: Object} @ http://localhost:3000/_next/static/chunks/11hm_next_dist_0m6rgog._.js:2441
[  171672ms] [LOG] [DEBUG] Renderizando celda: {columnId: activo, isReference: undefined, value: Object} @ http://localhost:3000/_next/static/chunks/11hm_next_dist_0m6rgog._.js:2441
[  171673ms] [LOG] [DEBUG] Renderizando celda: {columnId: id, isReference: undefined, value: Object} @ http://localhost:3000/_next/static/chunks/11hm_next_dist_0m6rgog._.js:2441
[  171673ms] [LOG] [DEBUG] Renderizando celda: {columnId: id, isReference: undefined, value: Object} @ http://localhost:3000/_next/static/chunks/11hm_next_dist_0m6rgog._.js:2441
[  171673ms] [LOG] [DEBUG] Renderizando celda: {columnId: nombre, isReference: undefined, value: Object} @ http://localhost:3000/_next/static/chunks/11hm_next_dist_0m6rgog._.js:2441
[  171673ms] [LOG] [DEBUG] Renderizando celda: {columnId: nombre, isReference: undefined, value: Object} @ http://localhost:3000/_next/static/chunks/11hm_next_dist_0m6rgog._.js:2441
[  171673ms] [LOG] [DEBUG] Renderizando celda: {columnId: email, isReference: undefined, value: Object} @ http://localhost:3000/_next/static/chunks/11hm_next_dist_0m6rgog._.js:2441
[  171673ms] [LOG] [DEBUG] Renderizando celda: {columnId: email, isReference: undefined, value: Object} @ http://localhost:3000/_next/static/chunks/11hm_next_dist_0m6rgog._.js:2441
[  171673ms] [LOG] [DEBUG] Renderizando celda: {columnId: telefono, isReference: undefined, value: Object} @ http://localhost:3000/_next/static/chunks/11hm_next_dist_0m6rgog._.js:2441
[  171674ms] [LOG] [DEBUG] Renderizando celda: {columnId: telefono, isReference: undefined, value: Object} @ http://localhost:3000/_next/static/chunks/11hm_next_dist_0m6rgog._.js:2441
[  171674ms] [LOG] [DEBUG] Renderizando celda: {columnId: ciudad, isReference: undefined, value: Object} @ http://localhost:3000/_next/static/chunks/11hm_next_dist_0m6rgog._.js:2441
[  171674ms] [LOG] [DEBUG] Renderizando celda: {columnId: ciudad, isReference: undefined, value: Object} @ http://localhost:3000/_next/static/chunks/11hm_next_dist_0m6rgog._.js:2441
[  171674ms] [LOG] [DEBUG] Renderizando celda: {columnId: rol, isReference: undefined, value: Object} @ http://localhost:3000/_next/static/chunks/11hm_next_dist_0m6rgog._.js:2441
[  171674ms] [LOG] [DEBUG] Renderizando celda: {columnId: rol, isReference: undefined, value: Object} @ http://localhost:3000/_next/static/chunks/11hm_next_dist_0m6rgog._.js:2441
[  171674ms] [LOG] [DEBUG] Renderizando celda: {columnId: estado, isReference: undefined, value: Object} @ http://localhost:3000/_next/static/chunks/11hm_next_dist_0m6rgog._.js:2441
[  171674ms] [LOG] [DEBUG] Renderizando celda: {columnId: estado, isReference: undefined, value: Object} @ http://localhost:3000/_next/static/chunks/11hm_next_dist_0m6rgog._.js:2441
[  171674ms] [LOG] [DEBUG] Renderizando celda: {columnId: fechaRegistro, isReference: undefined, value: Object} @ http://localhost:3000/_next/static/chunks/11hm_next_dist_0m6rgog._.js:2441
[  171674ms] [LOG] [DEBUG] Renderizando celda: {columnId: fechaRegistro, isReference: undefined, value: Object} @ http://localhost:3000/_next/static/chunks/11hm_next_dist_0m6rgog._.js:2441
[  171674ms] [LOG] [DEBUG] Renderizando celda: {columnId: ultimoContacto, isReference: undefined, value: Object} @ http://localhost:3000/_next/static/chunks/11hm_next_dist_0m6rgog._.js:2441
[  171674ms] [LOG] [DEBUG] Renderizando celda: {columnId: ultimoContacto, isReference: undefined, value: Object} @ http://localhost:3000/_next/static/chunks/11hm_next_dist_0m6rgog._.js:2441
[  171674ms] [LOG] [DEBUG] Renderizando celda: {columnId: valorTotal, isReference: undefined, value: Object} @ http://localhost:3000/_next/static/chunks/11hm_next_dist_0m6rgog._.js:2441
[  171674ms] [LOG] [DEBUG] Renderizando celda: {columnId: valorTotal, isReference: undefined, value: Object} @ http://localhost:3000/_next/static/chunks/11hm_next_dist_0m6rgog._.js:2441
[  171674ms] [LOG] [DEBUG] Renderizando celda: {columnId: satisfaccion, isReference: undefined, value: Object} @ http://localhost:3000/_next/static/chunks/11hm_next_dist_0m6rgog._.js:2441
[  171675ms] [LOG] [DEBUG] Renderizando celda: {columnId: satisfaccion, isReference: undefined, value: Object} @ http://localhost:3000/_next/static/chunks/11hm_next_dist_0m6rgog._.js:2441
[  171675ms] [LOG] [DEBUG] Renderizando celda: {columnId: activo, isReference: undefined, value: Object} @ http://localhost:3000/_next/static/chunks/11hm_next_dist_0m6rgog._.js:2441
[  171675ms] [LOG] [DEBUG] Renderizando celda: {columnId: activo, isReference: undefined, value: Object} @ http://localhost:3000/_next/static/chunks/11hm_next_dist_0m6rgog._.js:2441
[  171675ms] [LOG] [DEBUG] Renderizando celda: {columnId: id, isReference: undefined, value: Object} @ http://localhost:3000/_next/static/chunks/11hm_next_dist_0m6rgog._.js:2441
[  171675ms] [LOG] [DEBUG] Renderizando celda: {columnId: id, isReference: undefined, value: Object} @ http://localhost:3000/_next/static/chunks/11hm_next_dist_0m6rgog._.js:2441
[  171675ms] [LOG] [DEBUG] Renderizando celda: {columnId: nombre, isReference: undefined, value: Object} @ http://localhost:3000/_next/static/chunks/11hm_next_dist_0m6rgog._.js:2441
[  171675ms] [LOG] [DEBUG] Renderizando celda: {columnId: nombre, isReference: undefined, value: Object} @ http://localhost:3000/_next/static/chunks/11hm_next_dist_0m6rgog._.js:2441
[  171676ms] [LOG] [DEBUG] Renderizando celda: {columnId: email, isReference: undefined, value: Object} @ http://localhost:3000/_next/static/chunks/11hm_next_dist_0m6rgog._.js:2441
[  171676ms] [LOG] [DEBUG] Renderizando celda: {columnId: email, isReference: undefined, value: Object} @ http://localhost:3000/_next/static/chunks/11hm_next_dist_0m6rgog._.js:2441
[  171676ms] [LOG] [DEBUG] Renderizando celda: {columnId: telefono, isReference: undefined, value: Object} @ http://localhost:3000/_next/static/chunks/11hm_next_dist_0m6rgog._.js:2441
[  171676ms] [LOG] [DEBUG] Renderizando celda: {columnId: telefono, isReference: undefined, value: Object} @ http://localhost:3000/_next/static/chunks/11hm_next_dist_0m6rgog._.js:2441
[  171676ms] [LOG] [DEBUG] Renderizando celda: {columnId: ciudad, isReference: undefined, value: Object} @ http://localhost:3000/_next/static/chunks/11hm_next_dist_0m6rgog._.js:2441
[  171676ms] [LOG] [DEBUG] Renderizando celda: {columnId: ciudad, isReference: undefined, value: Object} @ http://localhost:3000/_next/static/chunks/11hm_next_dist_0m6rgog._.js:2441
[  171676ms] [LOG] [DEBUG] Renderizando celda: {columnId: rol, isReference: undefined, value: Object} @ http://localhost:3000/_next/static/chunks/11hm_next_dist_0m6rgog._.js:2441
[  171676ms] [LOG] [DEBUG] Renderizando celda: {columnId: rol, isReference: undefined, value: Object} @ http://localhost:3000/_next/static/chunks/11hm_next_dist_0m6rgog._.js:2441
[  171676ms] [LOG] [DEBUG] Renderizando celda: {columnId: estado, isReference: undefined, value: Object} @ http://localhost:3000/_next/static/chunks/11hm_next_dist_0m6rgog._.js:2441
[  171676ms] [LOG] [DEBUG] Renderizando celda: {columnId: estado, isReference: undefined, value: Object} @ http://localhost:3000/_next/static/chunks/11hm_next_dist_0m6rgog._.js:2441
[  171676ms] [LOG] [DEBUG] Renderizando celda: {columnId: fechaRegistro, isReference: undefined, value: Object} @ http://localhost:3000/_next/static/chunks/11hm_next_dist_0m6rgog._.js:2441
[  171676ms] [LOG] [DEBUG] Renderizando celda: {columnId: fechaRegistro, isReference: undefined, value: Object} @ http://localhost:3000/_next/static/chunks/11hm_next_dist_0m6rgog._.js:2441
[  171676ms] [LOG] [DEBUG] Renderizando celda: {columnId: ultimoContacto, isReference: undefined, value: Object} @ http://localhost:3000/_next/static/chunks/11hm_next_dist_0m6rgog._.js:2441
[  171676ms] [LOG] [DEBUG] Renderizando celda: {columnId: ultimoContacto, isReference: undefined, value: Object} @ http://localhost:3000/_next/static/chunks/11hm_next_dist_0m6rgog._.js:2441
[  171677ms] [LOG] [DEBUG] Renderizando celda: {columnId: valorTotal, isReference: undefined, value: Object} @ http://localhost:3000/_next/static/chunks/11hm_next_dist_0m6rgog._.js:2441
[  171677ms] [LOG] [DEBUG] Renderizando celda: {columnId: valorTotal, isReference: undefined, value: Object} @ http://localhost:3000/_next/static/chunks/11hm_next_dist_0m6rgog._.js:2441
[  171677ms] [LOG] [DEBUG] Renderizando celda: {columnId: satisfaccion, isReference: undefined, value: Object} @ http://localhost:3000/_next/static/chunks/11hm_next_dist_0m6rgog._.js:2441
[  171677ms] [LOG] [DEBUG] Renderizando celda: {columnId: satisfaccion, isReference: undefined, value: Object} @ http://localhost:3000/_next/static/chunks/11hm_next_dist_0m6rgog._.js:2441
[  171677ms] [LOG] [DEBUG] Renderizando celda: {columnId: activo, isReference: undefined, value: Object} @ http://localhost:3000/_next/static/chunks/11hm_next_dist_0m6rgog._.js:2441
[  171677ms] [LOG] [DEBUG] Renderizando celda: {columnId: activo, isReference: undefined, value: Object} @ http://localhost:3000/_next/static/chunks/11hm_next_dist_0m6rgog._.js:2441
[  171677ms] [LOG] [DEBUG] Renderizando celda: {columnId: id, isReference: undefined, value: Object} @ http://localhost:3000/_next/static/chunks/11hm_next_dist_0m6rgog._.js:2441
[  171677ms] [LOG] [DEBUG] Renderizando celda: {columnId: id, isReference: undefined, value: Object} @ http://localhost:3000/_next/static/chunks/11hm_next_dist_0m6rgog._.js:2441
[  171678ms] [LOG] [DEBUG] Renderizando celda: {columnId: nombre, isReference: undefined, value: Object} @ http://localhost:3000/_next/static/chunks/11hm_next_dist_0m6rgog._.js:2441
[  171678ms] [LOG] [DEBUG] Renderizando celda: {columnId: nombre, isReference: undefined, value: Object} @ http://localhost:3000/_next/static/chunks/11hm_next_dist_0m6rgog._.js:2441
[  171678ms] [LOG] [DEBUG] Renderizando celda: {columnId: email, isReference: undefined, value: Object} @ http://localhost:3000/_next/static/chunks/11hm_next_dist_0m6rgog._.js:2441
[  171678ms] [LOG] [DEBUG] Renderizando celda: {columnId: email, isReference: undefined, value: Object} @ http://localhost:3000/_next/static/chunks/11hm_next_dist_0m6rgog._.js:2441
[  171678ms] [LOG] [DEBUG] Renderizando celda: {columnId: telefono, isReference: undefined, value: Object} @ http://localhost:3000/_next/static/chunks/11hm_next_dist_0m6rgog._.js:2441
[  171678ms] [LOG] [DEBUG] Renderizando celda: {columnId: telefono, isReference: undefined, value: Object} @ http://localhost:3000/_next/static/chunks/11hm_next_dist_0m6rgog._.js:2441
[  171678ms] [LOG] [DEBUG] Renderizando celda: {columnId: ciudad, isReference: undefined, value: Object} @ http://localhost:3000/_next/static/chunks/11hm_next_dist_0m6rgog._.js:2441
[  171678ms] [LOG] [DEBUG] Renderizando celda: {columnId: ciudad, isReference: undefined, value: Object} @ http://localhost:3000/_next/static/chunks/11hm_next_dist_0m6rgog._.js:2441
[  171678ms] [LOG] [DEBUG] Renderizando celda: {columnId: rol, isReference: undefined, value: Object} @ http://localhost:3000/_next/static/chunks/11hm_next_dist_0m6rgog._.js:2441
[  171678ms] [LOG] [DEBUG] Renderizando celda: {columnId: rol, isReference: undefined, value: Object} @ http://localhost:3000/_next/static/chunks/11hm_next_dist_0m6rgog._.js:2441
[  171678ms] [LOG] [DEBUG] Renderizando celda: {columnId: estado, isReference: undefined, value: Object} @ http://localhost:3000/_next/static/chunks/11hm_next_dist_0m6rgog._.js:2441
[  171678ms] [LOG] [DEBUG] Renderizando celda: {columnId: estado, isReference: undefined, value: Object} @ http://localhost:3000/_next/static/chunks/11hm_next_dist_0m6rgog._.js:2441
[  171678ms] [LOG] [DEBUG] Renderizando celda: {columnId: fechaRegistro, isReference: undefined, value: Object} @ http://localhost:3000/_next/static/chunks/11hm_next_dist_0m6rgog._.js:2441
[  171678ms] [LOG] [DEBUG] Renderizando celda: {columnId: fechaRegistro, isReference: undefined, value: Object} @ http://localhost:3000/_next/static/chunks/11hm_next_dist_0m6rgog._.js:2441
[  171679ms] [LOG] [DEBUG] Renderizando celda: {columnId: ultimoContacto, isReference: undefined, value: Object} @ http://localhost:3000/_next/static/chunks/11hm_next_dist_0m6rgog._.js:2441
[  171679ms] [LOG] [DEBUG] Renderizando celda: {columnId: ultimoContacto, isReference: undefined, value: Object} @ http://localhost:3000/_next/static/chunks/11hm_next_dist_0m6rgog._.js:2441
[  171679ms] [LOG] [DEBUG] Renderizando celda: {columnId: valorTotal, isReference: undefined, value: Object} @ http://localhost:3000/_next/static/chunks/11hm_next_dist_0m6rgog._.js:2441
[  171679ms] [LOG] [DEBUG] Renderizando celda: {columnId: valorTotal, isReference: undefined, value: Object} @ http://localhost:3000/_next/static/chunks/11hm_next_dist_0m6rgog._.js:2441
[  171679ms] [LOG] [DEBUG] Renderizando celda: {columnId: satisfaccion, isReference: undefined, value: Object} @ http://localhost:3000/_next/static/chunks/11hm_next_dist_0m6rgog._.js:2441
[  171679ms] [LOG] [DEBUG] Renderizando celda: {columnId: satisfaccion, isReference: undefined, value: Object} @ http://localhost:3000/_next/static/chunks/11hm_next_dist_0m6rgog._.js:2441
[  171679ms] [LOG] [DEBUG] Renderizando celda: {columnId: activo, isReference: undefined, value: Object} @ http://localhost:3000/_next/static/chunks/11hm_next_dist_0m6rgog._.js:2441
[  171679ms] [LOG] [DEBUG] Renderizando celda: {columnId: activo, isReference: undefined, value: Object} @ http://localhost:3000/_next/static/chunks/11hm_next_dist_0m6rgog._.js:2441
[  171681ms] [LOG] [DEBUG] Renderizando SecondaryTables: {level: 0, parentId: undefined, isLoading: false, arrayColumnsCount: 0, arrayColumns: Array(0)} @ http://localhost:3000/_next/static/chunks/11hm_next_dist_0m6rgog._.js:2441
[  171681ms] [LOG] [DEBUG] Renderizando SecondaryTables: {level: 0, parentId: undefined, isLoading: false, arrayColumnsCount: 0, arrayColumns: Array(0)} @ http://localhost:3000/_next/static/chunks/11hm_next_dist_0m6rgog._.js:2441
[  171693ms] [LOG] [DEBUG] Effective column order: {baseOrder: Array(14), pinnedColumnId: index, otherColumns: Array(13), hasActions: true, result: Array(15)} @ http://localhost:3000/_next/static/chunks/11hm_next_dist_0m6rgog._.js:2441
[  171693ms] [LOG] [DEBUG] Effective column order: {baseOrder: Array(14), pinnedColumnId: index, otherColumns: Array(13), hasActions: true, result: Array(15)} @ http://localhost:3000/_next/static/chunks/11hm_next_dist_0m6rgog._.js:2441
[  171693ms] [LOG] [DEBUG] Effective column order: {baseOrder: Array(14), pinnedColumnId: index, otherColumns: Array(13), hasActions: true, result: Array(15)} @ http://localhost:3000/_next/static/chunks/11hm_next_dist_0m6rgog._.js:2441
[  171694ms] [LOG] [DEBUG] Effective column order: {baseOrder: Array(14), pinnedColumnId: index, otherColumns: Array(13), hasActions: true, result: Array(15)} @ http://localhost:3000/_next/static/chunks/11hm_next_dist_0m6rgog._.js:2441
[  171705ms] [LOG] [DEBUG] Renderizando celda: {columnId: id, isReference: undefined, value: Object} @ http://localhost:3000/_next/static/chunks/11hm_next_dist_0m6rgog._.js:2441
[  171705ms] [LOG] [DEBUG] Renderizando celda: {columnId: id, isReference: undefined, value: Object} @ http://localhost:3000/_next/static/chunks/11hm_next_dist_0m6rgog._.js:2441
[  171705ms] [LOG] [DEBUG] Renderizando celda: {columnId: nombre, isReference: undefined, value: Object} @ http://localhost:3000/_next/static/chunks/11hm_next_dist_0m6rgog._.js:2441
[  171705ms] [LOG] [DEBUG] Renderizando celda: {columnId: nombre, isReference: undefined, value: Object} @ http://localhost:3000/_next/static/chunks/11hm_next_dist_0m6rgog._.js:2441
[  171705ms] [LOG] [DEBUG] Renderizando celda: {columnId: email, isReference: undefined, value: Object} @ http://localhost:3000/_next/static/chunks/11hm_next_dist_0m6rgog._.js:2441
[  171705ms] [LOG] [DEBUG] Renderizando celda: {columnId: email, isReference: undefined, value: Object} @ http://localhost:3000/_next/static/chunks/11hm_next_dist_0m6rgog._.js:2441
[  171705ms] [LOG] [DEBUG] Renderizando celda: {columnId: telefono, isReference: undefined, value: Object} @ http://localhost:3000/_next/static/chunks/11hm_next_dist_0m6rgog._.js:2441
[  171705ms] [LOG] [DEBUG] Renderizando celda: {columnId: telefono, isReference: undefined, value: Object} @ http://localhost:3000/_next/static/chunks/11hm_next_dist_0m6rgog._.js:2441
[  171705ms] [LOG] [DEBUG] Renderizando celda: {columnId: ciudad, isReference: undefined, value: Object} @ http://localhost:3000/_next/static/chunks/11hm_next_dist_0m6rgog._.js:2441
[  171705ms] [LOG] [DEBUG] Renderizando celda: {columnId: ciudad, isReference: undefined, value: Object} @ http://localhost:3000/_next/static/chunks/11hm_next_dist_0m6rgog._.js:2441
[  171706ms] [LOG] [DEBUG] Renderizando celda: {columnId: rol, isReference: undefined, value: Object} @ http://localhost:3000/_next/static/chunks/11hm_next_dist_0m6rgog._.js:2441
[  171706ms] [LOG] [DEBUG] Renderizando celda: {columnId: rol, isReference: undefined, value: Object} @ http://localhost:3000/_next/static/chunks/11hm_next_dist_0m6rgog._.js:2441
[  171706ms] [LOG] [DEBUG] Renderizando celda: {columnId: estado, isReference: undefined, value: Object} @ http://localhost:3000/_next/static/chunks/11hm_next_dist_0m6rgog._.js:2441
[  171706ms] [LOG] [DEBUG] Renderizando celda: {columnId: estado, isReference: undefined, value: Object} @ http://localhost:3000/_next/static/chunks/11hm_next_dist_0m6rgog._.js:2441
[  171706ms] [LOG] [DEBUG] Renderizando celda: {columnId: fechaRegistro, isReference: undefined, value: Object} @ http://localhost:3000/_next/static/chunks/11hm_next_dist_0m6rgog._.js:2441
[  171706ms] [LOG] [DEBUG] Renderizando celda: {columnId: fechaRegistro, isReference: undefined, value: Object} @ http://localhost:3000/_next/static/chunks/11hm_next_dist_0m6rgog._.js:2441
[  171706ms] [LOG] [DEBUG] Renderizando celda: {columnId: ultimoContacto, isReference: undefined, value: Object} @ http://localhost:3000/_next/static/chunks/11hm_next_dist_0m6rgog._.js:2441
[  171706ms] [LOG] [DEBUG] Renderizando celda: {columnId: ultimoContacto, isReference: undefined, value: Object} @ http://localhost:3000/_next/static/chunks/11hm_next_dist_0m6rgog._.js:2441
[  171706ms] [LOG] [DEBUG] Renderizando celda: {columnId: valorTotal, isReference: undefined, value: Object} @ http://localhost:3000/_next/static/chunks/11hm_next_dist_0m6rgog._.js:2441
[  171706ms] [LOG] [DEBUG] Renderizando celda: {columnId: valorTotal, isReference: undefined, value: Object} @ http://localhost:3000/_next/static/chunks/11hm_next_dist_0m6rgog._.js:2441
[  171706ms] [LOG] [DEBUG] Renderizando celda: {columnId: satisfaccion, isReference: undefined, value: Object} @ http://localhost:3000/_next/static/chunks/11hm_next_dist_0m6rgog._.js:2441
[  171706ms] [LOG] [DEBUG] Renderizando celda: {columnId: satisfaccion, isReference: undefined, value: Object} @ http://localhost:3000/_next/static/chunks/11hm_next_dist_0m6rgog._.js:2441
[  171706ms] [LOG] [DEBUG] Renderizando celda: {columnId: activo, isReference: undefined, value: Object} @ http://localhost:3000/_next/static/chunks/11hm_next_dist_0m6rgog._.js:2441
[  171707ms] [LOG] [DEBUG] Renderizando celda: {columnId: activo, isReference: undefined, value: Object} @ http://localhost:3000/_next/static/chunks/11hm_next_dist_0m6rgog._.js:2441
[  171707ms] [LOG] [DEBUG] Renderizando celda: {columnId: id, isReference: undefined, value: Object} @ http://localhost:3000/_next/static/chunks/11hm_next_dist_0m6rgog._.js:2441
[  171707ms] [LOG] [DEBUG] Renderizando celda: {columnId: id, isReference: undefined, value: Object} @ http://localhost:3000/_next/static/chunks/11hm_next_dist_0m6rgog._.js:2441
[  171707ms] [LOG] [DEBUG] Renderizando celda: {columnId: nombre, isReference: undefined, value: Object} @ http://localhost:3000/_next/static/chunks/11hm_next_dist_0m6rgog._.js:2441
[  171707ms] [LOG] [DEBUG] Renderizando celda: {columnId: nombre, isReference: undefined, value: Object} @ http://localhost:3000/_next/static/chunks/11hm_next_dist_0m6rgog._.js:2441
[  171707ms] [LOG] [DEBUG] Renderizando celda: {columnId: email, isReference: undefined, value: Object} @ http://localhost:3000/_next/static/chunks/11hm_next_dist_0m6rgog._.js:2441
[  171708ms] [LOG] [DEBUG] Renderizando celda: {columnId: email, isReference: undefined, value: Object} @ http://localhost:3000/_next/static/chunks/11hm_next_dist_0m6rgog._.js:2441
[  171708ms] [LOG] [DEBUG] Renderizando celda: {columnId: telefono, isReference: undefined, value: Object} @ http://localhost:3000/_next/static/chunks/11hm_next_dist_0m6rgog._.js:2441
[  171708ms] [LOG] [DEBUG] Renderizando celda: {columnId: telefono, isReference: undefined, value: Object} @ http://localhost:3000/_next/static/chunks/11hm_next_dist_0m6rgog._.js:2441
[  171708ms] [LOG] [DEBUG] Renderizando celda: {columnId: ciudad, isReference: undefined, value: Object} @ http://localhost:3000/_next/static/chunks/11hm_next_dist_0m6rgog._.js:2441
[  171708ms] [LOG] [DEBUG] Renderizando celda: {columnId: ciudad, isReference: undefined, value: Object} @ http://localhost:3000/_next/static/chunks/11hm_next_dist_0m6rgog._.js:2441
[  171708ms] [LOG] [DEBUG] Renderizando celda: {columnId: rol, isReference: undefined, value: Object} @ http://localhost:3000/_next/static/chunks/11hm_next_dist_0m6rgog._.js:2441
[  171708ms] [LOG] [DEBUG] Renderizando celda: {columnId: rol, isReference: undefined, value: Object} @ http://localhost:3000/_next/static/chunks/11hm_next_dist_0m6rgog._.js:2441
[  171708ms] [LOG] [DEBUG] Renderizando celda: {columnId: estado, isReference: undefined, value: Object} @ http://localhost:3000/_next/static/chunks/11hm_next_dist_0m6rgog._.js:2441
[  171708ms] [LOG] [DEBUG] Renderizando celda: {columnId: estado, isReference: undefined, value: Object} @ http://localhost:3000/_next/static/chunks/11hm_next_dist_0m6rgog._.js:2441
[  171708ms] [LOG] [DEBUG] Renderizando celda: {columnId: fechaRegistro, isReference: undefined, value: Object} @ http://localhost:3000/_next/static/chunks/11hm_next_dist_0m6rgog._.js:2441
[  171708ms] [LOG] [DEBUG] Renderizando celda: {columnId: fechaRegistro, isReference: undefined, value: Object} @ http://localhost:3000/_next/static/chunks/11hm_next_dist_0m6rgog._.js:2441
[  171708ms] [LOG] [DEBUG] Renderizando celda: {columnId: ultimoContacto, isReference: undefined, value: Object} @ http://localhost:3000/_next/static/chunks/11hm_next_dist_0m6rgog._.js:2441
[  171708ms] [LOG] [DEBUG] Renderizando celda: {columnId: ultimoContacto, isReference: undefined, value: Object} @ http://localhost:3000/_next/static/chunks/11hm_next_dist_0m6rgog._.js:2441
[  171708ms] [LOG] [DEBUG] Renderizando celda: {columnId: valorTotal, isReference: undefined, value: Object} @ http://localhost:3000/_next/static/chunks/11hm_next_dist_0m6rgog._.js:2441
[  171709ms] [LOG] [DEBUG] Renderizando celda: {columnId: valorTotal, isReference: undefined, value: Object} @ http://localhost:3000/_next/static/chunks/11hm_next_dist_0m6rgog._.js:2441
[  171709ms] [LOG] [DEBUG] Renderizando celda: {columnId: satisfaccion, isReference: undefined, value: Object} @ http://localhost:3000/_next/static/chunks/11hm_next_dist_0m6rgog._.js:2441
[  171709ms] [LOG] [DEBUG] Renderizando celda: {columnId: satisfaccion, isReference: undefined, value: Object} @ http://localhost:3000/_next/static/chunks/11hm_next_dist_0m6rgog._.js:2441
[  171709ms] [LOG] [DEBUG] Renderizando celda: {columnId: activo, isReference: undefined, value: Object} @ http://localhost:3000/_next/static/chunks/11hm_next_dist_0m6rgog._.js:2441
[  171709ms] [LOG] [DEBUG] Renderizando celda: {columnId: activo, isReference: undefined, value: Object} @ http://localhost:3000/_next/static/chunks/11hm_next_dist_0m6rgog._.js:2441
[  171709ms] [LOG] [DEBUG] Renderizando celda: {columnId: id, isReference: undefined, value: Object} @ http://localhost:3000/_next/static/chunks/11hm_next_dist_0m6rgog._.js:2441
[  171709ms] [LOG] [DEBUG] Renderizando celda: {columnId: id, isReference: undefined, value: Object} @ http://localhost:3000/_next/static/chunks/11hm_next_dist_0m6rgog._.js:2441
[  171710ms] [LOG] [DEBUG] Renderizando celda: {columnId: nombre, isReference: undefined, value: Object} @ http://localhost:3000/_next/static/chunks/11hm_next_dist_0m6rgog._.js:2441
[  171710ms] [LOG] [DEBUG] Renderizando celda: {columnId: nombre, isReference: undefined, value: Object} @ http://localhost:3000/_next/static/chunks/11hm_next_dist_0m6rgog._.js:2441
[  171710ms] [LOG] [DEBUG] Renderizando celda: {columnId: email, isReference: undefined, value: Object} @ http://localhost:3000/_next/static/chunks/11hm_next_dist_0m6rgog._.js:2441
[  171710ms] [LOG] [DEBUG] Renderizando celda: {columnId: email, isReference: undefined, value: Object} @ http://localhost:3000/_next/static/chunks/11hm_next_dist_0m6rgog._.js:2441
[  171710ms] [LOG] [DEBUG] Renderizando celda: {columnId: telefono, isReference: undefined, value: Object} @ http://localhost:3000/_next/static/chunks/11hm_next_dist_0m6rgog._.js:2441
[  171710ms] [LOG] [DEBUG] Renderizando celda: {columnId: telefono, isReference: undefined, value: Object} @ http://localhost:3000/_next/static/chunks/11hm_next_dist_0m6rgog._.js:2441
[  171710ms] [LOG] [DEBUG] Renderizando celda: {columnId: ciudad, isReference: undefined, value: Object} @ http://localhost:3000/_next/static/chunks/11hm_next_dist_0m6rgog._.js:2441
[  171710ms] [LOG] [DEBUG] Renderizando celda: {columnId: ciudad, isReference: undefined, value: Object} @ http://localhost:3000/_next/static/chunks/11hm_next_dist_0m6rgog._.js:2441
[  171710ms] [LOG] [DEBUG] Renderizando celda: {columnId: rol, isReference: undefined, value: Object} @ http://localhost:3000/_next/static/chunks/11hm_next_dist_0m6rgog._.js:2441
[  171710ms] [LOG] [DEBUG] Renderizando celda: {columnId: rol, isReference: undefined, value: Object} @ http://localhost:3000/_next/static/chunks/11hm_next_dist_0m6rgog._.js:2441
[  171710ms] [LOG] [DEBUG] Renderizando celda: {columnId: estado, isReference: undefined, value: Object} @ http://localhost:3000/_next/static/chunks/11hm_next_dist_0m6rgog._.js:2441
[  171710ms] [LOG] [DEBUG] Renderizando celda: {columnId: estado, isReference: undefined, value: Object} @ http://localhost:3000/_next/static/chunks/11hm_next_dist_0m6rgog._.js:2441
[  171710ms] [LOG] [DEBUG] Renderizando celda: {columnId: fechaRegistro, isReference: undefined, value: Object} @ http://localhost:3000/_next/static/chunks/11hm_next_dist_0m6rgog._.js:2441
[  171710ms] [LOG] [DEBUG] Renderizando celda: {columnId: fechaRegistro, isReference: undefined, value: Object} @ http://localhost:3000/_next/static/chunks/11hm_next_dist_0m6rgog._.js:2441
[  171711ms] [LOG] [DEBUG] Renderizando celda: {columnId: ultimoContacto, isReference: undefined, value: Object} @ http://localhost:3000/_next/static/chunks/11hm_next_dist_0m6rgog._.js:2441
[  171711ms] [LOG] [DEBUG] Renderizando celda: {columnId: ultimoContacto, isReference: undefined, value: Object} @ http://localhost:3000/_next/static/chunks/11hm_next_dist_0m6rgog._.js:2441
[  171711ms] [LOG] [DEBUG] Renderizando celda: {columnId: valorTotal, isReference: undefined, value: Object} @ http://localhost:3000/_next/static/chunks/11hm_next_dist_0m6rgog._.js:2441
[  171711ms] [LOG] [DEBUG] Renderizando celda: {columnId: valorTotal, isReference: undefined, value: Object} @ http://localhost:3000/_next/static/chunks/11hm_next_dist_0m6rgog._.js:2441
[  171711ms] [LOG] [DEBUG] Renderizando celda: {columnId: satisfaccion, isReference: undefined, value: Object} @ http://localhost:3000/_next/static/chunks/11hm_next_dist_0m6rgog._.js:2441
[  171711ms] [LOG] [DEBUG] Renderizando celda: {columnId: satisfaccion, isReference: undefined, value: Object} @ http://localhost:3000/_next/static/chunks/11hm_next_dist_0m6rgog._.js:2441
[  171711ms] [LOG] [DEBUG] Renderizando celda: {columnId: activo, isReference: undefined, value: Object} @ http://localhost:3000/_next/static/chunks/11hm_next_dist_0m6rgog._.js:2441
[  171711ms] [LOG] [DEBUG] Renderizando celda: {columnId: activo, isReference: undefined, value: Object} @ http://localhost:3000/_next/static/chunks/11hm_next_dist_0m6rgog._.js:2441
[  171712ms] [LOG] [DEBUG] Renderizando celda: {columnId: id, isReference: undefined, value: Object} @ http://localhost:3000/_next/static/chunks/11hm_next_dist_0m6rgog._.js:2441
[  171712ms] [LOG] [DEBUG] Renderizando celda: {columnId: id, isReference: undefined, value: Object} @ http://localhost:3000/_next/static/chunks/11hm_next_dist_0m6rgog._.js:2441
[  171712ms] [LOG] [DEBUG] Renderizando celda: {columnId: nombre, isReference: undefined, value: Object} @ http://localhost:3000/_next/static/chunks/11hm_next_dist_0m6rgog._.js:2441
[  171712ms] [LOG] [DEBUG] Renderizando celda: {columnId: nombre, isReference: undefined, value: Object} @ http://localhost:3000/_next/static/chunks/11hm_next_dist_0m6rgog._.js:2441
[  171712ms] [LOG] [DEBUG] Renderizando celda: {columnId: email, isReference: undefined, value: Object} @ http://localhost:3000/_next/static/chunks/11hm_next_dist_0m6rgog._.js:2441
[  171712ms] [LOG] [DEBUG] Renderizando celda: {columnId: email, isReference: undefined, value: Object} @ http://localhost:3000/_next/static/chunks/11hm_next_dist_0m6rgog._.js:2441
[  171712ms] [LOG] [DEBUG] Renderizando celda: {columnId: telefono, isReference: undefined, value: Object} @ http://localhost:3000/_next/static/chunks/11hm_next_dist_0m6rgog._.js:2441
[  171712ms] [LOG] [DEBUG] Renderizando celda: {columnId: telefono, isReference: undefined, value: Object} @ http://localhost:3000/_next/static/chunks/11hm_next_dist_0m6rgog._.js:2441
[  171712ms] [LOG] [DEBUG] Renderizando celda: {columnId: ciudad, isReference: undefined, value: Object} @ http://localhost:3000/_next/static/chunks/11hm_next_dist_0m6rgog._.js:2441
[  171712ms] [LOG] [DEBUG] Renderizando celda: {columnId: ciudad, isReference: undefined, value: Object} @ http://localhost:3000/_next/static/chunks/11hm_next_dist_0m6rgog._.js:2441
[  171712ms] [LOG] [DEBUG] Renderizando celda: {columnId: rol, isReference: undefined, value: Object} @ http://localhost:3000/_next/static/chunks/11hm_next_dist_0m6rgog._.js:2441
[  171712ms] [LOG] [DEBUG] Renderizando celda: {columnId: rol, isReference: undefined, value: Object} @ http://localhost:3000/_next/static/chunks/11hm_next_dist_0m6rgog._.js:2441
[  171713ms] [LOG] [DEBUG] Renderizando celda: {columnId: estado, isReference: undefined, value: Object} @ http://localhost:3000/_next/static/chunks/11hm_next_dist_0m6rgog._.js:2441
[  171713ms] [LOG] [DEBUG] Renderizando celda: {columnId: estado, isReference: undefined, value: Object} @ http://localhost:3000/_next/static/chunks/11hm_next_dist_0m6rgog._.js:2441
[  171713ms] [LOG] [DEBUG] Renderizando celda: {columnId: fechaRegistro, isReference: undefined, value: Object} @ http://localhost:3000/_next/static/chunks/11hm_next_dist_0m6rgog._.js:2441
[  171713ms] [LOG] [DEBUG] Renderizando celda: {columnId: fechaRegistro, isReference: undefined, value: Object} @ http://localhost:3000/_next/static/chunks/11hm_next_dist_0m6rgog._.js:2441
[  171713ms] [LOG] [DEBUG] Renderizando celda: {columnId: ultimoContacto, isReference: undefined, value: Object} @ http://localhost:3000/_next/static/chunks/11hm_next_dist_0m6rgog._.js:2441
[  171713ms] [LOG] [DEBUG] Renderizando celda: {columnId: ultimoContacto, isReference: undefined, value: Object} @ http://localhost:3000/_next/static/chunks/11hm_next_dist_0m6rgog._.js:2441
[  171713ms] [LOG] [DEBUG] Renderizando celda: {columnId: valorTotal, isReference: undefined, value: Object} @ http://localhost:3000/_next/static/chunks/11hm_next_dist_0m6rgog._.js:2441
[  171713ms] [LOG] [DEBUG] Renderizando celda: {columnId: valorTotal, isReference: undefined, value: Object} @ http://localhost:3000/_next/static/chunks/11hm_next_dist_0m6rgog._.js:2441
[  171713ms] [LOG] [DEBUG] Renderizando celda: {columnId: satisfaccion, isReference: undefined, value: Object} @ http://localhost:3000/_next/static/chunks/11hm_next_dist_0m6rgog._.js:2441
[  171713ms] [LOG] [DEBUG] Renderizando celda: {columnId: satisfaccion, isReference: undefined, value: Object} @ http://localhost:3000/_next/static/chunks/11hm_next_dist_0m6rgog._.js:2441
[  171713ms] [LOG] [DEBUG] Renderizando celda: {columnId: activo, isReference: undefined, value: Object} @ http://localhost:3000/_next/static/chunks/11hm_next_dist_0m6rgog._.js:2441
[  171713ms] [LOG] [DEBUG] Renderizando celda: {columnId: activo, isReference: undefined, value: Object} @ http://localhost:3000/_next/static/chunks/11hm_next_dist_0m6rgog._.js:2441
[  171714ms] [LOG] [DEBUG] Renderizando celda: {columnId: id, isReference: undefined, value: Object} @ http://localhost:3000/_next/static/chunks/11hm_next_dist_0m6rgog._.js:2441
[  171714ms] [LOG] [DEBUG] Renderizando celda: {columnId: id, isReference: undefined, value: Object} @ http://localhost:3000/_next/static/chunks/11hm_next_dist_0m6rgog._.js:2441
[  171714ms] [LOG] [DEBUG] Renderizando celda: {columnId: nombre, isReference: undefined, value: Object} @ http://localhost:3000/_next/static/chunks/11hm_next_dist_0m6rgog._.js:2441
[  171714ms] [LOG] [DEBUG] Renderizando celda: {columnId: nombre, isReference: undefined, value: Object} @ http://localhost:3000/_next/static/chunks/11hm_next_dist_0m6rgog._.js:2441
[  171714ms] [LOG] [DEBUG] Renderizando celda: {columnId: email, isReference: undefined, value: Object} @ http://localhost:3000/_next/static/chunks/11hm_next_dist_0m6rgog._.js:2441
[  171714ms] [LOG] [DEBUG] Renderizando celda: {columnId: email, isReference: undefined, value: Object} @ http://localhost:3000/_next/static/chunks/11hm_next_dist_0m6rgog._.js:2441
[  171714ms] [LOG] [DEBUG] Renderizando celda: {columnId: telefono, isReference: undefined, value: Object} @ http://localhost:3000/_next/static/chunks/11hm_next_dist_0m6rgog._.js:2441
[  171714ms] [LOG] [DEBUG] Renderizando celda: {columnId: telefono, isReference: undefined, value: Object} @ http://localhost:3000/_next/static/chunks/11hm_next_dist_0m6rgog._.js:2441
[  171715ms] [LOG] [DEBUG] Renderizando celda: {columnId: ciudad, isReference: undefined, value: Object} @ http://localhost:3000/_next/static/chunks/11hm_next_dist_0m6rgog._.js:2441
[  171715ms] [LOG] [DEBUG] Renderizando celda: {columnId: ciudad, isReference: undefined, value: Object} @ http://localhost:3000/_next/static/chunks/11hm_next_dist_0m6rgog._.js:2441
[  171715ms] [LOG] [DEBUG] Renderizando celda: {columnId: rol, isReference: undefined, value: Object} @ http://localhost:3000/_next/static/chunks/11hm_next_dist_0m6rgog._.js:2441
[  171715ms] [LOG] [DEBUG] Renderizando celda: {columnId: rol, isReference: undefined, value: Object} @ http://localhost:3000/_next/static/chunks/11hm_next_dist_0m6rgog._.js:2441
[  171715ms] [LOG] [DEBUG] Renderizando celda: {columnId: estado, isReference: undefined, value: Object} @ http://localhost:3000/_next/static/chunks/11hm_next_dist_0m6rgog._.js:2441
[  171715ms] [LOG] [DEBUG] Renderizando celda: {columnId: estado, isReference: undefined, value: Object} @ http://localhost:3000/_next/static/chunks/11hm_next_dist_0m6rgog._.js:2441
[  171715ms] [LOG] [DEBUG] Renderizando celda: {columnId: fechaRegistro, isReference: undefined, value: Object} @ http://localhost:3000/_next/static/chunks/11hm_next_dist_0m6rgog._.js:2441
[  171715ms] [LOG] [DEBUG] Renderizando celda: {columnId: fechaRegistro, isReference: undefined, value: Object} @ http://localhost:3000/_next/static/chunks/11hm_next_dist_0m6rgog._.js:2441
[  171715ms] [LOG] [DEBUG] Renderizando celda: {columnId: ultimoContacto, isReference: undefined, value: Object} @ http://localhost:3000/_next/static/chunks/11hm_next_dist_0m6rgog._.js:2441
[  171715ms] [LOG] [DEBUG] Renderizando celda: {columnId: ultimoContacto, isReference: undefined, value: Object} @ http://localhost:3000/_next/static/chunks/11hm_next_dist_0m6rgog._.js:2441
[  171715ms] [LOG] [DEBUG] Renderizando celda: {columnId: valorTotal, isReference: undefined, value: Object} @ http://localhost:3000/_next/static/chunks/11hm_next_dist_0m6rgog._.js:2441
[  171715ms] [LOG] [DEBUG] Renderizando celda: {columnId: valorTotal, isReference: undefined, value: Object} @ http://localhost:3000/_next/static/chunks/11hm_next_dist_0m6rgog._.js:2441
[  171716ms] [LOG] [DEBUG] Renderizando celda: {columnId: satisfaccion, isReference: undefined, value: Object} @ http://localhost:3000/_next/static/chunks/11hm_next_dist_0m6rgog._.js:2441
[  171716ms] [LOG] [DEBUG] Renderizando celda: {columnId: satisfaccion, isReference: undefined, value: Object} @ http://localhost:3000/_next/static/chunks/11hm_next_dist_0m6rgog._.js:2441
[  171716ms] [LOG] [DEBUG] Renderizando celda: {columnId: activo, isReference: undefined, value: Object} @ http://localhost:3000/_next/static/chunks/11hm_next_dist_0m6rgog._.js:2441
[  171716ms] [LOG] [DEBUG] Renderizando celda: {columnId: activo, isReference: undefined, value: Object} @ http://localhost:3000/_next/static/chunks/11hm_next_dist_0m6rgog._.js:2441
[  171716ms] [LOG] [DEBUG] Renderizando celda: {columnId: id, isReference: undefined, value: Object} @ http://localhost:3000/_next/static/chunks/11hm_next_dist_0m6rgog._.js:2441
[  171716ms] [LOG] [DEBUG] Renderizando celda: {columnId: id, isReference: undefined, value: Object} @ http://localhost:3000/_next/static/chunks/11hm_next_dist_0m6rgog._.js:2441
[  171716ms] [LOG] [DEBUG] Renderizando celda: {columnId: nombre, isReference: undefined, value: Object} @ http://localhost:3000/_next/static/chunks/11hm_next_dist_0m6rgog._.js:2441
[  171716ms] [LOG] [DEBUG] Renderizando celda: {columnId: nombre, isReference: undefined, value: Object} @ http://localhost:3000/_next/static/chunks/11hm_next_dist_0m6rgog._.js:2441
[  171716ms] [LOG] [DEBUG] Renderizando celda: {columnId: email, isReference: undefined, value: Object} @ http://localhost:3000/_next/static/chunks/11hm_next_dist_0m6rgog._.js:2441
[  171717ms] [LOG] [DEBUG] Renderizando celda: {columnId: email, isReference: undefined, value: Object} @ http://localhost:3000/_next/static/chunks/11hm_next_dist_0m6rgog._.js:2441
[  171717ms] [LOG] [DEBUG] Renderizando celda: {columnId: telefono, isReference: undefined, value: Object} @ http://localhost:3000/_next/static/chunks/11hm_next_dist_0m6rgog._.js:2441
[  171717ms] [LOG] [DEBUG] Renderizando celda: {columnId: telefono, isReference: undefined, value: Object} @ http://localhost:3000/_next/static/chunks/11hm_next_dist_0m6rgog._.js:2441
[  171717ms] [LOG] [DEBUG] Renderizando celda: {columnId: ciudad, isReference: undefined, value: Object} @ http://localhost:3000/_next/static/chunks/11hm_next_dist_0m6rgog._.js:2441
[  171717ms] [LOG] [DEBUG] Renderizando celda: {columnId: ciudad, isReference: undefined, value: Object} @ http://localhost:3000/_next/static/chunks/11hm_next_dist_0m6rgog._.js:2441
[  171717ms] [LOG] [DEBUG] Renderizando celda: {columnId: rol, isReference: undefined, value: Object} @ http://localhost:3000/_next/static/chunks/11hm_next_dist_0m6rgog._.js:2441
[  171717ms] [LOG] [DEBUG] Renderizando celda: {columnId: rol, isReference: undefined, value: Object} @ http://localhost:3000/_next/static/chunks/11hm_next_dist_0m6rgog._.js:2441
[  171717ms] [LOG] [DEBUG] Renderizando celda: {columnId: estado, isReference: undefined, value: Object} @ http://localhost:3000/_next/static/chunks/11hm_next_dist_0m6rgog._.js:2441
[  171717ms] [LOG] [DEBUG] Renderizando celda: {columnId: estado, isReference: undefined, value: Object} @ http://localhost:3000/_next/static/chunks/11hm_next_dist_0m6rgog._.js:2441
[  171717ms] [LOG] [DEBUG] Renderizando celda: {columnId: fechaRegistro, isReference: undefined, value: Object} @ http://localhost:3000/_next/static/chunks/11hm_next_dist_0m6rgog._.js:2441
[  171717ms] [LOG] [DEBUG] Renderizando celda: {columnId: fechaRegistro, isReference: undefined, value: Object} @ http://localhost:3000/_next/static/chunks/11hm_next_dist_0m6rgog._.js:2441
[  171717ms] [LOG] [DEBUG] Renderizando celda: {columnId: ultimoContacto, isReference: undefined, value: Object} @ http://localhost:3000/_next/static/chunks/11hm_next_dist_0m6rgog._.js:2441
[  171717ms] [LOG] [DEBUG] Renderizando celda: {columnId: ultimoContacto, isReference: undefined, value: Object} @ http://localhost:3000/_next/static/chunks/11hm_next_dist_0m6rgog._.js:2441
[  171717ms] [LOG] [DEBUG] Renderizando celda: {columnId: valorTotal, isReference: undefined, value: Object} @ http://localhost:3000/_next/static/chunks/11hm_next_dist_0m6rgog._.js:2441
[  171718ms] [LOG] [DEBUG] Renderizando celda: {columnId: valorTotal, isReference: undefined, value: Object} @ http://localhost:3000/_next/static/chunks/11hm_next_dist_0m6rgog._.js:2441
[  171718ms] [LOG] [DEBUG] Renderizando celda: {columnId: satisfaccion, isReference: undefined, value: Object} @ http://localhost:3000/_next/static/chunks/11hm_next_dist_0m6rgog._.js:2441
[  171718ms] [LOG] [DEBUG] Renderizando celda: {columnId: satisfaccion, isReference: undefined, value: Object} @ http://localhost:3000/_next/static/chunks/11hm_next_dist_0m6rgog._.js:2441
[  171718ms] [LOG] [DEBUG] Renderizando celda: {columnId: activo, isReference: undefined, value: Object} @ http://localhost:3000/_next/static/chunks/11hm_next_dist_0m6rgog._.js:2441
[  171718ms] [LOG] [DEBUG] Renderizando celda: {columnId: activo, isReference: undefined, value: Object} @ http://localhost:3000/_next/static/chunks/11hm_next_dist_0m6rgog._.js:2441
[  171718ms] [LOG] [DEBUG] Renderizando celda: {columnId: id, isReference: undefined, value: Object} @ http://localhost:3000/_next/static/chunks/11hm_next_dist_0m6rgog._.js:2441
[  171718ms] [LOG] [DEBUG] Renderizando celda: {columnId: id, isReference: undefined, value: Object} @ http://localhost:3000/_next/static/chunks/11hm_next_dist_0m6rgog._.js:2441
[  171718ms] [LOG] [DEBUG] Renderizando celda: {columnId: nombre, isReference: undefined, value: Object} @ http://localhost:3000/_next/static/chunks/11hm_next_dist_0m6rgog._.js:2441
[  171719ms] [LOG] [DEBUG] Renderizando celda: {columnId: nombre, isReference: undefined, value: Object} @ http://localhost:3000/_next/static/chunks/11hm_next_dist_0m6rgog._.js:2441
[  171719ms] [LOG] [DEBUG] Renderizando celda: {columnId: email, isReference: undefined, value: Object} @ http://localhost:3000/_next/static/chunks/11hm_next_dist_0m6rgog._.js:2441
[  171719ms] [LOG] [DEBUG] Renderizando celda: {columnId: email, isReference: undefined, value: Object} @ http://localhost:3000/_next/static/chunks/11hm_next_dist_0m6rgog._.js:2441
[  171719ms] [LOG] [DEBUG] Renderizando celda: {columnId: telefono, isReference: undefined, value: Object} @ http://localhost:3000/_next/static/chunks/11hm_next_dist_0m6rgog._.js:2441
[  171719ms] [LOG] [DEBUG] Renderizando celda: {columnId: telefono, isReference: undefined, value: Object} @ http://localhost:3000/_next/static/chunks/11hm_next_dist_0m6rgog._.js:2441
[  171719ms] [LOG] [DEBUG] Renderizando celda: {columnId: ciudad, isReference: undefined, value: Object} @ http://localhost:3000/_next/static/chunks/11hm_next_dist_0m6rgog._.js:2441
[  171719ms] [LOG] [DEBUG] Renderizando celda: {columnId: ciudad, isReference: undefined, value: Object} @ http://localhost:3000/_next/static/chunks/11hm_next_dist_0m6rgog._.js:2441
[  171719ms] [LOG] [DEBUG] Renderizando celda: {columnId: rol, isReference: undefined, value: Object} @ http://localhost:3000/_next/static/chunks/11hm_next_dist_0m6rgog._.js:2441
[  171719ms] [LOG] [DEBUG] Renderizando celda: {columnId: rol, isReference: undefined, value: Object} @ http://localhost:3000/_next/static/chunks/11hm_next_dist_0m6rgog._.js:2441
[  171719ms] [LOG] [DEBUG] Renderizando celda: {columnId: estado, isReference: undefined, value: Object} @ http://localhost:3000/_next/static/chunks/11hm_next_dist_0m6rgog._.js:2441
[  171719ms] [LOG] [DEBUG] Renderizando celda: {columnId: estado, isReference: undefined, value: Object} @ http://localhost:3000/_next/static/chunks/11hm_next_dist_0m6rgog._.js:2441
[  171719ms] [LOG] [DEBUG] Renderizando celda: {columnId: fechaRegistro, isReference: undefined, value: Object} @ http://localhost:3000/_next/static/chunks/11hm_next_dist_0m6rgog._.js:2441
[  171719ms] [LOG] [DEBUG] Renderizando celda: {columnId: fechaRegistro, isReference: undefined, value: Object} @ http://localhost:3000/_next/static/chunks/11hm_next_dist_0m6rgog._.js:2441
[  171720ms] [LOG] [DEBUG] Renderizando celda: {columnId: ultimoContacto, isReference: undefined, value: Object} @ http://localhost:3000/_next/static/chunks/11hm_next_dist_0m6rgog._.js:2441
[  171720ms] [LOG] [DEBUG] Renderizando celda: {columnId: ultimoContacto, isReference: undefined, value: Object} @ http://localhost:3000/_next/static/chunks/11hm_next_dist_0m6rgog._.js:2441
[  171720ms] [LOG] [DEBUG] Renderizando celda: {columnId: valorTotal, isReference: undefined, value: Object} @ http://localhost:3000/_next/static/chunks/11hm_next_dist_0m6rgog._.js:2441
[  171720ms] [LOG] [DEBUG] Renderizando celda: {columnId: valorTotal, isReference: undefined, value: Object} @ http://localhost:3000/_next/static/chunks/11hm_next_dist_0m6rgog._.js:2441
[  171720ms] [LOG] [DEBUG] Renderizando celda: {columnId: satisfaccion, isReference: undefined, value: Object} @ http://localhost:3000/_next/static/chunks/11hm_next_dist_0m6rgog._.js:2441
[  171720ms] [LOG] [DEBUG] Renderizando celda: {columnId: satisfaccion, isReference: undefined, value: Object} @ http://localhost:3000/_next/static/chunks/11hm_next_dist_0m6rgog._.js:2441
[  171720ms] [LOG] [DEBUG] Renderizando celda: {columnId: activo, isReference: undefined, value: Object} @ http://localhost:3000/_next/static/chunks/11hm_next_dist_0m6rgog._.js:2441
[  171720ms] [LOG] [DEBUG] Renderizando celda: {columnId: activo, isReference: undefined, value: Object} @ http://localhost:3000/_next/static/chunks/11hm_next_dist_0m6rgog._.js:2441
[  171721ms] [LOG] [DEBUG] Renderizando celda: {columnId: id, isReference: undefined, value: Object} @ http://localhost:3000/_next/static/chunks/11hm_next_dist_0m6rgog._.js:2441
[  171721ms] [LOG] [DEBUG] Renderizando celda: {columnId: id, isReference: undefined, value: Object} @ http://localhost:3000/_next/static/chunks/11hm_next_dist_0m6rgog._.js:2441
[  171721ms] [LOG] [DEBUG] Renderizando celda: {columnId: nombre, isReference: undefined, value: Object} @ http://localhost:3000/_next/static/chunks/11hm_next_dist_0m6rgog._.js:2441
[  171721ms] [LOG] [DEBUG] Renderizando celda: {columnId: nombre, isReference: undefined, value: Object} @ http://localhost:3000/_next/static/chunks/11hm_next_dist_0m6rgog._.js:2441
[  171721ms] [LOG] [DEBUG] Renderizando celda: {columnId: email, isReference: undefined, value: Object} @ http://localhost:3000/_next/static/chunks/11hm_next_dist_0m6rgog._.js:2441
[  171721ms] [LOG] [DEBUG] Renderizando celda: {columnId: email, isReference: undefined, value: Object} @ http://localhost:3000/_next/static/chunks/11hm_next_dist_0m6rgog._.js:2441
[  171721ms] [LOG] [DEBUG] Renderizando celda: {columnId: telefono, isReference: undefined, value: Object} @ http://localhost:3000/_next/static/chunks/11hm_next_dist_0m6rgog._.js:2441
[  171721ms] [LOG] [DEBUG] Renderizando celda: {columnId: telefono, isReference: undefined, value: Object} @ http://localhost:3000/_next/static/chunks/11hm_next_dist_0m6rgog._.js:2441
[  171721ms] [LOG] [DEBUG] Renderizando celda: {columnId: ciudad, isReference: undefined, value: Object} @ http://localhost:3000/_next/static/chunks/11hm_next_dist_0m6rgog._.js:2441
[  171721ms] [LOG] [DEBUG] Renderizando celda: {columnId: ciudad, isReference: undefined, value: Object} @ http://localhost:3000/_next/static/chunks/11hm_next_dist_0m6rgog._.js:2441
[  171721ms] [LOG] [DEBUG] Renderizando celda: {columnId: rol, isReference: undefined, value: Object} @ http://localhost:3000/_next/static/chunks/11hm_next_dist_0m6rgog._.js:2441
[  171721ms] [LOG] [DEBUG] Renderizando celda: {columnId: rol, isReference: undefined, value: Object} @ http://localhost:3000/_next/static/chunks/11hm_next_dist_0m6rgog._.js:2441
[  171721ms] [LOG] [DEBUG] Renderizando celda: {columnId: estado, isReference: undefined, value: Object} @ http://localhost:3000/_next/static/chunks/11hm_next_dist_0m6rgog._.js:2441
[  171721ms] [LOG] [DEBUG] Renderizando celda: {columnId: estado, isReference: undefined, value: Object} @ http://localhost:3000/_next/static/chunks/11hm_next_dist_0m6rgog._.js:2441
[  171722ms] [LOG] [DEBUG] Renderizando celda: {columnId: fechaRegistro, isReference: undefined, value: Object} @ http://localhost:3000/_next/static/chunks/11hm_next_dist_0m6rgog._.js:2441
[  171722ms] [LOG] [DEBUG] Renderizando celda: {columnId: fechaRegistro, isReference: undefined, value: Object} @ http://localhost:3000/_next/static/chunks/11hm_next_dist_0m6rgog._.js:2441
[  171722ms] [LOG] [DEBUG] Renderizando celda: {columnId: ultimoContacto, isReference: undefined, value: Object} @ http://localhost:3000/_next/static/chunks/11hm_next_dist_0m6rgog._.js:2441
[  171722ms] [LOG] [DEBUG] Renderizando celda: {columnId: ultimoContacto, isReference: undefined, value: Object} @ http://localhost:3000/_next/static/chunks/11hm_next_dist_0m6rgog._.js:2441
[  171722ms] [LOG] [DEBUG] Renderizando celda: {columnId: valorTotal, isReference: undefined, value: Object} @ http://localhost:3000/_next/static/chunks/11hm_next_dist_0m6rgog._.js:2441
[  171722ms] [LOG] [DEBUG] Renderizando celda: {columnId: valorTotal, isReference: undefined, value: Object} @ http://localhost:3000/_next/static/chunks/11hm_next_dist_0m6rgog._.js:2441
[  171722ms] [LOG] [DEBUG] Renderizando celda: {columnId: satisfaccion, isReference: undefined, value: Object} @ http://localhost:3000/_next/static/chunks/11hm_next_dist_0m6rgog._.js:2441
[  171722ms] [LOG] [DEBUG] Renderizando celda: {columnId: satisfaccion, isReference: undefined, value: Object} @ http://localhost:3000/_next/static/chunks/11hm_next_dist_0m6rgog._.js:2441
[  171722ms] [LOG] [DEBUG] Renderizando celda: {columnId: activo, isReference: undefined, value: Object} @ http://localhost:3000/_next/static/chunks/11hm_next_dist_0m6rgog._.js:2441
[  171722ms] [LOG] [DEBUG] Renderizando celda: {columnId: activo, isReference: undefined, value: Object} @ http://localhost:3000/_next/static/chunks/11hm_next_dist_0m6rgog._.js:2441
[  171723ms] [LOG] [DEBUG] Renderizando celda: {columnId: id, isReference: undefined, value: Object} @ http://localhost:3000/_next/static/chunks/11hm_next_dist_0m6rgog._.js:2441
[  171723ms] [LOG] [DEBUG] Renderizando celda: {columnId: id, isReference: undefined, value: Object} @ http://localhost:3000/_next/static/chunks/11hm_next_dist_0m6rgog._.js:2441
[  171723ms] [LOG] [DEBUG] Renderizando celda: {columnId: nombre, isReference: undefined, value: Object} @ http://localhost:3000/_next/static/chunks/11hm_next_dist_0m6rgog._.js:2441
[  171723ms] [LOG] [DEBUG] Renderizando celda: {columnId: nombre, isReference: undefined, value: Object} @ http://localhost:3000/_next/static/chunks/11hm_next_dist_0m6rgog._.js:2441
[  171723ms] [LOG] [DEBUG] Renderizando celda: {columnId: email, isReference: undefined, value: Object} @ http://localhost:3000/_next/static/chunks/11hm_next_dist_0m6rgog._.js:2441
[  171723ms] [LOG] [DEBUG] Renderizando celda: {columnId: email, isReference: undefined, value: Object} @ http://localhost:3000/_next/static/chunks/11hm_next_dist_0m6rgog._.js:2441
[  171723ms] [LOG] [DEBUG] Renderizando celda: {columnId: telefono, isReference: undefined, value: Object} @ http://localhost:3000/_next/static/chunks/11hm_next_dist_0m6rgog._.js:2441
[  171723ms] [LOG] [DEBUG] Renderizando celda: {columnId: telefono, isReference: undefined, value: Object} @ http://localhost:3000/_next/static/chunks/11hm_next_dist_0m6rgog._.js:2441
[  171723ms] [LOG] [DEBUG] Renderizando celda: {columnId: ciudad, isReference: undefined, value: Object} @ http://localhost:3000/_next/static/chunks/11hm_next_dist_0m6rgog._.js:2441
[  171723ms] [LOG] [DEBUG] Renderizando celda: {columnId: ciudad, isReference: undefined, value: Object} @ http://localhost:3000/_next/static/chunks/11hm_next_dist_0m6rgog._.js:2441
[  171723ms] [LOG] [DEBUG] Renderizando celda: {columnId: rol, isReference: undefined, value: Object} @ http://localhost:3000/_next/static/chunks/11hm_next_dist_0m6rgog._.js:2441
[  171724ms] [LOG] [DEBUG] Renderizando celda: {columnId: rol, isReference: undefined, value: Object} @ http://localhost:3000/_next/static/chunks/11hm_next_dist_0m6rgog._.js:2441
[  171724ms] [LOG] [DEBUG] Renderizando celda: {columnId: estado, isReference: undefined, value: Object} @ http://localhost:3000/_next/static/chunks/11hm_next_dist_0m6rgog._.js:2441
[  171724ms] [LOG] [DEBUG] Renderizando celda: {columnId: estado, isReference: undefined, value: Object} @ http://localhost:3000/_next/static/chunks/11hm_next_dist_0m6rgog._.js:2441
[  171724ms] [LOG] [DEBUG] Renderizando celda: {columnId: fechaRegistro, isReference: undefined, value: Object} @ http://localhost:3000/_next/static/chunks/11hm_next_dist_0m6rgog._.js:2441
[  171724ms] [LOG] [DEBUG] Renderizando celda: {columnId: fechaRegistro, isReference: undefined, value: Object} @ http://localhost:3000/_next/static/chunks/11hm_next_dist_0m6rgog._.js:2441
[  171724ms] [LOG] [DEBUG] Renderizando celda: {columnId: ultimoContacto, isReference: undefined, value: Object} @ http://localhost:3000/_next/static/chunks/11hm_next_dist_0m6rgog._.js:2441
[  171724ms] [LOG] [DEBUG] Renderizando celda: {columnId: ultimoContacto, isReference: undefined, value: Object} @ http://localhost:3000/_next/static/chunks/11hm_next_dist_0m6rgog._.js:2441
[  171724ms] [LOG] [DEBUG] Renderizando celda: {columnId: valorTotal, isReference: undefined, value: Object} @ http://localhost:3000/_next/static/chunks/11hm_next_dist_0m6rgog._.js:2441
[  171724ms] [LOG] [DEBUG] Renderizando celda: {columnId: valorTotal, isReference: undefined, value: Object} @ http://localhost:3000/_next/static/chunks/11hm_next_dist_0m6rgog._.js:2441
[  171724ms] [LOG] [DEBUG] Renderizando celda: {columnId: satisfaccion, isReference: undefined, value: Object} @ http://localhost:3000/_next/static/chunks/11hm_next_dist_0m6rgog._.js:2441
[  171724ms] [LOG] [DEBUG] Renderizando celda: {columnId: satisfaccion, isReference: undefined, value: Object} @ http://localhost:3000/_next/static/chunks/11hm_next_dist_0m6rgog._.js:2441
[  171724ms] [LOG] [DEBUG] Renderizando celda: {columnId: activo, isReference: undefined, value: Object} @ http://localhost:3000/_next/static/chunks/11hm_next_dist_0m6rgog._.js:2441
[  171724ms] [LOG] [DEBUG] Renderizando celda: {columnId: activo, isReference: undefined, value: Object} @ http://localhost:3000/_next/static/chunks/11hm_next_dist_0m6rgog._.js:2441
[  171725ms] [LOG] [DEBUG] Renderizando celda: {columnId: id, isReference: undefined, value: Object} @ http://localhost:3000/_next/static/chunks/11hm_next_dist_0m6rgog._.js:2441
[  171725ms] [LOG] [DEBUG] Renderizando celda: {columnId: id, isReference: undefined, value: Object} @ http://localhost:3000/_next/static/chunks/11hm_next_dist_0m6rgog._.js:2441
[  171725ms] [LOG] [DEBUG] Renderizando celda: {columnId: nombre, isReference: undefined, value: Object} @ http://localhost:3000/_next/static/chunks/11hm_next_dist_0m6rgog._.js:2441
[  171725ms] [LOG] [DEBUG] Renderizando celda: {columnId: nombre, isReference: undefined, value: Object} @ http://localhost:3000/_next/static/chunks/11hm_next_dist_0m6rgog._.js:2441
[  171725ms] [LOG] [DEBUG] Renderizando celda: {columnId: email, isReference: undefined, value: Object} @ http://localhost:3000/_next/static/chunks/11hm_next_dist_0m6rgog._.js:2441
[  171725ms] [LOG] [DEBUG] Renderizando celda: {columnId: email, isReference: undefined, value: Object} @ http://localhost:3000/_next/static/chunks/11hm_next_dist_0m6rgog._.js:2441
[  171725ms] [LOG] [DEBUG] Renderizando celda: {columnId: telefono, isReference: undefined, value: Object} @ http://localhost:3000/_next/static/chunks/11hm_next_dist_0m6rgog._.js:2441
[  171725ms] [LOG] [DEBUG] Renderizando celda: {columnId: telefono, isReference: undefined, value: Object} @ http://localhost:3000/_next/static/chunks/11hm_next_dist_0m6rgog._.js:2441
[  171725ms] [LOG] [DEBUG] Renderizando celda: {columnId: ciudad, isReference: undefined, value: Object} @ http://localhost:3000/_next/static/chunks/11hm_next_dist_0m6rgog._.js:2441
[  171725ms] [LOG] [DEBUG] Renderizando celda: {columnId: ciudad, isReference: undefined, value: Object} @ http://localhost:3000/_next/static/chunks/11hm_next_dist_0m6rgog._.js:2441
[  171726ms] [LOG] [DEBUG] Renderizando celda: {columnId: rol, isReference: undefined, value: Object} @ http://localhost:3000/_next/static/chunks/11hm_next_dist_0m6rgog._.js:2441
[  171726ms] [LOG] [DEBUG] Renderizando celda: {columnId: rol, isReference: undefined, value: Object} @ http://localhost:3000/_next/static/chunks/11hm_next_dist_0m6rgog._.js:2441
[  171726ms] [LOG] [DEBUG] Renderizando celda: {columnId: estado, isReference: undefined, value: Object} @ http://localhost:3000/_next/static/chunks/11hm_next_dist_0m6rgog._.js:2441
[  171726ms] [LOG] [DEBUG] Renderizando celda: {columnId: estado, isReference: undefined, value: Object} @ http://localhost:3000/_next/static/chunks/11hm_next_dist_0m6rgog._.js:2441
[  171726ms] [LOG] [DEBUG] Renderizando celda: {columnId: fechaRegistro, isReference: undefined, value: Object} @ http://localhost:3000/_next/static/chunks/11hm_next_dist_0m6rgog._.js:2441
[  171726ms] [LOG] [DEBUG] Renderizando celda: {columnId: fechaRegistro, isReference: undefined, value: Object} @ http://localhost:3000/_next/static/chunks/11hm_next_dist_0m6rgog._.js:2441
[  171726ms] [LOG] [DEBUG] Renderizando celda: {columnId: ultimoContacto, isReference: undefined, value: Object} @ http://localhost:3000/_next/static/chunks/11hm_next_dist_0m6rgog._.js:2441
[  171726ms] [LOG] [DEBUG] Renderizando celda: {columnId: ultimoContacto, isReference: undefined, value: Object} @ http://localhost:3000/_next/static/chunks/11hm_next_dist_0m6rgog._.js:2441
[  171726ms] [LOG] [DEBUG] Renderizando celda: {columnId: valorTotal, isReference: undefined, value: Object} @ http://localhost:3000/_next/static/chunks/11hm_next_dist_0m6rgog._.js:2441
[  171726ms] [LOG] [DEBUG] Renderizando celda: {columnId: valorTotal, isReference: undefined, value: Object} @ http://localhost:3000/_next/static/chunks/11hm_next_dist_0m6rgog._.js:2441
[  171726ms] [LOG] [DEBUG] Renderizando celda: {columnId: satisfaccion, isReference: undefined, value: Object} @ http://localhost:3000/_next/static/chunks/11hm_next_dist_0m6rgog._.js:2441
[  171726ms] [LOG] [DEBUG] Renderizando celda: {columnId: satisfaccion, isReference: undefined, value: Object} @ http://localhost:3000/_next/static/chunks/11hm_next_dist_0m6rgog._.js:2441
[  171726ms] [LOG] [DEBUG] Renderizando celda: {columnId: activo, isReference: undefined, value: Object} @ http://localhost:3000/_next/static/chunks/11hm_next_dist_0m6rgog._.js:2441
[  171726ms] [LOG] [DEBUG] Renderizando celda: {columnId: activo, isReference: undefined, value: Object} @ http://localhost:3000/_next/static/chunks/11hm_next_dist_0m6rgog._.js:2441
[  171729ms] [LOG] [DEBUG] Renderizando SecondaryTables: {level: 0, parentId: undefined, isLoading: true, arrayColumnsCount: 0, arrayColumns: Array(0)} @ http://localhost:3000/_next/static/chunks/11hm_next_dist_0m6rgog._.js:2441
[  171729ms] [LOG] [DEBUG] Renderizando SecondaryTables: {level: 0, parentId: undefined, isLoading: true, arrayColumnsCount: 0, arrayColumns: Array(0)} @ http://localhost:3000/_next/static/chunks/11hm_next_dist_0m6rgog._.js:2441
[  171994ms] [LOG] [DEBUG] Effective column order: {baseOrder: Array(14), pinnedColumnId: index, otherColumns: Array(13), hasActions: true, result: Array(15)} @ http://localhost:3000/_next/static/chunks/11hm_next_dist_0m6rgog._.js:2441
[  171994ms] [LOG] [DEBUG] Effective column order: {baseOrder: Array(14), pinnedColumnId: index, otherColumns: Array(13), hasActions: true, result: Array(15)} @ http://localhost:3000/_next/static/chunks/11hm_next_dist_0m6rgog._.js:2441
[  172000ms] [LOG] [DEBUG] Effective column order: {baseOrder: Array(14), pinnedColumnId: index, otherColumns: Array(13), hasActions: true, result: Array(15)} @ http://localhost:3000/_next/static/chunks/11hm_next_dist_0m6rgog._.js:2441
[  172000ms] [LOG] [DEBUG] Effective column order: {baseOrder: Array(14), pinnedColumnId: index, otherColumns: Array(13), hasActions: true, result: Array(15)} @ http://localhost:3000/_next/static/chunks/11hm_next_dist_0m6rgog._.js:2441
[  172046ms] [LOG] [DEBUG] Renderizando celda: {columnId: id, isReference: undefined, value: Object} @ http://localhost:3000/_next/static/chunks/11hm_next_dist_0m6rgog._.js:2441
[  172046ms] [LOG] [DEBUG] Renderizando celda: {columnId: id, isReference: undefined, value: Object} @ http://localhost:3000/_next/static/chunks/11hm_next_dist_0m6rgog._.js:2441
[  172047ms] [LOG] [DEBUG] Renderizando celda: {columnId: nombre, isReference: undefined, value: Object} @ http://localhost:3000/_next/static/chunks/11hm_next_dist_0m6rgog._.js:2441
[  172047ms] [LOG] [DEBUG] Renderizando celda: {columnId: nombre, isReference: undefined, value: Object} @ http://localhost:3000/_next/static/chunks/11hm_next_dist_0m6rgog._.js:2441
[  172047ms] [LOG] [DEBUG] Renderizando celda: {columnId: email, isReference: undefined, value: Object} @ http://localhost:3000/_next/static/chunks/11hm_next_dist_0m6rgog._.js:2441
[  172047ms] [LOG] [DEBUG] Renderizando celda: {columnId: email, isReference: undefined, value: Object} @ http://localhost:3000/_next/static/chunks/11hm_next_dist_0m6rgog._.js:2441
[  172047ms] [LOG] [DEBUG] Renderizando celda: {columnId: telefono, isReference: undefined, value: Object} @ http://localhost:3000/_next/static/chunks/11hm_next_dist_0m6rgog._.js:2441
[  172047ms] [LOG] [DEBUG] Renderizando celda: {columnId: telefono, isReference: undefined, value: Object} @ http://localhost:3000/_next/static/chunks/11hm_next_dist_0m6rgog._.js:2441
[  172047ms] [LOG] [DEBUG] Renderizando celda: {columnId: ciudad, isReference: undefined, value: Object} @ http://localhost:3000/_next/static/chunks/11hm_next_dist_0m6rgog._.js:2441
[  172047ms] [LOG] [DEBUG] Renderizando celda: {columnId: ciudad, isReference: undefined, value: Object} @ http://localhost:3000/_next/static/chunks/11hm_next_dist_0m6rgog._.js:2441
[  172047ms] [LOG] [DEBUG] Renderizando celda: {columnId: rol, isReference: undefined, value: Object} @ http://localhost:3000/_next/static/chunks/11hm_next_dist_0m6rgog._.js:2441
[  172047ms] [LOG] [DEBUG] Renderizando celda: {columnId: rol, isReference: undefined, value: Object} @ http://localhost:3000/_next/static/chunks/11hm_next_dist_0m6rgog._.js:2441
[  172047ms] [LOG] [DEBUG] Renderizando celda: {columnId: estado, isReference: undefined, value: Object} @ http://localhost:3000/_next/static/chunks/11hm_next_dist_0m6rgog._.js:2441
[  172047ms] [LOG] [DEBUG] Renderizando celda: {columnId: estado, isReference: undefined, value: Object} @ http://localhost:3000/_next/static/chunks/11hm_next_dist_0m6rgog._.js:2441
[  172047ms] [LOG] [DEBUG] Renderizando celda: {columnId: fechaRegistro, isReference: undefined, value: Object} @ http://localhost:3000/_next/static/chunks/11hm_next_dist_0m6rgog._.js:2441
[  172047ms] [LOG] [DEBUG] Renderizando celda: {columnId: fechaRegistro, isReference: undefined, value: Object} @ http://localhost:3000/_next/static/chunks/11hm_next_dist_0m6rgog._.js:2441
[  172048ms] [LOG] [DEBUG] Renderizando celda: {columnId: ultimoContacto, isReference: undefined, value: Object} @ http://localhost:3000/_next/static/chunks/11hm_next_dist_0m6rgog._.js:2441
[  172048ms] [LOG] [DEBUG] Renderizando celda: {columnId: ultimoContacto, isReference: undefined, value: Object} @ http://localhost:3000/_next/static/chunks/11hm_next_dist_0m6rgog._.js:2441
[  172048ms] [LOG] [DEBUG] Renderizando celda: {columnId: valorTotal, isReference: undefined, value: Object} @ http://localhost:3000/_next/static/chunks/11hm_next_dist_0m6rgog._.js:2441
[  172048ms] [LOG] [DEBUG] Renderizando celda: {columnId: valorTotal, isReference: undefined, value: Object} @ http://localhost:3000/_next/static/chunks/11hm_next_dist_0m6rgog._.js:2441
[  172048ms] [LOG] [DEBUG] Renderizando celda: {columnId: satisfaccion, isReference: undefined, value: Object} @ http://localhost:3000/_next/static/chunks/11hm_next_dist_0m6rgog._.js:2441
[  172048ms] [LOG] [DEBUG] Renderizando celda: {columnId: satisfaccion, isReference: undefined, value: Object} @ http://localhost:3000/_next/static/chunks/11hm_next_dist_0m6rgog._.js:2441
[  172048ms] [LOG] [DEBUG] Renderizando celda: {columnId: activo, isReference: undefined, value: Object} @ http://localhost:3000/_next/static/chunks/11hm_next_dist_0m6rgog._.js:2441
[  172048ms] [LOG] [DEBUG] Renderizando celda: {columnId: activo, isReference: undefined, value: Object} @ http://localhost:3000/_next/static/chunks/11hm_next_dist_0m6rgog._.js:2441
[  172053ms] [LOG] [DEBUG] Renderizando celda: {columnId: id, isReference: undefined, value: Object} @ http://localhost:3000/_next/static/chunks/11hm_next_dist_0m6rgog._.js:2441
[  172053ms] [LOG] [DEBUG] Renderizando celda: {columnId: id, isReference: undefined, value: Object} @ http://localhost:3000/_next/static/chunks/11hm_next_dist_0m6rgog._.js:2441
[  172053ms] [LOG] [DEBUG] Renderizando celda: {columnId: nombre, isReference: undefined, value: Object} @ http://localhost:3000/_next/static/chunks/11hm_next_dist_0m6rgog._.js:2441
[  172053ms] [LOG] [DEBUG] Renderizando celda: {columnId: nombre, isReference: undefined, value: Object} @ http://localhost:3000/_next/static/chunks/11hm_next_dist_0m6rgog._.js:2441
[  172053ms] [LOG] [DEBUG] Renderizando celda: {columnId: email, isReference: undefined, value: Object} @ http://localhost:3000/_next/static/chunks/11hm_next_dist_0m6rgog._.js:2441
[  172053ms] [LOG] [DEBUG] Renderizando celda: {columnId: email, isReference: undefined, value: Object} @ http://localhost:3000/_next/static/chunks/11hm_next_dist_0m6rgog._.js:2441
[  172053ms] [LOG] [DEBUG] Renderizando celda: {columnId: telefono, isReference: undefined, value: Object} @ http://localhost:3000/_next/static/chunks/11hm_next_dist_0m6rgog._.js:2441
[  172053ms] [LOG] [DEBUG] Renderizando celda: {columnId: telefono, isReference: undefined, value: Object} @ http://localhost:3000/_next/static/chunks/11hm_next_dist_0m6rgog._.js:2441
[  172053ms] [LOG] [DEBUG] Renderizando celda: {columnId: ciudad, isReference: undefined, value: Object} @ http://localhost:3000/_next/static/chunks/11hm_next_dist_0m6rgog._.js:2441
[  172053ms] [LOG] [DEBUG] Renderizando celda: {columnId: ciudad, isReference: undefined, value: Object} @ http://localhost:3000/_next/static/chunks/11hm_next_dist_0m6rgog._.js:2441
[  172053ms] [LOG] [DEBUG] Renderizando celda: {columnId: rol, isReference: undefined, value: Object} @ http://localhost:3000/_next/static/chunks/11hm_next_dist_0m6rgog._.js:2441
[  172053ms] [LOG] [DEBUG] Renderizando celda: {columnId: rol, isReference: undefined, value: Object} @ http://localhost:3000/_next/static/chunks/11hm_next_dist_0m6rgog._.js:2441
[  172054ms] [LOG] [DEBUG] Renderizando celda: {columnId: estado, isReference: undefined, value: Object} @ http://localhost:3000/_next/static/chunks/11hm_next_dist_0m6rgog._.js:2441
[  172054ms] [LOG] [DEBUG] Renderizando celda: {columnId: estado, isReference: undefined, value: Object} @ http://localhost:3000/_next/static/chunks/11hm_next_dist_0m6rgog._.js:2441
[  172054ms] [LOG] [DEBUG] Renderizando celda: {columnId: fechaRegistro, isReference: undefined, value: Object} @ http://localhost:3000/_next/static/chunks/11hm_next_dist_0m6rgog._.js:2441
[  172054ms] [LOG] [DEBUG] Renderizando celda: {columnId: fechaRegistro, isReference: undefined, value: Object} @ http://localhost:3000/_next/static/chunks/11hm_next_dist_0m6rgog._.js:2441
[  172054ms] [LOG] [DEBUG] Renderizando celda: {columnId: ultimoContacto, isReference: undefined, value: Object} @ http://localhost:3000/_next/static/chunks/11hm_next_dist_0m6rgog._.js:2441
[  172054ms] [LOG] [DEBUG] Renderizando celda: {columnId: ultimoContacto, isReference: undefined, value: Object} @ http://localhost:3000/_next/static/chunks/11hm_next_dist_0m6rgog._.js:2441
[  172054ms] [LOG] [DEBUG] Renderizando celda: {columnId: valorTotal, isReference: undefined, value: Object} @ http://localhost:3000/_next/static/chunks/11hm_next_dist_0m6rgog._.js:2441
[  172054ms] [LOG] [DEBUG] Renderizando celda: {columnId: valorTotal, isReference: undefined, value: Object} @ http://localhost:3000/_next/static/chunks/11hm_next_dist_0m6rgog._.js:2441
[  172054ms] [LOG] [DEBUG] Renderizando celda: {columnId: satisfaccion, isReference: undefined, value: Object} @ http://localhost:3000/_next/static/chunks/11hm_next_dist_0m6rgog._.js:2441
[  172054ms] [LOG] [DEBUG] Renderizando celda: {columnId: satisfaccion, isReference: undefined, value: Object} @ http://localhost:3000/_next/static/chunks/11hm_next_dist_0m6rgog._.js:2441
[  172054ms] [LOG] [DEBUG] Renderizando celda: {columnId: activo, isReference: undefined, value: Object} @ http://localhost:3000/_next/static/chunks/11hm_next_dist_0m6rgog._.js:2441
[  172054ms] [LOG] [DEBUG] Renderizando celda: {columnId: activo, isReference: undefined, value: Object} @ http://localhost:3000/_next/static/chunks/11hm_next_dist_0m6rgog._.js:2441
[  172059ms] [LOG] [DEBUG] Renderizando celda: {columnId: id, isReference: undefined, value: Object} @ http://localhost:3000/_next/static/chunks/11hm_next_dist_0m6rgog._.js:2441
[  172059ms] [LOG] [DEBUG] Renderizando celda: {columnId: id, isReference: undefined, value: Object} @ http://localhost:3000/_next/static/chunks/11hm_next_dist_0m6rgog._.js:2441
[  172059ms] [LOG] [DEBUG] Renderizando celda: {columnId: nombre, isReference: undefined, value: Object} @ http://localhost:3000/_next/static/chunks/11hm_next_dist_0m6rgog._.js:2441
[  172059ms] [LOG] [DEBUG] Renderizando celda: {columnId: nombre, isReference: undefined, value: Object} @ http://localhost:3000/_next/static/chunks/11hm_next_dist_0m6rgog._.js:2441
[  172059ms] [LOG] [DEBUG] Renderizando celda: {columnId: email, isReference: undefined, value: Object} @ http://localhost:3000/_next/static/chunks/11hm_next_dist_0m6rgog._.js:2441
[  172059ms] [LOG] [DEBUG] Renderizando celda: {columnId: email, isReference: undefined, value: Object} @ http://localhost:3000/_next/static/chunks/11hm_next_dist_0m6rgog._.js:2441
[  172059ms] [LOG] [DEBUG] Renderizando celda: {columnId: telefono, isReference: undefined, value: Object} @ http://localhost:3000/_next/static/chunks/11hm_next_dist_0m6rgog._.js:2441
[  172059ms] [LOG] [DEBUG] Renderizando celda: {columnId: telefono, isReference: undefined, value: Object} @ http://localhost:3000/_next/static/chunks/11hm_next_dist_0m6rgog._.js:2441
[  172059ms] [LOG] [DEBUG] Renderizando celda: {columnId: ciudad, isReference: undefined, value: Object} @ http://localhost:3000/_next/static/chunks/11hm_next_dist_0m6rgog._.js:2441
[  172059ms] [LOG] [DEBUG] Renderizando celda: {columnId: ciudad, isReference: undefined, value: Object} @ http://localhost:3000/_next/static/chunks/11hm_next_dist_0m6rgog._.js:2441
[  172059ms] [LOG] [DEBUG] Renderizando celda: {columnId: rol, isReference: undefined, value: Object} @ http://localhost:3000/_next/static/chunks/11hm_next_dist_0m6rgog._.js:2441
[  172059ms] [LOG] [DEBUG] Renderizando celda: {columnId: rol, isReference: undefined, value: Object} @ http://localhost:3000/_next/static/chunks/11hm_next_dist_0m6rgog._.js:2441
[  172059ms] [LOG] [DEBUG] Renderizando celda: {columnId: estado, isReference: undefined, value: Object} @ http://localhost:3000/_next/static/chunks/11hm_next_dist_0m6rgog._.js:2441
[  172059ms] [LOG] [DEBUG] Renderizando celda: {columnId: estado, isReference: undefined, value: Object} @ http://localhost:3000/_next/static/chunks/11hm_next_dist_0m6rgog._.js:2441
[  172060ms] [LOG] [DEBUG] Renderizando celda: {columnId: fechaRegistro, isReference: undefined, value: Object} @ http://localhost:3000/_next/static/chunks/11hm_next_dist_0m6rgog._.js:2441
[  172060ms] [LOG] [DEBUG] Renderizando celda: {columnId: fechaRegistro, isReference: undefined, value: Object} @ http://localhost:3000/_next/static/chunks/11hm_next_dist_0m6rgog._.js:2441
[  172060ms] [LOG] [DEBUG] Renderizando celda: {columnId: ultimoContacto, isReference: undefined, value: Object} @ http://localhost:3000/_next/static/chunks/11hm_next_dist_0m6rgog._.js:2441
[  172060ms] [LOG] [DEBUG] Renderizando celda: {columnId: ultimoContacto, isReference: undefined, value: Object} @ http://localhost:3000/_next/static/chunks/11hm_next_dist_0m6rgog._.js:2441
[  172060ms] [LOG] [DEBUG] Renderizando celda: {columnId: valorTotal, isReference: undefined, value: Object} @ http://localhost:3000/_next/static/chunks/11hm_next_dist_0m6rgog._.js:2441
[  172060ms] [LOG] [DEBUG] Renderizando celda: {columnId: valorTotal, isReference: undefined, value: Object} @ http://localhost:3000/_next/static/chunks/11hm_next_dist_0m6rgog._.js:2441
[  172060ms] [LOG] [DEBUG] Renderizando celda: {columnId: satisfaccion, isReference: undefined, value: Object} @ http://localhost:3000/_next/static/chunks/11hm_next_dist_0m6rgog._.js:2441
[  172060ms] [LOG] [DEBUG] Renderizando celda: {columnId: satisfaccion, isReference: undefined, value: Object} @ http://localhost:3000/_next/static/chunks/11hm_next_dist_0m6rgog._.js:2441
[  172060ms] [LOG] [DEBUG] Renderizando celda: {columnId: activo, isReference: undefined, value: Object} @ http://localhost:3000/_next/static/chunks/11hm_next_dist_0m6rgog._.js:2441
[  172060ms] [LOG] [DEBUG] Renderizando celda: {columnId: activo, isReference: undefined, value: Object} @ http://localhost:3000/_next/static/chunks/11hm_next_dist_0m6rgog._.js:2441
[  172064ms] [LOG] [DEBUG] Renderizando celda: {columnId: id, isReference: undefined, value: Object} @ http://localhost:3000/_next/static/chunks/11hm_next_dist_0m6rgog._.js:2441
[  172065ms] [LOG] [DEBUG] Renderizando celda: {columnId: id, isReference: undefined, value: Object} @ http://localhost:3000/_next/static/chunks/11hm_next_dist_0m6rgog._.js:2441
[  172065ms] [LOG] [DEBUG] Renderizando celda: {columnId: nombre, isReference: undefined, value: Object} @ http://localhost:3000/_next/static/chunks/11hm_next_dist_0m6rgog._.js:2441
[  172065ms] [LOG] [DEBUG] Renderizando celda: {columnId: nombre, isReference: undefined, value: Object} @ http://localhost:3000/_next/static/chunks/11hm_next_dist_0m6rgog._.js:2441
[  172065ms] [LOG] [DEBUG] Renderizando celda: {columnId: email, isReference: undefined, value: Object} @ http://localhost:3000/_next/static/chunks/11hm_next_dist_0m6rgog._.js:2441
[  172065ms] [LOG] [DEBUG] Renderizando celda: {columnId: email, isReference: undefined, value: Object} @ http://localhost:3000/_next/static/chunks/11hm_next_dist_0m6rgog._.js:2441
[  172065ms] [LOG] [DEBUG] Renderizando celda: {columnId: telefono, isReference: undefined, value: Object} @ http://localhost:3000/_next/static/chunks/11hm_next_dist_0m6rgog._.js:2441
[  172065ms] [LOG] [DEBUG] Renderizando celda: {columnId: telefono, isReference: undefined, value: Object} @ http://localhost:3000/_next/static/chunks/11hm_next_dist_0m6rgog._.js:2441
[  172065ms] [LOG] [DEBUG] Renderizando celda: {columnId: ciudad, isReference: undefined, value: Object} @ http://localhost:3000/_next/static/chunks/11hm_next_dist_0m6rgog._.js:2441
[  172065ms] [LOG] [DEBUG] Renderizando celda: {columnId: ciudad, isReference: undefined, value: Object} @ http://localhost:3000/_next/static/chunks/11hm_next_dist_0m6rgog._.js:2441
[  172065ms] [LOG] [DEBUG] Renderizando celda: {columnId: rol, isReference: undefined, value: Object} @ http://localhost:3000/_next/static/chunks/11hm_next_dist_0m6rgog._.js:2441
[  172065ms] [LOG] [DEBUG] Renderizando celda: {columnId: rol, isReference: undefined, value: Object} @ http://localhost:3000/_next/static/chunks/11hm_next_dist_0m6rgog._.js:2441
[  172065ms] [LOG] [DEBUG] Renderizando celda: {columnId: estado, isReference: undefined, value: Object} @ http://localhost:3000/_next/static/chunks/11hm_next_dist_0m6rgog._.js:2441
[  172065ms] [LOG] [DEBUG] Renderizando celda: {columnId: estado, isReference: undefined, value: Object} @ http://localhost:3000/_next/static/chunks/11hm_next_dist_0m6rgog._.js:2441
[  172065ms] [LOG] [DEBUG] Renderizando celda: {columnId: fechaRegistro, isReference: undefined, value: Object} @ http://localhost:3000/_next/static/chunks/11hm_next_dist_0m6rgog._.js:2441
[  172066ms] [LOG] [DEBUG] Renderizando celda: {columnId: fechaRegistro, isReference: undefined, value: Object} @ http://localhost:3000/_next/static/chunks/11hm_next_dist_0m6rgog._.js:2441
[  172066ms] [LOG] [DEBUG] Renderizando celda: {columnId: ultimoContacto, isReference: undefined, value: Object} @ http://localhost:3000/_next/static/chunks/11hm_next_dist_0m6rgog._.js:2441
[  172066ms] [LOG] [DEBUG] Renderizando celda: {columnId: ultimoContacto, isReference: undefined, value: Object} @ http://localhost:3000/_next/static/chunks/11hm_next_dist_0m6rgog._.js:2441
[  172066ms] [LOG] [DEBUG] Renderizando celda: {columnId: valorTotal, isReference: undefined, value: Object} @ http://localhost:3000/_next/static/chunks/11hm_next_dist_0m6rgog._.js:2441
[  172066ms] [LOG] [DEBUG] Renderizando celda: {columnId: valorTotal, isReference: undefined, value: Object} @ http://localhost:3000/_next/static/chunks/11hm_next_dist_0m6rgog._.js:2441
[  172066ms] [LOG] [DEBUG] Renderizando celda: {columnId: satisfaccion, isReference: undefined, value: Object} @ http://localhost:3000/_next/static/chunks/11hm_next_dist_0m6rgog._.js:2441
[  172066ms] [LOG] [DEBUG] Renderizando celda: {columnId: satisfaccion, isReference: undefined, value: Object} @ http://localhost:3000/_next/static/chunks/11hm_next_dist_0m6rgog._.js:2441
[  172066ms] [LOG] [DEBUG] Renderizando celda: {columnId: activo, isReference: undefined, value: Object} @ http://localhost:3000/_next/static/chunks/11hm_next_dist_0m6rgog._.js:2441
[  172066ms] [LOG] [DEBUG] Renderizando celda: {columnId: activo, isReference: undefined, value: Object} @ http://localhost:3000/_next/static/chunks/11hm_next_dist_0m6rgog._.js:2441
[  172070ms] [LOG] [DEBUG] Renderizando celda: {columnId: id, isReference: undefined, value: Object} @ http://localhost:3000/_next/static/chunks/11hm_next_dist_0m6rgog._.js:2441
[  172070ms] [LOG] [DEBUG] Renderizando celda: {columnId: id, isReference: undefined, value: Object} @ http://localhost:3000/_next/static/chunks/11hm_next_dist_0m6rgog._.js:2441
[  172070ms] [LOG] [DEBUG] Renderizando celda: {columnId: nombre, isReference: undefined, value: Object} @ http://localhost:3000/_next/static/chunks/11hm_next_dist_0m6rgog._.js:2441
[  172070ms] [LOG] [DEBUG] Renderizando celda: {columnId: nombre, isReference: undefined, value: Object} @ http://localhost:3000/_next/static/chunks/11hm_next_dist_0m6rgog._.js:2441
[  172071ms] [LOG] [DEBUG] Renderizando celda: {columnId: email, isReference: undefined, value: Object} @ http://localhost:3000/_next/static/chunks/11hm_next_dist_0m6rgog._.js:2441
[  172071ms] [LOG] [DEBUG] Renderizando celda: {columnId: email, isReference: undefined, value: Object} @ http://localhost:3000/_next/static/chunks/11hm_next_dist_0m6rgog._.js:2441
[  172071ms] [LOG] [DEBUG] Renderizando celda: {columnId: telefono, isReference: undefined, value: Object} @ http://localhost:3000/_next/static/chunks/11hm_next_dist_0m6rgog._.js:2441
[  172071ms] [LOG] [DEBUG] Renderizando celda: {columnId: telefono, isReference: undefined, value: Object} @ http://localhost:3000/_next/static/chunks/11hm_next_dist_0m6rgog._.js:2441
[  172071ms] [LOG] [DEBUG] Renderizando celda: {columnId: ciudad, isReference: undefined, value: Object} @ http://localhost:3000/_next/static/chunks/11hm_next_dist_0m6rgog._.js:2441
[  172071ms] [LOG] [DEBUG] Renderizando celda: {columnId: ciudad, isReference: undefined, value: Object} @ http://localhost:3000/_next/static/chunks/11hm_next_dist_0m6rgog._.js:2441
[  172071ms] [LOG] [DEBUG] Renderizando celda: {columnId: rol, isReference: undefined, value: Object} @ http://localhost:3000/_next/static/chunks/11hm_next_dist_0m6rgog._.js:2441
[  172071ms] [LOG] [DEBUG] Renderizando celda: {columnId: rol, isReference: undefined, value: Object} @ http://localhost:3000/_next/static/chunks/11hm_next_dist_0m6rgog._.js:2441
[  172071ms] [LOG] [DEBUG] Renderizando celda: {columnId: estado, isReference: undefined, value: Object} @ http://localhost:3000/_next/static/chunks/11hm_next_dist_0m6rgog._.js:2441
[  172071ms] [LOG] [DEBUG] Renderizando celda: {columnId: estado, isReference: undefined, value: Object} @ http://localhost:3000/_next/static/chunks/11hm_next_dist_0m6rgog._.js:2441
[  172071ms] [LOG] [DEBUG] Renderizando celda: {columnId: fechaRegistro, isReference: undefined, value: Object} @ http://localhost:3000/_next/static/chunks/11hm_next_dist_0m6rgog._.js:2441
[  172071ms] [LOG] [DEBUG] Renderizando celda: {columnId: fechaRegistro, isReference: undefined, value: Object} @ http://localhost:3000/_next/static/chunks/11hm_next_dist_0m6rgog._.js:2441
[  172071ms] [LOG] [DEBUG] Renderizando celda: {columnId: ultimoContacto, isReference: undefined, value: Object} @ http://localhost:3000/_next/static/chunks/11hm_next_dist_0m6rgog._.js:2441
[  172071ms] [LOG] [DEBUG] Renderizando celda: {columnId: ultimoContacto, isReference: undefined, value: Object} @ http://localhost:3000/_next/static/chunks/11hm_next_dist_0m6rgog._.js:2441
[  172071ms] [LOG] [DEBUG] Renderizando celda: {columnId: valorTotal, isReference: undefined, value: Object} @ http://localhost:3000/_next/static/chunks/11hm_next_dist_0m6rgog._.js:2441
[  172072ms] [LOG] [DEBUG] Renderizando celda: {columnId: valorTotal, isReference: undefined, value: Object} @ http://localhost:3000/_next/static/chunks/11hm_next_dist_0m6rgog._.js:2441
[  172072ms] [LOG] [DEBUG] Renderizando celda: {columnId: satisfaccion, isReference: undefined, value: Object} @ http://localhost:3000/_next/static/chunks/11hm_next_dist_0m6rgog._.js:2441
[  172072ms] [LOG] [DEBUG] Renderizando celda: {columnId: satisfaccion, isReference: undefined, value: Object} @ http://localhost:3000/_next/static/chunks/11hm_next_dist_0m6rgog._.js:2441
[  172072ms] [LOG] [DEBUG] Renderizando celda: {columnId: activo, isReference: undefined, value: Object} @ http://localhost:3000/_next/static/chunks/11hm_next_dist_0m6rgog._.js:2441
[  172072ms] [LOG] [DEBUG] Renderizando celda: {columnId: activo, isReference: undefined, value: Object} @ http://localhost:3000/_next/static/chunks/11hm_next_dist_0m6rgog._.js:2441
[  172080ms] [LOG] [DEBUG] Renderizando celda: {columnId: id, isReference: undefined, value: Object} @ http://localhost:3000/_next/static/chunks/11hm_next_dist_0m6rgog._.js:2441
[  172080ms] [LOG] [DEBUG] Renderizando celda: {columnId: id, isReference: undefined, value: Object} @ http://localhost:3000/_next/static/chunks/11hm_next_dist_0m6rgog._.js:2441
[  172080ms] [LOG] [DEBUG] Renderizando celda: {columnId: nombre, isReference: undefined, value: Object} @ http://localhost:3000/_next/static/chunks/11hm_next_dist_0m6rgog._.js:2441
[  172080ms] [LOG] [DEBUG] Renderizando celda: {columnId: nombre, isReference: undefined, value: Object} @ http://localhost:3000/_next/static/chunks/11hm_next_dist_0m6rgog._.js:2441
[  172080ms] [LOG] [DEBUG] Renderizando celda: {columnId: email, isReference: undefined, value: Object} @ http://localhost:3000/_next/static/chunks/11hm_next_dist_0m6rgog._.js:2441
[  172081ms] [LOG] [DEBUG] Renderizando celda: {columnId: email, isReference: undefined, value: Object} @ http://localhost:3000/_next/static/chunks/11hm_next_dist_0m6rgog._.js:2441
[  172081ms] [LOG] [DEBUG] Renderizando celda: {columnId: telefono, isReference: undefined, value: Object} @ http://localhost:3000/_next/static/chunks/11hm_next_dist_0m6rgog._.js:2441
[  172081ms] [LOG] [DEBUG] Renderizando celda: {columnId: telefono, isReference: undefined, value: Object} @ http://localhost:3000/_next/static/chunks/11hm_next_dist_0m6rgog._.js:2441
[  172081ms] [LOG] [DEBUG] Renderizando celda: {columnId: ciudad, isReference: undefined, value: Object} @ http://localhost:3000/_next/static/chunks/11hm_next_dist_0m6rgog._.js:2441
[  172081ms] [LOG] [DEBUG] Renderizando celda: {columnId: ciudad, isReference: undefined, value: Object} @ http://localhost:3000/_next/static/chunks/11hm_next_dist_0m6rgog._.js:2441
[  172081ms] [LOG] [DEBUG] Renderizando celda: {columnId: rol, isReference: undefined, value: Object} @ http://localhost:3000/_next/static/chunks/11hm_next_dist_0m6rgog._.js:2441
[  172081ms] [LOG] [DEBUG] Renderizando celda: {columnId: rol, isReference: undefined, value: Object} @ http://localhost:3000/_next/static/chunks/11hm_next_dist_0m6rgog._.js:2441
[  172081ms] [LOG] [DEBUG] Renderizando celda: {columnId: estado, isReference: undefined, value: Object} @ http://localhost:3000/_next/static/chunks/11hm_next_dist_0m6rgog._.js:2441
[  172081ms] [LOG] [DEBUG] Renderizando celda: {columnId: estado, isReference: undefined, value: Object} @ http://localhost:3000/_next/static/chunks/11hm_next_dist_0m6rgog._.js:2441
[  172081ms] [LOG] [DEBUG] Renderizando celda: {columnId: fechaRegistro, isReference: undefined, value: Object} @ http://localhost:3000/_next/static/chunks/11hm_next_dist_0m6rgog._.js:2441
[  172081ms] [LOG] [DEBUG] Renderizando celda: {columnId: fechaRegistro, isReference: undefined, value: Object} @ http://localhost:3000/_next/static/chunks/11hm_next_dist_0m6rgog._.js:2441
[  172081ms] [LOG] [DEBUG] Renderizando celda: {columnId: ultimoContacto, isReference: undefined, value: Object} @ http://localhost:3000/_next/static/chunks/11hm_next_dist_0m6rgog._.js:2441
[  172081ms] [LOG] [DEBUG] Renderizando celda: {columnId: ultimoContacto, isReference: undefined, value: Object} @ http://localhost:3000/_next/static/chunks/11hm_next_dist_0m6rgog._.js:2441
[  172081ms] [LOG] [DEBUG] Renderizando celda: {columnId: valorTotal, isReference: undefined, value: Object} @ http://localhost:3000/_next/static/chunks/11hm_next_dist_0m6rgog._.js:2441
[  172081ms] [LOG] [DEBUG] Renderizando celda: {columnId: valorTotal, isReference: undefined, value: Object} @ http://localhost:3000/_next/static/chunks/11hm_next_dist_0m6rgog._.js:2441
[  172082ms] [LOG] [DEBUG] Renderizando celda: {columnId: satisfaccion, isReference: undefined, value: Object} @ http://localhost:3000/_next/static/chunks/11hm_next_dist_0m6rgog._.js:2441
[  172082ms] [LOG] [DEBUG] Renderizando celda: {columnId: satisfaccion, isReference: undefined, value: Object} @ http://localhost:3000/_next/static/chunks/11hm_next_dist_0m6rgog._.js:2441
[  172082ms] [LOG] [DEBUG] Renderizando celda: {columnId: activo, isReference: undefined, value: Object} @ http://localhost:3000/_next/static/chunks/11hm_next_dist_0m6rgog._.js:2441
[  172082ms] [LOG] [DEBUG] Renderizando celda: {columnId: activo, isReference: undefined, value: Object} @ http://localhost:3000/_next/static/chunks/11hm_next_dist_0m6rgog._.js:2441
[  172086ms] [LOG] [DEBUG] Renderizando celda: {columnId: id, isReference: undefined, value: Object} @ http://localhost:3000/_next/static/chunks/11hm_next_dist_0m6rgog._.js:2441
[  172086ms] [LOG] [DEBUG] Renderizando celda: {columnId: id, isReference: undefined, value: Object} @ http://localhost:3000/_next/static/chunks/11hm_next_dist_0m6rgog._.js:2441
[  172086ms] [LOG] [DEBUG] Renderizando celda: {columnId: nombre, isReference: undefined, value: Object} @ http://localhost:3000/_next/static/chunks/11hm_next_dist_0m6rgog._.js:2441
[  172086ms] [LOG] [DEBUG] Renderizando celda: {columnId: nombre, isReference: undefined, value: Object} @ http://localhost:3000/_next/static/chunks/11hm_next_dist_0m6rgog._.js:2441
[  172086ms] [LOG] [DEBUG] Renderizando celda: {columnId: email, isReference: undefined, value: Object} @ http://localhost:3000/_next/static/chunks/11hm_next_dist_0m6rgog._.js:2441
[  172086ms] [LOG] [DEBUG] Renderizando celda: {columnId: email, isReference: undefined, value: Object} @ http://localhost:3000/_next/static/chunks/11hm_next_dist_0m6rgog._.js:2441
[  172086ms] [LOG] [DEBUG] Renderizando celda: {columnId: telefono, isReference: undefined, value: Object} @ http://localhost:3000/_next/static/chunks/11hm_next_dist_0m6rgog._.js:2441
[  172087ms] [LOG] [DEBUG] Renderizando celda: {columnId: telefono, isReference: undefined, value: Object} @ http://localhost:3000/_next/static/chunks/11hm_next_dist_0m6rgog._.js:2441
[  172087ms] [LOG] [DEBUG] Renderizando celda: {columnId: ciudad, isReference: undefined, value: Object} @ http://localhost:3000/_next/static/chunks/11hm_next_dist_0m6rgog._.js:2441
[  172087ms] [LOG] [DEBUG] Renderizando celda: {columnId: ciudad, isReference: undefined, value: Object} @ http://localhost:3000/_next/static/chunks/11hm_next_dist_0m6rgog._.js:2441
[  172087ms] [LOG] [DEBUG] Renderizando celda: {columnId: rol, isReference: undefined, value: Object} @ http://localhost:3000/_next/static/chunks/11hm_next_dist_0m6rgog._.js:2441
[  172087ms] [LOG] [DEBUG] Renderizando celda: {columnId: rol, isReference: undefined, value: Object} @ http://localhost:3000/_next/static/chunks/11hm_next_dist_0m6rgog._.js:2441
[  172087ms] [LOG] [DEBUG] Renderizando celda: {columnId: estado, isReference: undefined, value: Object} @ http://localhost:3000/_next/static/chunks/11hm_next_dist_0m6rgog._.js:2441
[  172087ms] [LOG] [DEBUG] Renderizando celda: {columnId: estado, isReference: undefined, value: Object} @ http://localhost:3000/_next/static/chunks/11hm_next_dist_0m6rgog._.js:2441
[  172087ms] [LOG] [DEBUG] Renderizando celda: {columnId: fechaRegistro, isReference: undefined, value: Object} @ http://localhost:3000/_next/static/chunks/11hm_next_dist_0m6rgog._.js:2441
[  172087ms] [LOG] [DEBUG] Renderizando celda: {columnId: fechaRegistro, isReference: undefined, value: Object} @ http://localhost:3000/_next/static/chunks/11hm_next_dist_0m6rgog._.js:2441
[  172087ms] [LOG] [DEBUG] Renderizando celda: {columnId: ultimoContacto, isReference: undefined, value: Object} @ http://localhost:3000/_next/static/chunks/11hm_next_dist_0m6rgog._.js:2441
[  172087ms] [LOG] [DEBUG] Renderizando celda: {columnId: ultimoContacto, isReference: undefined, value: Object} @ http://localhost:3000/_next/static/chunks/11hm_next_dist_0m6rgog._.js:2441
[  172087ms] [LOG] [DEBUG] Renderizando celda: {columnId: valorTotal, isReference: undefined, value: Object} @ http://localhost:3000/_next/static/chunks/11hm_next_dist_0m6rgog._.js:2441
[  172087ms] [LOG] [DEBUG] Renderizando celda: {columnId: valorTotal, isReference: undefined, value: Object} @ http://localhost:3000/_next/static/chunks/11hm_next_dist_0m6rgog._.js:2441
[  172087ms] [LOG] [DEBUG] Renderizando celda: {columnId: satisfaccion, isReference: undefined, value: Object} @ http://localhost:3000/_next/static/chunks/11hm_next_dist_0m6rgog._.js:2441
[  172087ms] [LOG] [DEBUG] Renderizando celda: {columnId: satisfaccion, isReference: undefined, value: Object} @ http://localhost:3000/_next/static/chunks/11hm_next_dist_0m6rgog._.js:2441
[  172088ms] [LOG] [DEBUG] Renderizando celda: {columnId: activo, isReference: undefined, value: Object} @ http://localhost:3000/_next/static/chunks/11hm_next_dist_0m6rgog._.js:2441
[  172088ms] [LOG] [DEBUG] Renderizando celda: {columnId: activo, isReference: undefined, value: Object} @ http://localhost:3000/_next/static/chunks/11hm_next_dist_0m6rgog._.js:2441
[  172092ms] [LOG] [DEBUG] Renderizando celda: {columnId: id, isReference: undefined, value: Object} @ http://localhost:3000/_next/static/chunks/11hm_next_dist_0m6rgog._.js:2441
[  172092ms] [LOG] [DEBUG] Renderizando celda: {columnId: id, isReference: undefined, value: Object} @ http://localhost:3000/_next/static/chunks/11hm_next_dist_0m6rgog._.js:2441
[  172092ms] [LOG] [DEBUG] Renderizando celda: {columnId: nombre, isReference: undefined, value: Object} @ http://localhost:3000/_next/static/chunks/11hm_next_dist_0m6rgog._.js:2441
[  172092ms] [LOG] [DEBUG] Renderizando celda: {columnId: nombre, isReference: undefined, value: Object} @ http://localhost:3000/_next/static/chunks/11hm_next_dist_0m6rgog._.js:2441
[  172092ms] [LOG] [DEBUG] Renderizando celda: {columnId: email, isReference: undefined, value: Object} @ http://localhost:3000/_next/static/chunks/11hm_next_dist_0m6rgog._.js:2441
[  172092ms] [LOG] [DEBUG] Renderizando celda: {columnId: email, isReference: undefined, value: Object} @ http://localhost:3000/_next/static/chunks/11hm_next_dist_0m6rgog._.js:2441
[  172092ms] [LOG] [DEBUG] Renderizando celda: {columnId: telefono, isReference: undefined, value: Object} @ http://localhost:3000/_next/static/chunks/11hm_next_dist_0m6rgog._.js:2441
[  172092ms] [LOG] [DEBUG] Renderizando celda: {columnId: telefono, isReference: undefined, value: Object} @ http://localhost:3000/_next/static/chunks/11hm_next_dist_0m6rgog._.js:2441
[  172092ms] [LOG] [DEBUG] Renderizando celda: {columnId: ciudad, isReference: undefined, value: Object} @ http://localhost:3000/_next/static/chunks/11hm_next_dist_0m6rgog._.js:2441
[  172092ms] [LOG] [DEBUG] Renderizando celda: {columnId: ciudad, isReference: undefined, value: Object} @ http://localhost:3000/_next/static/chunks/11hm_next_dist_0m6rgog._.js:2441
[  172093ms] [LOG] [DEBUG] Renderizando celda: {columnId: rol, isReference: undefined, value: Object} @ http://localhost:3000/_next/static/chunks/11hm_next_dist_0m6rgog._.js:2441
[  172093ms] [LOG] [DEBUG] Renderizando celda: {columnId: rol, isReference: undefined, value: Object} @ http://localhost:3000/_next/static/chunks/11hm_next_dist_0m6rgog._.js:2441
[  172093ms] [LOG] [DEBUG] Renderizando celda: {columnId: estado, isReference: undefined, value: Object} @ http://localhost:3000/_next/static/chunks/11hm_next_dist_0m6rgog._.js:2441
[  172093ms] [LOG] [DEBUG] Renderizando celda: {columnId: estado, isReference: undefined, value: Object} @ http://localhost:3000/_next/static/chunks/11hm_next_dist_0m6rgog._.js:2441
[  172093ms] [LOG] [DEBUG] Renderizando celda: {columnId: fechaRegistro, isReference: undefined, value: Object} @ http://localhost:3000/_next/static/chunks/11hm_next_dist_0m6rgog._.js:2441
[  172093ms] [LOG] [DEBUG] Renderizando celda: {columnId: fechaRegistro, isReference: undefined, value: Object} @ http://localhost:3000/_next/static/chunks/11hm_next_dist_0m6rgog._.js:2441
[  172093ms] [LOG] [DEBUG] Renderizando celda: {columnId: ultimoContacto, isReference: undefined, value: Object} @ http://localhost:3000/_next/static/chunks/11hm_next_dist_0m6rgog._.js:2441
[  172093ms] [LOG] [DEBUG] Renderizando celda: {columnId: ultimoContacto, isReference: undefined, value: Object} @ http://localhost:3000/_next/static/chunks/11hm_next_dist_0m6rgog._.js:2441
[  172093ms] [LOG] [DEBUG] Renderizando celda: {columnId: valorTotal, isReference: undefined, value: Object} @ http://localhost:3000/_next/static/chunks/11hm_next_dist_0m6rgog._.js:2441
[  172093ms] [LOG] [DEBUG] Renderizando celda: {columnId: valorTotal, isReference: undefined, value: Object} @ http://localhost:3000/_next/static/chunks/11hm_next_dist_0m6rgog._.js:2441
[  172093ms] [LOG] [DEBUG] Renderizando celda: {columnId: satisfaccion, isReference: undefined, value: Object} @ http://localhost:3000/_next/static/chunks/11hm_next_dist_0m6rgog._.js:2441
[  172093ms] [LOG] [DEBUG] Renderizando celda: {columnId: satisfaccion, isReference: undefined, value: Object} @ http://localhost:3000/_next/static/chunks/11hm_next_dist_0m6rgog._.js:2441
[  172093ms] [LOG] [DEBUG] Renderizando celda: {columnId: activo, isReference: undefined, value: Object} @ http://localhost:3000/_next/static/chunks/11hm_next_dist_0m6rgog._.js:2441
[  172093ms] [LOG] [DEBUG] Renderizando celda: {columnId: activo, isReference: undefined, value: Object} @ http://localhost:3000/_next/static/chunks/11hm_next_dist_0m6rgog._.js:2441
[  172098ms] [LOG] [DEBUG] Renderizando celda: {columnId: id, isReference: undefined, value: Object} @ http://localhost:3000/_next/static/chunks/11hm_next_dist_0m6rgog._.js:2441
[  172098ms] [LOG] [DEBUG] Renderizando celda: {columnId: id, isReference: undefined, value: Object} @ http://localhost:3000/_next/static/chunks/11hm_next_dist_0m6rgog._.js:2441
[  172098ms] [LOG] [DEBUG] Renderizando celda: {columnId: nombre, isReference: undefined, value: Object} @ http://localhost:3000/_next/static/chunks/11hm_next_dist_0m6rgog._.js:2441
[  172098ms] [LOG] [DEBUG] Renderizando celda: {columnId: nombre, isReference: undefined, value: Object} @ http://localhost:3000/_next/static/chunks/11hm_next_dist_0m6rgog._.js:2441
[  172098ms] [LOG] [DEBUG] Renderizando celda: {columnId: email, isReference: undefined, value: Object} @ http://localhost:3000/_next/static/chunks/11hm_next_dist_0m6rgog._.js:2441
[  172098ms] [LOG] [DEBUG] Renderizando celda: {columnId: email, isReference: undefined, value: Object} @ http://localhost:3000/_next/static/chunks/11hm_next_dist_0m6rgog._.js:2441
[  172098ms] [LOG] [DEBUG] Renderizando celda: {columnId: telefono, isReference: undefined, value: Object} @ http://localhost:3000/_next/static/chunks/11hm_next_dist_0m6rgog._.js:2441
[  172098ms] [LOG] [DEBUG] Renderizando celda: {columnId: telefono, isReference: undefined, value: Object} @ http://localhost:3000/_next/static/chunks/11hm_next_dist_0m6rgog._.js:2441
[  172098ms] [LOG] [DEBUG] Renderizando celda: {columnId: ciudad, isReference: undefined, value: Object} @ http://localhost:3000/_next/static/chunks/11hm_next_dist_0m6rgog._.js:2441
[  172098ms] [LOG] [DEBUG] Renderizando celda: {columnId: ciudad, isReference: undefined, value: Object} @ http://localhost:3000/_next/static/chunks/11hm_next_dist_0m6rgog._.js:2441
[  172098ms] [LOG] [DEBUG] Renderizando celda: {columnId: rol, isReference: undefined, value: Object} @ http://localhost:3000/_next/static/chunks/11hm_next_dist_0m6rgog._.js:2441
[  172099ms] [LOG] [DEBUG] Renderizando celda: {columnId: rol, isReference: undefined, value: Object} @ http://localhost:3000/_next/static/chunks/11hm_next_dist_0m6rgog._.js:2441
[  172099ms] [LOG] [DEBUG] Renderizando celda: {columnId: estado, isReference: undefined, value: Object} @ http://localhost:3000/_next/static/chunks/11hm_next_dist_0m6rgog._.js:2441
[  172099ms] [LOG] [DEBUG] Renderizando celda: {columnId: estado, isReference: undefined, value: Object} @ http://localhost:3000/_next/static/chunks/11hm_next_dist_0m6rgog._.js:2441
[  172099ms] [LOG] [DEBUG] Renderizando celda: {columnId: fechaRegistro, isReference: undefined, value: Object} @ http://localhost:3000/_next/static/chunks/11hm_next_dist_0m6rgog._.js:2441
[  172099ms] [LOG] [DEBUG] Renderizando celda: {columnId: fechaRegistro, isReference: undefined, value: Object} @ http://localhost:3000/_next/static/chunks/11hm_next_dist_0m6rgog._.js:2441
[  172099ms] [LOG] [DEBUG] Renderizando celda: {columnId: ultimoContacto, isReference: undefined, value: Object} @ http://localhost:3000/_next/static/chunks/11hm_next_dist_0m6rgog._.js:2441
[  172099ms] [LOG] [DEBUG] Renderizando celda: {columnId: ultimoContacto, isReference: undefined, value: Object} @ http://localhost:3000/_next/static/chunks/11hm_next_dist_0m6rgog._.js:2441
[  172099ms] [LOG] [DEBUG] Renderizando celda: {columnId: valorTotal, isReference: undefined, value: Object} @ http://localhost:3000/_next/static/chunks/11hm_next_dist_0m6rgog._.js:2441
[  172099ms] [LOG] [DEBUG] Renderizando celda: {columnId: valorTotal, isReference: undefined, value: Object} @ http://localhost:3000/_next/static/chunks/11hm_next_dist_0m6rgog._.js:2441
[  172099ms] [LOG] [DEBUG] Renderizando celda: {columnId: satisfaccion, isReference: undefined, value: Object} @ http://localhost:3000/_next/static/chunks/11hm_next_dist_0m6rgog._.js:2441
[  172099ms] [LOG] [DEBUG] Renderizando celda: {columnId: satisfaccion, isReference: undefined, value: Object} @ http://localhost:3000/_next/static/chunks/11hm_next_dist_0m6rgog._.js:2441
[  172099ms] [LOG] [DEBUG] Renderizando celda: {columnId: activo, isReference: undefined, value: Object} @ http://localhost:3000/_next/static/chunks/11hm_next_dist_0m6rgog._.js:2441
[  172099ms] [LOG] [DEBUG] Renderizando celda: {columnId: activo, isReference: undefined, value: Object} @ http://localhost:3000/_next/static/chunks/11hm_next_dist_0m6rgog._.js:2441
[  172104ms] [LOG] [DEBUG] Renderizando celda: {columnId: id, isReference: undefined, value: Object} @ http://localhost:3000/_next/static/chunks/11hm_next_dist_0m6rgog._.js:2441
[  172104ms] [LOG] [DEBUG] Renderizando celda: {columnId: id, isReference: undefined, value: Object} @ http://localhost:3000/_next/static/chunks/11hm_next_dist_0m6rgog._.js:2441
[  172104ms] [LOG] [DEBUG] Renderizando celda: {columnId: nombre, isReference: undefined, value: Object} @ http://localhost:3000/_next/static/chunks/11hm_next_dist_0m6rgog._.js:2441
[  172104ms] [LOG] [DEBUG] Renderizando celda: {columnId: nombre, isReference: undefined, value: Object} @ http://localhost:3000/_next/static/chunks/11hm_next_dist_0m6rgog._.js:2441
[  172104ms] [LOG] [DEBUG] Renderizando celda: {columnId: email, isReference: undefined, value: Object} @ http://localhost:3000/_next/static/chunks/11hm_next_dist_0m6rgog._.js:2441
[  172104ms] [LOG] [DEBUG] Renderizando celda: {columnId: email, isReference: undefined, value: Object} @ http://localhost:3000/_next/static/chunks/11hm_next_dist_0m6rgog._.js:2441
[  172104ms] [LOG] [DEBUG] Renderizando celda: {columnId: telefono, isReference: undefined, value: Object} @ http://localhost:3000/_next/static/chunks/11hm_next_dist_0m6rgog._.js:2441
[  172104ms] [LOG] [DEBUG] Renderizando celda: {columnId: telefono, isReference: undefined, value: Object} @ http://localhost:3000/_next/static/chunks/11hm_next_dist_0m6rgog._.js:2441
[  172104ms] [LOG] [DEBUG] Renderizando celda: {columnId: ciudad, isReference: undefined, value: Object} @ http://localhost:3000/_next/static/chunks/11hm_next_dist_0m6rgog._.js:2441
[  172104ms] [LOG] [DEBUG] Renderizando celda: {columnId: ciudad, isReference: undefined, value: Object} @ http://localhost:3000/_next/static/chunks/11hm_next_dist_0m6rgog._.js:2441
[  172104ms] [LOG] [DEBUG] Renderizando celda: {columnId: rol, isReference: undefined, value: Object} @ http://localhost:3000/_next/static/chunks/11hm_next_dist_0m6rgog._.js:2441
[  172104ms] [LOG] [DEBUG] Renderizando celda: {columnId: rol, isReference: undefined, value: Object} @ http://localhost:3000/_next/static/chunks/11hm_next_dist_0m6rgog._.js:2441
[  172104ms] [LOG] [DEBUG] Renderizando celda: {columnId: estado, isReference: undefined, value: Object} @ http://localhost:3000/_next/static/chunks/11hm_next_dist_0m6rgog._.js:2441
[  172104ms] [LOG] [DEBUG] Renderizando celda: {columnId: estado, isReference: undefined, value: Object} @ http://localhost:3000/_next/static/chunks/11hm_next_dist_0m6rgog._.js:2441
[  172105ms] [LOG] [DEBUG] Renderizando celda: {columnId: fechaRegistro, isReference: undefined, value: Object} @ http://localhost:3000/_next/static/chunks/11hm_next_dist_0m6rgog._.js:2441
[  172105ms] [LOG] [DEBUG] Renderizando celda: {columnId: fechaRegistro, isReference: undefined, value: Object} @ http://localhost:3000/_next/static/chunks/11hm_next_dist_0m6rgog._.js:2441
[  172105ms] [LOG] [DEBUG] Renderizando celda: {columnId: ultimoContacto, isReference: undefined, value: Object} @ http://localhost:3000/_next/static/chunks/11hm_next_dist_0m6rgog._.js:2441
[  172105ms] [LOG] [DEBUG] Renderizando celda: {columnId: ultimoContacto, isReference: undefined, value: Object} @ http://localhost:3000/_next/static/chunks/11hm_next_dist_0m6rgog._.js:2441
[  172105ms] [LOG] [DEBUG] Renderizando celda: {columnId: valorTotal, isReference: undefined, value: Object} @ http://localhost:3000/_next/static/chunks/11hm_next_dist_0m6rgog._.js:2441
[  172105ms] [LOG] [DEBUG] Renderizando celda: {columnId: valorTotal, isReference: undefined, value: Object} @ http://localhost:3000/_next/static/chunks/11hm_next_dist_0m6rgog._.js:2441
[  172105ms] [LOG] [DEBUG] Renderizando celda: {columnId: satisfaccion, isReference: undefined, value: Object} @ http://localhost:3000/_next/static/chunks/11hm_next_dist_0m6rgog._.js:2441
[  172105ms] [LOG] [DEBUG] Renderizando celda: {columnId: satisfaccion, isReference: undefined, value: Object} @ http://localhost:3000/_next/static/chunks/11hm_next_dist_0m6rgog._.js:2441
[  172105ms] [LOG] [DEBUG] Renderizando celda: {columnId: activo, isReference: undefined, value: Object} @ http://localhost:3000/_next/static/chunks/11hm_next_dist_0m6rgog._.js:2441
[  172105ms] [LOG] [DEBUG] Renderizando celda: {columnId: activo, isReference: undefined, value: Object} @ http://localhost:3000/_next/static/chunks/11hm_next_dist_0m6rgog._.js:2441
[  172108ms] [LOG] [DEBUG] Renderizando SecondaryTables: {level: 0, parentId: undefined, isLoading: false, arrayColumnsCount: 0, arrayColumns: Array(0)} @ http://localhost:3000/_next/static/chunks/11hm_next_dist_0m6rgog._.js:2441
[  172108ms] [LOG] [DEBUG] Renderizando SecondaryTables: {level: 0, parentId: undefined, isLoading: false, arrayColumnsCount: 0, arrayColumns: Array(0)} @ http://localhost:3000/_next/static/chunks/11hm_next_dist_0m6rgog._.js:2441
[  172116ms] [ERROR] Access to fetch at 'http://localhost:3001/trpc/featureFlags.isEnabled,user.me,theme.listAllThemes?batch=1&input=%7B%220%22%3A%7B%22key%22%3A%22support-chat%22%7D%7D' from origin 'http://localhost:3000' has been blocked by CORS policy: No 'Access-Control-Allow-Origin' header is present on the requested resource. @ http://localhost:3000/es/demo/table:0
[  172116ms] [ERROR] Failed to load resource: net::ERR_FAILED @ http://localhost:3001/trpc/featureFlags.isEnabled,user.me,theme.listAllThemes?batch=1&input=%7B%220%22%3A%7B%22key%22%3A%22support-chat%22%7D%7D:0
[  173164ms] [ERROR] Access to fetch at 'http://localhost:3001/trpc/featureFlags.isEnabled,theme.listAllThemes?batch=1&input=%7B%220%22%3A%7B%22key%22%3A%22support-chat%22%7D%7D' from origin 'http://localhost:3000' has been blocked by CORS policy: No 'Access-Control-Allow-Origin' header is present on the requested resource. @ http://localhost:3000/es/demo/table:0
[  173164ms] [ERROR] Failed to load resource: net::ERR_FAILED @ http://localhost:3001/trpc/featureFlags.isEnabled,theme.listAllThemes?batch=1&input=%7B%220%22%3A%7B%22key%22%3A%22support-chat%22%7D%7D:0
[  174980ms] [LOG] [DEBUG] Valores unicos procesados: {columnId: ultimoContacto, columnType: date, uniqueValues: Array(21)} @ http://localhost:3000/_next/static/chunks/11hm_next_dist_0m6rgog._.js:2441
[  174981ms] [LOG] [DEBUG] FilterFactory initialValue debug: {columnId: ultimoContacto, columnType: date, propsInitialValue: undefined, currentFilter: undefined} @ http://localhost:3000/_next/static/chunks/11hm_next_dist_0m6rgog._.js:2441
[  174981ms] [LOG] [DEBUG] Filter selection for column: {columnId: ultimoContacto, columnType: date, useAdaptiveFiltering: false, sampleData: Array(3)} @ http://localhost:3000/_next/static/chunks/11hm_next_dist_0m6rgog._.js:2441
[  174981ms] [LOG] [DEBUG] FILTER FACTORY - Seleccionando filtro: {columnId: ultimoContacto, columnType: date, uniqueValuesCount: 21, sampleValues: Array(3)} @ http://localhost:3000/_next/static/chunks/11hm_next_dist_0m6rgog._.js:2441
[  174982ms] [LOG] [DEBUG] Valores unicos procesados: {columnId: ultimoContacto, columnType: date, uniqueValues: Array(21)} @ http://localhost:3000/_next/static/chunks/11hm_next_dist_0m6rgog._.js:2441
[  174982ms] [LOG] [DEBUG] FilterFactory initialValue debug: {columnId: ultimoContacto, columnType: date, propsInitialValue: undefined, currentFilter: undefined} @ http://localhost:3000/_next/static/chunks/11hm_next_dist_0m6rgog._.js:2441
[  174982ms] [LOG] [DEBUG] Filter selection for column: {columnId: ultimoContacto, columnType: date, useAdaptiveFiltering: false, sampleData: Array(3)} @ http://localhost:3000/_next/static/chunks/11hm_next_dist_0m6rgog._.js:2441
[  174982ms] [LOG] [DEBUG] FILTER FACTORY - Seleccionando filtro: {columnId: ultimoContacto, columnType: date, uniqueValuesCount: 21, sampleValues: Array(3)} @ http://localhost:3000/_next/static/chunks/11hm_next_dist_0m6rgog._.js:2441
[  175020ms] [WARNING] Warning: Missing `Description` or `aria-describedby={undefined}` for {DialogContent}. @ http://localhost:3000/_next/static/chunks/11hm_next_dist_0m6rgog._.js:2441
[  175022ms] [WARNING] Warning: Missing `Description` or `aria-describedby={undefined}` for {DialogContent}. @ http://localhost:3000/_next/static/chunks/11hm_next_dist_0m6rgog._.js:2441
[  175191ms] [ERROR] Access to fetch at 'http://localhost:3001/trpc/featureFlags.isEnabled,theme.listAllThemes?batch=1&input=%7B%220%22%3A%7B%22key%22%3A%22support-chat%22%7D%7D' from origin 'http://localhost:3000' has been blocked by CORS policy: No 'Access-Control-Allow-Origin' header is present on the requested resource. @ http://localhost:3000/es/demo/table:0
[  175191ms] [ERROR] Failed to load resource: net::ERR_FAILED @ http://localhost:3001/trpc/featureFlags.isEnabled,theme.listAllThemes?batch=1&input=%7B%220%22%3A%7B%22key%22%3A%22support-chat%22%7D%7D:0
[  177330ms] [LOG] [DEBUG] Cambio en input de fecha start: 2026-03-01 @ http://localhost:3000/_next/static/chunks/11hm_next_dist_0m6rgog._.js:2441
[  177331ms] [LOG] [DEBUG] Fecha parseada: 2026-03-01T00:00:00.000Z @ http://localhost:3000/_next/static/chunks/11hm_next_dist_0m6rgog._.js:2441
[  179243ms] [ERROR] Access to fetch at 'http://localhost:3001/trpc/featureFlags.isEnabled,theme.listAllThemes?batch=1&input=%7B%220%22%3A%7B%22key%22%3A%22support-chat%22%7D%7D' from origin 'http://localhost:3000' has been blocked by CORS policy: No 'Access-Control-Allow-Origin' header is present on the requested resource. @ http://localhost:3000/es/demo/table:0
[  179243ms] [ERROR] Failed to load resource: net::ERR_FAILED @ http://localhost:3001/trpc/featureFlags.isEnabled,theme.listAllThemes?batch=1&input=%7B%220%22%3A%7B%22key%22%3A%22support-chat%22%7D%7D:0
[  181298ms] [LOG] [DEBUG] Aplicando filtro de fechas @ http://localhost:3000/_next/static/chunks/11hm_next_dist_0m6rgog._.js:2441
[  181299ms] [LOG] [DEBUG] Fechas seleccionadas antes de normalizar: [05/03/2026, 08/03/2026, 10/03/2026, 12/03/2026, 15/03/2026, 18/03/2026, 20/03/2026, 22/03/2026, 25/03/2026, 27/03/2026, 28/03/2026, 29/03/2026, 30/03/2026] @ http://localhost:3000/_next/static/chunks/11hm_next_dist_0m6rgog._.js:2441
[  181299ms] [LOG] [DEBUG] Normalizando fecha: 05/03/2026 @ http://localhost:3000/_next/static/chunks/11hm_next_dist_0m6rgog._.js:2441
[  181299ms] [LOG] [DEBUG]   Fecha parseada y formateada: 05/03/2026 @ http://localhost:3000/_next/static/chunks/11hm_next_dist_0m6rgog._.js:2441
[  181299ms] [LOG] [DEBUG] Normalizando fecha: 08/03/2026 @ http://localhost:3000/_next/static/chunks/11hm_next_dist_0m6rgog._.js:2441
[  181299ms] [LOG] [DEBUG]   Fecha parseada y formateada: 08/03/2026 @ http://localhost:3000/_next/static/chunks/11hm_next_dist_0m6rgog._.js:2441
[  181299ms] [LOG] [DEBUG] Normalizando fecha: 10/03/2026 @ http://localhost:3000/_next/static/chunks/11hm_next_dist_0m6rgog._.js:2441
[  181299ms] [LOG] [DEBUG]   Fecha parseada y formateada: 10/03/2026 @ http://localhost:3000/_next/static/chunks/11hm_next_dist_0m6rgog._.js:2441
[  181299ms] [LOG] [DEBUG] Normalizando fecha: 12/03/2026 @ http://localhost:3000/_next/static/chunks/11hm_next_dist_0m6rgog._.js:2441
[  181300ms] [LOG] [DEBUG]   Fecha parseada y formateada: 12/03/2026 @ http://localhost:3000/_next/static/chunks/11hm_next_dist_0m6rgog._.js:2441
[  181300ms] [LOG] [DEBUG] Normalizando fecha: 15/03/2026 @ http://localhost:3000/_next/static/chunks/11hm_next_dist_0m6rgog._.js:2441
[  181300ms] [LOG] [DEBUG]   Fecha parseada y formateada: 15/03/2026 @ http://localhost:3000/_next/static/chunks/11hm_next_dist_0m6rgog._.js:2441
[  181300ms] [LOG] [DEBUG] Normalizando fecha: 18/03/2026 @ http://localhost:3000/_next/static/chunks/11hm_next_dist_0m6rgog._.js:2441
[  181300ms] [LOG] [DEBUG]   Fecha parseada y formateada: 18/03/2026 @ http://localhost:3000/_next/static/chunks/11hm_next_dist_0m6rgog._.js:2441
[  181300ms] [LOG] [DEBUG] Normalizando fecha: 20/03/2026 @ http://localhost:3000/_next/static/chunks/11hm_next_dist_0m6rgog._.js:2441
[  181300ms] [LOG] [DEBUG]   Fecha parseada y formateada: 20/03/2026 @ http://localhost:3000/_next/static/chunks/11hm_next_dist_0m6rgog._.js:2441
[  181300ms] [LOG] [DEBUG] Normalizando fecha: 22/03/2026 @ http://localhost:3000/_next/static/chunks/11hm_next_dist_0m6rgog._.js:2441
[  181300ms] [LOG] [DEBUG]   Fecha parseada y formateada: 22/03/2026 @ http://localhost:3000/_next/static/chunks/11hm_next_dist_0m6rgog._.js:2441
[  181300ms] [LOG] [DEBUG] Normalizando fecha: 25/03/2026 @ http://localhost:3000/_next/static/chunks/11hm_next_dist_0m6rgog._.js:2441
[  181300ms] [LOG] [DEBUG]   Fecha parseada y formateada: 25/03/2026 @ http://localhost:3000/_next/static/chunks/11hm_next_dist_0m6rgog._.js:2441
[  181300ms] [LOG] [DEBUG] Normalizando fecha: 27/03/2026 @ http://localhost:3000/_next/static/chunks/11hm_next_dist_0m6rgog._.js:2441
[  181301ms] [LOG] [DEBUG]   Fecha parseada y formateada: 27/03/2026 @ http://localhost:3000/_next/static/chunks/11hm_next_dist_0m6rgog._.js:2441
[  181301ms] [LOG] [DEBUG] Normalizando fecha: 28/03/2026 @ http://localhost:3000/_next/static/chunks/11hm_next_dist_0m6rgog._.js:2441
[  181301ms] [LOG] [DEBUG]   Fecha parseada y formateada: 28/03/2026 @ http://localhost:3000/_next/static/chunks/11hm_next_dist_0m6rgog._.js:2441
[  181301ms] [LOG] [DEBUG] Normalizando fecha: 29/03/2026 @ http://localhost:3000/_next/static/chunks/11hm_next_dist_0m6rgog._.js:2441
[  181301ms] [LOG] [DEBUG]   Fecha parseada y formateada: 29/03/2026 @ http://localhost:3000/_next/static/chunks/11hm_next_dist_0m6rgog._.js:2441
[  181301ms] [LOG] [DEBUG] Normalizando fecha: 30/03/2026 @ http://localhost:3000/_next/static/chunks/11hm_next_dist_0m6rgog._.js:2441
[  181301ms] [LOG] [DEBUG]   Fecha parseada y formateada: 30/03/2026 @ http://localhost:3000/_next/static/chunks/11hm_next_dist_0m6rgog._.js:2441
[  181301ms] [LOG] [DEBUG] Fechas normalizadas: [05/03/2026, 08/03/2026, 10/03/2026, 12/03/2026, 15/03/2026, 18/03/2026, 20/03/2026, 22/03/2026, 25/03/2026, 27/03/2026, 28/03/2026, 29/03/2026, 30/03/2026] @ http://localhost:3000/_next/static/chunks/11hm_next_dist_0m6rgog._.js:2441
[  181301ms] [LOG] [DEBUG] Aplicando filtro: {columnId: ultimoContacto, operator: arrIncludesSome, value: Array(13)} @ http://localhost:3000/_next/static/chunks/11hm_next_dist_0m6rgog._.js:2441
[  181302ms] [LOG] [DEBUG] Applying filter condition: {columnId: ultimoContacto, condition: Object} @ http://localhost:3000/_next/static/chunks/11hm_next_dist_0m6rgog._.js:2441
[  181302ms] [LOG] [DEBUG] Effective column order: {baseOrder: Array(14), pinnedColumnId: index, otherColumns: Array(13), hasActions: true, result: Array(15)} @ http://localhost:3000/_next/static/chunks/11hm_next_dist_0m6rgog._.js:2441
[  181303ms] [LOG] [DEBUG] Effective column order: {baseOrder: Array(14), pinnedColumnId: index, otherColumns: Array(13), hasActions: true, result: Array(15)} @ http://localhost:3000/_next/static/chunks/11hm_next_dist_0m6rgog._.js:2441
[  181303ms] [LOG] [DEBUG] Comparando fecha: 02/10/2026 con filtros: [05/03/2026, 08/03/2026, 10/03/2026, 12/03/2026, 15/03/2026, 18/03/2026, 20/03/2026, 22/03/2026, 25/03/2026, 27/03/2026, 28/03/2026, 29/03/2026, 30/03/2026] @ http://localhost:3000/_next/static/chunks/11hm_next_dist_0m6rgog._.js:2441
[  181303ms] [LOG] [DEBUG] - Comparando con 05/03/2026: no coincide @ http://localhost:3000/_next/static/chunks/11hm_next_dist_0m6rgog._.js:2441
[  181303ms] [LOG] [DEBUG] - Comparando con 08/03/2026: no coincide @ http://localhost:3000/_next/static/chunks/11hm_next_dist_0m6rgog._.js:2441
[  181303ms] [LOG] [DEBUG] - Comparando con 10/03/2026: no coincide @ http://localhost:3000/_next/static/chunks/11hm_next_dist_0m6rgog._.js:2441
[  181303ms] [LOG] [DEBUG] - Comparando con 12/03/2026: no coincide @ http://localhost:3000/_next/static/chunks/11hm_next_dist_0m6rgog._.js:2441
[  181304ms] [LOG] [DEBUG] - Comparando con 15/03/2026: no coincide @ http://localhost:3000/_next/static/chunks/11hm_next_dist_0m6rgog._.js:2441
[  181304ms] [LOG] [DEBUG] - Comparando con 18/03/2026: no coincide @ http://localhost:3000/_next/static/chunks/11hm_next_dist_0m6rgog._.js:2441
[  181304ms] [LOG] [DEBUG] - Comparando con 20/03/2026: no coincide @ http://localhost:3000/_next/static/chunks/11hm_next_dist_0m6rgog._.js:2441
[  181304ms] [LOG] [DEBUG] - Comparando con 22/03/2026: no coincide @ http://localhost:3000/_next/static/chunks/11hm_next_dist_0m6rgog._.js:2441
[  181304ms] [LOG] [DEBUG] - Comparando con 25/03/2026: no coincide @ http://localhost:3000/_next/static/chunks/11hm_next_dist_0m6rgog._.js:2441
[  181304ms] [LOG] [DEBUG] - Comparando con 27/03/2026: no coincide @ http://localhost:3000/_next/static/chunks/11hm_next_dist_0m6rgog._.js:2441
[  181304ms] [LOG] [DEBUG] - Comparando con 28/03/2026: no coincide @ http://localhost:3000/_next/static/chunks/11hm_next_dist_0m6rgog._.js:2441
[  181304ms] [LOG] [DEBUG] - Comparando con 29/03/2026: no coincide @ http://localhost:3000/_next/static/chunks/11hm_next_dist_0m6rgog._.js:2441
[  181305ms] [LOG] [DEBUG] - Comparando con 30/03/2026: no coincide @ http://localhost:3000/_next/static/chunks/11hm_next_dist_0m6rgog._.js:2441
[  181305ms] [LOG] [DEBUG] Resultado final para 02/10/2026: NO INCLUIDO @ http://localhost:3000/_next/static/chunks/11hm_next_dist_0m6rgog._.js:2441
[  181305ms] [LOG] [DEBUG] Comparando fecha:  con filtros: [05/03/2026, 08/03/2026, 10/03/2026, 12/03/2026, 15/03/2026, 18/03/2026, 20/03/2026, 22/03/2026, 25/03/2026, 27/03/2026, 28/03/2026, 29/03/2026, 30/03/2026] @ http://localhost:3000/_next/static/chunks/11hm_next_dist_0m6rgog._.js:2441
[  181305ms] [LOG] [DEBUG] - Comparando con 05/03/2026: no coincide @ http://localhost:3000/_next/static/chunks/11hm_next_dist_0m6rgog._.js:2441
[  181305ms] [LOG] [DEBUG] - Comparando con 08/03/2026: no coincide @ http://localhost:3000/_next/static/chunks/11hm_next_dist_0m6rgog._.js:2441
[  181305ms] [LOG] [DEBUG] - Comparando con 10/03/2026: no coincide @ http://localhost:3000/_next/static/chunks/11hm_next_dist_0m6rgog._.js:2441
[  181305ms] [LOG] [DEBUG] - Comparando con 12/03/2026: no coincide @ http://localhost:3000/_next/static/chunks/11hm_next_dist_0m6rgog._.js:2441
[  181305ms] [LOG] [DEBUG] - Comparando con 15/03/2026: no coincide @ http://localhost:3000/_next/static/chunks/11hm_next_dist_0m6rgog._.js:2441
[  181306ms] [LOG] [DEBUG] - Comparando con 18/03/2026: no coincide @ http://localhost:3000/_next/static/chunks/11hm_next_dist_0m6rgog._.js:2441
[  181306ms] [LOG] [DEBUG] - Comparando con 20/03/2026: no coincide @ http://localhost:3000/_next/static/chunks/11hm_next_dist_0m6rgog._.js:2441
[  181306ms] [LOG] [DEBUG] - Comparando con 22/03/2026: no coincide @ http://localhost:3000/_next/static/chunks/11hm_next_dist_0m6rgog._.js:2441
[  181306ms] [LOG] [DEBUG] - Comparando con 25/03/2026: no coincide @ http://localhost:3000/_next/static/chunks/11hm_next_dist_0m6rgog._.js:2441
[  181306ms] [LOG] [DEBUG] - Comparando con 27/03/2026: no coincide @ http://localhost:3000/_next/static/chunks/11hm_next_dist_0m6rgog._.js:2441
[  181306ms] [LOG] [DEBUG] - Comparando con 28/03/2026: no coincide @ http://localhost:3000/_next/static/chunks/11hm_next_dist_0m6rgog._.js:2441
[  181306ms] [LOG] [DEBUG] - Comparando con 29/03/2026: no coincide @ http://localhost:3000/_next/static/chunks/11hm_next_dist_0m6rgog._.js:2441
[  181306ms] [LOG] [DEBUG] - Comparando con 30/03/2026: no coincide @ http://localhost:3000/_next/static/chunks/11hm_next_dist_0m6rgog._.js:2441
[  181306ms] [LOG] [DEBUG] Resultado final para : NO INCLUIDO @ http://localhost:3000/_next/static/chunks/11hm_next_dist_0m6rgog._.js:2441
[  181307ms] [LOG] [DEBUG] Comparando fecha:  con filtros: [05/03/2026, 08/03/2026, 10/03/2026, 12/03/2026, 15/03/2026, 18/03/2026, 20/03/2026, 22/03/2026, 25/03/2026, 27/03/2026, 28/03/2026, 29/03/2026, 30/03/2026] @ http://localhost:3000/_next/static/chunks/11hm_next_dist_0m6rgog._.js:2441
[  181307ms] [LOG] [DEBUG] - Comparando con 05/03/2026: no coincide @ http://localhost:3000/_next/static/chunks/11hm_next_dist_0m6rgog._.js:2441
[  181307ms] [LOG] [DEBUG] - Comparando con 08/03/2026: no coincide @ http://localhost:3000/_next/static/chunks/11hm_next_dist_0m6rgog._.js:2441
[  181307ms] [LOG] [DEBUG] - Comparando con 10/03/2026: no coincide @ http://localhost:3000/_next/static/chunks/11hm_next_dist_0m6rgog._.js:2441
[  181307ms] [LOG] [DEBUG] - Comparando con 12/03/2026: no coincide @ http://localhost:3000/_next/static/chunks/11hm_next_dist_0m6rgog._.js:2441
[  181307ms] [LOG] [DEBUG] - Comparando con 15/03/2026: no coincide @ http://localhost:3000/_next/static/chunks/11hm_next_dist_0m6rgog._.js:2441
[  181307ms] [LOG] [DEBUG] - Comparando con 18/03/2026: no coincide @ http://localhost:3000/_next/static/chunks/11hm_next_dist_0m6rgog._.js:2441
[  181307ms] [LOG] [DEBUG] - Comparando con 20/03/2026: no coincide @ http://localhost:3000/_next/static/chunks/11hm_next_dist_0m6rgog._.js:2441
[  181308ms] [LOG] [DEBUG] - Comparando con 22/03/2026: no coincide @ http://localhost:3000/_next/static/chunks/11hm_next_dist_0m6rgog._.js:2441
[  181308ms] [LOG] [DEBUG] - Comparando con 25/03/2026: no coincide @ http://localhost:3000/_next/static/chunks/11hm_next_dist_0m6rgog._.js:2441
[  181308ms] [LOG] [DEBUG] - Comparando con 27/03/2026: no coincide @ http://localhost:3000/_next/static/chunks/11hm_next_dist_0m6rgog._.js:2441
[  181308ms] [LOG] [DEBUG] - Comparando con 28/03/2026: no coincide @ http://localhost:3000/_next/static/chunks/11hm_next_dist_0m6rgog._.js:2441
[  181308ms] [LOG] [DEBUG] - Comparando con 29/03/2026: no coincide @ http://localhost:3000/_next/static/chunks/11hm_next_dist_0m6rgog._.js:2441
[  181308ms] [LOG] [DEBUG] - Comparando con 30/03/2026: no coincide @ http://localhost:3000/_next/static/chunks/11hm_next_dist_0m6rgog._.js:2441
[  181308ms] [LOG] [DEBUG] Resultado final para : NO INCLUIDO @ http://localhost:3000/_next/static/chunks/11hm_next_dist_0m6rgog._.js:2441
[  181308ms] [LOG] [DEBUG] Comparando fecha: 08/05/2025 con filtros: [05/03/2026, 08/03/2026, 10/03/2026, 12/03/2026, 15/03/2026, 18/03/2026, 20/03/2026, 22/03/2026, 25/03/2026, 27/03/2026, 28/03/2026, 29/03/2026, 30/03/2026] @ http://localhost:3000/_next/static/chunks/11hm_next_dist_0m6rgog._.js:2441
[  181308ms] [LOG] [DEBUG] - Comparando con 05/03/2026: no coincide @ http://localhost:3000/_next/static/chunks/11hm_next_dist_0m6rgog._.js:2441
[  181309ms] [LOG] [DEBUG] - Comparando con 08/03/2026: no coincide @ http://localhost:3000/_next/static/chunks/11hm_next_dist_0m6rgog._.js:2441
[  181309ms] [LOG] [DEBUG] - Comparando con 10/03/2026: no coincide @ http://localhost:3000/_next/static/chunks/11hm_next_dist_0m6rgog._.js:2441
[  181309ms] [LOG] [DEBUG] - Comparando con 12/03/2026: no coincide @ http://localhost:3000/_next/static/chunks/11hm_next_dist_0m6rgog._.js:2441
[  181309ms] [LOG] [DEBUG] - Comparando con 15/03/2026: no coincide @ http://localhost:3000/_next/static/chunks/11hm_next_dist_0m6rgog._.js:2441
[  181309ms] [LOG] [DEBUG] - Comparando con 18/03/2026: no coincide @ http://localhost:3000/_next/static/chunks/11hm_next_dist_0m6rgog._.js:2441
[  181309ms] [LOG] [DEBUG] - Comparando con 20/03/2026: no coincide @ http://localhost:3000/_next/static/chunks/11hm_next_dist_0m6rgog._.js:2441
[  181309ms] [LOG] [DEBUG] - Comparando con 22/03/2026: no coincide @ http://localhost:3000/_next/static/chunks/11hm_next_dist_0m6rgog._.js:2441
[  181310ms] [LOG] [DEBUG] - Comparando con 25/03/2026: no coincide @ http://localhost:3000/_next/static/chunks/11hm_next_dist_0m6rgog._.js:2441
[  181310ms] [LOG] [DEBUG] - Comparando con 27/03/2026: no coincide @ http://localhost:3000/_next/static/chunks/11hm_next_dist_0m6rgog._.js:2441
[  181310ms] [LOG] [DEBUG] - Comparando con 28/03/2026: no coincide @ http://localhost:3000/_next/static/chunks/11hm_next_dist_0m6rgog._.js:2441
[  181310ms] [LOG] [DEBUG] - Comparando con 29/03/2026: no coincide @ http://localhost:3000/_next/static/chunks/11hm_next_dist_0m6rgog._.js:2441
[  181310ms] [LOG] [DEBUG] - Comparando con 30/03/2026: no coincide @ http://localhost:3000/_next/static/chunks/11hm_next_dist_0m6rgog._.js:2441
[  181310ms] [LOG] [DEBUG] Resultado final para 08/05/2025: NO INCLUIDO @ http://localhost:3000/_next/static/chunks/11hm_next_dist_0m6rgog._.js:2441
[  181310ms] [LOG] [DEBUG] Comparando fecha:  con filtros: [05/03/2026, 08/03/2026, 10/03/2026, 12/03/2026, 15/03/2026, 18/03/2026, 20/03/2026, 22/03/2026, 25/03/2026, 27/03/2026, 28/03/2026, 29/03/2026, 30/03/2026] @ http://localhost:3000/_next/static/chunks/11hm_next_dist_0m6rgog._.js:2441
[  181311ms] [LOG] [DEBUG] - Comparando con 05/03/2026: no coincide @ http://localhost:3000/_next/static/chunks/11hm_next_dist_0m6rgog._.js:2441
[  181311ms] [LOG] [DEBUG] - Comparando con 08/03/2026: no coincide @ http://localhost:3000/_next/static/chunks/11hm_next_dist_0m6rgog._.js:2441
[  181311ms] [LOG] [DEBUG] - Comparando con 10/03/2026: no coincide @ http://localhost:3000/_next/static/chunks/11hm_next_dist_0m6rgog._.js:2441
[  181311ms] [LOG] [DEBUG] - Comparando con 12/03/2026: no coincide @ http://localhost:3000/_next/static/chunks/11hm_next_dist_0m6rgog._.js:2441
[  181311ms] [LOG] [DEBUG] - Comparando con 15/03/2026: no coincide @ http://localhost:3000/_next/static/chunks/11hm_next_dist_0m6rgog._.js:2441
[  181311ms] [LOG] [DEBUG] - Comparando con 18/03/2026: no coincide @ http://localhost:3000/_next/static/chunks/11hm_next_dist_0m6rgog._.js:2441
[  181311ms] [LOG] [DEBUG] - Comparando con 20/03/2026: no coincide @ http://localhost:3000/_next/static/chunks/11hm_next_dist_0m6rgog._.js:2441
[  181311ms] [LOG] [DEBUG] - Comparando con 22/03/2026: no coincide @ http://localhost:3000/_next/static/chunks/11hm_next_dist_0m6rgog._.js:2441
[  181311ms] [LOG] [DEBUG] - Comparando con 25/03/2026: no coincide @ http://localhost:3000/_next/static/chunks/11hm_next_dist_0m6rgog._.js:2441
[  181311ms] [LOG] [DEBUG] - Comparando con 27/03/2026: no coincide @ http://localhost:3000/_next/static/chunks/11hm_next_dist_0m6rgog._.js:2441
[  181312ms] [LOG] [DEBUG] - Comparando con 28/03/2026: no coincide @ http://localhost:3000/_next/static/chunks/11hm_next_dist_0m6rgog._.js:2441
[  181312ms] [LOG] [DEBUG] - Comparando con 29/03/2026: no coincide @ http://localhost:3000/_next/static/chunks/11hm_next_dist_0m6rgog._.js:2441
[  181312ms] [LOG] [DEBUG] - Comparando con 30/03/2026: no coincide @ http://localhost:3000/_next/static/chunks/11hm_next_dist_0m6rgog._.js:2441
[  181312ms] [LOG] [DEBUG] Resultado final para : NO INCLUIDO @ http://localhost:3000/_next/static/chunks/11hm_next_dist_0m6rgog._.js:2441
[  181312ms] [LOG] [DEBUG] Comparando fecha: 02/01/2026 con filtros: [05/03/2026, 08/03/2026, 10/03/2026, 12/03/2026, 15/03/2026, 18/03/2026, 20/03/2026, 22/03/2026, 25/03/2026, 27/03/2026, 28/03/2026, 29/03/2026, 30/03/2026] @ http://localhost:3000/_next/static/chunks/11hm_next_dist_0m6rgog._.js:2441
[  181312ms] [LOG] [DEBUG] - Comparando con 05/03/2026: no coincide @ http://localhost:3000/_next/static/chunks/11hm_next_dist_0m6rgog._.js:2441
[  181312ms] [LOG] [DEBUG] - Comparando con 08/03/2026: no coincide @ http://localhost:3000/_next/static/chunks/11hm_next_dist_0m6rgog._.js:2441
[  181312ms] [LOG] [DEBUG] - Comparando con 10/03/2026: no coincide @ http://localhost:3000/_next/static/chunks/11hm_next_dist_0m6rgog._.js:2441
[  181312ms] [LOG] [DEBUG] - Comparando con 12/03/2026: no coincide @ http://localhost:3000/_next/static/chunks/11hm_next_dist_0m6rgog._.js:2441
[  181313ms] [LOG] [DEBUG] - Comparando con 15/03/2026: no coincide @ http://localhost:3000/_next/static/chunks/11hm_next_dist_0m6rgog._.js:2441
[  181313ms] [LOG] [DEBUG] - Comparando con 18/03/2026: no coincide @ http://localhost:3000/_next/static/chunks/11hm_next_dist_0m6rgog._.js:2441
[  181313ms] [LOG] [DEBUG] - Comparando con 20/03/2026: no coincide @ http://localhost:3000/_next/static/chunks/11hm_next_dist_0m6rgog._.js:2441
[  181313ms] [LOG] [DEBUG] - Comparando con 22/03/2026: no coincide @ http://localhost:3000/_next/static/chunks/11hm_next_dist_0m6rgog._.js:2441
[  181313ms] [LOG] [DEBUG] - Comparando con 25/03/2026: no coincide @ http://localhost:3000/_next/static/chunks/11hm_next_dist_0m6rgog._.js:2441
[  181313ms] [LOG] [DEBUG] - Comparando con 27/03/2026: no coincide @ http://localhost:3000/_next/static/chunks/11hm_next_dist_0m6rgog._.js:2441
[  181313ms] [LOG] [DEBUG] - Comparando con 28/03/2026: no coincide @ http://localhost:3000/_next/static/chunks/11hm_next_dist_0m6rgog._.js:2441
[  181313ms] [LOG] [DEBUG] - Comparando con 29/03/2026: no coincide @ http://localhost:3000/_next/static/chunks/11hm_next_dist_0m6rgog._.js:2441
[  181313ms] [LOG] [DEBUG] - Comparando con 30/03/2026: no coincide @ http://localhost:3000/_next/static/chunks/11hm_next_dist_0m6rgog._.js:2441
[  181313ms] [LOG] [DEBUG] Resultado final para 02/01/2026: NO INCLUIDO @ http://localhost:3000/_next/static/chunks/11hm_next_dist_0m6rgog._.js:2441
[  181314ms] [LOG] [DEBUG] Comparando fecha:  con filtros: [05/03/2026, 08/03/2026, 10/03/2026, 12/03/2026, 15/03/2026, 18/03/2026, 20/03/2026, 22/03/2026, 25/03/2026, 27/03/2026, 28/03/2026, 29/03/2026, 30/03/2026] @ http://localhost:3000/_next/static/chunks/11hm_next_dist_0m6rgog._.js:2441
[  181314ms] [LOG] [DEBUG] - Comparando con 05/03/2026: no coincide @ http://localhost:3000/_next/static/chunks/11hm_next_dist_0m6rgog._.js:2441
[  181314ms] [LOG] [DEBUG] - Comparando con 08/03/2026: no coincide @ http://localhost:3000/_next/static/chunks/11hm_next_dist_0m6rgog._.js:2441
[  181314ms] [LOG] [DEBUG] - Comparando con 10/03/2026: no coincide @ http://localhost:3000/_next/static/chunks/11hm_next_dist_0m6rgog._.js:2441
[  181314ms] [LOG] [DEBUG] - Comparando con 12/03/2026: no coincide @ http://localhost:3000/_next/static/chunks/11hm_next_dist_0m6rgog._.js:2441
[  181314ms] [LOG] [DEBUG] - Comparando con 15/03/2026: no coincide @ http://localhost:3000/_next/static/chunks/11hm_next_dist_0m6rgog._.js:2441
[  181314ms] [LOG] [DEBUG] - Comparando con 18/03/2026: no coincide @ http://localhost:3000/_next/static/chunks/11hm_next_dist_0m6rgog._.js:2441
[  181314ms] [LOG] [DEBUG] - Comparando con 20/03/2026: no coincide @ http://localhost:3000/_next/static/chunks/11hm_next_dist_0m6rgog._.js:2441
[  181314ms] [LOG] [DEBUG] - Comparando con 22/03/2026: no coincide @ http://localhost:3000/_next/static/chunks/11hm_next_dist_0m6rgog._.js:2441
[  181314ms] [LOG] [DEBUG] - Comparando con 25/03/2026: no coincide @ http://localhost:3000/_next/static/chunks/11hm_next_dist_0m6rgog._.js:2441
[  181315ms] [LOG] [DEBUG] - Comparando con 27/03/2026: no coincide @ http://localhost:3000/_next/static/chunks/11hm_next_dist_0m6rgog._.js:2441
[  181315ms] [LOG] [DEBUG] - Comparando con 28/03/2026: no coincide @ http://localhost:3000/_next/static/chunks/11hm_next_dist_0m6rgog._.js:2441
[  181315ms] [LOG] [DEBUG] - Comparando con 29/03/2026: no coincide @ http://localhost:3000/_next/static/chunks/11hm_next_dist_0m6rgog._.js:2441
[  181315ms] [LOG] [DEBUG] - Comparando con 30/03/2026: no coincide @ http://localhost:3000/_next/static/chunks/11hm_next_dist_0m6rgog._.js:2441
[  181315ms] [LOG] [DEBUG] Resultado final para : NO INCLUIDO @ http://localhost:3000/_next/static/chunks/11hm_next_dist_0m6rgog._.js:2441
[  181315ms] [LOG] [DEBUG] Comparando fecha: 02/12/2026 con filtros: [05/03/2026, 08/03/2026, 10/03/2026, 12/03/2026, 15/03/2026, 18/03/2026, 20/03/2026, 22/03/2026, 25/03/2026, 27/03/2026, 28/03/2026, 29/03/2026, 30/03/2026] @ http://localhost:3000/_next/static/chunks/11hm_next_dist_0m6rgog._.js:2441
[  181315ms] [LOG] [DEBUG] - Comparando con 05/03/2026: no coincide @ http://localhost:3000/_next/static/chunks/11hm_next_dist_0m6rgog._.js:2441
[  181315ms] [LOG] [DEBUG] - Comparando con 08/03/2026: no coincide @ http://localhost:3000/_next/static/chunks/11hm_next_dist_0m6rgog._.js:2441
[  181315ms] [LOG] [DEBUG] - Comparando con 10/03/2026: no coincide @ http://localhost:3000/_next/static/chunks/11hm_next_dist_0m6rgog._.js:2441
[  181315ms] [LOG] [DEBUG] - Comparando con 12/03/2026: no coincide @ http://localhost:3000/_next/static/chunks/11hm_next_dist_0m6rgog._.js:2441
[  181316ms] [LOG] [DEBUG] - Comparando con 15/03/2026: no coincide @ http://localhost:3000/_next/static/chunks/11hm_next_dist_0m6rgog._.js:2441
[  181316ms] [LOG] [DEBUG] - Comparando con 18/03/2026: no coincide @ http://localhost:3000/_next/static/chunks/11hm_next_dist_0m6rgog._.js:2441
[  181316ms] [LOG] [DEBUG] - Comparando con 20/03/2026: no coincide @ http://localhost:3000/_next/static/chunks/11hm_next_dist_0m6rgog._.js:2441
[  181316ms] [LOG] [DEBUG] - Comparando con 22/03/2026: no coincide @ http://localhost:3000/_next/static/chunks/11hm_next_dist_0m6rgog._.js:2441
[  181316ms] [LOG] [DEBUG] - Comparando con 25/03/2026: no coincide @ http://localhost:3000/_next/static/chunks/11hm_next_dist_0m6rgog._.js:2441
[  181316ms] [LOG] [DEBUG] - Comparando con 27/03/2026: no coincide @ http://localhost:3000/_next/static/chunks/11hm_next_dist_0m6rgog._.js:2441
[  181316ms] [LOG] [DEBUG] - Comparando con 28/03/2026: no coincide @ http://localhost:3000/_next/static/chunks/11hm_next_dist_0m6rgog._.js:2441
[  181316ms] [LOG] [DEBUG] - Comparando con 29/03/2026: no coincide @ http://localhost:3000/_next/static/chunks/11hm_next_dist_0m6rgog._.js:2441
[  181317ms] [LOG] [DEBUG] - Comparando con 30/03/2026: no coincide @ http://localhost:3000/_next/static/chunks/11hm_next_dist_0m6rgog._.js:2441
[  181317ms] [LOG] [DEBUG] Resultado final para 02/12/2026: NO INCLUIDO @ http://localhost:3000/_next/static/chunks/11hm_next_dist_0m6rgog._.js:2441
[  181317ms] [LOG] [DEBUG] Comparando fecha:  con filtros: [05/03/2026, 08/03/2026, 10/03/2026, 12/03/2026, 15/03/2026, 18/03/2026, 20/03/2026, 22/03/2026, 25/03/2026, 27/03/2026, 28/03/2026, 29/03/2026, 30/03/2026] @ http://localhost:3000/_next/static/chunks/11hm_next_dist_0m6rgog._.js:2441
[  181317ms] [LOG] [DEBUG] - Comparando con 05/03/2026: no coincide @ http://localhost:3000/_next/static/chunks/11hm_next_dist_0m6rgog._.js:2441
[  181317ms] [LOG] [DEBUG] - Comparando con 08/03/2026: no coincide @ http://localhost:3000/_next/static/chunks/11hm_next_dist_0m6rgog._.js:2441
[  181317ms] [LOG] [DEBUG] - Comparando con 10/03/2026: no coincide @ http://localhost:3000/_next/static/chunks/11hm_next_dist_0m6rgog._.js:2441
[  181317ms] [LOG] [DEBUG] - Comparando con 12/03/2026: no coincide @ http://localhost:3000/_next/static/chunks/11hm_next_dist_0m6rgog._.js:2441
[  181317ms] [LOG] [DEBUG] - Comparando con 15/03/2026: no coincide @ http://localhost:3000/_next/static/chunks/11hm_next_dist_0m6rgog._.js:2441
[  181317ms] [LOG] [DEBUG] - Comparando con 18/03/2026: no coincide @ http://localhost:3000/_next/static/chunks/11hm_next_dist_0m6rgog._.js:2441
[  181317ms] [LOG] [DEBUG] - Comparando con 20/03/2026: no coincide @ http://localhost:3000/_next/static/chunks/11hm_next_dist_0m6rgog._.js:2441
[  181318ms] [LOG] [DEBUG] - Comparando con 22/03/2026: no coincide @ http://localhost:3000/_next/static/chunks/11hm_next_dist_0m6rgog._.js:2441
[  181318ms] [LOG] [DEBUG] - Comparando con 25/03/2026: no coincide @ http://localhost:3000/_next/static/chunks/11hm_next_dist_0m6rgog._.js:2441
[  181318ms] [LOG] [DEBUG] - Comparando con 27/03/2026: no coincide @ http://localhost:3000/_next/static/chunks/11hm_next_dist_0m6rgog._.js:2441
[  181318ms] [LOG] [DEBUG] - Comparando con 28/03/2026: no coincide @ http://localhost:3000/_next/static/chunks/11hm_next_dist_0m6rgog._.js:2441
[  181318ms] [LOG] [DEBUG] - Comparando con 29/03/2026: no coincide @ http://localhost:3000/_next/static/chunks/11hm_next_dist_0m6rgog._.js:2441
[  181318ms] [LOG] [DEBUG] - Comparando con 30/03/2026: no coincide @ http://localhost:3000/_next/static/chunks/11hm_next_dist_0m6rgog._.js:2441
[  181318ms] [LOG] [DEBUG] Resultado final para : NO INCLUIDO @ http://localhost:3000/_next/static/chunks/11hm_next_dist_0m6rgog._.js:2441
[  181318ms] [LOG] [DEBUG] Comparando fecha:  con filtros: [05/03/2026, 08/03/2026, 10/03/2026, 12/03/2026, 15/03/2026, 18/03/2026, 20/03/2026, 22/03/2026, 25/03/2026, 27/03/2026, 28/03/2026, 29/03/2026, 30/03/2026] @ http://localhost:3000/_next/static/chunks/11hm_next_dist_0m6rgog._.js:2441
[  181318ms] [LOG] [DEBUG] - Comparando con 05/03/2026: no coincide @ http://localhost:3000/_next/static/chunks/11hm_next_dist_0m6rgog._.js:2441
[  181318ms] [LOG] [DEBUG] - Comparando con 08/03/2026: no coincide @ http://localhost:3000/_next/static/chunks/11hm_next_dist_0m6rgog._.js:2441
[  181318ms] [LOG] [DEBUG] - Comparando con 10/03/2026: no coincide @ http://localhost:3000/_next/static/chunks/11hm_next_dist_0m6rgog._.js:2441
[  181319ms] [LOG] [DEBUG] - Comparando con 12/03/2026: no coincide @ http://localhost:3000/_next/static/chunks/11hm_next_dist_0m6rgog._.js:2441
[  181319ms] [LOG] [DEBUG] - Comparando con 15/03/2026: no coincide @ http://localhost:3000/_next/static/chunks/11hm_next_dist_0m6rgog._.js:2441
[  181319ms] [LOG] [DEBUG] - Comparando con 18/03/2026: no coincide @ http://localhost:3000/_next/static/chunks/11hm_next_dist_0m6rgog._.js:2441
[  181319ms] [LOG] [DEBUG] - Comparando con 20/03/2026: no coincide @ http://localhost:3000/_next/static/chunks/11hm_next_dist_0m6rgog._.js:2441
[  181319ms] [LOG] [DEBUG] - Comparando con 22/03/2026: no coincide @ http://localhost:3000/_next/static/chunks/11hm_next_dist_0m6rgog._.js:2441
[  181319ms] [LOG] [DEBUG] - Comparando con 25/03/2026: no coincide @ http://localhost:3000/_next/static/chunks/11hm_next_dist_0m6rgog._.js:2441
[  181319ms] [LOG] [DEBUG] - Comparando con 27/03/2026: no coincide @ http://localhost:3000/_next/static/chunks/11hm_next_dist_0m6rgog._.js:2441
[  181319ms] [LOG] [DEBUG] - Comparando con 28/03/2026: no coincide @ http://localhost:3000/_next/static/chunks/11hm_next_dist_0m6rgog._.js:2441
[  181319ms] [LOG] [DEBUG] - Comparando con 29/03/2026: no coincide @ http://localhost:3000/_next/static/chunks/11hm_next_dist_0m6rgog._.js:2441
[  181319ms] [LOG] [DEBUG] - Comparando con 30/03/2026: no coincide @ http://localhost:3000/_next/static/chunks/11hm_next_dist_0m6rgog._.js:2441
[  181319ms] [LOG] [DEBUG] Resultado final para : NO INCLUIDO @ http://localhost:3000/_next/static/chunks/11hm_next_dist_0m6rgog._.js:2441
[  181320ms] [LOG] [DEBUG] Comparando fecha:  con filtros: [05/03/2026, 08/03/2026, 10/03/2026, 12/03/2026, 15/03/2026, 18/03/2026, 20/03/2026, 22/03/2026, 25/03/2026, 27/03/2026, 28/03/2026, 29/03/2026, 30/03/2026] @ http://localhost:3000/_next/static/chunks/11hm_next_dist_0m6rgog._.js:2441
[  181320ms] [LOG] [DEBUG] - Comparando con 05/03/2026: no coincide @ http://localhost:3000/_next/static/chunks/11hm_next_dist_0m6rgog._.js:2441
[  181320ms] [LOG] [DEBUG] - Comparando con 08/03/2026: no coincide @ http://localhost:3000/_next/static/chunks/11hm_next_dist_0m6rgog._.js:2441
[  181320ms] [LOG] [DEBUG] - Comparando con 10/03/2026: no coincide @ http://localhost:3000/_next/static/chunks/11hm_next_dist_0m6rgog._.js:2441
[  181320ms] [LOG] [DEBUG] - Comparando con 12/03/2026: no coincide @ http://localhost:3000/_next/static/chunks/11hm_next_dist_0m6rgog._.js:2441
[  181320ms] [LOG] [DEBUG] - Comparando con 15/03/2026: no coincide @ http://localhost:3000/_next/static/chunks/11hm_next_dist_0m6rgog._.js:2441
[  181320ms] [LOG] [DEBUG] - Comparando con 18/03/2026: no coincide @ http://localhost:3000/_next/static/chunks/11hm_next_dist_0m6rgog._.js:2441
[  181320ms] [LOG] [DEBUG] - Comparando con 20/03/2026: no coincide @ http://localhost:3000/_next/static/chunks/11hm_next_dist_0m6rgog._.js:2441
[  181320ms] [LOG] [DEBUG] - Comparando con 22/03/2026: no coincide @ http://localhost:3000/_next/static/chunks/11hm_next_dist_0m6rgog._.js:2441
[  181320ms] [LOG] [DEBUG] - Comparando con 25/03/2026: no coincide @ http://localhost:3000/_next/static/chunks/11hm_next_dist_0m6rgog._.js:2441
[  181320ms] [LOG] [DEBUG] - Comparando con 27/03/2026: no coincide @ http://localhost:3000/_next/static/chunks/11hm_next_dist_0m6rgog._.js:2441
[  181321ms] [LOG] [DEBUG] - Comparando con 28/03/2026: no coincide @ http://localhost:3000/_next/static/chunks/11hm_next_dist_0m6rgog._.js:2441
[  181321ms] [LOG] [DEBUG] - Comparando con 29/03/2026: no coincide @ http://localhost:3000/_next/static/chunks/11hm_next_dist_0m6rgog._.js:2441
[  181321ms] [LOG] [DEBUG] - Comparando con 30/03/2026: no coincide @ http://localhost:3000/_next/static/chunks/11hm_next_dist_0m6rgog._.js:2441
[  181321ms] [LOG] [DEBUG] Resultado final para : NO INCLUIDO @ http://localhost:3000/_next/static/chunks/11hm_next_dist_0m6rgog._.js:2441
[  181321ms] [LOG] [DEBUG] Comparando fecha:  con filtros: [05/03/2026, 08/03/2026, 10/03/2026, 12/03/2026, 15/03/2026, 18/03/2026, 20/03/2026, 22/03/2026, 25/03/2026, 27/03/2026, 28/03/2026, 29/03/2026, 30/03/2026] @ http://localhost:3000/_next/static/chunks/11hm_next_dist_0m6rgog._.js:2441
[  181321ms] [LOG] [DEBUG] - Comparando con 05/03/2026: no coincide @ http://localhost:3000/_next/static/chunks/11hm_next_dist_0m6rgog._.js:2441
[  181321ms] [LOG] [DEBUG] - Comparando con 08/03/2026: no coincide @ http://localhost:3000/_next/static/chunks/11hm_next_dist_0m6rgog._.js:2441
[  181321ms] [LOG] [DEBUG] - Comparando con 10/03/2026: no coincide @ http://localhost:3000/_next/static/chunks/11hm_next_dist_0m6rgog._.js:2441
[  181321ms] [LOG] [DEBUG] - Comparando con 12/03/2026: no coincide @ http://localhost:3000/_next/static/chunks/11hm_next_dist_0m6rgog._.js:2441
[  181321ms] [LOG] [DEBUG] - Comparando con 15/03/2026: no coincide @ http://localhost:3000/_next/static/chunks/11hm_next_dist_0m6rgog._.js:2441
[  181321ms] [LOG] [DEBUG] - Comparando con 18/03/2026: no coincide @ http://localhost:3000/_next/static/chunks/11hm_next_dist_0m6rgog._.js:2441
[  181322ms] [LOG] [DEBUG] - Comparando con 20/03/2026: no coincide @ http://localhost:3000/_next/static/chunks/11hm_next_dist_0m6rgog._.js:2441
[  181322ms] [LOG] [DEBUG] - Comparando con 22/03/2026: no coincide @ http://localhost:3000/_next/static/chunks/11hm_next_dist_0m6rgog._.js:2441
[  181322ms] [LOG] [DEBUG] - Comparando con 25/03/2026: no coincide @ http://localhost:3000/_next/static/chunks/11hm_next_dist_0m6rgog._.js:2441
[  181322ms] [LOG] [DEBUG] - Comparando con 27/03/2026: no coincide @ http://localhost:3000/_next/static/chunks/11hm_next_dist_0m6rgog._.js:2441
[  181322ms] [LOG] [DEBUG] - Comparando con 28/03/2026: no coincide @ http://localhost:3000/_next/static/chunks/11hm_next_dist_0m6rgog._.js:2441
[  181322ms] [LOG] [DEBUG] - Comparando con 29/03/2026: no coincide @ http://localhost:3000/_next/static/chunks/11hm_next_dist_0m6rgog._.js:2441
[  181322ms] [LOG] [DEBUG] - Comparando con 30/03/2026: no coincide @ http://localhost:3000/_next/static/chunks/11hm_next_dist_0m6rgog._.js:2441
[  181322ms] [LOG] [DEBUG] Resultado final para : NO INCLUIDO @ http://localhost:3000/_next/static/chunks/11hm_next_dist_0m6rgog._.js:2441
[  181322ms] [LOG] [DEBUG] Comparando fecha:  con filtros: [05/03/2026, 08/03/2026, 10/03/2026, 12/03/2026, 15/03/2026, 18/03/2026, 20/03/2026, 22/03/2026, 25/03/2026, 27/03/2026, 28/03/2026, 29/03/2026, 30/03/2026] @ http://localhost:3000/_next/static/chunks/11hm_next_dist_0m6rgog._.js:2441
[  181322ms] [LOG] [DEBUG] - Comparando con 05/03/2026: no coincide @ http://localhost:3000/_next/static/chunks/11hm_next_dist_0m6rgog._.js:2441
[  181322ms] [LOG] [DEBUG] - Comparando con 08/03/2026: no coincide @ http://localhost:3000/_next/static/chunks/11hm_next_dist_0m6rgog._.js:2441
[  181323ms] [LOG] [DEBUG] - Comparando con 10/03/2026: no coincide @ http://localhost:3000/_next/static/chunks/11hm_next_dist_0m6rgog._.js:2441
[  181323ms] [LOG] [DEBUG] - Comparando con 12/03/2026: no coincide @ http://localhost:3000/_next/static/chunks/11hm_next_dist_0m6rgog._.js:2441
[  181323ms] [LOG] [DEBUG] - Comparando con 15/03/2026: no coincide @ http://localhost:3000/_next/static/chunks/11hm_next_dist_0m6rgog._.js:2441
[  181323ms] [LOG] [DEBUG] - Comparando con 18/03/2026: no coincide @ http://localhost:3000/_next/static/chunks/11hm_next_dist_0m6rgog._.js:2441
[  181323ms] [LOG] [DEBUG] - Comparando con 20/03/2026: no coincide @ http://localhost:3000/_next/static/chunks/11hm_next_dist_0m6rgog._.js:2441
[  181323ms] [LOG] [DEBUG] - Comparando con 22/03/2026: no coincide @ http://localhost:3000/_next/static/chunks/11hm_next_dist_0m6rgog._.js:2441
[  181323ms] [LOG] [DEBUG] - Comparando con 25/03/2026: no coincide @ http://localhost:3000/_next/static/chunks/11hm_next_dist_0m6rgog._.js:2441
[  181323ms] [LOG] [DEBUG] - Comparando con 27/03/2026: no coincide @ http://localhost:3000/_next/static/chunks/11hm_next_dist_0m6rgog._.js:2441
[  181323ms] [LOG] [DEBUG] - Comparando con 28/03/2026: no coincide @ http://localhost:3000/_next/static/chunks/11hm_next_dist_0m6rgog._.js:2441
[  181323ms] [LOG] [DEBUG] - Comparando con 29/03/2026: no coincide @ http://localhost:3000/_next/static/chunks/11hm_next_dist_0m6rgog._.js:2441
[  181323ms] [LOG] [DEBUG] - Comparando con 30/03/2026: no coincide @ http://localhost:3000/_next/static/chunks/11hm_next_dist_0m6rgog._.js:2441
[  181323ms] [LOG] [DEBUG] Resultado final para : NO INCLUIDO @ http://localhost:3000/_next/static/chunks/11hm_next_dist_0m6rgog._.js:2441
[  181324ms] [LOG] [DEBUG] Comparando fecha:  con filtros: [05/03/2026, 08/03/2026, 10/03/2026, 12/03/2026, 15/03/2026, 18/03/2026, 20/03/2026, 22/03/2026, 25/03/2026, 27/03/2026, 28/03/2026, 29/03/2026, 30/03/2026] @ http://localhost:3000/_next/static/chunks/11hm_next_dist_0m6rgog._.js:2441
[  181324ms] [LOG] [DEBUG] - Comparando con 05/03/2026: no coincide @ http://localhost:3000/_next/static/chunks/11hm_next_dist_0m6rgog._.js:2441
[  181324ms] [LOG] [DEBUG] - Comparando con 08/03/2026: no coincide @ http://localhost:3000/_next/static/chunks/11hm_next_dist_0m6rgog._.js:2441
[  181324ms] [LOG] [DEBUG] - Comparando con 10/03/2026: no coincide @ http://localhost:3000/_next/static/chunks/11hm_next_dist_0m6rgog._.js:2441
[  181324ms] [LOG] [DEBUG] - Comparando con 12/03/2026: no coincide @ http://localhost:3000/_next/static/chunks/11hm_next_dist_0m6rgog._.js:2441
[  181324ms] [LOG] [DEBUG] - Comparando con 15/03/2026: no coincide @ http://localhost:3000/_next/static/chunks/11hm_next_dist_0m6rgog._.js:2441
[  181324ms] [LOG] [DEBUG] - Comparando con 18/03/2026: no coincide @ http://localhost:3000/_next/static/chunks/11hm_next_dist_0m6rgog._.js:2441
[  181324ms] [LOG] [DEBUG] - Comparando con 20/03/2026: no coincide @ http://localhost:3000/_next/static/chunks/11hm_next_dist_0m6rgog._.js:2441
[  181324ms] [LOG] [DEBUG] - Comparando con 22/03/2026: no coincide @ http://localhost:3000/_next/static/chunks/11hm_next_dist_0m6rgog._.js:2441
[  181324ms] [LOG] [DEBUG] - Comparando con 25/03/2026: no coincide @ http://localhost:3000/_next/static/chunks/11hm_next_dist_0m6rgog._.js:2441
[  181324ms] [LOG] [DEBUG] - Comparando con 27/03/2026: no coincide @ http://localhost:3000/_next/static/chunks/11hm_next_dist_0m6rgog._.js:2441
[  181325ms] [LOG] [DEBUG] - Comparando con 28/03/2026: no coincide @ http://localhost:3000/_next/static/chunks/11hm_next_dist_0m6rgog._.js:2441
[  181325ms] [LOG] [DEBUG] - Comparando con 29/03/2026: no coincide @ http://localhost:3000/_next/static/chunks/11hm_next_dist_0m6rgog._.js:2441
[  181325ms] [LOG] [DEBUG] - Comparando con 30/03/2026: no coincide @ http://localhost:3000/_next/static/chunks/11hm_next_dist_0m6rgog._.js:2441
[  181325ms] [LOG] [DEBUG] Resultado final para : NO INCLUIDO @ http://localhost:3000/_next/static/chunks/11hm_next_dist_0m6rgog._.js:2441
[  181325ms] [LOG] [DEBUG] Comparando fecha:  con filtros: [05/03/2026, 08/03/2026, 10/03/2026, 12/03/2026, 15/03/2026, 18/03/2026, 20/03/2026, 22/03/2026, 25/03/2026, 27/03/2026, 28/03/2026, 29/03/2026, 30/03/2026] @ http://localhost:3000/_next/static/chunks/11hm_next_dist_0m6rgog._.js:2441
[  181325ms] [LOG] [DEBUG] - Comparando con 05/03/2026: no coincide @ http://localhost:3000/_next/static/chunks/11hm_next_dist_0m6rgog._.js:2441
[  181325ms] [LOG] [DEBUG] - Comparando con 08/03/2026: no coincide @ http://localhost:3000/_next/static/chunks/11hm_next_dist_0m6rgog._.js:2441
[  181325ms] [LOG] [DEBUG] - Comparando con 10/03/2026: no coincide @ http://localhost:3000/_next/static/chunks/11hm_next_dist_0m6rgog._.js:2441
[  181325ms] [LOG] [DEBUG] - Comparando con 12/03/2026: no coincide @ http://localhost:3000/_next/static/chunks/11hm_next_dist_0m6rgog._.js:2441
[  181325ms] [LOG] [DEBUG] - Comparando con 15/03/2026: no coincide @ http://localhost:3000/_next/static/chunks/11hm_next_dist_0m6rgog._.js:2441
[  181326ms] [LOG] [DEBUG] - Comparando con 18/03/2026: no coincide @ http://localhost:3000/_next/static/chunks/11hm_next_dist_0m6rgog._.js:2441
[  181326ms] [LOG] [DEBUG] - Comparando con 20/03/2026: no coincide @ http://localhost:3000/_next/static/chunks/11hm_next_dist_0m6rgog._.js:2441
[  181326ms] [LOG] [DEBUG] - Comparando con 22/03/2026: no coincide @ http://localhost:3000/_next/static/chunks/11hm_next_dist_0m6rgog._.js:2441
[  181326ms] [LOG] [DEBUG] - Comparando con 25/03/2026: no coincide @ http://localhost:3000/_next/static/chunks/11hm_next_dist_0m6rgog._.js:2441
[  181326ms] [LOG] [DEBUG] - Comparando con 27/03/2026: no coincide @ http://localhost:3000/_next/static/chunks/11hm_next_dist_0m6rgog._.js:2441
[  181326ms] [LOG] [DEBUG] - Comparando con 28/03/2026: no coincide @ http://localhost:3000/_next/static/chunks/11hm_next_dist_0m6rgog._.js:2441
[  181326ms] [LOG] [DEBUG] - Comparando con 29/03/2026: no coincide @ http://localhost:3000/_next/static/chunks/11hm_next_dist_0m6rgog._.js:2441
[  181326ms] [LOG] [DEBUG] - Comparando con 30/03/2026: no coincide @ http://localhost:3000/_next/static/chunks/11hm_next_dist_0m6rgog._.js:2441
[  181326ms] [LOG] [DEBUG] Resultado final para : NO INCLUIDO @ http://localhost:3000/_next/static/chunks/11hm_next_dist_0m6rgog._.js:2441
[  181326ms] [LOG] [DEBUG] Comparando fecha:  con filtros: [05/03/2026, 08/03/2026, 10/03/2026, 12/03/2026, 15/03/2026, 18/03/2026, 20/03/2026, 22/03/2026, 25/03/2026, 27/03/2026, 28/03/2026, 29/03/2026, 30/03/2026] @ http://localhost:3000/_next/static/chunks/11hm_next_dist_0m6rgog._.js:2441
[  181326ms] [LOG] [DEBUG] - Comparando con 05/03/2026: no coincide @ http://localhost:3000/_next/static/chunks/11hm_next_dist_0m6rgog._.js:2441
[  181327ms] [LOG] [DEBUG] - Comparando con 08/03/2026: no coincide @ http://localhost:3000/_next/static/chunks/11hm_next_dist_0m6rgog._.js:2441
[  181327ms] [LOG] [DEBUG] - Comparando con 10/03/2026: no coincide @ http://localhost:3000/_next/static/chunks/11hm_next_dist_0m6rgog._.js:2441
[  181327ms] [LOG] [DEBUG] - Comparando con 12/03/2026: no coincide @ http://localhost:3000/_next/static/chunks/11hm_next_dist_0m6rgog._.js:2441
[  181327ms] [LOG] [DEBUG] - Comparando con 15/03/2026: no coincide @ http://localhost:3000/_next/static/chunks/11hm_next_dist_0m6rgog._.js:2441
[  181327ms] [LOG] [DEBUG] - Comparando con 18/03/2026: no coincide @ http://localhost:3000/_next/static/chunks/11hm_next_dist_0m6rgog._.js:2441
[  181327ms] [LOG] [DEBUG] - Comparando con 20/03/2026: no coincide @ http://localhost:3000/_next/static/chunks/11hm_next_dist_0m6rgog._.js:2441
[  181327ms] [LOG] [DEBUG] - Comparando con 22/03/2026: no coincide @ http://localhost:3000/_next/static/chunks/11hm_next_dist_0m6rgog._.js:2441
[  181327ms] [LOG] [DEBUG] - Comparando con 25/03/2026: no coincide @ http://localhost:3000/_next/static/chunks/11hm_next_dist_0m6rgog._.js:2441
[  181327ms] [LOG] [DEBUG] - Comparando con 27/03/2026: no coincide @ http://localhost:3000/_next/static/chunks/11hm_next_dist_0m6rgog._.js:2441
[  181327ms] [LOG] [DEBUG] - Comparando con 28/03/2026: no coincide @ http://localhost:3000/_next/static/chunks/11hm_next_dist_0m6rgog._.js:2441
[  181327ms] [LOG] [DEBUG] - Comparando con 29/03/2026: no coincide @ http://localhost:3000/_next/static/chunks/11hm_next_dist_0m6rgog._.js:2441
[  181327ms] [LOG] [DEBUG] - Comparando con 30/03/2026: no coincide @ http://localhost:3000/_next/static/chunks/11hm_next_dist_0m6rgog._.js:2441
[  181328ms] [LOG] [DEBUG] Resultado final para : NO INCLUIDO @ http://localhost:3000/_next/static/chunks/11hm_next_dist_0m6rgog._.js:2441
[  181328ms] [LOG] [DEBUG] Comparando fecha: 02/08/2026 con filtros: [05/03/2026, 08/03/2026, 10/03/2026, 12/03/2026, 15/03/2026, 18/03/2026, 20/03/2026, 22/03/2026, 25/03/2026, 27/03/2026, 28/03/2026, 29/03/2026, 30/03/2026] @ http://localhost:3000/_next/static/chunks/11hm_next_dist_0m6rgog._.js:2441
[  181328ms] [LOG] [DEBUG] - Comparando con 05/03/2026: no coincide @ http://localhost:3000/_next/static/chunks/11hm_next_dist_0m6rgog._.js:2441
[  181328ms] [LOG] [DEBUG] - Comparando con 08/03/2026: no coincide @ http://localhost:3000/_next/static/chunks/11hm_next_dist_0m6rgog._.js:2441
[  181328ms] [LOG] [DEBUG] - Comparando con 10/03/2026: no coincide @ http://localhost:3000/_next/static/chunks/11hm_next_dist_0m6rgog._.js:2441
[  181328ms] [LOG] [DEBUG] - Comparando con 12/03/2026: no coincide @ http://localhost:3000/_next/static/chunks/11hm_next_dist_0m6rgog._.js:2441
[  181328ms] [LOG] [DEBUG] - Comparando con 15/03/2026: no coincide @ http://localhost:3000/_next/static/chunks/11hm_next_dist_0m6rgog._.js:2441
[  181328ms] [LOG] [DEBUG] - Comparando con 18/03/2026: no coincide @ http://localhost:3000/_next/static/chunks/11hm_next_dist_0m6rgog._.js:2441
[  181328ms] [LOG] [DEBUG] - Comparando con 20/03/2026: no coincide @ http://localhost:3000/_next/static/chunks/11hm_next_dist_0m6rgog._.js:2441
[  181328ms] [LOG] [DEBUG] - Comparando con 22/03/2026: no coincide @ http://localhost:3000/_next/static/chunks/11hm_next_dist_0m6rgog._.js:2441
[  181328ms] [LOG] [DEBUG] - Comparando con 25/03/2026: no coincide @ http://localhost:3000/_next/static/chunks/11hm_next_dist_0m6rgog._.js:2441
[  181328ms] [LOG] [DEBUG] - Comparando con 27/03/2026: no coincide @ http://localhost:3000/_next/static/chunks/11hm_next_dist_0m6rgog._.js:2441
[  181329ms] [LOG] [DEBUG] - Comparando con 28/03/2026: no coincide @ http://localhost:3000/_next/static/chunks/11hm_next_dist_0m6rgog._.js:2441
[  181329ms] [LOG] [DEBUG] - Comparando con 29/03/2026: no coincide @ http://localhost:3000/_next/static/chunks/11hm_next_dist_0m6rgog._.js:2441
[  181329ms] [LOG] [DEBUG] - Comparando con 30/03/2026: no coincide @ http://localhost:3000/_next/static/chunks/11hm_next_dist_0m6rgog._.js:2441
[  181329ms] [LOG] [DEBUG] Resultado final para 02/08/2026: NO INCLUIDO @ http://localhost:3000/_next/static/chunks/11hm_next_dist_0m6rgog._.js:2441
[  181329ms] [LOG] [DEBUG] Comparando fecha:  con filtros: [05/03/2026, 08/03/2026, 10/03/2026, 12/03/2026, 15/03/2026, 18/03/2026, 20/03/2026, 22/03/2026, 25/03/2026, 27/03/2026, 28/03/2026, 29/03/2026, 30/03/2026] @ http://localhost:3000/_next/static/chunks/11hm_next_dist_0m6rgog._.js:2441
[  181329ms] [LOG] [DEBUG] - Comparando con 05/03/2026: no coincide @ http://localhost:3000/_next/static/chunks/11hm_next_dist_0m6rgog._.js:2441
[  181329ms] [LOG] [DEBUG] - Comparando con 08/03/2026: no coincide @ http://localhost:3000/_next/static/chunks/11hm_next_dist_0m6rgog._.js:2441
[  181329ms] [LOG] [DEBUG] - Comparando con 10/03/2026: no coincide @ http://localhost:3000/_next/static/chunks/11hm_next_dist_0m6rgog._.js:2441
[  181329ms] [LOG] [DEBUG] - Comparando con 12/03/2026: no coincide @ http://localhost:3000/_next/static/chunks/11hm_next_dist_0m6rgog._.js:2441
[  181329ms] [LOG] [DEBUG] - Comparando con 15/03/2026: no coincide @ http://localhost:3000/_next/static/chunks/11hm_next_dist_0m6rgog._.js:2441
[  181329ms] [LOG] [DEBUG] - Comparando con 18/03/2026: no coincide @ http://localhost:3000/_next/static/chunks/11hm_next_dist_0m6rgog._.js:2441
[  181329ms] [LOG] [DEBUG] - Comparando con 20/03/2026: no coincide @ http://localhost:3000/_next/static/chunks/11hm_next_dist_0m6rgog._.js:2441
[  181330ms] [LOG] [DEBUG] - Comparando con 22/03/2026: no coincide @ http://localhost:3000/_next/static/chunks/11hm_next_dist_0m6rgog._.js:2441
[  181330ms] [LOG] [DEBUG] - Comparando con 25/03/2026: no coincide @ http://localhost:3000/_next/static/chunks/11hm_next_dist_0m6rgog._.js:2441
[  181330ms] [LOG] [DEBUG] - Comparando con 27/03/2026: no coincide @ http://localhost:3000/_next/static/chunks/11hm_next_dist_0m6rgog._.js:2441
[  181330ms] [LOG] [DEBUG] - Comparando con 28/03/2026: no coincide @ http://localhost:3000/_next/static/chunks/11hm_next_dist_0m6rgog._.js:2441
[  181330ms] [LOG] [DEBUG] - Comparando con 29/03/2026: no coincide @ http://localhost:3000/_next/static/chunks/11hm_next_dist_0m6rgog._.js:2441
[  181330ms] [LOG] [DEBUG] - Comparando con 30/03/2026: no coincide @ http://localhost:3000/_next/static/chunks/11hm_next_dist_0m6rgog._.js:2441
[  181330ms] [LOG] [DEBUG] Resultado final para : NO INCLUIDO @ http://localhost:3000/_next/static/chunks/11hm_next_dist_0m6rgog._.js:2441
[  181330ms] [LOG] [DEBUG] Comparando fecha: 30/09/2026 con filtros: [05/03/2026, 08/03/2026, 10/03/2026, 12/03/2026, 15/03/2026, 18/03/2026, 20/03/2026, 22/03/2026, 25/03/2026, 27/03/2026, 28/03/2026, 29/03/2026, 30/03/2026] @ http://localhost:3000/_next/static/chunks/11hm_next_dist_0m6rgog._.js:2441
[  181330ms] [LOG] [DEBUG] - Comparando con 05/03/2026: no coincide @ http://localhost:3000/_next/static/chunks/11hm_next_dist_0m6rgog._.js:2441
[  181330ms] [LOG] [DEBUG] - Comparando con 08/03/2026: no coincide @ http://localhost:3000/_next/static/chunks/11hm_next_dist_0m6rgog._.js:2441
[  181330ms] [LOG] [DEBUG] - Comparando con 10/03/2026: no coincide @ http://localhost:3000/_next/static/chunks/11hm_next_dist_0m6rgog._.js:2441
[  181331ms] [LOG] [DEBUG] - Comparando con 12/03/2026: no coincide @ http://localhost:3000/_next/static/chunks/11hm_next_dist_0m6rgog._.js:2441
[  181331ms] [LOG] [DEBUG] - Comparando con 15/03/2026: no coincide @ http://localhost:3000/_next/static/chunks/11hm_next_dist_0m6rgog._.js:2441
[  181331ms] [LOG] [DEBUG] - Comparando con 18/03/2026: no coincide @ http://localhost:3000/_next/static/chunks/11hm_next_dist_0m6rgog._.js:2441
[  181331ms] [LOG] [DEBUG] - Comparando con 20/03/2026: no coincide @ http://localhost:3000/_next/static/chunks/11hm_next_dist_0m6rgog._.js:2441
[  181331ms] [LOG] [DEBUG] - Comparando con 22/03/2026: no coincide @ http://localhost:3000/_next/static/chunks/11hm_next_dist_0m6rgog._.js:2441
[  181331ms] [LOG] [DEBUG] - Comparando con 25/03/2026: no coincide @ http://localhost:3000/_next/static/chunks/11hm_next_dist_0m6rgog._.js:2441
[  181331ms] [LOG] [DEBUG] - Comparando con 27/03/2026: no coincide @ http://localhost:3000/_next/static/chunks/11hm_next_dist_0m6rgog._.js:2441
[  181331ms] [LOG] [DEBUG] - Comparando con 28/03/2026: no coincide @ http://localhost:3000/_next/static/chunks/11hm_next_dist_0m6rgog._.js:2441
[  181331ms] [LOG] [DEBUG] - Comparando con 29/03/2026: no coincide @ http://localhost:3000/_next/static/chunks/11hm_next_dist_0m6rgog._.js:2441
[  181331ms] [LOG] [DEBUG] - Comparando con 30/03/2026: no coincide @ http://localhost:3000/_next/static/chunks/11hm_next_dist_0m6rgog._.js:2441
[  181331ms] [LOG] [DEBUG] Resultado final para 30/09/2026: NO INCLUIDO @ http://localhost:3000/_next/static/chunks/11hm_next_dist_0m6rgog._.js:2441
[  181331ms] [LOG] [DEBUG] Comparando fecha: 11/01/2025 con filtros: [05/03/2026, 08/03/2026, 10/03/2026, 12/03/2026, 15/03/2026, 18/03/2026, 20/03/2026, 22/03/2026, 25/03/2026, 27/03/2026, 28/03/2026, 29/03/2026, 30/03/2026] @ http://localhost:3000/_next/static/chunks/11hm_next_dist_0m6rgog._.js:2441
[  181331ms] [LOG] [DEBUG] - Comparando con 05/03/2026: no coincide @ http://localhost:3000/_next/static/chunks/11hm_next_dist_0m6rgog._.js:2441
[  181332ms] [LOG] [DEBUG] - Comparando con 08/03/2026: no coincide @ http://localhost:3000/_next/static/chunks/11hm_next_dist_0m6rgog._.js:2441
[  181332ms] [LOG] [DEBUG] - Comparando con 10/03/2026: no coincide @ http://localhost:3000/_next/static/chunks/11hm_next_dist_0m6rgog._.js:2441
[  181332ms] [LOG] [DEBUG] - Comparando con 12/03/2026: no coincide @ http://localhost:3000/_next/static/chunks/11hm_next_dist_0m6rgog._.js:2441
[  181332ms] [LOG] [DEBUG] - Comparando con 15/03/2026: no coincide @ http://localhost:3000/_next/static/chunks/11hm_next_dist_0m6rgog._.js:2441
[  181332ms] [LOG] [DEBUG] - Comparando con 18/03/2026: no coincide @ http://localhost:3000/_next/static/chunks/11hm_next_dist_0m6rgog._.js:2441
[  181332ms] [LOG] [DEBUG] - Comparando con 20/03/2026: no coincide @ http://localhost:3000/_next/static/chunks/11hm_next_dist_0m6rgog._.js:2441
[  181332ms] [LOG] [DEBUG] - Comparando con 22/03/2026: no coincide @ http://localhost:3000/_next/static/chunks/11hm_next_dist_0m6rgog._.js:2441
[  181332ms] [LOG] [DEBUG] - Comparando con 25/03/2026: no coincide @ http://localhost:3000/_next/static/chunks/11hm_next_dist_0m6rgog._.js:2441
[  181332ms] [LOG] [DEBUG] - Comparando con 27/03/2026: no coincide @ http://localhost:3000/_next/static/chunks/11hm_next_dist_0m6rgog._.js:2441
[  181332ms] [LOG] [DEBUG] - Comparando con 28/03/2026: no coincide @ http://localhost:3000/_next/static/chunks/11hm_next_dist_0m6rgog._.js:2441
[  181332ms] [LOG] [DEBUG] - Comparando con 29/03/2026: no coincide @ http://localhost:3000/_next/static/chunks/11hm_next_dist_0m6rgog._.js:2441
[  181332ms] [LOG] [DEBUG] - Comparando con 30/03/2026: no coincide @ http://localhost:3000/_next/static/chunks/11hm_next_dist_0m6rgog._.js:2441
[  181332ms] [LOG] [DEBUG] Resultado final para 11/01/2025: NO INCLUIDO @ http://localhost:3000/_next/static/chunks/11hm_next_dist_0m6rgog._.js:2441
[  181333ms] [LOG] [DEBUG] Comparando fecha:  con filtros: [05/03/2026, 08/03/2026, 10/03/2026, 12/03/2026, 15/03/2026, 18/03/2026, 20/03/2026, 22/03/2026, 25/03/2026, 27/03/2026, 28/03/2026, 29/03/2026, 30/03/2026] @ http://localhost:3000/_next/static/chunks/11hm_next_dist_0m6rgog._.js:2441
[  181333ms] [LOG] [DEBUG] - Comparando con 05/03/2026: no coincide @ http://localhost:3000/_next/static/chunks/11hm_next_dist_0m6rgog._.js:2441
[  181333ms] [LOG] [DEBUG] - Comparando con 08/03/2026: no coincide @ http://localhost:3000/_next/static/chunks/11hm_next_dist_0m6rgog._.js:2441
[  181333ms] [LOG] [DEBUG] - Comparando con 10/03/2026: no coincide @ http://localhost:3000/_next/static/chunks/11hm_next_dist_0m6rgog._.js:2441
[  181333ms] [LOG] [DEBUG] - Comparando con 12/03/2026: no coincide @ http://localhost:3000/_next/static/chunks/11hm_next_dist_0m6rgog._.js:2441
[  181333ms] [LOG] [DEBUG] - Comparando con 15/03/2026: no coincide @ http://localhost:3000/_next/static/chunks/11hm_next_dist_0m6rgog._.js:2441
[  181333ms] [LOG] [DEBUG] - Comparando con 18/03/2026: no coincide @ http://localhost:3000/_next/static/chunks/11hm_next_dist_0m6rgog._.js:2441
[  181333ms] [LOG] [DEBUG] - Comparando con 20/03/2026: no coincide @ http://localhost:3000/_next/static/chunks/11hm_next_dist_0m6rgog._.js:2441
[  181333ms] [LOG] [DEBUG] - Comparando con 22/03/2026: no coincide @ http://localhost:3000/_next/static/chunks/11hm_next_dist_0m6rgog._.js:2441
[  181333ms] [LOG] [DEBUG] - Comparando con 25/03/2026: no coincide @ http://localhost:3000/_next/static/chunks/11hm_next_dist_0m6rgog._.js:2441
[  181333ms] [LOG] [DEBUG] - Comparando con 27/03/2026: no coincide @ http://localhost:3000/_next/static/chunks/11hm_next_dist_0m6rgog._.js:2441
[  181333ms] [LOG] [DEBUG] - Comparando con 28/03/2026: no coincide @ http://localhost:3000/_next/static/chunks/11hm_next_dist_0m6rgog._.js:2441
[  181333ms] [LOG] [DEBUG] - Comparando con 29/03/2026: no coincide @ http://localhost:3000/_next/static/chunks/11hm_next_dist_0m6rgog._.js:2441
[  181334ms] [LOG] [DEBUG] - Comparando con 30/03/2026: no coincide @ http://localhost:3000/_next/static/chunks/11hm_next_dist_0m6rgog._.js:2441
[  181334ms] [LOG] [DEBUG] Resultado final para : NO INCLUIDO @ http://localhost:3000/_next/static/chunks/11hm_next_dist_0m6rgog._.js:2441
[  181334ms] [LOG] [DEBUG] Comparando fecha:  con filtros: [05/03/2026, 08/03/2026, 10/03/2026, 12/03/2026, 15/03/2026, 18/03/2026, 20/03/2026, 22/03/2026, 25/03/2026, 27/03/2026, 28/03/2026, 29/03/2026, 30/03/2026] @ http://localhost:3000/_next/static/chunks/11hm_next_dist_0m6rgog._.js:2441
[  181334ms] [LOG] [DEBUG] - Comparando con 05/03/2026: no coincide @ http://localhost:3000/_next/static/chunks/11hm_next_dist_0m6rgog._.js:2441
[  181334ms] [LOG] [DEBUG] - Comparando con 08/03/2026: no coincide @ http://localhost:3000/_next/static/chunks/11hm_next_dist_0m6rgog._.js:2441
[  181334ms] [LOG] [DEBUG] - Comparando con 10/03/2026: no coincide @ http://localhost:3000/_next/static/chunks/11hm_next_dist_0m6rgog._.js:2441
[  181334ms] [LOG] [DEBUG] - Comparando con 12/03/2026: no coincide @ http://localhost:3000/_next/static/chunks/11hm_next_dist_0m6rgog._.js:2441
[  181334ms] [LOG] [DEBUG] - Comparando con 15/03/2026: no coincide @ http://localhost:3000/_next/static/chunks/11hm_next_dist_0m6rgog._.js:2441
[  181334ms] [LOG] [DEBUG] - Comparando con 18/03/2026: no coincide @ http://localhost:3000/_next/static/chunks/11hm_next_dist_0m6rgog._.js:2441
[  181334ms] [LOG] [DEBUG] - Comparando con 20/03/2026: no coincide @ http://localhost:3000/_next/static/chunks/11hm_next_dist_0m6rgog._.js:2441
[  181334ms] [LOG] [DEBUG] - Comparando con 22/03/2026: no coincide @ http://localhost:3000/_next/static/chunks/11hm_next_dist_0m6rgog._.js:2441
[  181334ms] [LOG] [DEBUG] - Comparando con 25/03/2026: no coincide @ http://localhost:3000/_next/static/chunks/11hm_next_dist_0m6rgog._.js:2441
[  181335ms] [LOG] [DEBUG] - Comparando con 27/03/2026: no coincide @ http://localhost:3000/_next/static/chunks/11hm_next_dist_0m6rgog._.js:2441
[  181335ms] [LOG] [DEBUG] - Comparando con 28/03/2026: no coincide @ http://localhost:3000/_next/static/chunks/11hm_next_dist_0m6rgog._.js:2441
[  181335ms] [LOG] [DEBUG] - Comparando con 29/03/2026: no coincide @ http://localhost:3000/_next/static/chunks/11hm_next_dist_0m6rgog._.js:2441
[  181335ms] [LOG] [DEBUG] - Comparando con 30/03/2026: no coincide @ http://localhost:3000/_next/static/chunks/11hm_next_dist_0m6rgog._.js:2441
[  181335ms] [LOG] [DEBUG] Resultado final para : NO INCLUIDO @ http://localhost:3000/_next/static/chunks/11hm_next_dist_0m6rgog._.js:2441
[  181335ms] [LOG] [DEBUG] Comparando fecha: 02/05/2026 con filtros: [05/03/2026, 08/03/2026, 10/03/2026, 12/03/2026, 15/03/2026, 18/03/2026, 20/03/2026, 22/03/2026, 25/03/2026, 27/03/2026, 28/03/2026, 29/03/2026, 30/03/2026] @ http://localhost:3000/_next/static/chunks/11hm_next_dist_0m6rgog._.js:2441
[  181335ms] [LOG] [DEBUG] - Comparando con 05/03/2026: no coincide @ http://localhost:3000/_next/static/chunks/11hm_next_dist_0m6rgog._.js:2441
[  181335ms] [LOG] [DEBUG] - Comparando con 08/03/2026: no coincide @ http://localhost:3000/_next/static/chunks/11hm_next_dist_0m6rgog._.js:2441
[  181335ms] [LOG] [DEBUG] - Comparando con 10/03/2026: no coincide @ http://localhost:3000/_next/static/chunks/11hm_next_dist_0m6rgog._.js:2441
[  181335ms] [LOG] [DEBUG] - Comparando con 12/03/2026: no coincide @ http://localhost:3000/_next/static/chunks/11hm_next_dist_0m6rgog._.js:2441
[  181335ms] [LOG] [DEBUG] - Comparando con 15/03/2026: no coincide @ http://localhost:3000/_next/static/chunks/11hm_next_dist_0m6rgog._.js:2441
[  181335ms] [LOG] [DEBUG] - Comparando con 18/03/2026: no coincide @ http://localhost:3000/_next/static/chunks/11hm_next_dist_0m6rgog._.js:2441
[  181335ms] [LOG] [DEBUG] - Comparando con 20/03/2026: no coincide @ http://localhost:3000/_next/static/chunks/11hm_next_dist_0m6rgog._.js:2441
[  181336ms] [LOG] [DEBUG] - Comparando con 22/03/2026: no coincide @ http://localhost:3000/_next/static/chunks/11hm_next_dist_0m6rgog._.js:2441
[  181336ms] [LOG] [DEBUG] - Comparando con 25/03/2026: no coincide @ http://localhost:3000/_next/static/chunks/11hm_next_dist_0m6rgog._.js:2441
[  181336ms] [LOG] [DEBUG] - Comparando con 27/03/2026: no coincide @ http://localhost:3000/_next/static/chunks/11hm_next_dist_0m6rgog._.js:2441
[  181336ms] [LOG] [DEBUG] - Comparando con 28/03/2026: no coincide @ http://localhost:3000/_next/static/chunks/11hm_next_dist_0m6rgog._.js:2441
[  181336ms] [LOG] [DEBUG] - Comparando con 29/03/2026: no coincide @ http://localhost:3000/_next/static/chunks/11hm_next_dist_0m6rgog._.js:2441
[  181336ms] [LOG] [DEBUG] - Comparando con 30/03/2026: no coincide @ http://localhost:3000/_next/static/chunks/11hm_next_dist_0m6rgog._.js:2441
[  181336ms] [LOG] [DEBUG] Resultado final para 02/05/2026: NO INCLUIDO @ http://localhost:3000/_next/static/chunks/11hm_next_dist_0m6rgog._.js:2441
[  181336ms] [LOG] [DEBUG] Comparando fecha:  con filtros: [05/03/2026, 08/03/2026, 10/03/2026, 12/03/2026, 15/03/2026, 18/03/2026, 20/03/2026, 22/03/2026, 25/03/2026, 27/03/2026, 28/03/2026, 29/03/2026, 30/03/2026] @ http://localhost:3000/_next/static/chunks/11hm_next_dist_0m6rgog._.js:2441
[  181336ms] [LOG] [DEBUG] - Comparando con 05/03/2026: no coincide @ http://localhost:3000/_next/static/chunks/11hm_next_dist_0m6rgog._.js:2441
[  181336ms] [LOG] [DEBUG] - Comparando con 08/03/2026: no coincide @ http://localhost:3000/_next/static/chunks/11hm_next_dist_0m6rgog._.js:2441
[  181336ms] [LOG] [DEBUG] - Comparando con 10/03/2026: no coincide @ http://localhost:3000/_next/static/chunks/11hm_next_dist_0m6rgog._.js:2441
[  181336ms] [LOG] [DEBUG] - Comparando con 12/03/2026: no coincide @ http://localhost:3000/_next/static/chunks/11hm_next_dist_0m6rgog._.js:2441
[  181337ms] [LOG] [DEBUG] - Comparando con 15/03/2026: no coincide @ http://localhost:3000/_next/static/chunks/11hm_next_dist_0m6rgog._.js:2441
[  181337ms] [LOG] [DEBUG] - Comparando con 18/03/2026: no coincide @ http://localhost:3000/_next/static/chunks/11hm_next_dist_0m6rgog._.js:2441
[  181337ms] [LOG] [DEBUG] - Comparando con 20/03/2026: no coincide @ http://localhost:3000/_next/static/chunks/11hm_next_dist_0m6rgog._.js:2441
[  181337ms] [LOG] [DEBUG] - Comparando con 22/03/2026: no coincide @ http://localhost:3000/_next/static/chunks/11hm_next_dist_0m6rgog._.js:2441
[  181337ms] [LOG] [DEBUG] - Comparando con 25/03/2026: no coincide @ http://localhost:3000/_next/static/chunks/11hm_next_dist_0m6rgog._.js:2441
[  181337ms] [LOG] [DEBUG] - Comparando con 27/03/2026: no coincide @ http://localhost:3000/_next/static/chunks/11hm_next_dist_0m6rgog._.js:2441
[  181337ms] [LOG] [DEBUG] - Comparando con 28/03/2026: no coincide @ http://localhost:3000/_next/static/chunks/11hm_next_dist_0m6rgog._.js:2441
[  181337ms] [LOG] [DEBUG] - Comparando con 29/03/2026: no coincide @ http://localhost:3000/_next/static/chunks/11hm_next_dist_0m6rgog._.js:2441
[  181337ms] [LOG] [DEBUG] - Comparando con 30/03/2026: no coincide @ http://localhost:3000/_next/static/chunks/11hm_next_dist_0m6rgog._.js:2441
[  181337ms] [LOG] [DEBUG] Resultado final para : NO INCLUIDO @ http://localhost:3000/_next/static/chunks/11hm_next_dist_0m6rgog._.js:2441
[  181337ms] [LOG] [DEBUG] Comparando fecha:  con filtros: [05/03/2026, 08/03/2026, 10/03/2026, 12/03/2026, 15/03/2026, 18/03/2026, 20/03/2026, 22/03/2026, 25/03/2026, 27/03/2026, 28/03/2026, 29/03/2026, 30/03/2026] @ http://localhost:3000/_next/static/chunks/11hm_next_dist_0m6rgog._.js:2441
[  181337ms] [LOG] [DEBUG] - Comparando con 05/03/2026: no coincide @ http://localhost:3000/_next/static/chunks/11hm_next_dist_0m6rgog._.js:2441
[  181337ms] [LOG] [DEBUG] - Comparando con 08/03/2026: no coincide @ http://localhost:3000/_next/static/chunks/11hm_next_dist_0m6rgog._.js:2441
[  181337ms] [LOG] [DEBUG] - Comparando con 10/03/2026: no coincide @ http://localhost:3000/_next/static/chunks/11hm_next_dist_0m6rgog._.js:2441
[  181338ms] [LOG] [DEBUG] - Comparando con 12/03/2026: no coincide @ http://localhost:3000/_next/static/chunks/11hm_next_dist_0m6rgog._.js:2441
[  181338ms] [LOG] [DEBUG] - Comparando con 15/03/2026: no coincide @ http://localhost:3000/_next/static/chunks/11hm_next_dist_0m6rgog._.js:2441
[  181338ms] [LOG] [DEBUG] - Comparando con 18/03/2026: no coincide @ http://localhost:3000/_next/static/chunks/11hm_next_dist_0m6rgog._.js:2441
[  181338ms] [LOG] [DEBUG] - Comparando con 20/03/2026: no coincide @ http://localhost:3000/_next/static/chunks/11hm_next_dist_0m6rgog._.js:2441
[  181338ms] [LOG] [DEBUG] - Comparando con 22/03/2026: no coincide @ http://localhost:3000/_next/static/chunks/11hm_next_dist_0m6rgog._.js:2441
[  181338ms] [LOG] [DEBUG] - Comparando con 25/03/2026: no coincide @ http://localhost:3000/_next/static/chunks/11hm_next_dist_0m6rgog._.js:2441
[  181338ms] [LOG] [DEBUG] - Comparando con 27/03/2026: no coincide @ http://localhost:3000/_next/static/chunks/11hm_next_dist_0m6rgog._.js:2441
[  181338ms] [LOG] [DEBUG] - Comparando con 28/03/2026: no coincide @ http://localhost:3000/_next/static/chunks/11hm_next_dist_0m6rgog._.js:2441
[  181338ms] [LOG] [DEBUG] - Comparando con 29/03/2026: no coincide @ http://localhost:3000/_next/static/chunks/11hm_next_dist_0m6rgog._.js:2441
[  181338ms] [LOG] [DEBUG] - Comparando con 30/03/2026: no coincide @ http://localhost:3000/_next/static/chunks/11hm_next_dist_0m6rgog._.js:2441
[  181338ms] [LOG] [DEBUG] Resultado final para : NO INCLUIDO @ http://localhost:3000/_next/static/chunks/11hm_next_dist_0m6rgog._.js:2441
[  181340ms] [LOG] [DEBUG] Effective column order: {baseOrder: Array(14), pinnedColumnId: index, otherColumns: Array(13), hasActions: true, result: Array(15)} @ http://localhost:3000/_next/static/chunks/11hm_next_dist_0m6rgog._.js:2441
[  181340ms] [LOG] [DEBUG] Effective column order: {baseOrder: Array(14), pinnedColumnId: index, otherColumns: Array(13), hasActions: true, result: Array(15)} @ http://localhost:3000/_next/static/chunks/11hm_next_dist_0m6rgog._.js:2441
[  181374ms] [LOG] [DEBUG] Valores unicos procesados: {columnId: ultimoContacto, columnType: date, uniqueValues: Array(21)} @ http://localhost:3000/_next/static/chunks/11hm_next_dist_0m6rgog._.js:2441
[  181374ms] [LOG] [DEBUG] FilterFactory initialValue debug: {columnId: ultimoContacto, columnType: date, propsInitialValue: Object, currentFilter: Object} @ http://localhost:3000/_next/static/chunks/11hm_next_dist_0m6rgog._.js:2441
[  181374ms] [LOG] [DEBUG] Filter selection for column: {columnId: ultimoContacto, columnType: date, useAdaptiveFiltering: false, sampleData: Array(3)} @ http://localhost:3000/_next/static/chunks/11hm_next_dist_0m6rgog._.js:2441
[  181374ms] [LOG] [DEBUG] FILTER FACTORY - Seleccionando filtro: {columnId: ultimoContacto, columnType: date, uniqueValuesCount: 21, sampleValues: Array(3)} @ http://localhost:3000/_next/static/chunks/11hm_next_dist_0m6rgog._.js:2441
[  181374ms] [LOG] [DEBUG] Valores unicos procesados: {columnId: ultimoContacto, columnType: date, uniqueValues: Array(21)} @ http://localhost:3000/_next/static/chunks/11hm_next_dist_0m6rgog._.js:2441
[  181374ms] [LOG] [DEBUG] FilterFactory initialValue debug: {columnId: ultimoContacto, columnType: date, propsInitialValue: Object, currentFilter: Object} @ http://localhost:3000/_next/static/chunks/11hm_next_dist_0m6rgog._.js:2441
[  181374ms] [LOG] [DEBUG] Filter selection for column: {columnId: ultimoContacto, columnType: date, useAdaptiveFiltering: false, sampleData: Array(3)} @ http://localhost:3000/_next/static/chunks/11hm_next_dist_0m6rgog._.js:2441
[  181375ms] [LOG] [DEBUG] FILTER FACTORY - Seleccionando filtro: {columnId: ultimoContacto, columnType: date, uniqueValuesCount: 21, sampleValues: Array(3)} @ http://localhost:3000/_next/static/chunks/11hm_next_dist_0m6rgog._.js:2441
[  181402ms] [LOG] [DEBUG] Renderizando SecondaryTables: {level: 0, parentId: undefined, isLoading: false, arrayColumnsCount: 0, arrayColumns: Array(0)} @ http://localhost:3000/_next/static/chunks/11hm_next_dist_0m6rgog._.js:2441
[  181402ms] [LOG] [DEBUG] Renderizando SecondaryTables: {level: 0, parentId: undefined, isLoading: false, arrayColumnsCount: 0, arrayColumns: Array(0)} @ http://localhost:3000/_next/static/chunks/11hm_next_dist_0m6rgog._.js:2441
[  181409ms] [LOG] [DEBUG] Effective column order: {baseOrder: Array(14), pinnedColumnId: index, otherColumns: Array(13), hasActions: true, result: Array(15)} @ http://localhost:3000/_next/static/chunks/11hm_next_dist_0m6rgog._.js:2441
[  181409ms] [LOG] [DEBUG] Effective column order: {baseOrder: Array(14), pinnedColumnId: index, otherColumns: Array(13), hasActions: true, result: Array(15)} @ http://localhost:3000/_next/static/chunks/11hm_next_dist_0m6rgog._.js:2441
[  181411ms] [LOG] [DEBUG] Effective column order: {baseOrder: Array(14), pinnedColumnId: index, otherColumns: Array(13), hasActions: true, result: Array(15)} @ http://localhost:3000/_next/static/chunks/11hm_next_dist_0m6rgog._.js:2441
[  181411ms] [LOG] [DEBUG] Effective column order: {baseOrder: Array(14), pinnedColumnId: index, otherColumns: Array(13), hasActions: true, result: Array(15)} @ http://localhost:3000/_next/static/chunks/11hm_next_dist_0m6rgog._.js:2441
[  181447ms] [LOG] [DEBUG] Renderizando SecondaryTables: {level: 0, parentId: undefined, isLoading: false, arrayColumnsCount: 0, arrayColumns: Array(0)} @ http://localhost:3000/_next/static/chunks/11hm_next_dist_0m6rgog._.js:2441
[  181447ms] [LOG] [DEBUG] Renderizando SecondaryTables: {level: 0, parentId: undefined, isLoading: false, arrayColumnsCount: 0, arrayColumns: Array(0)} @ http://localhost:3000/_next/static/chunks/11hm_next_dist_0m6rgog._.js:2441
[  181452ms] [LOG] [DEBUG] Renderizando SecondaryTables: {level: 0, parentId: undefined, isLoading: false, arrayColumnsCount: 0, arrayColumns: Array(0)} @ http://localhost:3000/_next/static/chunks/11hm_next_dist_0m6rgog._.js:2441
[  181452ms] [LOG] [DEBUG] Renderizando SecondaryTables: {level: 0, parentId: undefined, isLoading: false, arrayColumnsCount: 0, arrayColumns: Array(0)} @ http://localhost:3000/_next/static/chunks/11hm_next_dist_0m6rgog._.js:2441
[  181453ms] [LOG] [DEBUG] Effective column order: {baseOrder: Array(14), pinnedColumnId: index, otherColumns: Array(13), hasActions: true, result: Array(15)} @ http://localhost:3000/_next/static/chunks/11hm_next_dist_0m6rgog._.js:2441
[  181453ms] [LOG] [DEBUG] Effective column order: {baseOrder: Array(14), pinnedColumnId: index, otherColumns: Array(13), hasActions: true, result: Array(15)} @ http://localhost:3000/_next/static/chunks/11hm_next_dist_0m6rgog._.js:2441
[  181453ms] [LOG] [DEBUG] Effective column order: {baseOrder: Array(14), pinnedColumnId: index, otherColumns: Array(13), hasActions: true, result: Array(15)} @ http://localhost:3000/_next/static/chunks/11hm_next_dist_0m6rgog._.js:2441
[  181453ms] [LOG] [DEBUG] Effective column order: {baseOrder: Array(14), pinnedColumnId: index, otherColumns: Array(13), hasActions: true, result: Array(15)} @ http://localhost:3000/_next/static/chunks/11hm_next_dist_0m6rgog._.js:2441
[  181459ms] [LOG] [DEBUG] Renderizando SecondaryTables: {level: 0, parentId: undefined, isLoading: false, arrayColumnsCount: 0, arrayColumns: Array(0)} @ http://localhost:3000/_next/static/chunks/11hm_next_dist_0m6rgog._.js:2441
[  181459ms] [LOG] [DEBUG] Renderizando SecondaryTables: {level: 0, parentId: undefined, isLoading: false, arrayColumnsCount: 0, arrayColumns: Array(0)} @ http://localhost:3000/_next/static/chunks/11hm_next_dist_0m6rgog._.js:2441
[  181711ms] [LOG] [DEBUG] Effective column order: {baseOrder: Array(14), pinnedColumnId: index, otherColumns: Array(13), hasActions: true, result: Array(15)} @ http://localhost:3000/_next/static/chunks/11hm_next_dist_0m6rgog._.js:2441
[  181711ms] [LOG] [DEBUG] Effective column order: {baseOrder: Array(14), pinnedColumnId: index, otherColumns: Array(13), hasActions: true, result: Array(15)} @ http://localhost:3000/_next/static/chunks/11hm_next_dist_0m6rgog._.js:2441
[  181712ms] [LOG] [DEBUG] Effective column order: {baseOrder: Array(14), pinnedColumnId: index, otherColumns: Array(13), hasActions: true, result: Array(15)} @ http://localhost:3000/_next/static/chunks/11hm_next_dist_0m6rgog._.js:2441
[  181712ms] [LOG] [DEBUG] Effective column order: {baseOrder: Array(14), pinnedColumnId: index, otherColumns: Array(13), hasActions: true, result: Array(15)} @ http://localhost:3000/_next/static/chunks/11hm_next_dist_0m6rgog._.js:2441
[  181720ms] [LOG] [DEBUG] Renderizando SecondaryTables: {level: 0, parentId: undefined, isLoading: false, arrayColumnsCount: 0, arrayColumns: Array(0)} @ http://localhost:3000/_next/static/chunks/11hm_next_dist_0m6rgog._.js:2441
[  181720ms] [LOG] [DEBUG] Renderizando SecondaryTables: {level: 0, parentId: undefined, isLoading: false, arrayColumnsCount: 0, arrayColumns: Array(0)} @ http://localhost:3000/_next/static/chunks/11hm_next_dist_0m6rgog._.js:2441
[  181723ms] [LOG] [DEBUG] Effective column order: {baseOrder: Array(14), pinnedColumnId: index, otherColumns: Array(13), hasActions: true, result: Array(15)} @ http://localhost:3000/_next/static/chunks/11hm_next_dist_0m6rgog._.js:2441
[  181723ms] [LOG] [DEBUG] Effective column order: {baseOrder: Array(14), pinnedColumnId: index, otherColumns: Array(13), hasActions: true, result: Array(15)} @ http://localhost:3000/_next/static/chunks/11hm_next_dist_0m6rgog._.js:2441
[  181724ms] [LOG] [DEBUG] Effective column order: {baseOrder: Array(14), pinnedColumnId: index, otherColumns: Array(13), hasActions: true, result: Array(15)} @ http://localhost:3000/_next/static/chunks/11hm_next_dist_0m6rgog._.js:2441
[  181724ms] [LOG] [DEBUG] Effective column order: {baseOrder: Array(14), pinnedColumnId: index, otherColumns: Array(13), hasActions: true, result: Array(15)} @ http://localhost:3000/_next/static/chunks/11hm_next_dist_0m6rgog._.js:2441
[  181731ms] [LOG] [DEBUG] Renderizando SecondaryTables: {level: 0, parentId: undefined, isLoading: true, arrayColumnsCount: 0, arrayColumns: Array(0)} @ http://localhost:3000/_next/static/chunks/11hm_next_dist_0m6rgog._.js:2441
[  181731ms] [LOG] [DEBUG] Renderizando SecondaryTables: {level: 0, parentId: undefined, isLoading: true, arrayColumnsCount: 0, arrayColumns: Array(0)} @ http://localhost:3000/_next/static/chunks/11hm_next_dist_0m6rgog._.js:2441
[  182025ms] [LOG] [DEBUG] Effective column order: {baseOrder: Array(14), pinnedColumnId: index, otherColumns: Array(13), hasActions: true, result: Array(15)} @ http://localhost:3000/_next/static/chunks/11hm_next_dist_0m6rgog._.js:2441
[  182026ms] [LOG] [DEBUG] Effective column order: {baseOrder: Array(14), pinnedColumnId: index, otherColumns: Array(13), hasActions: true, result: Array(15)} @ http://localhost:3000/_next/static/chunks/11hm_next_dist_0m6rgog._.js:2441
[  182028ms] [LOG] [DEBUG] Effective column order: {baseOrder: Array(14), pinnedColumnId: index, otherColumns: Array(13), hasActions: true, result: Array(15)} @ http://localhost:3000/_next/static/chunks/11hm_next_dist_0m6rgog._.js:2441
[  182028ms] [LOG] [DEBUG] Effective column order: {baseOrder: Array(14), pinnedColumnId: index, otherColumns: Array(13), hasActions: true, result: Array(15)} @ http://localhost:3000/_next/static/chunks/11hm_next_dist_0m6rgog._.js:2441
[  182072ms] [LOG] [DEBUG] Renderizando SecondaryTables: {level: 0, parentId: undefined, isLoading: false, arrayColumnsCount: 0, arrayColumns: Array(0)} @ http://localhost:3000/_next/static/chunks/11hm_next_dist_0m6rgog._.js:2441
[  182072ms] [LOG] [DEBUG] Renderizando SecondaryTables: {level: 0, parentId: undefined, isLoading: false, arrayColumnsCount: 0, arrayColumns: Array(0)} @ http://localhost:3000/_next/static/chunks/11hm_next_dist_0m6rgog._.js:2441
